rama,efecto_12m,rama_nombre,coef_exportacion,ee_rama,variable,muestra,especificacion
3111,0.27688977920478214,Elaboración de alimentos para animales,0.02886946578166,0.7438726283203269,produccion,sin pandemia,E1
3112,-0.17445902302696387,Molienda de granos y de semillas y obtención de aceites y grasas,0.0609807080676099,1.028797733365896,produccion,sin pandemia,E1
3113,4.374121058583761,"Elaboración de azúcares, chocolates, dulces y similares",0.2016423568218791,4.691208001781938,produccion,sin pandemia,E1
3114,0.7163971198350579,"Conservación de frutas, verduras, guisos y otros alimentos preparados",0.3156513149608729,1.194046714495809,produccion,sin pandemia,E1
3115,-0.22127181229992646,Elaboración de productos lácteos,0.0498313429839448,0.7824614537997998,produccion,sin pandemia,E1
3116,0.9908395063688693,"Matanza, empacado y procesamiento de carne de ganado, aves y otros animales comestibles",0.044361709007407,0.7192294391822879,produccion,sin pandemia,E1
3117,0.11367678926996445,Preparación y envasado de pescados y mariscos,0.7478643561015712,2.0401515619370882,produccion,sin pandemia,E1
3118,-0.014823449578598444,Elaboración de productos de panadería y tortillas,0.043199849411286,0.5703066577675339,produccion,sin pandemia,E1
3119,-0.20925231883267922,Otras industrias alimentarias,0.1089707298904361,0.6104710600257386,produccion,sin pandemia,E1
3121,0.4497355919667144,Industria de las bebidas,0.2419442465750293,1.3406483455758251,produccion,sin pandemia,E1
3122,-2.5485403403005824,Industria del tabaco,0.1071479040489181,3.7945781123620272,produccion,sin pandemia,E1
3131,0.8779432864238018,"Preparación e hilado de fibras textiles, y fabricación de hilos",0.2001267979454507,1.328811032511694,produccion,sin pandemia,E1
3132,0.8937766225291339,Fabricación de telas,0.1336042055792961,1.6980301510613447,produccion,sin pandemia,E1
3133,-3.4837206070492206,Acabado de productos textiles y fabricación de telas recubiertas,0.3062290364360683,1.6629082405042692,produccion,sin pandemia,E1
3141,-0.08414731409084018,"Confección de alfombras, blancos y similares",0.5072465584471345,1.4980919605160703,produccion,sin pandemia,E1
3149,-0.8961938442014303,"Fabricación de otros productos textiles, excepto prendas de vestir",0.3944218335152466,0.7363628784463768,produccion,sin pandemia,E1
3151,-0.6726044012169714,Fabricación de prendas de vestir de tejido de punto,0.3365154443339868,2.0435301042163987,produccion,sin pandemia,E1
3152,-0.2792460856391005,Confección de prendas de vestir,0.4259861529321015,1.3348491736360586,produccion,sin pandemia,E1
3159,2.540581782057438,Confección de accesorios de vestir y otras prendas de vestir no clasificados en otra parte,0.6664841032423205,1.8672960205557128,produccion,sin pandemia,E1
3161,-1.959116926952904,Curtido y acabado de cuero y piel,0.262669438610518,1.8145036056899868,produccion,sin pandemia,E1
3162,-0.3961980994111698,Fabricación de calzado,0.1604241815757467,1.9555453221840542,produccion,sin pandemia,E1
3169,0.844021037174883,"Fabricación de otros productos de cuero, piel y materiales sucedáneos",0.6136094363212712,1.0301617973633628,produccion,sin pandemia,E1
3211,0.5396137912925688,Aserrado y conservación de la madera,0.0034917286527276,1.4087633401105595,produccion,sin pandemia,E1
3212,-1.3372310755546533,Fabricación de laminados y aglutinados de madera,0.0775332943220637,1.4239069961967117,produccion,sin pandemia,E1
3219,-0.5324739427709819,Fabricación de otros productos de madera,0.1827036170504173,1.2098340196178716,produccion,sin pandemia,E1
3221,1.6088394425175316,"Fabricación de pulpa, papel y cartón",0.0619018679380005,0.8964266000229733,produccion,sin pandemia,E1
3222,-0.22869826949635988,Fabricación de productos de cartón y papel,0.1574973850413846,0.9901517917782785,produccion,sin pandemia,E1
3231,-0.13749997162349792,Impresión e industrias conexas,0.1024504665734745,0.9917393892882128,produccion,sin pandemia,E1
3241,1.9940081922083284,Fabricación de productos derivados del petróleo y del carbón,0.0588949583065286,2.2827884172026462,produccion,sin pandemia,E1
3251,0.42805120707874483,Fabricación de productos químicos básicos,0.135778270214786,2.1173255509088755,produccion,sin pandemia,E1
3252,-2.763499077667785,"Fabricación de resinas y hules sintéticos, y fibras químicas",0.3119319594154858,1.4231979903070042,produccion,sin pandemia,E1
3253,2.5250538563293623,"Fabricación de fertilizantes, pesticidas y otros agroquímicos",0.1679807884786191,2.854239514144688,produccion,sin pandemia,E1
3254,1.1751018809306801,Fabricación de productos farmacéuticos,0.1290966945098601,1.7720326312179975,produccion,sin pandemia,E1
3255,-3.2369355138299616,"Fabricación de pinturas, recubrimientos y adhesivos",0.0704773870608603,1.29501923254265,produccion,sin pandemia,E1
3256,-0.44340509348091445,"Fabricación de jabones, limpiadores y preparaciones de tocador",0.2434658656862863,0.984582161779724,produccion,sin pandemia,E1
3259,-4.132192820928293,Fabricación de otros productos químicos,0.3514735701280596,3.3086457674144487,produccion,sin pandemia,E1
3261,-0.9229311438788677,Fabricación de productos de plástico,0.2303591490643638,0.9859751240068787,produccion,sin pandemia,E1
3262,0.21080514335558073,Fabricación de productos de hule,0.4171737487232005,1.6262923917365602,produccion,sin pandemia,E1
3271,2.6167721726621016,Fabricación de productos a base de arcillas y minerales refractarios,0.3488287256548686,1.189971607796746,produccion,sin pandemia,E1
3272,-0.8844591187082782,Fabricación de vidrio y productos de vidrio,0.272472982882299,1.0288307701205612,produccion,sin pandemia,E1
3273,-0.23770683667403147,Fabricación de cemento y productos de concreto,0.0343074151008847,1.0992593132667068,produccion,sin pandemia,E1
3274,0.3697869882153367,"Fabricación de cal, yeso y productos de yeso",0.1199075903205221,0.7973533186040128,produccion,sin pandemia,E1
3279,1.496927389703323,Fabricación de otros productos a base de minerales no metálicos,0.2243733059375072,1.0132927464908486,produccion,sin pandemia,E1
3311,-1.3853710680118707,Industria básica del hierro y del acero,0.279574215702268,3.5510482722238055,produccion,sin pandemia,E1
3312,-3.424704662797129,Fabricación de productos de hierro y acero,0.0669975578374552,2.2583888501664657,produccion,sin pandemia,E1
3313,-4.410818179482354,Industria básica del aluminio,0.2650002880058719,2.2812186586032936,produccion,sin pandemia,E1
3314,0.39224758152138384,"Industrias de metales no ferrosos, excepto aluminio",0.4934732886739018,1.2932123470119672,produccion,sin pandemia,E1
3315,-4.879365662806184,Moldeo por fundición de piezas metálicas,0.0974402319506194,2.786651548573775,produccion,sin pandemia,E1
3321,0.5905674153606995,Fabricación de productos metálicos forjados y troquelados,0.4526204884780047,1.5896647027015975,produccion,sin pandemia,E1
3322,1.367567706088961,Fabricación de herramientas de mano sin motor y utensilios de cocina metálicos,0.4783144421423179,1.425306076465451,produccion,sin pandemia,E1
3323,0.39781104311927207,Fabricación de estructuras metálicas y productos de herrería,0.2249299265714363,1.1764782500046906,produccion,sin pandemia,E1
3324,1.0155946290056346,"Fabricación de calderas, tanques y envases metálicos",0.2575554192946691,1.5619329825405575,produccion,sin pandemia,E1
3325,-2.530643322358195,Fabricación de herrajes y cerraduras,0.8134327973740351,2.314521222226646,produccion,sin pandemia,E1
3326,1.3171283575277244,"Fabricación de alambre, productos de alambre y resortes",0.3138914060002775,1.344195053633133,produccion,sin pandemia,E1
3327,1.564346757998231,Maquinado de piezas y fabricación de tornillos,0.1233232283296124,1.108699476233532,produccion,sin pandemia,E1
3328,-3.114424875822688,Recubrimientos y terminados metálicos,0.1588822707072484,2.270646562435523,produccion,sin pandemia,E1
3329,-1.6018556269070179,Fabricación de otros productos metálicos,0.6293046757254936,1.643994645938433,produccion,sin pandemia,E1
3331,-1.7280927707570048,"Fabricación de maquinaria y equipo agropecuario, para la construcción y para la industria extractiva",0.519899184727109,2.3785073360693123,produccion,sin pandemia,E1
3332,4.9803552693314455,"Fabricación de maquinaria y equipo para las industrias manufactureras, excepto la metalmecánica",0.6992566972513394,2.6595398544288407,produccion,sin pandemia,E1
3333,-0.42185042491405705,Fabricación de maquinaria y equipo para el comercio y los servicios,0.8664849575372038,3.2705695123139558,produccion,sin pandemia,E1
3334,-0.3250441669793204,"Fabricación de equipo de aire acondicionado, calefacción, y de refrigeración industrial y comercial",0.8482017522901368,2.258000222339797,produccion,sin pandemia,E1
3335,1.9623332165816763,Fabricación de maquinaria y equipo para la industria metalmecánica,0.6052735791408839,3.095341191126903,produccion,sin pandemia,E1
3336,-0.9159876574124864,"Fabricación de motores de combustión interna, turbinas y transmisiones",0.8385248456652771,3.862140229554785,produccion,sin pandemia,E1
3339,-1.330954687300197,Fabricación de otra maquinaria y equipo para la industria en general,0.6417221502759753,1.2401396029270966,produccion,sin pandemia,E1
3341,-2.56198762574428,Fabricación de computadoras y equipo periférico,0.7847307234340066,2.249725718921683,produccion,sin pandemia,E1
3342,5.138764812213363,Fabricación de equipo de comunicación,0.895054776922478,4.258444340376247,produccion,sin pandemia,E1
3344,0.4260501986891397,Fabricación de componentes electrónicos,0.4744887481943934,2.1596788302852774,produccion,sin pandemia,E1
3345,-0.6628380796547352,"Fabricación de instrumentos de medición, control, navegación, y equipo médico electrónico",0.9203173609236356,2.6428488905958156,produccion,sin pandemia,E1
3346,-0.8712291460076426,Fabricación y reproducción de medios magnéticos y ópticos,0.6054992436078728,3.480135931585563,produccion,sin pandemia,E1
3351,-0.8702603740665341,Fabricación de accesorios de iluminación,0.831395116765869,3.6580339213737996,produccion,sin pandemia,E1
3352,0.30771867752343873,Fabricación de aparatos eléctricos de uso doméstico,0.3900028883753999,2.5602527537940496,produccion,sin pandemia,E1
3353,-2.1186000596562877,Fabricación de equipo de generación y distribución de energía eléctrica,0.8989208694711824,1.6841406700905803,produccion,sin pandemia,E1
3359,0.33072105478225233,Fabricación de otros equipos y accesorios eléctricos,0.7464127593691879,1.7666771973622906,produccion,sin pandemia,E1
3361,-1.6158393245291165,Fabricación de automóviles y camiones,0.6801529750236635,2.2906979978090996,produccion,sin pandemia,E1
3362,-4.257539508365199,Fabricación de carrocerías y remolques,0.4826387565231524,2.4761949490571076,produccion,sin pandemia,E1
3363,-2.700136179430226,Fabricación de partes para vehículos automotores,0.5296068171162411,1.5068867438155462,produccion,sin pandemia,E1
3364,2.8455387569491197,Fabricación de equipo aeroespacial,0.9896704181454756,5.131964033042458,produccion,sin pandemia,E1
3365,-8.059040745277622,Fabricación de equipo ferroviario,0.8018618332294466,5.381065999494132,produccion,sin pandemia,E1
3366,-0.49060505046668,Fabricación de embarcaciones,0.5822911532336551,10.015156146660996,produccion,sin pandemia,E1
3369,-1.2758036721263255,Fabricación de otro equipo de transporte,0.6740711386128929,4.076751087856199,produccion,sin pandemia,E1
3371,-0.5057745457719632,"Fabricación de muebles, excepto de oficina y estantería",0.3642278188643361,1.0082890644508038,produccion,sin pandemia,E1
3372,-1.4357516377032444,Fabricación de muebles de oficina y estantería,0.2214380514733216,1.4363134453224924,produccion,sin pandemia,E1
3379,0.28892443895467135,"Fabricación de colchones, persianas y cortineros",0.3523025337449802,2.0690103421286916,produccion,sin pandemia,E1
3391,3.427732238421153,"Fabricación de equipo no electrónico y material desechable de uso médico, dental y para laboratorio, y artículos oftálmicos",0.7835186733412709,3.9342412362781123,produccion,sin pandemia,E1
3399,-1.7386863546664495,Otras industrias manufactureras,0.618987370047973,1.250126536350572,produccion,sin pandemia,E1
3111,-0.39756806870522804,Elaboración de alimentos para animales,0.02886946578166,0.8018027606180574,produccion,completa,E1
3112,-1.1830104182879653,Molienda de granos y de semillas y obtención de aceites y grasas,0.0609807080676099,1.0163729028021182,produccion,completa,E1
3113,-2.4533229699693013,"Elaboración de azúcares, chocolates, dulces y similares",0.2016423568218791,4.568723853406628,produccion,completa,E1
3114,-0.5238739266744455,"Conservación de frutas, verduras, guisos y otros alimentos preparados",0.3156513149608729,1.0234259433093646,produccion,completa,E1
3115,0.032823297559684494,Elaboración de productos lácteos,0.0498313429839448,0.6332710988576581,produccion,completa,E1
3116,0.8680682794197625,"Matanza, empacado y procesamiento de carne de ganado, aves y otros animales comestibles",0.044361709007407,0.600546361251654,produccion,completa,E1
3117,0.09025627125152681,Preparación y envasado de pescados y mariscos,0.7478643561015712,1.6174602954862163,produccion,completa,E1
3118,0.12989724749305057,Elaboración de productos de panadería y tortillas,0.043199849411286,0.4462954027415672,produccion,completa,E1
3119,-0.30446302590040686,Otras industrias alimentarias,0.1089707298904361,0.47288466775036936,produccion,completa,E1
3121,-0.4643215286732486,Industria de las bebidas,0.2419442465750293,1.0108629575007777,produccion,completa,E1
3122,-5.106769931734721,Industria del tabaco,0.1071479040489181,2.999098880661223,produccion,completa,E1
3131,-3.1385168626892406,"Preparación e hilado de fibras textiles, y fabricación de hilos",0.2001267979454507,2.2858178447709987,produccion,completa,E1
3132,-3.7421747494520456,Fabricación de telas,0.1336042055792961,2.2976559099127774,produccion,completa,E1
3133,-5.153814780804983,Acabado de productos textiles y fabricación de telas recubiertas,0.3062290364360683,1.557835846311521,produccion,completa,E1
3141,-2.1342507949312868,"Confección de alfombras, blancos y similares",0.5072465584471345,2.4864454307714614,produccion,completa,E1
3149,-1.9459565867967112,"Fabricación de otros productos textiles, excepto prendas de vestir",0.3944218335152466,0.8983112517550008,produccion,completa,E1
3151,-4.817205740483884,Fabricación de prendas de vestir de tejido de punto,0.3365154443339868,2.342721673702961,produccion,completa,E1
3152,-2.3229582329638023,Confección de prendas de vestir,0.4259861529321015,1.248617236552511,produccion,completa,E1
3159,-0.22859216378026093,Confección de accesorios de vestir y otras prendas de vestir no clasificados en otra parte,0.6664841032423205,2.348494894891239,produccion,completa,E1
3161,-8.686630109370217,Curtido y acabado de cuero y piel,0.262669438610518,3.772134611441744,produccion,completa,E1
3162,-1.725139756990278,Fabricación de calzado,0.1604241815757467,1.5176802690426532,produccion,completa,E1
3169,-0.06342971331284875,"Fabricación de otros productos de cuero, piel y materiales sucedáneos",0.6136094363212712,0.8883375908923129,produccion,completa,E1
3211,-0.13729911925446625,Aserrado y conservación de la madera,0.0034917286527276,1.4596108253055895,produccion,completa,E1
3212,-3.945104006908479,Fabricación de laminados y aglutinados de madera,0.0775332943220637,2.0170425551579,produccion,completa,E1
3219,-1.8114178096398055,Fabricación de otros productos de madera,0.1827036170504173,1.051455599338264,produccion,completa,E1
3221,-0.4096256006180633,"Fabricación de pulpa, papel y cartón",0.0619018679380005,1.2398680463950214,produccion,completa,E1
3222,-1.6158200889361267,Fabricación de productos de cartón y papel,0.1574973850413846,1.0267573237049412,produccion,completa,E1
3231,-0.6538808600231782,Impresión e industrias conexas,0.1024504665734745,0.8779261385383291,produccion,completa,E1
3241,-0.796255775243355,Fabricación de productos derivados del petróleo y del carbón,0.0588949583065286,2.2469956313495296,produccion,completa,E1
3251,-3.0325891537746843,Fabricación de productos químicos básicos,0.135778270214786,2.4969824088303834,produccion,completa,E1
3252,-4.612271425776699,"Fabricación de resinas y hules sintéticos, y fibras químicas",0.3119319594154858,2.038790648580875,produccion,completa,E1
3253,-1.2750515770704276,"Fabricación de fertilizantes, pesticidas y otros agroquímicos",0.1679807884786191,3.4079626345725234,produccion,completa,E1
3254,-0.0710920486973474,Fabricación de productos farmacéuticos,0.1290966945098601,1.4192121321363576,produccion,completa,E1
3255,-3.493832671776176,"Fabricación de pinturas, recubrimientos y adhesivos",0.0704773870608603,1.338233430676795,produccion,completa,E1
3256,-0.530482691214087,"Fabricación de jabones, limpiadores y preparaciones de tocador",0.2434658656862863,0.7714604737499794,produccion,completa,E1
3259,-3.7842634752299884,Fabricación de otros productos químicos,0.3514735701280596,2.432229258882487,produccion,completa,E1
3261,-2.7525518696039737,Fabricación de productos de plástico,0.2303591490643638,1.109831808839161,produccion,completa,E1
3262,-2.364209649653226,Fabricación de productos de hule,0.4171737487232005,1.6236020483697382,produccion,completa,E1
3271,0.12224134778213995,Fabricación de productos a base de arcillas y minerales refractarios,0.3488287256548686,1.3034555243319585,produccion,completa,E1
3272,-1.24779464328751,Fabricación de vidrio y productos de vidrio,0.272472982882299,0.948361076401519,produccion,completa,E1
3273,-0.9131004479846466,Fabricación de cemento y productos de concreto,0.0343074151008847,0.900572044394511,produccion,completa,E1
3274,-1.8255262077287364,"Fabricación de cal, yeso y productos de yeso",0.1199075903205221,1.1948966967884518,produccion,completa,E1
3279,-0.0676999740095626,Fabricación de otros productos a base de minerales no metálicos,0.2243733059375072,0.994088258553627,produccion,completa,E1
3311,-5.491446912780903,Industria básica del hierro y del acero,0.279574215702268,4.336827639788961,produccion,completa,E1
3312,-6.610307875460698,Fabricación de productos de hierro y acero,0.0669975578374552,3.17311161510013,produccion,completa,E1
3313,-5.557150843705263,Industria básica del aluminio,0.2650002880058719,2.250898920659458,produccion,completa,E1
3314,-0.9570509640664655,"Industrias de metales no ferrosos, excepto aluminio",0.4934732886739018,1.250339509693532,produccion,completa,E1
3315,-6.0286238361670605,Moldeo por fundición de piezas metálicas,0.0974402319506194,2.610219534023808,produccion,completa,E1
3321,-1.4542254514813104,Fabricación de productos metálicos forjados y troquelados,0.4526204884780047,1.2967946115593498,produccion,completa,E1
3322,0.4885758675634218,Fabricación de herramientas de mano sin motor y utensilios de cocina metálicos,0.4783144421423179,1.2276045982451,produccion,completa,E1
3323,-0.9339009548063965,Fabricación de estructuras metálicas y productos de herrería,0.2249299265714363,0.9341976254834239,produccion,completa,E1
3324,-0.11014766203206218,"Fabricación de calderas, tanques y envases metálicos",0.2575554192946691,1.276888267551864,produccion,completa,E1
3325,-2.716067541817987,Fabricación de herrajes y cerraduras,0.8134327973740351,1.8648790298880629,produccion,completa,E1
3326,-2.8581732856665694,"Fabricación de alambre, productos de alambre y resortes",0.3138914060002775,2.079941952705551,produccion,completa,E1
3327,0.4439455492645478,Maquinado de piezas y fabricación de tornillos,0.1233232283296124,0.9300554018101733,produccion,completa,E1
3328,-7.5454761507208605,Recubrimientos y terminados metálicos,0.1588822707072484,3.6035309743156883,produccion,completa,E1
3329,-4.678977589863174,Fabricación de otros productos metálicos,0.6293046757254936,1.8911331371961377,produccion,completa,E1
3331,-4.969135321303928,"Fabricación de maquinaria y equipo agropecuario, para la construcción y para la industria extractiva",0.519899184727109,2.2075346801473863,produccion,completa,E1
3332,3.2755102510814504,"Fabricación de maquinaria y equipo para las industrias manufactureras, excepto la metalmecánica",0.6992566972513394,2.086727981847923,produccion,completa,E1
3333,-4.990942841800621,Fabricación de maquinaria y equipo para el comercio y los servicios,0.8664849575372038,2.8056021359041314,produccion,completa,E1
3334,-2.4323462529395203,"Fabricación de equipo de aire acondicionado, calefacción, y de refrigeración industrial y comercial",0.8482017522901368,1.8434419103135222,produccion,completa,E1
3335,2.4997813857753637,Fabricación de maquinaria y equipo para la industria metalmecánica,0.6052735791408839,2.7329019741020737,produccion,completa,E1
3336,-4.879434958747125,"Fabricación de motores de combustión interna, turbinas y transmisiones",0.8385248456652771,3.591641864196067,produccion,completa,E1
3339,-2.1689656580358365,Fabricación de otra maquinaria y equipo para la industria en general,0.6417221502759753,1.0461690962539019,produccion,completa,E1
3341,-0.13575422049037672,Fabricación de computadoras y equipo periférico,0.7847307234340066,3.041510974192076,produccion,completa,E1
3342,1.8383892373638844,Fabricación de equipo de comunicación,0.895054776922478,3.3496252979722057,produccion,completa,E1
3343,-0.29670135234946904,Fabricación de equipo de audio y de video,0.9478363435009872,6.311046234179156,produccion,completa,E1
3344,-1.4268164592209456,Fabricación de componentes electrónicos,0.4744887481943934,1.6996580088039674,produccion,completa,E1
3345,-1.1760045400003618,"Fabricación de instrumentos de medición, control, navegación, y equipo médico electrónico",0.9203173609236356,2.0320258507097275,produccion,completa,E1
3346,-2.442866026123758,Fabricación y reproducción de medios magnéticos y ópticos,0.6054992436078728,2.672704435030377,produccion,completa,E1
3351,0.36778513116875744,Fabricación de accesorios de iluminación,0.831395116765869,2.8543518134553003,produccion,completa,E1
3352,-1.7541159848628016,Fabricación de aparatos eléctricos de uso doméstico,0.3900028883753999,2.1982279336063804,produccion,completa,E1
3353,-3.076166391752249,Fabricación de equipo de generación y distribución de energía eléctrica,0.8989208694711824,1.5680614559678496,produccion,completa,E1
3359,-2.4648284369168447,Fabricación de otros equipos y accesorios eléctricos,0.7464127593691879,1.6272843886059258,produccion,completa,E1
3361,-1.9553192613058763,Fabricación de automóviles y camiones,0.6801529750236635,2.01767466460481,produccion,completa,E1
3362,-6.653309144077406,Fabricación de carrocerías y remolques,0.4826387565231524,2.3605662481513803,produccion,completa,E1
3363,-3.2367917944892715,Fabricación de partes para vehículos automotores,0.5296068171162411,1.301691771396886,produccion,completa,E1
3364,5.394429244408419,Fabricación de equipo aeroespacial,0.9896704181454756,4.559712623577909,produccion,completa,E1
3365,-8.101958805677253,Fabricación de equipo ferroviario,0.8018618332294466,5.91390270931583,produccion,completa,E1
3366,8.271734662463727,Fabricación de embarcaciones,0.5822911532336551,10.798111345760896,produccion,completa,E1
3369,-1.8256338762123874,Fabricación de otro equipo de transporte,0.6740711386128929,3.707601911607805,produccion,completa,E1
3371,-1.457109289681756,"Fabricación de muebles, excepto de oficina y estantería",0.3642278188643361,0.9733259770101469,produccion,completa,E1
3372,-2.7131499531222985,Fabricación de muebles de oficina y estantería,0.2214380514733216,1.318318125208276,produccion,completa,E1
3379,-1.8762285336292015,"Fabricación de colchones, persianas y cortineros",0.3523025337449802,1.9757212154093355,produccion,completa,E1
3391,0.24740269725311986,"Fabricación de equipo no electrónico y material desechable de uso médico, dental y para laboratorio, y artículos oftálmicos",0.7835186733412709,2.8547969892444676,produccion,completa,E1
3399,-3.08614410980891,Otras industrias manufactureras,0.618987370047973,1.1878123560925002,produccion,completa,E1
3111,-0.12791232853073356,Elaboración de alimentos para animales,0.02886946578166,0.3945011870902721,empleo,sin pandemia,E0
3112,0.13158821753519673,Molienda de granos y de semillas y obtención de aceites y grasas,0.0609807080676099,0.32068282372108614,empleo,sin pandemia,E0
3113,-0.24727908542641294,"Elaboración de azúcares, chocolates, dulces y similares",0.2016423568218791,0.6806626524549899,empleo,sin pandemia,E0
3114,-0.053790328836776605,"Conservación de frutas, verduras, guisos y otros alimentos preparados",0.3156513149608729,0.3684849615256782,empleo,sin pandemia,E0
3115,-0.12959787274040196,Elaboración de productos lácteos,0.0498313429839448,0.17653433503034544,empleo,sin pandemia,E0
3116,-0.0545159240921957,"Matanza, empacado y procesamiento de carne de ganado, aves y otros animales comestibles",0.044361709007407,0.2347696576087219,empleo,sin pandemia,E0
3117,0.5708421631437315,Preparación y envasado de pescados y mariscos,0.7478643561015712,0.8977665329071562,empleo,sin pandemia,E0
3118,0.06274382603406198,Elaboración de productos de panadería y tortillas,0.043199849411286,0.17893315733108464,empleo,sin pandemia,E0
3119,-0.5532577844277855,Otras industrias alimentarias,0.1089707298904361,0.44513719981107,empleo,sin pandemia,E0
3121,-0.11518019219900384,Industria de las bebidas,0.2419442465750293,0.19709800047280543,empleo,sin pandemia,E0
3122,0.872101987576802,Industria del tabaco,0.1071479040489181,0.6371878715009669,empleo,sin pandemia,E0
3131,-0.019371341204557767,"Preparación e hilado de fibras textiles, y fabricación de hilos",0.2001267979454507,0.6731092775227573,empleo,sin pandemia,E0
3132,-0.3521296675157202,Fabricación de telas,0.1336042055792961,0.6517155609439774,empleo,sin pandemia,E0
3133,1.5900186479520393,Acabado de productos textiles y fabricación de telas recubiertas,0.3062290364360683,1.3489338348782343,empleo,sin pandemia,E0
3141,0.5025868335392344,"Confección de alfombras, blancos y similares",0.5072465584471345,1.0895493665685283,empleo,sin pandemia,E0
3149,0.9940767310154129,"Fabricación de otros productos textiles, excepto prendas de vestir",0.3944218335152466,0.6471028038663925,empleo,sin pandemia,E0
3151,-0.8239477265139702,Fabricación de prendas de vestir de tejido de punto,0.3365154443339868,0.7086768705978301,empleo,sin pandemia,E0
3152,0.21903829984907738,Confección de prendas de vestir,0.4259861529321015,0.4772763809240055,empleo,sin pandemia,E0
3159,-1.712123282704999,Confección de accesorios de vestir y otras prendas de vestir no clasificados en otra parte,0.6664841032423205,1.9993124266456943,empleo,sin pandemia,E0
3161,0.3003022659946075,Curtido y acabado de cuero y piel,0.262669438610518,0.9014881211475071,empleo,sin pandemia,E0
3162,-0.04550452062650758,Fabricación de calzado,0.1604241815757467,0.5242866845665702,empleo,sin pandemia,E0
3169,0.1943247257680329,"Fabricación de otros productos de cuero, piel y materiales sucedáneos",0.6136094363212712,0.6379657659503644,empleo,sin pandemia,E0
3211,0.28573145085229057,Aserrado y conservación de la madera,0.0034917286527276,0.8626508652974619,empleo,sin pandemia,E0
3212,-0.22209797606938683,Fabricación de laminados y aglutinados de madera,0.0775332943220637,0.4021238065125531,empleo,sin pandemia,E0
3219,-0.07529235023557522,Fabricación de otros productos de madera,0.1827036170504173,0.6127967374091777,empleo,sin pandemia,E0
3221,-0.3191518620626504,"Fabricación de pulpa, papel y cartón",0.0619018679380005,0.22643153876307523,empleo,sin pandemia,E0
3222,-0.24703058823376717,Fabricación de productos de cartón y papel,0.1574973850413846,0.30360448486108227,empleo,sin pandemia,E0
3231,-0.7433949599604824,Impresión e industrias conexas,0.1024504665734745,0.5168186484737223,empleo,sin pandemia,E0
3241,0.9760621563271435,Fabricación de productos derivados del petróleo y del carbón,0.0588949583065286,0.8589923839763893,empleo,sin pandemia,E0
3251,-0.10665598535695334,Fabricación de productos químicos básicos,0.135778270214786,0.5815892555583149,empleo,sin pandemia,E0
3252,0.173993166346488,"Fabricación de resinas y hules sintéticos, y fibras químicas",0.3119319594154858,0.5578050506074457,empleo,sin pandemia,E0
3253,-0.8301502754337963,"Fabricación de fertilizantes, pesticidas y otros agroquímicos",0.1679807884786191,0.6877761268331267,empleo,sin pandemia,E0
3254,-0.03850532752264701,Fabricación de productos farmacéuticos,0.1290966945098601,0.22336221250274182,empleo,sin pandemia,E0
3255,-0.4142965071236998,"Fabricación de pinturas, recubrimientos y adhesivos",0.0704773870608603,0.3079343955690105,empleo,sin pandemia,E0
3256,-0.099214933044634,"Fabricación de jabones, limpiadores y preparaciones de tocador",0.2434658656862863,0.3870550662359593,empleo,sin pandemia,E0
3259,-0.9961045341154483,Fabricación de otros productos químicos,0.3514735701280596,0.7668508319199917,empleo,sin pandemia,E0
3261,-0.44973370751024333,Fabricación de productos de plástico,0.2303591490643638,0.32711369335396956,empleo,sin pandemia,E0
3262,-0.604509228631729,Fabricación de productos de hule,0.4171737487232005,0.49514750667873625,empleo,sin pandemia,E0
3271,0.5944516050563036,Fabricación de productos a base de arcillas y minerales refractarios,0.3488287256548686,0.4826561893501388,empleo,sin pandemia,E0
3272,-0.01945966715538672,Fabricación de vidrio y productos de vidrio,0.272472982882299,0.3979802947358197,empleo,sin pandemia,E0
3273,-0.45162671181852465,Fabricación de cemento y productos de concreto,0.0343074151008847,0.5153399485815364,empleo,sin pandemia,E0
3274,-0.14658971625761716,"Fabricación de cal, yeso y productos de yeso",0.1199075903205221,0.3603043000875597,empleo,sin pandemia,E0
3279,-0.18900143195845126,Fabricación de otros productos a base de minerales no metálicos,0.2243733059375072,0.3301238161002093,empleo,sin pandemia,E0
3311,0.16527947308104635,Industria básica del hierro y del acero,0.279574215702268,2.5780019990344107,empleo,sin pandemia,E0
3312,-0.2707867532253019,Fabricación de productos de hierro y acero,0.0669975578374552,0.5470914887290809,empleo,sin pandemia,E0
3313,-0.4210454747482708,Industria básica del aluminio,0.2650002880058719,0.6827987174482212,empleo,sin pandemia,E0
3314,-0.2741975964319334,"Industrias de metales no ferrosos, excepto aluminio",0.4934732886739018,0.46652153994430867,empleo,sin pandemia,E0
3315,-1.1939619524427856,Moldeo por fundición de piezas metálicas,0.0974402319506194,0.7063288208964339,empleo,sin pandemia,E0
3321,-0.06376182129549934,Fabricación de productos metálicos forjados y troquelados,0.4526204884780047,0.7509181721017385,empleo,sin pandemia,E0
3322,-0.8629762192115583,Fabricación de herramientas de mano sin motor y utensilios de cocina metálicos,0.4783144421423179,0.5061644512609295,empleo,sin pandemia,E0
3323,0.09291306862532829,Fabricación de estructuras metálicas y productos de herrería,0.2249299265714363,0.28064808072321695,empleo,sin pandemia,E0
3324,-0.39220311312162576,"Fabricación de calderas, tanques y envases metálicos",0.2575554192946691,0.6348892670661193,empleo,sin pandemia,E0
3325,-0.31835960388108686,Fabricación de herrajes y cerraduras,0.8134327973740351,0.5385132700208766,empleo,sin pandemia,E0
3326,-1.4243125103933283,"Fabricación de alambre, productos de alambre y resortes",0.3138914060002775,0.6816661056276613,empleo,sin pandemia,E0
3327,-0.056059399717598615,Maquinado de piezas y fabricación de tornillos,0.1233232283296124,0.4562585864125665,empleo,sin pandemia,E0
3328,-0.28335493375414705,Recubrimientos y terminados metálicos,0.1588822707072484,0.6239328737252009,empleo,sin pandemia,E0
3329,-0.7321461122213827,Fabricación de otros productos metálicos,0.6293046757254936,0.4102810831373413,empleo,sin pandemia,E0
3331,-0.9296359933324903,"Fabricación de maquinaria y equipo agropecuario, para la construcción y para la industria extractiva",0.519899184727109,1.1093429589681425,empleo,sin pandemia,E0
3332,-1.1538530581468303,"Fabricación de maquinaria y equipo para las industrias manufactureras, excepto la metalmecánica",0.6992566972513394,0.5758738609345668,empleo,sin pandemia,E0
3333,-1.6532973645886289,Fabricación de maquinaria y equipo para el comercio y los servicios,0.8664849575372038,1.1345044140929035,empleo,sin pandemia,E0
3334,-0.9261003425789097,"Fabricación de equipo de aire acondicionado, calefacción, y de refrigeración industrial y comercial",0.8482017522901368,0.8130697418377677,empleo,sin pandemia,E0
3335,-0.10935716254188975,Fabricación de maquinaria y equipo para la industria metalmecánica,0.6052735791408839,1.116911814492239,empleo,sin pandemia,E0
3336,-0.21656997001954828,"Fabricación de motores de combustión interna, turbinas y transmisiones",0.8385248456652771,0.7756276329132448,empleo,sin pandemia,E0
3339,-1.1776887729242447,Fabricación de otra maquinaria y equipo para la industria en general,0.6417221502759753,0.6821491122103814,empleo,sin pandemia,E0
3341,1.4399650064717697,Fabricación de computadoras y equipo periférico,0.7847307234340066,1.0055107656339006,empleo,sin pandemia,E0
3342,3.7160590143270342,Fabricación de equipo de comunicación,0.895054776922478,1.927505976962797,empleo,sin pandemia,E0
3343,0.04778864704799114,Fabricación de equipo de audio y de video,0.9478363435009872,0.7999805420112711,empleo,sin pandemia,E0
3344,-0.527392603576917,Fabricación de componentes electrónicos,0.4744887481943934,0.8722418456854939,empleo,sin pandemia,E0
3345,-0.6488532898855462,"Fabricación de instrumentos de medición, control, navegación, y equipo médico electrónico",0.9203173609236356,0.5642950306728896,empleo,sin pandemia,E0
3346,0.9010444554727098,Fabricación y reproducción de medios magnéticos y ópticos,0.6054992436078728,1.5376617933706196,empleo,sin pandemia,E0
3351,-0.8817281096965527,Fabricación de accesorios de iluminación,0.831395116765869,0.71039014605377,empleo,sin pandemia,E0
3352,0.609899474338423,Fabricación de aparatos eléctricos de uso doméstico,0.3900028883753999,0.5330360893282636,empleo,sin pandemia,E0
3353,0.11355548545524481,Fabricación de equipo de generación y distribución de energía eléctrica,0.8989208694711824,0.42981073371285305,empleo,sin pandemia,E0
3359,0.45363960534580433,Fabricación de otros equipos y accesorios eléctricos,0.7464127593691879,0.6854998488549108,empleo,sin pandemia,E0
3361,-0.8801557207417133,Fabricación de automóviles y camiones,0.6801529750236635,0.5274382451699586,empleo,sin pandemia,E0
3362,-2.2719594654084263,Fabricación de carrocerías y remolques,0.4826387565231524,1.1864821297896486,empleo,sin pandemia,E0
3363,-1.1762361074219236,Fabricación de partes para vehículos automotores,0.5296068171162411,0.5931224274411677,empleo,sin pandemia,E0
3364,-0.6899196747424847,Fabricación de equipo aeroespacial,0.9896704181454756,0.7693261403380891,empleo,sin pandemia,E0
3365,-2.6242553150173222,Fabricación de equipo ferroviario,0.8018618332294466,2.5663387545922323,empleo,sin pandemia,E0
3366,-1.2757734451696305,Fabricación de embarcaciones,0.5822911532336551,4.925715560970495,empleo,sin pandemia,E0
3369,-0.5773980573589075,Fabricación de otro equipo de transporte,0.6740711386128929,1.4941431854775167,empleo,sin pandemia,E0
3371,0.9778241561164471,"Fabricación de muebles, excepto de oficina y estantería",0.3642278188643361,0.8809047881068863,empleo,sin pandemia,E0
3372,-1.4671508762820233,Fabricación de muebles de oficina y estantería,0.2214380514733216,0.6849150318310414,empleo,sin pandemia,E0
3379,0.7068604028252043,"Fabricación de colchones, persianas y cortineros",0.3523025337449802,0.697769886023982,empleo,sin pandemia,E0
3391,-0.4232956146812912,"Fabricación de equipo no electrónico y material desechable de uso médico, dental y para laboratorio, y artículos oftálmicos",0.7835186733412709,0.42018462926663513,empleo,sin pandemia,E0
3399,0.20615481030214228,Otras industrias manufactureras,0.618987370047973,0.561714944814433,empleo,sin pandemia,E0
3111,-0.27107901135219453,Elaboración de alimentos para animales,0.02886946578166,0.33875734779935945,empleo,completa,E0
3112,0.10573214341807874,Molienda de granos y de semillas y obtención de aceites y grasas,0.0609807080676099,0.2603041399322004,empleo,completa,E0
3113,-0.7608522240247622,"Elaboración de azúcares, chocolates, dulces y similares",0.2016423568218791,0.6743623173000433,empleo,completa,E0
3114,-0.28845474827655293,"Conservación de frutas, verduras, guisos y otros alimentos preparados",0.3156513149608729,0.31909363274334157,empleo,completa,E0
3115,-0.16742633869237786,Elaboración de productos lácteos,0.0498313429839448,0.1629706496698378,empleo,completa,E0
3116,-0.0679825967061173,"Matanza, empacado y procesamiento de carne de ganado, aves y otros animales comestibles",0.044361709007407,0.1995790015237796,empleo,completa,E0
3117,1.0275096856633885,Preparación y envasado de pescados y mariscos,0.7478643561015712,0.8114095660526598,empleo,completa,E0
3118,-0.03256931458579405,Elaboración de productos de panadería y tortillas,0.043199849411286,0.1627934603797962,empleo,completa,E0
3119,-0.7574471656875456,Otras industrias alimentarias,0.1089707298904361,0.38958178968044166,empleo,completa,E0
3121,-0.14957096826384658,Industria de las bebidas,0.2419442465750293,0.16454279615885964,empleo,completa,E0
3122,0.46788191130993295,Industria del tabaco,0.1071479040489181,0.54652387769474,empleo,completa,E0
3131,-0.4214685773712311,"Preparación e hilado de fibras textiles, y fabricación de hilos",0.2001267979454507,0.6396495986508515,empleo,completa,E0
3132,-0.7331165251042187,Fabricación de telas,0.1336042055792961,0.6436832225134832,empleo,completa,E0
3133,0.38224845188918255,Acabado de productos textiles y fabricación de telas recubiertas,0.3062290364360683,1.3626729902710646,empleo,completa,E0
3141,-1.3351757930237307,"Confección de alfombras, blancos y similares",0.5072465584471345,1.508203019539879,empleo,completa,E0
3149,0.41684994809054343,"Fabricación de otros productos textiles, excepto prendas de vestir",0.3944218335152466,0.6554928256225171,empleo,completa,E0
3151,-1.048052002737063,Fabricación de prendas de vestir de tejido de punto,0.3365154443339868,0.7153931349715623,empleo,completa,E0
3152,-0.12902209167214865,Confección de prendas de vestir,0.4259861529321015,0.4001044432026403,empleo,completa,E0
3159,-1.882241018288927,Confección de accesorios de vestir y otras prendas de vestir no clasificados en otra parte,0.6664841032423205,1.6147753327377548,empleo,completa,E0
3161,-0.284275333993534,Curtido y acabado de cuero y piel,0.262669438610518,0.902505369864581,empleo,completa,E0
3162,-0.4241582769655096,Fabricación de calzado,0.1604241815757467,0.46270719863009907,empleo,completa,E0
3169,-0.1119221463878539,"Fabricación de otros productos de cuero, piel y materiales sucedáneos",0.6136094363212712,0.6533942342163269,empleo,completa,E0
3211,-0.5425373575713535,Aserrado y conservación de la madera,0.0034917286527276,0.9155796301829903,empleo,completa,E0
3212,-0.9788553905125307,Fabricación de laminados y aglutinados de madera,0.0775332943220637,0.580305177694907,empleo,completa,E0
3219,0.14879392703310232,Fabricación de otros productos de madera,0.1827036170504173,0.5425973047318038,empleo,completa,E0
3221,-0.21336898978453392,"Fabricación de pulpa, papel y cartón",0.0619018679380005,0.18744131450663362,empleo,completa,E0
3222,-0.41487047626917967,Fabricación de productos de cartón y papel,0.1574973850413846,0.35539667198548386,empleo,completa,E0
3231,-0.9130205583659728,Impresión e industrias conexas,0.1024504665734745,0.48363017686510723,empleo,completa,E0
3241,0.7568768524632113,Fabricación de productos derivados del petróleo y del carbón,0.0588949583065286,0.6770256266474862,empleo,completa,E0
3251,0.02264212936629661,Fabricación de productos químicos básicos,0.135778270214786,0.4530124018174034,empleo,completa,E0
3252,-0.08802094091251639,"Fabricación de resinas y hules sintéticos, y fibras químicas",0.3119319594154858,0.5210610880418997,empleo,completa,E0
3253,-1.4611896041798542,"Fabricación de fertilizantes, pesticidas y otros agroquímicos",0.1679807884786191,0.7157699852643643,empleo,completa,E0
3254,0.025678726413734098,Fabricación de productos farmacéuticos,0.1290966945098601,0.17672227221103454,empleo,completa,E0
3255,-0.48109214699255926,"Fabricación de pinturas, recubrimientos y adhesivos",0.0704773870608603,0.33762072187533404,empleo,completa,E0
3256,-0.05111700953595904,"Fabricación de jabones, limpiadores y preparaciones de tocador",0.2434658656862863,0.31950293556012443,empleo,completa,E0
3259,-0.6978019177587931,Fabricación de otros productos químicos,0.3514735701280596,0.6390656195444145,empleo,completa,E0
3261,-0.7887643675533119,Fabricación de productos de plástico,0.2303591490643638,0.3422417988866969,empleo,completa,E0
3262,-1.2221857948884556,Fabricación de productos de hule,0.4171737487232005,0.640082215833527,empleo,completa,E0
3271,-0.1606989879835472,Fabricación de productos a base de arcillas y minerales refractarios,0.3488287256548686,0.4881934821691293,empleo,completa,E0
3272,-0.2238673033552607,Fabricación de vidrio y productos de vidrio,0.272472982882299,0.4032325789918702,empleo,completa,E0
3273,-0.4914189326857053,Fabricación de cemento y productos de concreto,0.0343074151008847,0.47668728021402557,empleo,completa,E0
3274,-0.005224085579776843,"Fabricación de cal, yeso y productos de yeso",0.1199075903205221,0.31335044889221253,empleo,completa,E0
3279,-0.20014086802363626,Fabricación de otros productos a base de minerales no metálicos,0.2243733059375072,0.4097166619440896,empleo,completa,E0
3311,-0.1721156086332563,Industria básica del hierro y del acero,0.279574215702268,2.1573130715865734,empleo,completa,E0
3312,-0.30059583150073477,Fabricación de productos de hierro y acero,0.0669975578374552,0.43379100648652036,empleo,completa,E0
3313,-1.1781646466519302,Industria básica del aluminio,0.2650002880058719,0.7952701763987523,empleo,completa,E0
3314,-0.5981367908135622,"Industrias de metales no ferrosos, excepto aluminio",0.4934732886739018,0.491421947566382,empleo,completa,E0
3315,-1.5025529028389992,Moldeo por fundición de piezas metálicas,0.0974402319506194,0.7406052299542002,empleo,completa,E0
3321,-0.9324203932525224,Fabricación de productos metálicos forjados y troquelados,0.4526204884780047,0.7710119377532594,empleo,completa,E0
3322,-0.9897249124044626,Fabricación de herramientas de mano sin motor y utensilios de cocina metálicos,0.4783144421423179,0.6544748143223691,empleo,completa,E0
3323,-0.19201938136243304,Fabricación de estructuras metálicas y productos de herrería,0.2249299265714363,0.3108273039687025,empleo,completa,E0
3324,-0.15140662179756306,"Fabricación de calderas, tanques y envases metálicos",0.2575554192946691,0.5160781267453866,empleo,completa,E0
3325,-0.5288132889366433,Fabricación de herrajes y cerraduras,0.8134327973740351,0.6724463697662874,empleo,completa,E0
3326,-1.8855235263096686,"Fabricación de alambre, productos de alambre y resortes",0.3138914060002775,0.7593083869138743,empleo,completa,E0
3327,0.029664023446080247,Maquinado de piezas y fabricación de tornillos,0.1233232283296124,0.40861170174279804,empleo,completa,E0
3328,-0.94521413614179,Recubrimientos y terminados metálicos,0.1588822707072484,0.6898881860574401,empleo,completa,E0
3329,-1.4358536228643028,Fabricación de otros productos metálicos,0.6293046757254936,0.5604630096750803,empleo,completa,E0
3331,-2.18270209182989,"Fabricación de maquinaria y equipo agropecuario, para la construcción y para la industria extractiva",0.519899184727109,1.1715994870586492,empleo,completa,E0
3332,-1.4419902362610428,"Fabricación de maquinaria y equipo para las industrias manufactureras, excepto la metalmecánica",0.6992566972513394,0.5986450414295734,empleo,completa,E0
3333,-2.2850285431606854,Fabricación de maquinaria y equipo para el comercio y los servicios,0.8664849575372038,1.3072090239675602,empleo,completa,E0
3334,-1.7606766420479463,"Fabricación de equipo de aire acondicionado, calefacción, y de refrigeración industrial y comercial",0.8482017522901368,0.8747460737652386,empleo,completa,E0
3335,-0.4293778376123911,Fabricación de maquinaria y equipo para la industria metalmecánica,0.6052735791408839,1.3143799625628683,empleo,completa,E0
3336,-1.4322208606569509,"Fabricación de motores de combustión interna, turbinas y transmisiones",0.8385248456652771,0.996831136706635,empleo,completa,E0
3339,-1.3237905537055934,Fabricación de otra maquinaria y equipo para la industria en general,0.6417221502759753,0.6094188514509732,empleo,completa,E0
3341,1.842648594018488,Fabricación de computadoras y equipo periférico,0.7847307234340066,1.3619825906564402,empleo,completa,E0
3342,1.603819389546937,Fabricación de equipo de comunicación,0.895054776922478,1.6866463761032782,empleo,completa,E0
3343,0.015167464965322279,Fabricación de equipo de audio y de video,0.9478363435009872,0.6451068579473138,empleo,completa,E0
3344,-1.085811324809887,Fabricación de componentes electrónicos,0.4744887481943934,0.762532354936065,empleo,completa,E0
3345,-1.2779506886551435,"Fabricación de instrumentos de medición, control, navegación, y equipo médico electrónico",0.9203173609236356,0.6727152517791007,empleo,completa,E0
3346,1.3102677556795572,Fabricación y reproducción de medios magnéticos y ópticos,0.6054992436078728,1.2338796107594603,empleo,completa,E0
3351,-1.5826058732834807,Fabricación de accesorios de iluminación,0.831395116765869,0.8071695769396762,empleo,completa,E0
3352,-0.5611195160029497,Fabricación de aparatos eléctricos de uso doméstico,0.3900028883753999,0.6951147617265702,empleo,completa,E0
3353,-0.45962178347372495,Fabricación de equipo de generación y distribución de energía eléctrica,0.8989208694711824,0.45859850220473003,empleo,completa,E0
3359,-0.5204193679893494,Fabricación de otros equipos y accesorios eléctricos,0.7464127593691879,0.8480174209153396,empleo,completa,E0
3361,-0.8872707603084201,Fabricación de automóviles y camiones,0.6801529750236635,0.41540346568332687,empleo,completa,E0
3362,-3.3291282769602346,Fabricación de carrocerías y remolques,0.4826387565231524,1.38930950294762,empleo,completa,E0
3363,-1.1543542969533727,Fabricación de partes para vehículos automotores,0.5296068171162411,0.4964360725526675,empleo,completa,E0
3364,0.604226346484697,Fabricación de equipo aeroespacial,0.9896704181454756,1.0859775826663594,empleo,completa,E0
3365,-2.1680633870864616,Fabricación de equipo ferroviario,0.8018618332294466,2.878730464434067,empleo,completa,E0
3366,0.37872942292645617,Fabricación de embarcaciones,0.5822911532336551,4.538852457786932,empleo,completa,E0
3369,-1.7478189183207653,Fabricación de otro equipo de transporte,0.6740711386128929,1.4910074892818668,empleo,completa,E0
3371,0.5312110457277354,"Fabricación de muebles, excepto de oficina y estantería",0.3642278188643361,0.681577359818249,empleo,completa,E0
3372,-1.8102482814280465,Fabricación de muebles de oficina y estantería,0.2214380514733216,0.8160401919045502,empleo,completa,E0
3379,-0.6576140912290889,"Fabricación de colchones, persianas y cortineros",0.3523025337449802,0.9069425622836123,empleo,completa,E0
3391,-0.5969516308191289,"Fabricación de equipo no electrónico y material desechable de uso médico, dental y para laboratorio, y artículos oftálmicos",0.7835186733412709,0.3624496170315253,empleo,completa,E0
3399,-0.31339661087235354,Otras industrias manufactureras,0.618987370047973,0.5977814611926637,empleo,completa,E0
3111,-0.05918246250938143,Elaboración de alimentos para animales,0.02886946578166,0.8207879883776845,horas,sin pandemia,E1
3112,-0.4103644392918778,Molienda de granos y de semillas y obtención de aceites y grasas,0.0609807080676099,0.5925102757215904,horas,sin pandemia,E1
3113,-0.8173013030474343,"Elaboración de azúcares, chocolates, dulces y similares",0.2016423568218791,1.0306639574205922,horas,sin pandemia,E1
3114,-0.279398856179949,"Conservación de frutas, verduras, guisos y otros alimentos preparados",0.3156513149608729,0.7152701801253476,horas,sin pandemia,E1
3115,-0.5939129482977514,Elaboración de productos lácteos,0.0498313429839448,0.6489326413845852,horas,sin pandemia,E1
3116,-0.6024879067707779,"Matanza, empacado y procesamiento de carne de ganado, aves y otros animales comestibles",0.044361709007407,0.5911897806411599,horas,sin pandemia,E1
3117,0.4850413801870941,Preparación y envasado de pescados y mariscos,0.7478643561015712,1.6654699831428514,horas,sin pandemia,E1
3118,0.33658750898835216,Elaboración de productos de panadería y tortillas,0.043199849411286,0.5421479070589857,horas,sin pandemia,E1
3119,-1.6184365975797608,Otras industrias alimentarias,0.1089707298904361,0.7240644536301218,horas,sin pandemia,E1
3121,-0.5211053704258148,Industria de las bebidas,0.2419442465750293,0.5331590140890325,horas,sin pandemia,E1
3122,-0.3962021534745565,Industria del tabaco,0.1071479040489181,1.3943568283817427,horas,sin pandemia,E1
3131,0.48205252036969415,"Preparación e hilado de fibras textiles, y fabricación de hilos",0.2001267979454507,1.2263337129834944,horas,sin pandemia,E1
3132,0.4600001754865451,Fabricación de telas,0.1336042055792961,1.494264280619737,horas,sin pandemia,E1
3133,3.020895144216941,Acabado de productos textiles y fabricación de telas recubiertas,0.3062290364360683,1.892250103858883,horas,sin pandemia,E1
3141,0.17885237977423515,"Confección de alfombras, blancos y similares",0.5072465584471345,1.3480554843155987,horas,sin pandemia,E1
3149,0.26931018311882665,"Fabricación de otros productos textiles, excepto prendas de vestir",0.3944218335152466,1.04150546411546,horas,sin pandemia,E1
3151,-0.47764702913171986,Fabricación de prendas de vestir de tejido de punto,0.3365154443339868,1.1159084412660785,horas,sin pandemia,E1
3152,-0.16791314872190208,Confección de prendas de vestir,0.4259861529321015,1.1272970943646625,horas,sin pandemia,E1
3159,-1.5858380292931864,Confección de accesorios de vestir y otras prendas de vestir no clasificados en otra parte,0.6664841032423205,1.858977848914279,horas,sin pandemia,E1
3161,1.9028147572275709,Curtido y acabado de cuero y piel,0.262669438610518,1.29366013608788,horas,sin pandemia,E1
3162,-0.757566187879774,Fabricación de calzado,0.1604241815757467,1.5494045256849676,horas,sin pandemia,E1
3169,0.49879234284445767,"Fabricación de otros productos de cuero, piel y materiales sucedáneos",0.6136094363212712,1.0777578902140017,horas,sin pandemia,E1
3211,-0.7997303746755023,Aserrado y conservación de la madera,0.0034917286527276,1.5245933379261205,horas,sin pandemia,E1
3212,-0.6370143082070799,Fabricación de laminados y aglutinados de madera,0.0775332943220637,0.9952954613408892,horas,sin pandemia,E1
3219,-0.8151323330701399,Fabricación de otros productos de madera,0.1827036170504173,1.1336977550631386,horas,sin pandemia,E1
3221,-0.38277898721631237,"Fabricación de pulpa, papel y cartón",0.0619018679380005,0.5264898486285418,horas,sin pandemia,E1
3222,-0.844412224560801,Fabricación de productos de cartón y papel,0.1574973850413846,0.7519775702421251,horas,sin pandemia,E1
3231,-1.6904773197095724,Impresión e industrias conexas,0.1024504665734745,1.125720660714166,horas,sin pandemia,E1
3241,-0.58649374642991,Fabricación de productos derivados del petróleo y del carbón,0.0588949583065286,0.7817310292398516,horas,sin pandemia,E1
3251,0.47954796155703966,Fabricación de productos químicos básicos,0.135778270214786,0.8394645715286263,horas,sin pandemia,E1
3252,-0.09050957858252405,"Fabricación de resinas y hules sintéticos, y fibras químicas",0.3119319594154858,0.9753429084959017,horas,sin pandemia,E1
3253,-0.46235965089599235,"Fabricación de fertilizantes, pesticidas y otros agroquímicos",0.1679807884786191,0.8844710743753414,horas,sin pandemia,E1
3254,-0.8728039713185942,Fabricación de productos farmacéuticos,0.1290966945098601,0.8453216910859673,horas,sin pandemia,E1
3255,-1.4704189253205553,"Fabricación de pinturas, recubrimientos y adhesivos",0.0704773870608603,0.9171593648961684,horas,sin pandemia,E1
3256,-0.3031893808339909,"Fabricación de jabones, limpiadores y preparaciones de tocador",0.2434658656862863,0.8827321950405108,horas,sin pandemia,E1
3259,-2.3452970848456935,Fabricación de otros productos químicos,0.3514735701280596,1.308411342760501,horas,sin pandemia,E1
3261,-0.6950071540758943,Fabricación de productos de plástico,0.2303591490643638,0.8382570906098961,horas,sin pandemia,E1
3262,-1.0123662165724177,Fabricación de productos de hule,0.4171737487232005,1.178664916477456,horas,sin pandemia,E1
3271,0.1720822457306549,Fabricación de productos a base de arcillas y minerales refractarios,0.3488287256548686,1.048404038373225,horas,sin pandemia,E1
3272,-0.35284203178695056,Fabricación de vidrio y productos de vidrio,0.272472982882299,0.615228143938213,horas,sin pandemia,E1
3273,-1.0873346455610455,Fabricación de cemento y productos de concreto,0.0343074151008847,1.186685354667829,horas,sin pandemia,E1
3274,-0.8357903672332221,"Fabricación de cal, yeso y productos de yeso",0.1199075903205221,0.6862673711488356,horas,sin pandemia,E1
3279,-6.207280651064234,Fabricación de otros productos a base de minerales no metálicos,0.2243733059375072,2.4491703792295643,horas,sin pandemia,E1
3311,1.201286004092141,Industria básica del hierro y del acero,0.279574215702268,2.2677807308650997,horas,sin pandemia,E1
3312,-1.0393189198709054,Fabricación de productos de hierro y acero,0.0669975578374552,0.9478201727921065,horas,sin pandemia,E1
3313,-0.14051437909716036,Industria básica del aluminio,0.2650002880058719,1.1175199418031925,horas,sin pandemia,E1
3314,-0.5287370642210998,"Industrias de metales no ferrosos, excepto aluminio",0.4934732886739018,0.9068288665101448,horas,sin pandemia,E1
3315,-1.4081758131968378,Moldeo por fundición de piezas metálicas,0.0974402319506194,1.1904369656615859,horas,sin pandemia,E1
3321,-0.04148177653940537,Fabricación de productos metálicos forjados y troquelados,0.4526204884780047,1.6040443749399427,horas,sin pandemia,E1
3322,-1.328466347821098,Fabricación de herramientas de mano sin motor y utensilios de cocina metálicos,0.4783144421423179,1.1947424519168537,horas,sin pandemia,E1
3323,-0.5347988832611368,Fabricación de estructuras metálicas y productos de herrería,0.2249299265714363,0.8469782876352361,horas,sin pandemia,E1
3324,-0.5128355397122846,"Fabricación de calderas, tanques y envases metálicos",0.2575554192946691,1.2509592554983175,horas,sin pandemia,E1
3325,-1.5053873204797654,Fabricación de herrajes y cerraduras,0.8134327973740351,1.3244829882738063,horas,sin pandemia,E1
3326,-2.0413424109172738,"Fabricación de alambre, productos de alambre y resortes",0.3138914060002775,1.1754737297033377,horas,sin pandemia,E1
3327,-1.827762146248712,Maquinado de piezas y fabricación de tornillos,0.1233232283296124,0.9648576117809465,horas,sin pandemia,E1
3328,-0.4990885100994244,Recubrimientos y terminados metálicos,0.1588822707072484,1.0084519996203134,horas,sin pandemia,E1
3329,-0.9204283596267228,Fabricación de otros productos metálicos,0.6293046757254936,0.9237206013168493,horas,sin pandemia,E1
3331,-2.390469341826163,"Fabricación de maquinaria y equipo agropecuario, para la construcción y para la industria extractiva",0.519899184727109,1.9906343246037734,horas,sin pandemia,E1
3332,-1.89786281629708,"Fabricación de maquinaria y equipo para las industrias manufactureras, excepto la metalmecánica",0.6992566972513394,1.0944619312738901,horas,sin pandemia,E1
3333,-2.5381411033951458,Fabricación de maquinaria y equipo para el comercio y los servicios,0.8664849575372038,1.9597858246394622,horas,sin pandemia,E1
3334,-1.1649523917382598,"Fabricación de equipo de aire acondicionado, calefacción, y de refrigeración industrial y comercial",0.8482017522901368,1.5164610530274913,horas,sin pandemia,E1
3335,-1.1981724837704184,Fabricación de maquinaria y equipo para la industria metalmecánica,0.6052735791408839,1.7695941671969129,horas,sin pandemia,E1
3336,-1.4906312455897401,"Fabricación de motores de combustión interna, turbinas y transmisiones",0.8385248456652771,1.9634789255706104,horas,sin pandemia,E1
3339,-1.9660722003602082,Fabricación de otra maquinaria y equipo para la industria en general,0.6417221502759753,1.3283925925282656,horas,sin pandemia,E1
3341,-0.5032957558053587,Fabricación de computadoras y equipo periférico,0.7847307234340066,1.3559674567743691,horas,sin pandemia,E1
3342,3.4852891671133652,Fabricación de equipo de comunicación,0.895054776922478,2.5155234013006305,horas,sin pandemia,E1
3343,-0.6843244567681357,Fabricación de equipo de audio y de video,0.9478363435009872,1.3397592001028833,horas,sin pandemia,E1
3344,-0.6134559637799715,Fabricación de componentes electrónicos,0.4744887481943934,1.2853723494734206,horas,sin pandemia,E1
3345,-0.9586092320573759,"Fabricación de instrumentos de medición, control, navegación, y equipo médico electrónico",0.9203173609236356,1.1932491191243555,horas,sin pandemia,E1
3346,1.4173314897192602,Fabricación y reproducción de medios magnéticos y ópticos,0.6054992436078728,2.1308452705605845,horas,sin pandemia,E1
3351,-2.7976598298373663,Fabricación de accesorios de iluminación,0.831395116765869,1.2992728831730689,horas,sin pandemia,E1
3352,0.5933202757812813,Fabricación de aparatos eléctricos de uso doméstico,0.3900028883753999,1.648199704161903,horas,sin pandemia,E1
3353,-1.463337546140884,Fabricación de equipo de generación y distribución de energía eléctrica,0.8989208694711824,1.1379413852527198,horas,sin pandemia,E1
3359,0.0430800040428734,Fabricación de otros equipos y accesorios eléctricos,0.7464127593691879,1.2950455463785957,horas,sin pandemia,E1
3361,-1.1615498540334164,Fabricación de automóviles y camiones,0.6801529750236635,1.8146383531745793,horas,sin pandemia,E1
3362,-2.0077332694326646,Fabricación de carrocerías y remolques,0.4826387565231524,2.0336699780427536,horas,sin pandemia,E1
3363,-2.506124985114842,Fabricación de partes para vehículos automotores,0.5296068171162411,1.3094189077241885,horas,sin pandemia,E1
3364,-2.2388496150222217,Fabricación de equipo aeroespacial,0.9896704181454756,1.7528360406520815,horas,sin pandemia,E1
3365,-2.492505931040424,Fabricación de equipo ferroviario,0.8018618332294466,3.3857103366844727,horas,sin pandemia,E1
3366,2.6217531231249738,Fabricación de embarcaciones,0.5822911532336551,5.339437919976859,horas,sin pandemia,E1
3369,-0.7100839782925066,Fabricación de otro equipo de transporte,0.6740711386128929,1.7979655341640477,horas,sin pandemia,E1
3371,-0.008982450929808294,"Fabricación de muebles, excepto de oficina y estantería",0.3642278188643361,1.0906895972029464,horas,sin pandemia,E1
3372,-2.184746830086858,Fabricación de muebles de oficina y estantería,0.2214380514733216,1.3856060613421695,horas,sin pandemia,E1
3379,0.7778383074676125,"Fabricación de colchones, persianas y cortineros",0.3523025337449802,1.3732379666880543,horas,sin pandemia,E1
3391,-0.2527321314079966,"Fabricación de equipo no electrónico y material desechable de uso médico, dental y para laboratorio, y artículos oftálmicos",0.7835186733412709,0.7984278290804263,horas,sin pandemia,E1
3399,0.2122061547584782,Otras industrias manufactureras,0.618987370047973,1.111516333237573,horas,sin pandemia,E1
3111,-0.08651363428254098,Elaboración de alimentos para animales,0.02886946578166,0.6721525953127319,horas,completa,E1
3112,-0.15556725179320494,Molienda de granos y de semillas y obtención de aceites y grasas,0.0609807080676099,0.5114406232021768,horas,completa,E1
3113,-1.8247410863625997,"Elaboración de azúcares, chocolates, dulces y similares",0.2016423568218791,1.0136037473771315,horas,completa,E1
3114,-0.8447820517429752,"Conservación de frutas, verduras, guisos y otros alimentos preparados",0.3156513149608729,0.6136890794503713,horas,completa,E1
3115,-0.3691776782438671,Elaboración de productos lácteos,0.0498313429839448,0.546573889749469,horas,completa,E1
3116,-0.32214093026727353,"Matanza, empacado y procesamiento de carne de ganado, aves y otros animales comestibles",0.044361709007407,0.5228869902153895,horas,completa,E1
3117,0.5313113580692003,Preparación y envasado de pescados y mariscos,0.7478643561015712,1.3395444316794232,horas,completa,E1
3118,0.05950071665864819,Elaboración de productos de panadería y tortillas,0.043199849411286,0.45204920993686043,horas,completa,E1
3119,-1.5287317033888437,Otras industrias alimentarias,0.1089707298904361,0.5926671949510143,horas,completa,E1
3121,-0.3004756096617389,Industria de las bebidas,0.2419442465750293,0.5375899566935375,horas,completa,E1
3122,-1.3075558011259063,Industria del tabaco,0.1071479040489181,1.0205017432258994,horas,completa,E1
3131,-3.659849845932514,"Preparación e hilado de fibras textiles, y fabricación de hilos",0.2001267979454507,2.568285003292073,horas,completa,E1
3132,-3.096159597768843,Fabricación de telas,0.1336042055792961,1.7867641815342867,horas,completa,E1
3133,0.4002327257465026,Acabado de productos textiles y fabricación de telas recubiertas,0.3062290364360683,1.8928530562188408,horas,completa,E1
3141,-3.468399649633639,"Confección de alfombras, blancos y similares",0.5072465584471345,2.2958832272157945,horas,completa,E1
3149,-0.5448463076372558,"Fabricación de otros productos textiles, excepto prendas de vestir",0.3944218335152466,1.034172462024568,horas,completa,E1
3151,-2.421670930450401,Fabricación de prendas de vestir de tejido de punto,0.3365154443339868,1.5914676316014447,horas,completa,E1
3152,-2.0546922620800276,Confección de prendas de vestir,0.4259861529321015,0.9861567303678157,horas,completa,E1
3159,-2.8561443074278494,Confección de accesorios de vestir y otras prendas de vestir no clasificados en otra parte,0.6664841032423205,1.734541766327545,horas,completa,E1
3161,0.09225516932583033,Curtido y acabado de cuero y piel,0.262669438610518,1.5726347625659798,horas,completa,E1
3162,-3.4947805406569756,Fabricación de calzado,0.1604241815757467,1.6528449467616084,horas,completa,E1
3169,-1.068829683060346,"Fabricación de otros productos de cuero, piel y materiales sucedáneos",0.6136094363212712,1.103215374755493,horas,completa,E1
3211,-2.231901485612212,Aserrado y conservación de la madera,0.0034917286527276,1.4485315983661085,horas,completa,E1
3212,-2.100021688426342,Fabricación de laminados y aglutinados de madera,0.0775332943220637,0.9990163461993312,horas,completa,E1
3219,-1.3312045011181888,Fabricación de otros productos de madera,0.1827036170504173,0.9547106931996313,horas,completa,E1
3221,-0.3967040378917052,"Fabricación de pulpa, papel y cartón",0.0619018679380005,0.44650483293165977,horas,completa,E1
3222,-1.051711740610509,Fabricación de productos de cartón y papel,0.1574973850413846,0.671346607746653,horas,completa,E1
3231,-2.449271608104914,Impresión e industrias conexas,0.1024504665734745,1.0778664242402562,horas,completa,E1
3241,-0.05574652709570088,Fabricación de productos derivados del petróleo y del carbón,0.0588949583065286,0.5770273857224462,horas,completa,E1
3251,0.26384112746812555,Fabricación de productos químicos básicos,0.135778270214786,0.671809383661542,horas,completa,E1
3252,-0.4096104242228178,"Fabricación de resinas y hules sintéticos, y fibras químicas",0.3119319594154858,0.81081620270505,horas,completa,E1
3253,-1.1279057946843318,"Fabricación de fertilizantes, pesticidas y otros agroquímicos",0.1679807884786191,0.9274326294875141,horas,completa,E1
3254,-0.6792758047932019,Fabricación de productos farmacéuticos,0.1290966945098601,0.7374299466487412,horas,completa,E1
3255,-1.8566505842210133,"Fabricación de pinturas, recubrimientos y adhesivos",0.0704773870608603,0.8133082818756845,horas,completa,E1
3256,-0.4458310769287573,"Fabricación de jabones, limpiadores y preparaciones de tocador",0.2434658656862863,0.7357482483736922,horas,completa,E1
3259,-1.8554867513939324,Fabricación de otros productos químicos,0.3514735701280596,1.1583853791971055,horas,completa,E1
3261,-1.276481859756066,Fabricación de productos de plástico,0.2303591490643638,0.7381488208683804,horas,completa,E1
3262,-2.671023209940598,Fabricación de productos de hule,0.4171737487232005,1.1629568300901418,horas,completa,E1
3271,-0.4603805962671849,Fabricación de productos a base de arcillas y minerales refractarios,0.3488287256548686,0.8271633882687904,horas,completa,E1
3272,-0.5134769996445668,Fabricación de vidrio y productos de vidrio,0.272472982882299,0.508109691068025,horas,completa,E1
3273,-1.3316257086830487,Fabricación de cemento y productos de concreto,0.0343074151008847,0.9276902761271618,horas,completa,E1
3274,-0.45936838746469505,"Fabricación de cal, yeso y productos de yeso",0.1199075903205221,0.5822539942807485,horas,completa,E1
3279,-5.823252840313263,Fabricación de otros productos a base de minerales no metálicos,0.2243733059375072,2.013874731714801,horas,completa,E1
3311,0.6726690237667103,Industria básica del hierro y del acero,0.279574215702268,1.7891425318650547,horas,completa,E1
3312,-0.6754940074844489,Fabricación de productos de hierro y acero,0.0669975578374552,0.7510382087996935,horas,completa,E1
3313,-1.0740949057295412,Industria básica del aluminio,0.2650002880058719,1.1851631226752868,horas,completa,E1
3314,-0.5169979196470068,"Industrias de metales no ferrosos, excepto aluminio",0.4934732886739018,0.8670796813298217,horas,completa,E1
3315,-2.6891609760604207,Moldeo por fundición de piezas metálicas,0.0974402319506194,1.1707594893213928,horas,completa,E1
3321,-1.510681363894427,Fabricación de productos metálicos forjados y troquelados,0.4526204884780047,1.2654447287305586,horas,completa,E1
3322,-1.2483710060612232,Fabricación de herramientas de mano sin motor y utensilios de cocina metálicos,0.4783144421423179,1.070256104296244,horas,completa,E1
3323,-1.3763921101792957,Fabricación de estructuras metálicas y productos de herrería,0.2249299265714363,0.7264812449751401,horas,completa,E1
3324,-0.49818076261771554,"Fabricación de calderas, tanques y envases metálicos",0.2575554192946691,0.9968224959030427,horas,completa,E1
3325,-1.474421488320242,Fabricación de herrajes y cerraduras,0.8134327973740351,1.0893378203536899,horas,completa,E1
3326,-3.028658360356576,"Fabricación de alambre, productos de alambre y resortes",0.3138914060002775,1.175544234168152,horas,completa,E1
3327,-1.7684528458117732,Maquinado de piezas y fabricación de tornillos,0.1233232283296124,0.9396856726310431,horas,completa,E1
3328,-1.8751235730246139,Recubrimientos y terminados metálicos,0.1588822707072484,1.0786855851074972,horas,completa,E1
3329,-2.1809082055834086,Fabricación de otros productos metálicos,0.6293046757254936,0.9349096743119313,horas,completa,E1
3331,-4.273228437646343,"Fabricación de maquinaria y equipo agropecuario, para la construcción y para la industria extractiva",0.519899184727109,1.8237844363834634,horas,completa,E1
3332,-2.1291696513282754,"Fabricación de maquinaria y equipo para las industrias manufactureras, excepto la metalmecánica",0.6992566972513394,0.9433138889938504,horas,completa,E1
3333,-4.06162168887543,Fabricación de maquinaria y equipo para el comercio y los servicios,0.8664849575372038,1.8913759490429076,horas,completa,E1
3334,-2.256696172104825,"Fabricación de equipo de aire acondicionado, calefacción, y de refrigeración industrial y comercial",0.8482017522901368,1.3708885745561041,horas,completa,E1
3335,-2.1501952169355625,Fabricación de maquinaria y equipo para la industria metalmecánica,0.6052735791408839,1.9174359059422479,horas,completa,E1
3336,-4.156276433960665,"Fabricación de motores de combustión interna, turbinas y transmisiones",0.8385248456652771,2.045763141760598,horas,completa,E1
3339,-2.1768897317743656,Fabricación de otra maquinaria y equipo para la industria en general,0.6417221502759753,1.090757209287741,horas,completa,E1
3341,0.33771543460282777,Fabricación de computadoras y equipo periférico,0.7847307234340066,1.5642296763020993,horas,completa,E1
3342,0.7956394236063705,Fabricación de equipo de comunicación,0.895054776922478,2.166127076565536,horas,completa,E1
3343,-0.7633397554216401,Fabricación de equipo de audio y de video,0.9478363435009872,1.0919705970311846,horas,completa,E1
3344,-1.4000859909257437,Fabricación de componentes electrónicos,0.4744887481943934,1.0303404511969119,horas,completa,E1
3345,-1.65689334480069,"Fabricación de instrumentos de medición, control, navegación, y equipo médico electrónico",0.9203173609236356,1.0936641247809595,horas,completa,E1
3346,2.0229500449877182,Fabricación y reproducción de medios magnéticos y ópticos,0.6054992436078728,1.7181946418196006,horas,completa,E1
3351,-2.3033398778686043,Fabricación de accesorios de iluminación,0.831395116765869,1.4273122480401623,horas,completa,E1
3352,-1.670820261165498,Fabricación de aparatos eléctricos de uso doméstico,0.3900028883753999,1.5333248384214648,horas,completa,E1
3353,-2.3083250470351437,Fabricación de equipo de generación y distribución de energía eléctrica,0.8989208694711824,1.0005671540547858,horas,completa,E1
3359,-1.5614010909109275,Fabricación de otros equipos y accesorios eléctricos,0.7464127593691879,1.214948706881134,horas,completa,E1
3361,-1.4840774763607172,Fabricación de automóviles y camiones,0.6801529750236635,1.483238186315255,horas,completa,E1
3362,-4.260971522789633,Fabricación de carrocerías y remolques,0.4826387565231524,2.078073596903244,horas,completa,E1
3363,-2.544934704985414,Fabricación de partes para vehículos automotores,0.5296068171162411,1.0813204178386524,horas,completa,E1
3364,-1.3087329837693098,Fabricación de equipo aeroespacial,0.9896704181454756,1.6055111303873937,horas,completa,E1
3365,-2.2677023245267858,Fabricación de equipo ferroviario,0.8018618332294466,3.6609323400046083,horas,completa,E1
3366,2.22835855623993,Fabricación de embarcaciones,0.5822911532336551,4.828176773366887,horas,completa,E1
3369,-2.36860130273083,Fabricación de otro equipo de transporte,0.6740711386128929,2.105548083942085,horas,completa,E1
3371,-1.4794216543748406,"Fabricación de muebles, excepto de oficina y estantería",0.3642278188643361,1.2928509831608768,horas,completa,E1
3372,-4.05214761313707,Fabricación de muebles de oficina y estantería,0.2214380514733216,1.3258066918533167,horas,completa,E1
3379,-1.305098853609043,"Fabricación de colchones, persianas y cortineros",0.3523025337449802,1.3753843517594162,horas,completa,E1
3391,-0.7621870410448678,"Fabricación de equipo no electrónico y material desechable de uso médico, dental y para laboratorio, y artículos oftálmicos",0.7835186733412709,0.6048342402192949,horas,completa,E1
3399,-0.9771482695627127,Otras industrias manufactureras,0.618987370047973,1.022186929701311,horas,completa,E1
3111,-2.807267208259745,Elaboración de alimentos para animales,0.02886946578166,3.8184663354133757,exportaciones,sin pandemia,T0
3112,-1.9587888336477879,Molienda de granos y de semillas y obtención de aceites y grasas,0.0609807080676099,2.313932657616524,exportaciones,sin pandemia,T0
3113,4.521050650693201,"Elaboración de azúcares, chocolates, dulces y similares",0.2016423568218791,4.806520753686906,exportaciones,sin pandemia,T0
3114,-1.2380065156454092,"Conservación de frutas, verduras, guisos y otros alimentos preparados",0.3156513149608729,2.505005567950099,exportaciones,sin pandemia,T0
3115,-3.436673872276351,Elaboración de productos lácteos,0.0498313429839448,3.7626164786636185,exportaciones,sin pandemia,T0
3116,4.729801931093703,"Matanza, empacado y procesamiento de carne de ganado, aves y otros animales comestibles",0.044361709007407,2.8590258702047575,exportaciones,sin pandemia,T0
3117,-2.5377404712469978,Preparación y envasado de pescados y mariscos,0.7478643561015712,5.8627459925076035,exportaciones,sin pandemia,T0
3118,-0.28873358432129537,Elaboración de productos de panadería y tortillas,0.043199849411286,2.810204484829086,exportaciones,sin pandemia,T0
3119,-3.7062601686773644,Otras industrias alimentarias,0.1089707298904361,2.2222786608763556,exportaciones,sin pandemia,T0
3121,-0.5728562303343485,Industria de las bebidas,0.2419442465750293,2.8999377912844984,exportaciones,sin pandemia,T0
3122,3.492735868501355,Industria del tabaco,0.1071479040489181,5.484174115687202,exportaciones,sin pandemia,T0
3131,0.8856329683280993,"Preparación e hilado de fibras textiles, y fabricación de hilos",0.2001267979454507,3.3754223158369854,exportaciones,sin pandemia,T0
3132,-7.233042866746422,Fabricación de telas,0.1336042055792961,3.3066043474411617,exportaciones,sin pandemia,T0
3133,-2.157488451946234,Acabado de productos textiles y fabricación de telas recubiertas,0.3062290364360683,2.8744189371306343,exportaciones,sin pandemia,T0
3141,0.20014842357531681,"Confección de alfombras, blancos y similares",0.5072465584471345,2.980111378985518,exportaciones,sin pandemia,T0
3149,0.9756615303070492,"Fabricación de otros productos textiles, excepto prendas de vestir",0.3944218335152466,2.9576146148191294,exportaciones,sin pandemia,T0
3151,-1.7596734382028745,Fabricación de prendas de vestir de tejido de punto,0.3365154443339868,4.396071192462847,exportaciones,sin pandemia,T0
3152,-1.1915686458212578,Confección de prendas de vestir,0.4259861529321015,3.2364528127392846,exportaciones,sin pandemia,T0
3159,2.416507890642742,Confección de accesorios de vestir y otras prendas de vestir no clasificados en otra parte,0.6664841032423205,3.0833308293180406,exportaciones,sin pandemia,T0
3161,-0.79994763738879,Curtido y acabado de cuero y piel,0.262669438610518,3.8437694227513086,exportaciones,sin pandemia,T0
3162,-2.631929379502766,Fabricación de calzado,0.1604241815757467,3.923432460159912,exportaciones,sin pandemia,T0
3169,1.698040218874017,"Fabricación de otros productos de cuero, piel y materiales sucedáneos",0.6136094363212712,4.417650531848424,exportaciones,sin pandemia,T0
3211,-1.1120179587439925,Aserrado y conservación de la madera,0.0034917286527276,6.645809792309905,exportaciones,sin pandemia,T0
3212,0.42574781005003115,Fabricación de laminados y aglutinados de madera,0.0775332943220637,5.684581775402237,exportaciones,sin pandemia,T0
3219,-0.0029642648683183854,Fabricación de otros productos de madera,0.1827036170504173,2.8311560178435777,exportaciones,sin pandemia,T0
3221,-3.186503408264093,"Fabricación de pulpa, papel y cartón",0.0619018679380005,4.7090179035294755,exportaciones,sin pandemia,T0
3222,-1.6236272443647215,Fabricación de productos de cartón y papel,0.1574973850413846,2.4224199530198347,exportaciones,sin pandemia,T0
3231,-2.2771186381869373,Impresión e industrias conexas,0.1024504665734745,2.6239782524882576,exportaciones,sin pandemia,T0
3241,-1.8762931962812508,Fabricación de productos derivados del petróleo y del carbón,0.0588949583065286,6.424599183251239,exportaciones,sin pandemia,T0
3251,-0.9337835058273215,Fabricación de productos químicos básicos,0.135778270214786,3.077714321429575,exportaciones,sin pandemia,T0
3252,-4.5822486128553175,"Fabricación de resinas y hules sintéticos, y fibras químicas",0.3119319594154858,3.9260051304082126,exportaciones,sin pandemia,T0
3253,-3.139460119471015,"Fabricación de fertilizantes, pesticidas y otros agroquímicos",0.1679807884786191,6.878127442632307,exportaciones,sin pandemia,T0
3254,-3.209413471258591,Fabricación de productos farmacéuticos,0.1290966945098601,3.5683740452151618,exportaciones,sin pandemia,T0
3255,-0.5528359239879784,"Fabricación de pinturas, recubrimientos y adhesivos",0.0704773870608603,2.415291120642604,exportaciones,sin pandemia,T0
3256,-0.8036440627192696,"Fabricación de jabones, limpiadores y preparaciones de tocador",0.2434658656862863,2.067510138185827,exportaciones,sin pandemia,T0
3259,-3.5271906564616455,Fabricación de otros productos químicos,0.3514735701280596,2.2707918923965105,exportaciones,sin pandemia,T0
3261,0.012667541828352644,Fabricación de productos de plástico,0.2303591490643638,2.1855981727640574,exportaciones,sin pandemia,T0
3262,-0.9304138501267959,Fabricación de productos de hule,0.4171737487232005,2.0418498865506116,exportaciones,sin pandemia,T0
3271,-5.348902958816061,Fabricación de productos a base de arcillas y minerales refractarios,0.3488287256548686,3.1183590278885056,exportaciones,sin pandemia,T0
3272,-3.2027029137100946,Fabricación de vidrio y productos de vidrio,0.272472982882299,2.112438050917802,exportaciones,sin pandemia,T0
3273,-1.1819963191269802,Fabricación de cemento y productos de concreto,0.0343074151008847,2.470219376027207,exportaciones,sin pandemia,T0
3274,-3.4884742122691144,"Fabricación de cal, yeso y productos de yeso",0.1199075903205221,2.4438510776260345,exportaciones,sin pandemia,T0
3279,-1.6275151879690803,Fabricación de otros productos a base de minerales no metálicos,0.2243733059375072,3.096483352631321,exportaciones,sin pandemia,T0
3311,-3.898050012619224,Industria básica del hierro y del acero,0.279574215702268,3.9072391813918856,exportaciones,sin pandemia,T0
3312,-6.9313563182682145,Fabricación de productos de hierro y acero,0.0669975578374552,5.994581301903038,exportaciones,sin pandemia,T0
3313,-5.859801573843043,Industria básica del aluminio,0.2650002880058719,3.698222919335511,exportaciones,sin pandemia,T0
3314,5.333131907755814,"Industrias de metales no ferrosos, excepto aluminio",0.4934732886739018,3.9067601212959135,exportaciones,sin pandemia,T0
3315,-8.283249195850614,Moldeo por fundición de piezas metálicas,0.0974402319506194,3.83585766126508,exportaciones,sin pandemia,T0
3321,-4.559720959028868,Fabricación de productos metálicos forjados y troquelados,0.4526204884780047,2.6487798925290367,exportaciones,sin pandemia,T0
3322,2.347149439641076,Fabricación de herramientas de mano sin motor y utensilios de cocina metálicos,0.4783144421423179,2.6932695051312803,exportaciones,sin pandemia,T0
3323,-0.5300647164398282,Fabricación de estructuras metálicas y productos de herrería,0.2249299265714363,4.131634528932251,exportaciones,sin pandemia,T0
3324,-2.309940777566562,"Fabricación de calderas, tanques y envases metálicos",0.2575554192946691,3.921327262058834,exportaciones,sin pandemia,T0
3325,-0.42934922515850277,Fabricación de herrajes y cerraduras,0.8134327973740351,2.28360966210425,exportaciones,sin pandemia,T0
3326,0.42406290336939895,"Fabricación de alambre, productos de alambre y resortes",0.3138914060002775,3.239876399245944,exportaciones,sin pandemia,T0
3327,0.4928530257019642,Maquinado de piezas y fabricación de tornillos,0.1233232283296124,3.0764196522302694,exportaciones,sin pandemia,T0
3328,-9.839473212451864,Recubrimientos y terminados metálicos,0.1588822707072484,7.463039846213379,exportaciones,sin pandemia,T0
3329,-0.4307997828340984,Fabricación de otros productos metálicos,0.6293046757254936,2.4353782206502523,exportaciones,sin pandemia,T0
3331,0.735895531181975,"Fabricación de maquinaria y equipo agropecuario, para la construcción y para la industria extractiva",0.519899184727109,3.6627084703410913,exportaciones,sin pandemia,T0
3332,2.0563260655163553,"Fabricación de maquinaria y equipo para las industrias manufactureras, excepto la metalmecánica",0.6992566972513394,3.365797559302774,exportaciones,sin pandemia,T0
3333,2.9931031963391863,Fabricación de maquinaria y equipo para el comercio y los servicios,0.8664849575372038,5.4286280512984995,exportaciones,sin pandemia,T0
3334,-0.15649014272154127,"Fabricación de equipo de aire acondicionado, calefacción, y de refrigeración industrial y comercial",0.8482017522901368,4.302573092150972,exportaciones,sin pandemia,T0
3335,-2.3360585498973334,Fabricación de maquinaria y equipo para la industria metalmecánica,0.6052735791408839,3.752587305237465,exportaciones,sin pandemia,T0
3336,-1.0933370378163545,"Fabricación de motores de combustión interna, turbinas y transmisiones",0.8385248456652771,1.995161887747396,exportaciones,sin pandemia,T0
3339,-2.787644375304499,Fabricación de otra maquinaria y equipo para la industria en general,0.6417221502759753,2.8359041141131347,exportaciones,sin pandemia,T0
3341,5.978923252366748,Fabricación de computadoras y equipo periférico,0.7847307234340066,8.646563714615105,exportaciones,sin pandemia,T0
3342,2.343415897959087,Fabricación de equipo de comunicación,0.895054776922478,2.539464229605397,exportaciones,sin pandemia,T0
3343,-2.432109861715712,Fabricación de equipo de audio y de video,0.9478363435009872,4.183814262201508,exportaciones,sin pandemia,T0
3344,4.346679168603754,Fabricación de componentes electrónicos,0.4744887481943934,4.418433754661979,exportaciones,sin pandemia,T0
3345,-1.7931640673033145,"Fabricación de instrumentos de medición, control, navegación, y equipo médico electrónico",0.9203173609236356,2.2489646953111544,exportaciones,sin pandemia,T0
3346,1.69338773488165,Fabricación y reproducción de medios magnéticos y ópticos,0.6054992436078728,7.186494282683528,exportaciones,sin pandemia,T0
3351,3.1887361314792604,Fabricación de accesorios de iluminación,0.831395116765869,3.7967519715463314,exportaciones,sin pandemia,T0
3352,-2.2078415071636863,Fabricación de aparatos eléctricos de uso doméstico,0.3900028883753999,3.6925400092600613,exportaciones,sin pandemia,T0
3353,-1.241846004831942,Fabricación de equipo de generación y distribución de energía eléctrica,0.8989208694711824,2.5332031813653795,exportaciones,sin pandemia,T0
3359,-0.14572383704409586,Fabricación de otros equipos y accesorios eléctricos,0.7464127593691879,2.4785444794076446,exportaciones,sin pandemia,T0
3361,0.1888686805889741,Fabricación de automóviles y camiones,0.6801529750236635,3.3980921943133873,exportaciones,sin pandemia,T0
3362,-2.8126211121043263,Fabricación de carrocerías y remolques,0.4826387565231524,5.3269892357043345,exportaciones,sin pandemia,T0
3363,-2.512520311147892,Fabricación de partes para vehículos automotores,0.5296068171162411,2.1262667946957667,exportaciones,sin pandemia,T0
3364,2.5379680735968178,Fabricación de equipo aeroespacial,0.9896704181454756,4.217897746608344,exportaciones,sin pandemia,T0
3365,-12.935716676374653,Fabricación de equipo ferroviario,0.8018618332294466,5.888001813117811,exportaciones,sin pandemia,T0
3366,13.362689129571681,Fabricación de embarcaciones,0.5822911532336551,9.839495024266567,exportaciones,sin pandemia,T0
3369,-2.3813842702148755,Fabricación de otro equipo de transporte,0.6740711386128929,4.650148551180982,exportaciones,sin pandemia,T0
3371,-3.966344622163747,"Fabricación de muebles, excepto de oficina y estantería",0.3642278188643361,2.777015014709808,exportaciones,sin pandemia,T0
3372,-4.236908469390971,Fabricación de muebles de oficina y estantería,0.2214380514733216,3.6198951275146682,exportaciones,sin pandemia,T0
3379,-0.14534253708336758,"Fabricación de colchones, persianas y cortineros",0.3523025337449802,4.402464738200889,exportaciones,sin pandemia,T0
3391,-0.45314003101292455,"Fabricación de equipo no electrónico y material desechable de uso médico, dental y para laboratorio, y artículos oftálmicos",0.7835186733412709,2.897802882872343,exportaciones,sin pandemia,T0
3399,-0.02915120473053843,Otras industrias manufactureras,0.618987370047973,2.8774262349611535,exportaciones,sin pandemia,T0
3111,-4.5729472534690405,Elaboración de alimentos para animales,0.02886946578166,3.1376259659513557,exportaciones,completa,T1
3112,-3.105084403273096,Molienda de granos y de semillas y obtención de aceites y grasas,0.0609807080676099,1.9269001335061964,exportaciones,completa,T1
3113,-1.1830417719221042,"Elaboración de azúcares, chocolates, dulces y similares",0.2016423568218791,3.2928933094877917,exportaciones,completa,T1
3114,-4.527716252957941,"Conservación de frutas, verduras, guisos y otros alimentos preparados",0.3156513149608729,2.284180557176865,exportaciones,completa,T1
3115,-3.504617468486377,Elaboración de productos lácteos,0.0498313429839448,4.265857117673804,exportaciones,completa,T1
3116,3.1272970297609337,"Matanza, empacado y procesamiento de carne de ganado, aves y otros animales comestibles",0.044361709007407,3.0411492802993823,exportaciones,completa,T1
3117,-1.0736694673074019,Preparación y envasado de pescados y mariscos,0.7478643561015712,4.88657306968028,exportaciones,completa,T1
3118,-2.847891319201402,Elaboración de productos de panadería y tortillas,0.043199849411286,1.9852431934028796,exportaciones,completa,T1
3119,-3.781912946581224,Otras industrias alimentarias,0.1089707298904361,1.8723329767790318,exportaciones,completa,T1
3121,-4.607927810613677,Industria de las bebidas,0.2419442465750293,2.365739419173094,exportaciones,completa,T1
3122,1.3820756805016063,Industria del tabaco,0.1071479040489181,4.0193559881216245,exportaciones,completa,T1
3131,-8.744996987291707,"Preparación e hilado de fibras textiles, y fabricación de hilos",0.2001267979454507,4.390939616888585,exportaciones,completa,T1
3132,-11.15918482497226,Fabricación de telas,0.1336042055792961,3.279843666242258,exportaciones,completa,T1
3133,-5.298671765264499,Acabado de productos textiles y fabricación de telas recubiertas,0.3062290364360683,2.49922762283157,exportaciones,completa,T1
3141,-3.409851876283708,"Confección de alfombras, blancos y similares",0.5072465584471345,2.5862752429207947,exportaciones,completa,T1
3149,0.5260446338975939,"Fabricación de otros productos textiles, excepto prendas de vestir",0.3944218335152466,2.7232913947438573,exportaciones,completa,T1
3151,-7.211175501188211,Fabricación de prendas de vestir de tejido de punto,0.3365154443339868,5.069542806537789,exportaciones,completa,T1
3152,-4.499484343101667,Confección de prendas de vestir,0.4259861529321015,2.7043157948836516,exportaciones,completa,T1
3159,-0.9001351065430028,Confección de accesorios de vestir y otras prendas de vestir no clasificados en otra parte,0.6664841032423205,2.4464803008032248,exportaciones,completa,T1
3161,-7.943634256333251,Curtido y acabado de cuero y piel,0.262669438610518,3.7234688780948506,exportaciones,completa,T1
3162,-8.028880028697014,Fabricación de calzado,0.1604241815757467,3.4034397115409893,exportaciones,completa,T1
3169,-2.7010260033698765,"Fabricación de otros productos de cuero, piel y materiales sucedáneos",0.6136094363212712,3.5827943455390034,exportaciones,completa,T1
3211,-6.215442655416392,Aserrado y conservación de la madera,0.0034917286527276,5.108984989337295,exportaciones,completa,T1
3212,-6.486719348265536,Fabricación de laminados y aglutinados de madera,0.0775332943220637,5.356203939890712,exportaciones,completa,T1
3219,-3.1942951535925412,Fabricación de otros productos de madera,0.1827036170504173,2.7279275479245464,exportaciones,completa,T1
3221,-0.6353825979374981,"Fabricación de pulpa, papel y cartón",0.0619018679380005,5.060307586160296,exportaciones,completa,T1
3222,-3.416257634620297,Fabricación de productos de cartón y papel,0.1574973850413846,1.9984664126032357,exportaciones,completa,T1
3231,-3.468857197681806,Impresión e industrias conexas,0.1024504665734745,2.272122975213813,exportaciones,completa,T1
3241,-8.06142297482718,Fabricación de productos derivados del petróleo y del carbón,0.0588949583065286,5.1239960550583294,exportaciones,completa,T1
3251,-4.959783859710527,Fabricación de productos químicos básicos,0.135778270214786,2.9352602091074167,exportaciones,completa,T1
3252,-6.847793515136648,"Fabricación de resinas y hules sintéticos, y fibras químicas",0.3119319594154858,4.027406308040936,exportaciones,completa,T1
3253,-14.087388658544892,"Fabricación de fertilizantes, pesticidas y otros agroquímicos",0.1679807884786191,6.56380165272985,exportaciones,completa,T1
3254,-4.207876298910566,Fabricación de productos farmacéuticos,0.1290966945098601,3.6706485280930212,exportaciones,completa,T1
3255,-5.27138957009662,"Fabricación de pinturas, recubrimientos y adhesivos",0.0704773870608603,2.562261405956235,exportaciones,completa,T1
3256,-2.436786606955728,"Fabricación de jabones, limpiadores y preparaciones de tocador",0.2434658656862863,1.7526053152442564,exportaciones,completa,T1
3259,-5.258874925737998,Fabricación de otros productos químicos,0.3514735701280596,1.946040255308942,exportaciones,completa,T1
3261,-2.4358056442008382,Fabricación de productos de plástico,0.2303591490643638,1.9041523459456504,exportaciones,completa,T1
3262,-4.970470162262096,Fabricación de productos de hule,0.4171737487232005,2.211173966091154,exportaciones,completa,T1
3271,-7.629299780570367,Fabricación de productos a base de arcillas y minerales refractarios,0.3488287256548686,2.8185009363128204,exportaciones,completa,T1
3272,-5.434338329524077,Fabricación de vidrio y productos de vidrio,0.272472982882299,1.9508290895062184,exportaciones,completa,T1
3273,-2.700132456774622,Fabricación de cemento y productos de concreto,0.0343074151008847,2.088234384121244,exportaciones,completa,T1
3274,-6.134118082075714,"Fabricación de cal, yeso y productos de yeso",0.1199075903205221,2.8490966196338285,exportaciones,completa,T1
3279,-5.20543276173283,Fabricación de otros productos a base de minerales no metálicos,0.2243733059375072,2.4349927373718914,exportaciones,completa,T1
3311,-8.137897047455574,Industria básica del hierro y del acero,0.279574215702268,5.403601455539302,exportaciones,completa,T1
3312,-9.02950415245091,Fabricación de productos de hierro y acero,0.0669975578374552,6.50397875675551,exportaciones,completa,T1
3313,-10.364433466551997,Industria básica del aluminio,0.2650002880058719,4.847646768929069,exportaciones,completa,T1
3314,0.2266776451912072,"Industrias de metales no ferrosos, excepto aluminio",0.4934732886739018,3.3644245708994016,exportaciones,completa,T1
3315,-7.733079474058195,Moldeo por fundición de piezas metálicas,0.0974402319506194,3.3234098317168006,exportaciones,completa,T1
3321,-4.598752024486118,Fabricación de productos metálicos forjados y troquelados,0.4526204884780047,2.7528294447962733,exportaciones,completa,T1
3322,-1.0392777805891353,Fabricación de herramientas de mano sin motor y utensilios de cocina metálicos,0.4783144421423179,2.1960917996400338,exportaciones,completa,T1
3323,-2.7194014305277947,Fabricación de estructuras metálicas y productos de herrería,0.2249299265714363,2.979196228509363,exportaciones,completa,T1
3324,-1.1615628468580608,"Fabricación de calderas, tanques y envases metálicos",0.2575554192946691,2.8541198908357783,exportaciones,completa,T1
3325,-1.8943243933296974,Fabricación de herrajes y cerraduras,0.8134327973740351,2.1561171262407073,exportaciones,completa,T1
3326,-2.6931039611705665,"Fabricación de alambre, productos de alambre y resortes",0.3138914060002775,2.628507053366288,exportaciones,completa,T1
3327,-2.7166091268229264,Maquinado de piezas y fabricación de tornillos,0.1233232283296124,2.434031378054939,exportaciones,completa,T1
3328,-18.93714849386973,Recubrimientos y terminados metálicos,0.1588822707072484,9.30743229937808,exportaciones,completa,T1
3329,-2.172643295793398,Fabricación de otros productos metálicos,0.6293046757254936,1.8756881512947696,exportaciones,completa,T1
3331,-7.471392173525867,"Fabricación de maquinaria y equipo agropecuario, para la construcción y para la industria extractiva",0.519899184727109,3.199760570975461,exportaciones,completa,T1
3332,-0.7376229764710968,"Fabricación de maquinaria y equipo para las industrias manufactureras, excepto la metalmecánica",0.6992566972513394,2.842344865850915,exportaciones,completa,T1
3333,1.760562448634622,Fabricación de maquinaria y equipo para el comercio y los servicios,0.8664849575372038,4.735901224059423,exportaciones,completa,T1
3334,-2.6704360088470582,"Fabricación de equipo de aire acondicionado, calefacción, y de refrigeración industrial y comercial",0.8482017522901368,3.32906640665809,exportaciones,completa,T1
3335,-1.9983133576289558,Fabricación de maquinaria y equipo para la industria metalmecánica,0.6052735791408839,2.955571332626824,exportaciones,completa,T1
3336,-4.136331470508188,"Fabricación de motores de combustión interna, turbinas y transmisiones",0.8385248456652771,2.2244249261567215,exportaciones,completa,T1
3339,-5.476007762726634,Fabricación de otra maquinaria y equipo para la industria en general,0.6417221502759753,2.524352941353205,exportaciones,completa,T1
3341,11.053244057103385,Fabricación de computadoras y equipo periférico,0.7847307234340066,7.650056455553723,exportaciones,completa,T1
3342,1.8285056024755073,Fabricación de equipo de comunicación,0.895054776922478,1.995678697661967,exportaciones,completa,T1
3343,-0.39920579420152713,Fabricación de equipo de audio y de video,0.9478363435009872,3.5071502427832066,exportaciones,completa,T1
3344,2.5192920507365226,Fabricación de componentes electrónicos,0.4744887481943934,3.305694398626699,exportaciones,completa,T1
3345,-2.0296741865216257,"Fabricación de instrumentos de medición, control, navegación, y equipo médico electrónico",0.9203173609236356,1.7656185277339174,exportaciones,completa,T1
3346,1.4552318820987202,Fabricación y reproducción de medios magnéticos y ópticos,0.6054992436078728,5.144274858090243,exportaciones,completa,T1
3351,-1.2549246132148302,Fabricación de accesorios de iluminación,0.831395116765869,3.076947183695886,exportaciones,completa,T1
3352,-5.500803932674258,Fabricación de aparatos eléctricos de uso doméstico,0.3900028883753999,2.842963017823801,exportaciones,completa,T1
3353,-3.2048181731528054,Fabricación de equipo de generación y distribución de energía eléctrica,0.8989208694711824,2.005912356391533,exportaciones,completa,T1
3359,-2.8604734292608014,Fabricación de otros equipos y accesorios eléctricos,0.7464127593691879,2.039102087908029,exportaciones,completa,T1
3361,-3.2056078510321178,Fabricación de automóviles y camiones,0.6801529750236635,2.6566926382471734,exportaciones,completa,T1
3362,-9.734070141577513,Fabricación de carrocerías y remolques,0.4826387565231524,4.672248650922104,exportaciones,completa,T1
3363,-5.4165385440923135,Fabricación de partes para vehículos automotores,0.5296068171162411,2.282763729715411,exportaciones,completa,T1
3364,4.567070299804169,Fabricación de equipo aeroespacial,0.9896704181454756,4.600494290454041,exportaciones,completa,T1
3365,-15.154201226891933,Fabricación de equipo ferroviario,0.8018618332294466,6.417473490210104,exportaciones,completa,T1
3366,0.9297113332919521,Fabricación de embarcaciones,0.5822911532336551,8.752532238397109,exportaciones,completa,T1
3369,-5.2739324365705205,Fabricación de otro equipo de transporte,0.6740711386128929,4.579817075105003,exportaciones,completa,T1
3371,-7.744166383564366,"Fabricación de muebles, excepto de oficina y estantería",0.3642278188643361,3.2754077176803795,exportaciones,completa,T1
3372,-1.6739689169353194,Fabricación de muebles de oficina y estantería,0.2214380514733216,3.2517589982771686,exportaciones,completa,T1
3379,-4.8015877526757,"Fabricación de colchones, persianas y cortineros",0.3523025337449802,4.749742367520911,exportaciones,completa,T1
3391,-1.799525676224532,"Fabricación de equipo no electrónico y material desechable de uso médico, dental y para laboratorio, y artículos oftálmicos",0.7835186733412709,2.2069629549002214,exportaciones,completa,T1
3399,-4.098323669774741,Otras industrias manufactureras,0.618987370047973,2.573180317844649,exportaciones,completa,T1
3111,2.2272696046337477,Elaboración de alimentos para animales,0.02886946578166,4.561009234779495,importaciones_eeuu,sin pandemia,T1
3112,-0.7830127710655275,Molienda de granos y de semillas y obtención de aceites y grasas,0.0609807080676099,1.2938516612623916,importaciones_eeuu,sin pandemia,T1
3113,0.7479872874022363,"Elaboración de azúcares, chocolates, dulces y similares",0.2016423568218791,2.7272427502127488,importaciones_eeuu,sin pandemia,T1
3114,-0.5664637939275563,"Conservación de frutas, verduras, guisos y otros alimentos preparados",0.3156513149608729,1.4198439440412476,importaciones_eeuu,sin pandemia,T1
3115,-5.505665741529667,Elaboración de productos lácteos,0.0498313429839448,2.9704189628746223,importaciones_eeuu,sin pandemia,T1
3116,1.8388010435057869,"Matanza, empacado y procesamiento de carne de ganado, aves y otros animales comestibles",0.044361709007407,1.6328647111730707,importaciones_eeuu,sin pandemia,T1
3117,-3.3616972357894688,Preparación y envasado de pescados y mariscos,0.7478643561015712,3.657523267954999,importaciones_eeuu,sin pandemia,T1
3118,-1.1682372275319235,Elaboración de productos de panadería y tortillas,0.043199849411286,1.3935940166487122,importaciones_eeuu,sin pandemia,T1
3119,-2.2399498465792083,Otras industrias alimentarias,0.1089707298904361,1.1915836627715548,importaciones_eeuu,sin pandemia,T1
3121,-2.7021659284527564,Industria de las bebidas,0.2419442465750293,1.655044946552608,importaciones_eeuu,sin pandemia,T1
3122,1.882371928596995,Industria del tabaco,0.1071479040489181,7.010564795897183,importaciones_eeuu,sin pandemia,T1
3131,-1.5724501665462625,"Preparación e hilado de fibras textiles, y fabricación de hilos",0.2001267979454507,2.3792891371747364,importaciones_eeuu,sin pandemia,T1
3132,0.06242606261883509,Fabricación de telas,0.1336042055792961,0.9986288959839476,importaciones_eeuu,sin pandemia,T1
3133,0.6233514987374363,Acabado de productos textiles y fabricación de telas recubiertas,0.3062290364360683,1.9396779770645887,importaciones_eeuu,sin pandemia,T1
3141,1.2894703851876976,"Confección de alfombras, blancos y similares",0.5072465584471345,1.4495675946291213,importaciones_eeuu,sin pandemia,T1
3149,-0.15571615942585573,"Fabricación de otros productos textiles, excepto prendas de vestir",0.3944218335152466,0.9771157168749834,importaciones_eeuu,sin pandemia,T1
3151,2.119981869461531,Fabricación de prendas de vestir de tejido de punto,0.3365154443339868,3.5866465606676043,importaciones_eeuu,sin pandemia,T1
3152,0.26208701673948265,Confección de prendas de vestir,0.4259861529321015,1.1136363510499336,importaciones_eeuu,sin pandemia,T1
3159,-1.6303180189585333,Confección de accesorios de vestir y otras prendas de vestir no clasificados en otra parte,0.6664841032423205,2.055745141857306,importaciones_eeuu,sin pandemia,T1
3161,-0.9388407803188774,Curtido y acabado de cuero y piel,0.262669438610518,2.2791621822307744,importaciones_eeuu,sin pandemia,T1
3162,-0.20137523304662655,Fabricación de calzado,0.1604241815757467,2.0665739848692035,importaciones_eeuu,sin pandemia,T1
3169,1.0246173209026415,"Fabricación de otros productos de cuero, piel y materiales sucedáneos",0.6136094363212712,1.5486200631736469,importaciones_eeuu,sin pandemia,T1
3211,1.4909934793112785,Aserrado y conservación de la madera,0.0034917286527276,5.22317636164886,importaciones_eeuu,sin pandemia,T1
3212,-0.7356258172836361,Fabricación de laminados y aglutinados de madera,0.0775332943220637,3.55646485875077,importaciones_eeuu,sin pandemia,T1
3219,0.48312586194595947,Fabricación de otros productos de madera,0.1827036170504173,1.4606741057449,importaciones_eeuu,sin pandemia,T1
3221,-1.2077168689325724,"Fabricación de pulpa, papel y cartón",0.0619018679380005,2.3053871730392204,importaciones_eeuu,sin pandemia,T1
3222,-2.312743819219969,Fabricación de productos de cartón y papel,0.1574973850413846,1.1340828843256132,importaciones_eeuu,sin pandemia,T1
3231,-1.517306722130287,Impresión e industrias conexas,0.1024504665734745,2.02370565286955,importaciones_eeuu,sin pandemia,T1
3241,4.226003342363251,Fabricación de productos derivados del petróleo y del carbón,0.0588949583065286,4.4169169231235434,importaciones_eeuu,sin pandemia,T1
3251,-0.24602308260301997,Fabricación de productos químicos básicos,0.135778270214786,2.139712676820003,importaciones_eeuu,sin pandemia,T1
3252,-3.364750523528875,"Fabricación de resinas y hules sintéticos, y fibras químicas",0.3119319594154858,2.0702136119082564,importaciones_eeuu,sin pandemia,T1
3253,2.9135486041190655,"Fabricación de fertilizantes, pesticidas y otros agroquímicos",0.1679807884786191,4.380752909333313,importaciones_eeuu,sin pandemia,T1
3254,-2.1673992455634594,Fabricación de productos farmacéuticos,0.1290966945098601,2.214288782758228,importaciones_eeuu,sin pandemia,T1
3255,-2.066251627608081,"Fabricación de pinturas, recubrimientos y adhesivos",0.0704773870608603,1.8182114969798464,importaciones_eeuu,sin pandemia,T1
3256,-0.21360188546773548,"Fabricación de jabones, limpiadores y preparaciones de tocador",0.2434658656862863,0.9041648564121708,importaciones_eeuu,sin pandemia,T1
3259,-1.0038747983888225,Fabricación de otros productos químicos,0.3514735701280596,1.4138069560075435,importaciones_eeuu,sin pandemia,T1
3261,-0.01702545494003619,Fabricación de productos de plástico,0.2303591490643638,0.9020915253255821,importaciones_eeuu,sin pandemia,T1
3262,0.27281326891483976,Fabricación de productos de hule,0.4171737487232005,0.9822593911053232,importaciones_eeuu,sin pandemia,T1
3271,-2.132179298171266,Fabricación de productos a base de arcillas y minerales refractarios,0.3488287256548686,1.1727463235090616,importaciones_eeuu,sin pandemia,T1
3272,-1.6519818018913235,Fabricación de vidrio y productos de vidrio,0.272472982882299,1.2351821787897694,importaciones_eeuu,sin pandemia,T1
3273,-0.4199994177580559,Fabricación de cemento y productos de concreto,0.0343074151008847,2.3851119687998654,importaciones_eeuu,sin pandemia,T1
3274,-2.5393612565254777,"Fabricación de cal, yeso y productos de yeso",0.1199075903205221,1.9921727870589152,importaciones_eeuu,sin pandemia,T1
3279,-2.7018446668917813,Fabricación de otros productos a base de minerales no metálicos,0.2243733059375072,1.6037692399988555,importaciones_eeuu,sin pandemia,T1
3311,0.031131613347448912,Industria básica del hierro y del acero,0.279574215702268,3.457446025925954,importaciones_eeuu,sin pandemia,T1
3312,-0.32014891715368315,Fabricación de productos de hierro y acero,0.0669975578374552,2.4940841968983123,importaciones_eeuu,sin pandemia,T1
3313,-4.112190608627044,Industria básica del aluminio,0.2650002880058719,3.4015317310230526,importaciones_eeuu,sin pandemia,T1
3314,5.034133309369834,"Industrias de metales no ferrosos, excepto aluminio",0.4934732886739018,2.9581315101423824,importaciones_eeuu,sin pandemia,T1
3315,1.9880704095526769,Moldeo por fundición de piezas metálicas,0.0974402319506194,2.0354427800752157,importaciones_eeuu,sin pandemia,T1
3321,-1.1147363351926205,Fabricación de productos metálicos forjados y troquelados,0.4526204884780047,2.7358071128241614,importaciones_eeuu,sin pandemia,T1
3322,0.6635566026353887,Fabricación de herramientas de mano sin motor y utensilios de cocina metálicos,0.4783144421423179,1.8159546253174843,importaciones_eeuu,sin pandemia,T1
3323,0.9586512183203685,Fabricación de estructuras metálicas y productos de herrería,0.2249299265714363,1.7976195045583463,importaciones_eeuu,sin pandemia,T1
3324,-0.06974533471937003,"Fabricación de calderas, tanques y envases metálicos",0.2575554192946691,1.8810306794267315,importaciones_eeuu,sin pandemia,T1
3325,-0.37123734061562574,Fabricación de herrajes y cerraduras,0.8134327973740351,0.9374296934413631,importaciones_eeuu,sin pandemia,T1
3326,-1.8135541960473616,"Fabricación de alambre, productos de alambre y resortes",0.3138914060002775,1.4406548118248477,importaciones_eeuu,sin pandemia,T1
3327,-1.9708810146694704,Maquinado de piezas y fabricación de tornillos,0.1233232283296124,1.9874149391839433,importaciones_eeuu,sin pandemia,T1
3329,-0.9922964423589972,Fabricación de otros productos metálicos,0.6293046757254936,0.9630019573882473,importaciones_eeuu,sin pandemia,T1
3331,0.7649182357365155,"Fabricación de maquinaria y equipo agropecuario, para la construcción y para la industria extractiva",0.519899184727109,1.2221040263432021,importaciones_eeuu,sin pandemia,T1
3332,8.586990095772336,"Fabricación de maquinaria y equipo para las industrias manufactureras, excepto la metalmecánica",0.6992566972513394,4.36821767463327,importaciones_eeuu,sin pandemia,T1
3333,-0.4814398214273117,Fabricación de maquinaria y equipo para el comercio y los servicios,0.8664849575372038,2.0831854962844063,importaciones_eeuu,sin pandemia,T1
3334,0.17804786886056018,"Fabricación de equipo de aire acondicionado, calefacción, y de refrigeración industrial y comercial",0.8482017522901368,1.739815674978822,importaciones_eeuu,sin pandemia,T1
3335,2.1345592969608873,Fabricación de maquinaria y equipo para la industria metalmecánica,0.6052735791408839,2.5306068342887396,importaciones_eeuu,sin pandemia,T1
3336,1.5368699056602917,"Fabricación de motores de combustión interna, turbinas y transmisiones",0.8385248456652771,1.533442786821132,importaciones_eeuu,sin pandemia,T1
3339,-1.2805721600571462,Fabricación de otra maquinaria y equipo para la industria en general,0.6417221502759753,1.0489136881604944,importaciones_eeuu,sin pandemia,T1
3341,1.2977319372836704,Fabricación de computadoras y equipo periférico,0.7847307234340066,3.484705496230083,importaciones_eeuu,sin pandemia,T1
3342,-0.09980399738663323,Fabricación de equipo de comunicación,0.895054776922478,2.2135197193371825,importaciones_eeuu,sin pandemia,T1
3343,1.363108436537903,Fabricación de equipo de audio y de video,0.9478363435009872,2.275568504805841,importaciones_eeuu,sin pandemia,T1
3344,-2.7698144864402026,Fabricación de componentes electrónicos,0.4744887481943934,2.231579884070504,importaciones_eeuu,sin pandemia,T1
3345,-0.3843276672124264,"Fabricación de instrumentos de medición, control, navegación, y equipo médico electrónico",0.9203173609236356,0.9851942803901951,importaciones_eeuu,sin pandemia,T1
3346,2.76070226737725,Fabricación y reproducción de medios magnéticos y ópticos,0.6054992436078728,5.932141247407935,importaciones_eeuu,sin pandemia,T1
3351,-1.1756939569415772,Fabricación de accesorios de iluminación,0.831395116765869,1.3816103678408145,importaciones_eeuu,sin pandemia,T1
3352,-0.45984000985073326,Fabricación de aparatos eléctricos de uso doméstico,0.3900028883753999,1.1683555407755015,importaciones_eeuu,sin pandemia,T1
3353,-0.08680518575260067,Fabricación de equipo de generación y distribución de energía eléctrica,0.8989208694711824,0.8931533035041396,importaciones_eeuu,sin pandemia,T1
3359,-0.2782697632231522,Fabricación de otros equipos y accesorios eléctricos,0.7464127593691879,1.0977776197913756,importaciones_eeuu,sin pandemia,T1
3361,0.04419832188604965,Fabricación de automóviles y camiones,0.6801529750236635,1.3982043451040818,importaciones_eeuu,sin pandemia,T1
3362,-2.002563838560625,Fabricación de carrocerías y remolques,0.4826387565231524,3.403524793729375,importaciones_eeuu,sin pandemia,T1
3363,-1.4131774356220694,Fabricación de partes para vehículos automotores,0.5296068171162411,1.1260456522828066,importaciones_eeuu,sin pandemia,T1
3364,-0.397807805312004,Fabricación de equipo aeroespacial,0.9896704181454756,1.1387852767672122,importaciones_eeuu,sin pandemia,T1
3365,0.7374466640426083,Fabricación de equipo ferroviario,0.8018618332294466,3.997467890071951,importaciones_eeuu,sin pandemia,T1
3366,1.3533923794731673,Fabricación de embarcaciones,0.5822911532336551,6.053575999163432,importaciones_eeuu,sin pandemia,T1
3369,-9.091422348935154,Fabricación de otro equipo de transporte,0.6740711386128929,4.671534264725258,importaciones_eeuu,sin pandemia,T1
3371,-2.0515030918566373,"Fabricación de muebles, excepto de oficina y estantería",0.3642278188643361,1.5269459632914864,importaciones_eeuu,sin pandemia,T1
3372,-2.314054231218114,Fabricación de muebles de oficina y estantería,0.2214380514733216,1.829297999284153,importaciones_eeuu,sin pandemia,T1
3379,-0.3078168758986869,"Fabricación de colchones, persianas y cortineros",0.3523025337449802,1.4836303552046448,importaciones_eeuu,sin pandemia,T1
3391,-0.6559080057951449,"Fabricación de equipo no electrónico y material desechable de uso médico, dental y para laboratorio, y artículos oftálmicos",0.7835186733412709,1.0952510918670522,importaciones_eeuu,sin pandemia,T1
3399,0.6123272614517657,Otras industrias manufactureras,0.618987370047973,1.2371114882171814,importaciones_eeuu,sin pandemia,T1
3111,-0.3953111018347247,Elaboración de alimentos para animales,0.02886946578166,4.17587811686013,importaciones_eeuu,completa,T1
3112,-1.1277158200972732,Molienda de granos y de semillas y obtención de aceites y grasas,0.0609807080676099,1.1832262589432812,importaciones_eeuu,completa,T1
3113,-0.1834373014645929,"Elaboración de azúcares, chocolates, dulces y similares",0.2016423568218791,2.4089406655784136,importaciones_eeuu,completa,T1
3114,-1.647767900012391,"Conservación de frutas, verduras, guisos y otros alimentos preparados",0.3156513149608729,1.3654538904927946,importaciones_eeuu,completa,T1
3115,-3.7759822228052866,Elaboración de productos lácteos,0.0498313429839448,2.926969867978753,importaciones_eeuu,completa,T1
3116,0.820907914895118,"Matanza, empacado y procesamiento de carne de ganado, aves y otros animales comestibles",0.044361709007407,1.8168233301640795,importaciones_eeuu,completa,T1
3117,-2.2862958429958566,Preparación y envasado de pescados y mariscos,0.7478643561015712,3.413738059155474,importaciones_eeuu,completa,T1
3118,-1.7783228121862633,Elaboración de productos de panadería y tortillas,0.043199849411286,1.375545743156978,importaciones_eeuu,completa,T1
3119,-2.6680043735113785,Otras industrias alimentarias,0.1089707298904361,1.1619054690266886,importaciones_eeuu,completa,T1
3121,-3.5497667493313303,Industria de las bebidas,0.2419442465750293,1.5026917793916168,importaciones_eeuu,completa,T1
3122,4.218431533065655,Industria del tabaco,0.1071479040489181,6.183829203126694,importaciones_eeuu,completa,T1
3131,-2.991768053766723,"Preparación e hilado de fibras textiles, y fabricación de hilos",0.2001267979454507,2.5423428109001405,importaciones_eeuu,completa,T1
3132,-1.6206400872439666,Fabricación de telas,0.1336042055792961,1.1656385578065025,importaciones_eeuu,completa,T1
3133,1.6745620535505028,Acabado de productos textiles y fabricación de telas recubiertas,0.3062290364360683,1.8416568420648065,importaciones_eeuu,completa,T1
3141,0.03287150995291083,"Confección de alfombras, blancos y similares",0.5072465584471345,1.4358950217567035,importaciones_eeuu,completa,T1
3149,0.5267606273565512,"Fabricación de otros productos textiles, excepto prendas de vestir",0.3944218335152466,1.107299843392401,importaciones_eeuu,completa,T1
3151,0.06140736365972954,Fabricación de prendas de vestir de tejido de punto,0.3365154443339868,3.390810468989327,importaciones_eeuu,completa,T1
3152,-1.5379854895280411,Confección de prendas de vestir,0.4259861529321015,1.3240126701418131,importaciones_eeuu,completa,T1
3159,0.12129544000671127,Confección de accesorios de vestir y otras prendas de vestir no clasificados en otra parte,0.6664841032423205,2.633917038366143,importaciones_eeuu,completa,T1
3161,-4.012991091326466,Curtido y acabado de cuero y piel,0.262669438610518,2.5236971457074304,importaciones_eeuu,completa,T1
3162,-4.1776637991701975,Fabricación de calzado,0.1604241815757467,2.579206084944874,importaciones_eeuu,completa,T1
3169,-0.18953566071084826,"Fabricación de otros productos de cuero, piel y materiales sucedáneos",0.6136094363212712,1.5285896214046302,importaciones_eeuu,completa,T1
3211,-4.428336852887639,Aserrado y conservación de la madera,0.0034917286527276,4.942909286710444,importaciones_eeuu,completa,T1
3212,-4.471240238944486,Fabricación de laminados y aglutinados de madera,0.0775332943220637,3.654619654677293,importaciones_eeuu,completa,T1
3219,-1.7209338184229404,Fabricación de otros productos de madera,0.1827036170504173,1.8343448145829215,importaciones_eeuu,completa,T1
3221,-0.5638707726565251,"Fabricación de pulpa, papel y cartón",0.0619018679380005,2.5060220857413906,importaciones_eeuu,completa,T1
3222,-2.4835861640201613,Fabricación de productos de cartón y papel,0.1574973850413846,0.9616922973062579,importaciones_eeuu,completa,T1
3231,-2.1767062519871114,Impresión e industrias conexas,0.1024504665734745,1.876561060537565,importaciones_eeuu,completa,T1
3241,-0.9280883755775944,Fabricación de productos derivados del petróleo y del carbón,0.0588949583065286,4.809440600384483,importaciones_eeuu,completa,T1
3251,-1.4098309121097556,Fabricación de productos químicos básicos,0.135778270214786,2.1130228318645874,importaciones_eeuu,completa,T1
3252,-4.789306101099995,"Fabricación de resinas y hules sintéticos, y fibras químicas",0.3119319594154858,2.406766116403673,importaciones_eeuu,completa,T1
3253,0.38662231767330535,"Fabricación de fertilizantes, pesticidas y otros agroquímicos",0.1679807884786191,4.137776844588586,importaciones_eeuu,completa,T1
3254,-3.95615329286158,Fabricación de productos farmacéuticos,0.1290966945098601,2.1218416109017277,importaciones_eeuu,completa,T1
3255,-4.147508094277015,"Fabricación de pinturas, recubrimientos y adhesivos",0.0704773870608603,2.035027784570208,importaciones_eeuu,completa,T1
3256,-0.09335616771292887,"Fabricación de jabones, limpiadores y preparaciones de tocador",0.2434658656862863,0.9558958879674914,importaciones_eeuu,completa,T1
3259,-2.6507891402354486,Fabricación de otros productos químicos,0.3514735701280596,1.4277057520335303,importaciones_eeuu,completa,T1
3261,-1.3944203542904507,Fabricación de productos de plástico,0.2303591490643638,1.0153708898890965,importaciones_eeuu,completa,T1
3262,-1.6765827243421079,Fabricación de productos de hule,0.4171737487232005,1.2975131469220733,importaciones_eeuu,completa,T1
3271,-3.476411423357227,Fabricación de productos a base de arcillas y minerales refractarios,0.3488287256548686,1.2447975091575276,importaciones_eeuu,completa,T1
3272,-2.914617365884896,Fabricación de vidrio y productos de vidrio,0.272472982882299,1.2534176549839937,importaciones_eeuu,completa,T1
3273,0.4862550987271773,Fabricación de cemento y productos de concreto,0.0343074151008847,2.248615184412585,importaciones_eeuu,completa,T1
3274,-4.190928196617972,"Fabricación de cal, yeso y productos de yeso",0.1199075903205221,2.1169317446683076,importaciones_eeuu,completa,T1
3279,-4.812509310289125,Fabricación de otros productos a base de minerales no metálicos,0.2243733059375072,1.6961310763432038,importaciones_eeuu,completa,T1
3311,-1.9964458994919443,Industria básica del hierro y del acero,0.279574215702268,4.214955536824448,importaciones_eeuu,completa,T1
3312,-2.593843666601164,Fabricación de productos de hierro y acero,0.0669975578374552,2.7928046814013734,importaciones_eeuu,completa,T1
3313,-7.770607862793809,Industria básica del aluminio,0.2650002880058719,3.739400447963468,importaciones_eeuu,completa,T1
3314,4.039983359686866,"Industrias de metales no ferrosos, excepto aluminio",0.4934732886739018,2.6483545208226213,importaciones_eeuu,completa,T1
3315,0.058149559073928866,Moldeo por fundición de piezas metálicas,0.0974402319506194,1.967496773295242,importaciones_eeuu,completa,T1
3321,-3.105885633189102,Fabricación de productos metálicos forjados y troquelados,0.4526204884780047,2.752514596388892,importaciones_eeuu,completa,T1
3322,-0.7654775101342515,Fabricación de herramientas de mano sin motor y utensilios de cocina metálicos,0.4783144421423179,1.8737232049228336,importaciones_eeuu,completa,T1
3323,-0.41681371160575087,Fabricación de estructuras metálicas y productos de herrería,0.2249299265714363,1.823772017446303,importaciones_eeuu,completa,T1
3324,0.6109812977979053,"Fabricación de calderas, tanques y envases metálicos",0.2575554192946691,1.8185918342839862,importaciones_eeuu,completa,T1
3325,-1.0710880947909458,Fabricación de herrajes y cerraduras,0.8134327973740351,0.9441093913046862,importaciones_eeuu,completa,T1
3326,-2.9644353366294847,"Fabricación de alambre, productos de alambre y resortes",0.3138914060002775,1.4220802591433046,importaciones_eeuu,completa,T1
3327,-4.430834546325791,Maquinado de piezas y fabricación de tornillos,0.1233232283296124,2.108841883313214,importaciones_eeuu,completa,T1
3329,-2.034209654431589,Fabricación de otros productos metálicos,0.6293046757254936,0.9770825457679492,importaciones_eeuu,completa,T1
3331,-0.7748018921457143,"Fabricación de maquinaria y equipo agropecuario, para la construcción y para la industria extractiva",0.519899184727109,1.255318837155189,importaciones_eeuu,completa,T1
3332,6.177833562722935,"Fabricación de maquinaria y equipo para las industrias manufactureras, excepto la metalmecánica",0.6992566972513394,4.324041595665097,importaciones_eeuu,completa,T1
3333,-1.0777467190470025,Fabricación de maquinaria y equipo para el comercio y los servicios,0.8664849575372038,1.897245464473842,importaciones_eeuu,completa,T1
3334,-1.261669087981406,"Fabricación de equipo de aire acondicionado, calefacción, y de refrigeración industrial y comercial",0.8482017522901368,1.5891850528575069,importaciones_eeuu,completa,T1
3335,-0.25207849399637683,Fabricación de maquinaria y equipo para la industria metalmecánica,0.6052735791408839,2.502221236933357,importaciones_eeuu,completa,T1
3336,0.09506771054248013,"Fabricación de motores de combustión interna, turbinas y transmisiones",0.8385248456652771,1.4541873161414562,importaciones_eeuu,completa,T1
3339,-2.3036889223211574,Fabricación de otra maquinaria y equipo para la industria en general,0.6417221502759753,1.0294118063165487,importaciones_eeuu,completa,T1
3341,1.860237305961343,Fabricación de computadoras y equipo periférico,0.7847307234340066,3.159525027277953,importaciones_eeuu,completa,T1
3342,-0.18560607010549451,Fabricación de equipo de comunicación,0.895054776922478,1.9441958487293445,importaciones_eeuu,completa,T1
3343,0.6741217512028725,Fabricación de equipo de audio y de video,0.9478363435009872,2.0828392004360543,importaciones_eeuu,completa,T1
3344,-3.393752413815266,Fabricación de componentes electrónicos,0.4744887481943934,1.9141394776611929,importaciones_eeuu,completa,T1
3345,-1.290947367813693,"Fabricación de instrumentos de medición, control, navegación, y equipo médico electrónico",0.9203173609236356,0.8898127355945114,importaciones_eeuu,completa,T1
3346,1.2253755283883054,Fabricación y reproducción de medios magnéticos y ópticos,0.6054992436078728,5.293205542708359,importaciones_eeuu,completa,T1
3351,-1.5406433769842032,Fabricación de accesorios de iluminación,0.831395116765869,1.2700782505890262,importaciones_eeuu,completa,T1
3352,-1.3954604487441864,Fabricación de aparatos eléctricos de uso doméstico,0.3900028883753999,1.0289954853602068,importaciones_eeuu,completa,T1
3353,-0.9585474686497838,Fabricación de equipo de generación y distribución de energía eléctrica,0.8989208694711824,0.8568112138573069,importaciones_eeuu,completa,T1
3359,-1.389543393059362,Fabricación de otros equipos y accesorios eléctricos,0.7464127593691879,1.088307732466159,importaciones_eeuu,completa,T1
3361,-0.3390056413899318,Fabricación de automóviles y camiones,0.6801529750236635,1.298598231058383,importaciones_eeuu,completa,T1
3362,-4.779464292237376,Fabricación de carrocerías y remolques,0.4826387565231524,3.2049639602676616,importaciones_eeuu,completa,T1
3363,-2.1381587333463883,Fabricación de partes para vehículos automotores,0.5296068171162411,1.1114139468148805,importaciones_eeuu,completa,T1
3364,-0.685629959483392,Fabricación de equipo aeroespacial,0.9896704181454756,1.1756765600526708,importaciones_eeuu,completa,T1
3365,-0.21270943509701395,Fabricación de equipo ferroviario,0.8018618332294466,3.8257816088853485,importaciones_eeuu,completa,T1
3366,3.070172736149541,Fabricación de embarcaciones,0.5822911532336551,5.523205046227639,importaciones_eeuu,completa,T1
3369,-8.883588277303831,Fabricación de otro equipo de transporte,0.6740711386128929,4.129653540401967,importaciones_eeuu,completa,T1
3371,-3.652025041747231,"Fabricación de muebles, excepto de oficina y estantería",0.3642278188643361,1.7442870624873958,importaciones_eeuu,completa,T1
3372,-2.560820650588338,Fabricación de muebles de oficina y estantería,0.2214380514733216,1.6567591650967664,importaciones_eeuu,completa,T1
3379,-2.1994794871336,"Fabricación de colchones, persianas y cortineros",0.3523025337449802,1.7386400806782074,importaciones_eeuu,completa,T1
3391,-1.9030848611429327,"Fabricación de equipo no electrónico y material desechable de uso médico, dental y para laboratorio, y artículos oftálmicos",0.7835186733412709,1.0336322838318677,importaciones_eeuu,completa,T1
3399,-1.3646363978265286,Otras industrias manufactureras,0.618987370047973,1.3535680678754631,importaciones_eeuu,completa,T1
