variable,muestra,especificacion,rama,rama_nombre,coef_exportacion,efecto_12m,ee,p,q_bh
produccion,sin pandemia,E1,3111,Elaboración de alimentos para animales,0.02886946578166,0.27688977920478214,0.7438726283203269,0.713,0.9454938271604939
produccion,sin pandemia,E1,3112,Molienda de granos y de semillas y obtención de aceites y grasas,0.0609807080676099,-0.17445902302696387,1.028797733365896,0.861,0.9454938271604939
produccion,sin pandemia,E1,3113,"Elaboración de azúcares, chocolates, dulces y similares",0.2016423568218791,4.374121058583761,4.691208001781938,0.335,0.8746052631578948
produccion,sin pandemia,E1,3114,"Conservación de frutas, verduras, guisos y otros alimentos preparados",0.3156513149608729,0.7163971198350579,1.194046714495809,0.531,0.9454938271604939
produccion,sin pandemia,E1,3115,Elaboración de productos lácteos,0.0498313429839448,-0.22127181229992646,0.7824614537997998,0.768,0.9454938271604939
produccion,sin pandemia,E1,3116,"Matanza, empacado y procesamiento de carne de ganado, aves y otros animales comestibles",0.044361709007407,0.9908395063688693,0.7192294391822879,0.181,0.85
produccion,sin pandemia,E1,3117,Preparación y envasado de pescados y mariscos,0.7478643561015712,0.11367678926996445,2.0401515619370882,0.951,0.9764880952380951
produccion,sin pandemia,E1,3118,Elaboración de productos de panadería y tortillas,0.043199849411286,-0.014823449578598444,0.5703066577675339,0.984,0.984
produccion,sin pandemia,E1,3119,Otras industrias alimentarias,0.1089707298904361,-0.20925231883267922,0.6104710600257386,0.755,0.9454938271604939
produccion,sin pandemia,E1,3121,Industria de las bebidas,0.2419442465750293,0.4497355919667144,1.3406483455758251,0.74,0.9454938271604939
produccion,sin pandemia,E1,3122,Industria del tabaco,0.1071479040489181,-2.5485403403005824,3.7945781123620272,0.503,0.9454938271604939
produccion,sin pandemia,E1,3131,"Preparación e hilado de fibras textiles, y fabricación de hilos",0.2001267979454507,0.8779432864238018,1.328811032511694,0.47,0.9454938271604939
produccion,sin pandemia,E1,3132,Fabricación de telas,0.1336042055792961,0.8937766225291339,1.6980301510613447,0.581,0.9454938271604939
produccion,sin pandemia,E1,3133,Acabado de productos textiles y fabricación de telas recubiertas,0.3062290364360683,-3.4837206070492206,1.6629082405042692,0.041,0.7055
produccion,sin pandemia,E1,3141,"Confección de alfombras, blancos y similares",0.5072465584471345,-0.08414731409084018,1.4980919605160703,0.957,0.9764880952380951
produccion,sin pandemia,E1,3149,"Fabricación de otros productos textiles, excepto prendas de vestir",0.3944218335152466,-0.8961938442014303,0.7363628784463768,0.22,0.85
produccion,sin pandemia,E1,3151,Fabricación de prendas de vestir de tejido de punto,0.3365154443339868,-0.6726044012169714,2.0435301042163987,0.762,0.9454938271604939
produccion,sin pandemia,E1,3152,Confección de prendas de vestir,0.4259861529321015,-0.2792460856391005,1.3348491736360586,0.836,0.9454938271604939
produccion,sin pandemia,E1,3159,Confección de accesorios de vestir y otras prendas de vestir no clasificados en otra parte,0.6664841032423205,2.540581782057438,1.8672960205557128,0.169,0.85
produccion,sin pandemia,E1,3161,Curtido y acabado de cuero y piel,0.262669438610518,-1.959116926952904,1.8145036056899868,0.276,0.8746052631578948
produccion,sin pandemia,E1,3162,Fabricación de calzado,0.1604241815757467,-0.3961980994111698,1.9555453221840542,0.838,0.9454938271604939
produccion,sin pandemia,E1,3169,"Fabricación de otros productos de cuero, piel y materiales sucedáneos",0.6136094363212712,0.844021037174883,1.0301617973633628,0.391,0.8746052631578948
produccion,sin pandemia,E1,3211,Aserrado y conservación de la madera,0.0034917286527276,0.5396137912925688,1.4087633401105595,0.69,0.9454938271604939
produccion,sin pandemia,E1,3212,Fabricación de laminados y aglutinados de madera,0.0775332943220637,-1.3372310755546533,1.4239069961967117,0.342,0.8746052631578948
produccion,sin pandemia,E1,3219,Fabricación de otros productos de madera,0.1827036170504173,-0.5324739427709819,1.2098340196178716,0.678,0.9454938271604939
produccion,sin pandemia,E1,3221,"Fabricación de pulpa, papel y cartón",0.0619018679380005,1.6088394425175316,0.8964266000229733,0.076,0.7055
produccion,sin pandemia,E1,3222,Fabricación de productos de cartón y papel,0.1574973850413846,-0.22869826949635988,0.9901517917782785,0.815,0.9454938271604939
produccion,sin pandemia,E1,3231,Impresión e industrias conexas,0.1024504665734745,-0.13749997162349792,0.9917393892882128,0.885,0.9454938271604939
produccion,sin pandemia,E1,3241,Fabricación de productos derivados del petróleo y del carbón,0.0588949583065286,1.9940081922083284,2.2827884172026462,0.374,0.8746052631578948
produccion,sin pandemia,E1,3251,Fabricación de productos químicos básicos,0.135778270214786,0.42805120707874483,2.1173255509088755,0.858,0.9454938271604939
produccion,sin pandemia,E1,3252,"Fabricación de resinas y hules sintéticos, y fibras químicas",0.3119319594154858,-2.763499077667785,1.4231979903070042,0.048,0.7055
produccion,sin pandemia,E1,3253,"Fabricación de fertilizantes, pesticidas y otros agroquímicos",0.1679807884786191,2.5250538563293623,2.854239514144688,0.391,0.8746052631578948
produccion,sin pandemia,E1,3254,Fabricación de productos farmacéuticos,0.1290966945098601,1.1751018809306801,1.7720326312179975,0.499,0.9454938271604939
produccion,sin pandemia,E1,3255,"Fabricación de pinturas, recubrimientos y adhesivos",0.0704773870608603,-3.2369355138299616,1.29501923254265,0.018,0.7055
produccion,sin pandemia,E1,3256,"Fabricación de jabones, limpiadores y preparaciones de tocador",0.2434658656862863,-0.44340509348091445,0.984582161779724,0.657,0.9454938271604939
produccion,sin pandemia,E1,3259,Fabricación de otros productos químicos,0.3514735701280596,-4.132192820928293,3.3086457674144487,0.216,0.85
produccion,sin pandemia,E1,3261,Fabricación de productos de plástico,0.2303591490643638,-0.9229311438788677,0.9859751240068787,0.333,0.8746052631578948
produccion,sin pandemia,E1,3262,Fabricación de productos de hule,0.4171737487232005,0.21080514335558073,1.6262923917365602,0.891,0.9454938271604939
produccion,sin pandemia,E1,3271,Fabricación de productos a base de arcillas y minerales refractarios,0.3488287256548686,2.6167721726621016,1.189971607796746,0.027,0.7055
produccion,sin pandemia,E1,3272,Fabricación de vidrio y productos de vidrio,0.272472982882299,-0.8844591187082782,1.0288307701205612,0.378,0.8746052631578948
produccion,sin pandemia,E1,3273,Fabricación de cemento y productos de concreto,0.0343074151008847,-0.23770683667403147,1.0992593132667068,0.828,0.9454938271604939
produccion,sin pandemia,E1,3274,"Fabricación de cal, yeso y productos de yeso",0.1199075903205221,0.3697869882153367,0.7973533186040128,0.652,0.9454938271604939
produccion,sin pandemia,E1,3279,Fabricación de otros productos a base de minerales no metálicos,0.2243733059375072,1.496927389703323,1.0132927464908486,0.134,0.85
produccion,sin pandemia,E1,3311,Industria básica del hierro y del acero,0.279574215702268,-1.3853710680118707,3.5510482722238055,0.697,0.9454938271604939
produccion,sin pandemia,E1,3312,Fabricación de productos de hierro y acero,0.0669975578374552,-3.424704662797129,2.2583888501664657,0.113,0.85
produccion,sin pandemia,E1,3313,Industria básica del aluminio,0.2650002880058719,-4.410818179482354,2.2812186586032936,0.053,0.7055
produccion,sin pandemia,E1,3314,"Industrias de metales no ferrosos, excepto aluminio",0.4934732886739018,0.39224758152138384,1.2932123470119672,0.748,0.9454938271604939
produccion,sin pandemia,E1,3315,Moldeo por fundición de piezas metálicas,0.0974402319506194,-4.879365662806184,2.786651548573775,0.083,0.7055
produccion,sin pandemia,E1,3321,Fabricación de productos metálicos forjados y troquelados,0.4526204884780047,0.5905674153606995,1.5896647027015975,0.701,0.9454938271604939
produccion,sin pandemia,E1,3322,Fabricación de herramientas de mano sin motor y utensilios de cocina metálicos,0.4783144421423179,1.367567706088961,1.425306076465451,0.321,0.8746052631578948
produccion,sin pandemia,E1,3323,Fabricación de estructuras metálicas y productos de herrería,0.2249299265714363,0.39781104311927207,1.1764782500046906,0.727,0.9454938271604939
produccion,sin pandemia,E1,3324,"Fabricación de calderas, tanques y envases metálicos",0.2575554192946691,1.0155946290056346,1.5619329825405575,0.505,0.9454938271604939
produccion,sin pandemia,E1,3325,Fabricación de herrajes y cerraduras,0.8134327973740351,-2.530643322358195,2.314521222226646,0.261,0.8746052631578948
produccion,sin pandemia,E1,3326,"Fabricación de alambre, productos de alambre y resortes",0.3138914060002775,1.3171283575277244,1.344195053633133,0.311,0.8746052631578948
produccion,sin pandemia,E1,3327,Maquinado de piezas y fabricación de tornillos,0.1233232283296124,1.564346757998231,1.108699476233532,0.156,0.85
produccion,sin pandemia,E1,3328,Recubrimientos y terminados metálicos,0.1588822707072484,-3.114424875822688,2.270646562435523,0.173,0.85
produccion,sin pandemia,E1,3329,Fabricación de otros productos metálicos,0.6293046757254936,-1.6018556269070179,1.643994645938433,0.333,0.8746052631578948
produccion,sin pandemia,E1,3331,"Fabricación de maquinaria y equipo agropecuario, para la construcción y para la industria extractiva",0.519899184727109,-1.7280927707570048,2.3785073360693123,0.459,0.9454938271604939
produccion,sin pandemia,E1,3332,"Fabricación de maquinaria y equipo para las industrias manufactureras, excepto la metalmecánica",0.6992566972513394,4.9803552693314455,2.6595398544288407,0.058,0.7055
produccion,sin pandemia,E1,3333,Fabricación de maquinaria y equipo para el comercio y los servicios,0.8664849575372038,-0.42185042491405705,3.2705695123139558,0.901,0.9454938271604939
produccion,sin pandemia,E1,3334,"Fabricación de equipo de aire acondicionado, calefacción, y de refrigeración industrial y comercial",0.8482017522901368,-0.3250441669793204,2.258000222339797,0.887,0.9454938271604939
produccion,sin pandemia,E1,3335,Fabricación de maquinaria y equipo para la industria metalmecánica,0.6052735791408839,1.9623332165816763,3.095341191126903,0.509,0.9454938271604939
produccion,sin pandemia,E1,3336,"Fabricación de motores de combustión interna, turbinas y transmisiones",0.8385248456652771,-0.9159876574124864,3.862140229554785,0.807,0.9454938271604939
produccion,sin pandemia,E1,3339,Fabricación de otra maquinaria y equipo para la industria en general,0.6417221502759753,-1.330954687300197,1.2401396029270966,0.284,0.8746052631578948
produccion,sin pandemia,E1,3341,Fabricación de computadoras y equipo periférico,0.7847307234340066,-2.56198762574428,2.249725718921683,0.263,0.8746052631578948
produccion,sin pandemia,E1,3342,Fabricación de equipo de comunicación,0.895054776922478,5.138764812213363,4.258444340376247,0.216,0.85
produccion,sin pandemia,E1,3344,Fabricación de componentes electrónicos,0.4744887481943934,0.4260501986891397,2.1596788302852774,0.862,0.9454938271604939
produccion,sin pandemia,E1,3345,"Fabricación de instrumentos de medición, control, navegación, y equipo médico electrónico",0.9203173609236356,-0.6628380796547352,2.6428488905958156,0.808,0.9454938271604939
produccion,sin pandemia,E1,3346,Fabricación y reproducción de medios magnéticos y ópticos,0.6054992436078728,-0.8712291460076426,3.480135931585563,0.823,0.9454938271604939
produccion,sin pandemia,E1,3351,Fabricación de accesorios de iluminación,0.831395116765869,-0.8702603740665341,3.6580339213737996,0.816,0.9454938271604939
produccion,sin pandemia,E1,3352,Fabricación de aparatos eléctricos de uso doméstico,0.3900028883753999,0.30771867752343873,2.5602527537940496,0.881,0.9454938271604939
produccion,sin pandemia,E1,3353,Fabricación de equipo de generación y distribución de energía eléctrica,0.8989208694711824,-2.1186000596562877,1.6841406700905803,0.217,0.85
produccion,sin pandemia,E1,3359,Fabricación de otros equipos y accesorios eléctricos,0.7464127593691879,0.33072105478225233,1.7666771973622906,0.844,0.9454938271604939
produccion,sin pandemia,E1,3361,Fabricación de automóviles y camiones,0.6801529750236635,-1.6158393245291165,2.2906979978090996,0.48,0.9454938271604939
produccion,sin pandemia,E1,3362,Fabricación de carrocerías y remolques,0.4826387565231524,-4.257539508365199,2.4761949490571076,0.082,0.7055
produccion,sin pandemia,E1,3363,Fabricación de partes para vehículos automotores,0.5296068171162411,-2.700136179430226,1.5068867438155462,0.075,0.7055
produccion,sin pandemia,E1,3364,Fabricación de equipo aeroespacial,0.9896704181454756,2.8455387569491197,5.131964033042458,0.569,0.9454938271604939
produccion,sin pandemia,E1,3365,Fabricación de equipo ferroviario,0.8018618332294466,-8.059040745277622,5.381065999494132,0.129,0.85
produccion,sin pandemia,E1,3366,Fabricación de embarcaciones,0.5822911532336551,-0.49060505046668,10.015156146660996,0.965,0.9764880952380951
produccion,sin pandemia,E1,3369,Fabricación de otro equipo de transporte,0.6740711386128929,-1.2758036721263255,4.076751087856199,0.769,0.9454938271604939
produccion,sin pandemia,E1,3371,"Fabricación de muebles, excepto de oficina y estantería",0.3642278188643361,-0.5057745457719632,1.0082890644508038,0.627,0.9454938271604939
produccion,sin pandemia,E1,3372,Fabricación de muebles de oficina y estantería,0.2214380514733216,-1.4357516377032444,1.4363134453224924,0.318,0.8746052631578948
produccion,sin pandemia,E1,3379,"Fabricación de colchones, persianas y cortineros",0.3523025337449802,0.28892443895467135,2.0690103421286916,0.897,0.9454938271604939
produccion,sin pandemia,E1,3391,"Fabricación de equipo no electrónico y material desechable de uso médico, dental y para laboratorio, y artículos oftálmicos",0.7835186733412709,3.427732238421153,3.9342412362781123,0.374,0.8746052631578948
produccion,sin pandemia,E1,3399,Otras industrias manufactureras,0.618987370047973,-1.7386863546664495,1.250126536350572,0.152,0.85
produccion,completa,E1,3111,Elaboración de alimentos para animales,0.02886946578166,-0.39756806870522804,0.8018027606180574,0.612,0.7987575757575757
produccion,completa,E1,3112,Molienda de granos y de semillas y obtención de aceites y grasas,0.0609807080676099,-1.1830104182879653,1.0163729028021182,0.246,0.4808181818181818
produccion,completa,E1,3113,"Elaboración de azúcares, chocolates, dulces y similares",0.2016423568218791,-2.4533229699693013,4.568723853406628,0.564,0.7794603174603174
produccion,completa,E1,3114,"Conservación de frutas, verduras, guisos y otros alimentos preparados",0.3156513149608729,-0.5238739266744455,1.0234259433093646,0.597,0.7987575757575757
produccion,completa,E1,3115,Elaboración de productos lácteos,0.0498313429839448,0.032823297559684494,0.6332710988576581,0.954,0.969270588235294
produccion,completa,E1,3116,"Matanza, empacado y procesamiento de carne de ganado, aves y otros animales comestibles",0.044361709007407,0.8680682794197625,0.600546361251654,0.154,0.3895294117647059
produccion,completa,E1,3117,Preparación y envasado de pescados y mariscos,0.7478643561015712,0.09025627125152681,1.6174602954862163,0.957,0.969270588235294
produccion,completa,E1,3118,Elaboración de productos de panadería y tortillas,0.043199849411286,0.12989724749305057,0.4462954027415672,0.785,0.9247945205479453
produccion,completa,E1,3119,Otras industrias alimentarias,0.1089707298904361,-0.30446302590040686,0.47288466775036936,0.535,0.7668333333333334
produccion,completa,E1,3121,Industria de las bebidas,0.2419442465750293,-0.4643215286732486,1.0108629575007777,0.648,0.819529411764706
produccion,completa,E1,3122,Industria del tabaco,0.1071479040489181,-5.106769931734721,2.999098880661223,0.09,0.32249999999999995
produccion,completa,E1,3131,"Preparación e hilado de fibras textiles, y fabricación de hilos",0.2001267979454507,-3.1385168626892406,2.2858178447709987,0.17,0.39513513513513515
produccion,completa,E1,3132,Fabricación de telas,0.1336042055792961,-3.7421747494520456,2.2976559099127774,0.103,0.35431999999999997
produccion,completa,E1,3133,Acabado de productos textiles y fabricación de telas recubiertas,0.3062290364360683,-5.153814780804983,1.557835846311521,0.001,0.08600000000000001
produccion,completa,E1,3141,"Confección de alfombras, blancos y similares",0.5072465584471345,-2.1342507949312868,2.4864454307714614,0.408,0.6504727272727272
produccion,completa,E1,3149,"Fabricación de otros productos textiles, excepto prendas de vestir",0.3944218335152466,-1.9459565867967112,0.8983112517550008,0.029,0.19184615384615386
produccion,completa,E1,3151,Fabricación de prendas de vestir de tejido de punto,0.3365154443339868,-4.817205740483884,2.342721673702961,0.043,0.20544444444444443
produccion,completa,E1,3152,Confección de prendas de vestir,0.4259861529321015,-2.3229582329638023,1.248617236552511,0.066,0.2702857142857143
produccion,completa,E1,3159,Confección de accesorios de vestir y otras prendas de vestir no clasificados en otra parte,0.6664841032423205,-0.22859216378026093,2.348494894891239,0.93,0.969270588235294
produccion,completa,E1,3161,Curtido y acabado de cuero y piel,0.262669438610518,-8.686630109370217,3.772134611441744,0.021,0.18633333333333332
produccion,completa,E1,3162,Fabricación de calzado,0.1604241815757467,-1.725139756990278,1.5176802690426532,0.259,0.4949777777777778
produccion,completa,E1,3169,"Fabricación de otros productos de cuero, piel y materiales sucedáneos",0.6136094363212712,-0.06342971331284875,0.8883375908923129,0.947,0.969270588235294
produccion,completa,E1,3211,Aserrado y conservación de la madera,0.0034917286527276,-0.13729911925446625,1.4596108253055895,0.922,0.969270588235294
produccion,completa,E1,3212,Fabricación de laminados y aglutinados de madera,0.0775332943220637,-3.945104006908479,2.0170425551579,0.05,0.2263157894736842
produccion,completa,E1,3219,Fabricación de otros productos de madera,0.1827036170504173,-1.8114178096398055,1.051455599338264,0.089,0.32249999999999995
produccion,completa,E1,3221,"Fabricación de pulpa, papel y cartón",0.0619018679380005,-0.4096256006180633,1.2398680463950214,0.742,0.8862777777777777
produccion,completa,E1,3222,Fabricación de productos de cartón y papel,0.1574973850413846,-1.6158200889361267,1.0267573237049412,0.124,0.3677241379310345
produccion,completa,E1,3231,Impresión e industrias conexas,0.1024504665734745,-0.6538808600231782,0.8779261385383291,0.458,0.679103448275862
produccion,completa,E1,3241,Fabricación de productos derivados del petróleo y del carbón,0.0588949583065286,-0.796255775243355,2.2469956313495296,0.732,0.8862777777777777
produccion,completa,E1,3251,Fabricación de productos químicos básicos,0.135778270214786,-3.0325891537746843,2.4969824088303834,0.236,0.472
produccion,completa,E1,3252,"Fabricación de resinas y hules sintéticos, y fibras químicas",0.3119319594154858,-4.612271425776699,2.038790648580875,0.024,0.18633333333333332
produccion,completa,E1,3253,"Fabricación de fertilizantes, pesticidas y otros agroquímicos",0.1679807884786191,-1.2750515770704276,3.4079626345725234,0.711,0.8735142857142856
produccion,completa,E1,3254,Fabricación de productos farmacéuticos,0.1290966945098601,-0.0710920486973474,1.4192121321363576,0.958,0.969270588235294
produccion,completa,E1,3255,"Fabricación de pinturas, recubrimientos y adhesivos",0.0704773870608603,-3.493832671776176,1.338233430676795,0.01,0.16125
produccion,completa,E1,3256,"Fabricación de jabones, limpiadores y preparaciones de tocador",0.2434658656862863,-0.530482691214087,0.7714604737499794,0.514,0.7492203389830508
produccion,completa,E1,3259,Fabricación de otros productos químicos,0.3514735701280596,-3.7842634752299884,2.432229258882487,0.118,0.3677241379310345
produccion,completa,E1,3261,Fabricación de productos de plástico,0.2303591490643638,-2.7525518696039737,1.109831808839161,0.014,0.16125
produccion,completa,E1,3262,Fabricación de productos de hule,0.4171737487232005,-2.364209649653226,1.6236020483697382,0.141,0.3789375
produccion,completa,E1,3271,Fabricación de productos a base de arcillas y minerales refractarios,0.3488287256548686,0.12224134778213995,1.3034555243319585,0.933,0.969270588235294
produccion,completa,E1,3272,Fabricación de vidrio y productos de vidrio,0.272472982882299,-1.24779464328751,0.948361076401519,0.181,0.3991282051282051
produccion,completa,E1,3273,Fabricación de cemento y productos de concreto,0.0343074151008847,-0.9131004479846466,0.900572044394511,0.31,0.564375
produccion,completa,E1,3274,"Fabricación de cal, yeso y productos de yeso",0.1199075903205221,-1.8255262077287364,1.1948966967884518,0.123,0.3677241379310345
produccion,completa,E1,3279,Fabricación de otros productos a base de minerales no metálicos,0.2243733059375072,-0.0676999740095626,0.994088258553627,0.943,0.969270588235294
produccion,completa,E1,3311,Industria básica del hierro y del acero,0.279574215702268,-5.491446912780903,4.336827639788961,0.219,0.45936585365853655
produccion,completa,E1,3312,Fabricación de productos de hierro y acero,0.0669975578374552,-6.610307875460698,3.17311161510013,0.037,0.20544444444444443
produccion,completa,E1,3313,Industria básica del aluminio,0.2650002880058719,-5.557150843705263,2.250898920659458,0.015,0.16125
produccion,completa,E1,3314,"Industrias de metales no ferrosos, excepto aluminio",0.4934732886739018,-0.9570509640664655,1.250339509693532,0.428,0.653298245614035
produccion,completa,E1,3315,Moldeo por fundición de piezas metálicas,0.0974402319506194,-6.0286238361670605,2.610219534023808,0.022,0.18633333333333332
produccion,completa,E1,3321,Fabricación de productos metálicos forjados y troquelados,0.4526204884780047,-1.4542254514813104,1.2967946115593498,0.267,0.49917391304347825
produccion,completa,E1,3322,Fabricación de herramientas de mano sin motor y utensilios de cocina metálicos,0.4783144421423179,0.4885758675634218,1.2276045982451,0.684,0.8525217391304348
produccion,completa,E1,3323,Fabricación de estructuras metálicas y productos de herrería,0.2249299265714363,-0.9339009548063965,0.9341976254834239,0.315,0.564375
produccion,completa,E1,3324,"Fabricación de calderas, tanques y envases metálicos",0.2575554192946691,-0.11014766203206218,1.276888267551864,0.921,0.969270588235294
produccion,completa,E1,3325,Fabricación de herrajes y cerraduras,0.8134327973740351,-2.716067541817987,1.8648790298880629,0.148,0.3856969696969697
produccion,completa,E1,3326,"Fabricación de alambre, productos de alambre y resortes",0.3138914060002775,-2.8581732856665694,2.079941952705551,0.17,0.39513513513513515
produccion,completa,E1,3327,Maquinado de piezas y fabricación de tornillos,0.1233232283296124,0.4439455492645478,0.9300554018101733,0.613,0.7987575757575757
produccion,completa,E1,3328,Recubrimientos y terminados metálicos,0.1588822707072484,-7.5454761507208605,3.6035309743156883,0.036,0.20544444444444443
produccion,completa,E1,3329,Fabricación de otros productos metálicos,0.6293046757254936,-4.678977589863174,1.8911331371961377,0.012,0.16125
produccion,completa,E1,3331,"Fabricación de maquinaria y equipo agropecuario, para la construcción y para la industria extractiva",0.519899184727109,-4.969135321303928,2.2075346801473863,0.026,0.18633333333333332
produccion,completa,E1,3332,"Fabricación de maquinaria y equipo para las industrias manufactureras, excepto la metalmecánica",0.6992566972513394,3.2755102510814504,2.086727981847923,0.115,0.3677241379310345
produccion,completa,E1,3333,Fabricación de maquinaria y equipo para el comercio y los servicios,0.8664849575372038,-4.990942841800621,2.8056021359041314,0.079,0.3088181818181818
produccion,completa,E1,3334,"Fabricación de equipo de aire acondicionado, calefacción, y de refrigeración industrial y comercial",0.8482017522901368,-2.4323462529395203,1.8434419103135222,0.191,0.41065000000000007
produccion,completa,E1,3335,Fabricación de maquinaria y equipo para la industria metalmecánica,0.6052735791408839,2.4997813857753637,2.7329019741020737,0.343,0.5783921568627451
produccion,completa,E1,3336,"Fabricación de motores de combustión interna, turbinas y transmisiones",0.8385248456652771,-4.879434958747125,3.591641864196067,0.175,0.3960526315789473
produccion,completa,E1,3339,Fabricación de otra maquinaria y equipo para la industria en general,0.6417221502759753,-2.1689656580358365,1.0461690962539019,0.039,0.20544444444444443
produccion,completa,E1,3341,Fabricación de computadoras y equipo periférico,0.7847307234340066,-0.13575422049037672,3.041510974192076,0.97,0.97
produccion,completa,E1,3342,Fabricación de equipo de comunicación,0.895054776922478,1.8383892373638844,3.3496252979722057,0.571,0.7794603174603174
produccion,completa,E1,3343,Fabricación de equipo de audio y de video,0.9478363435009872,-0.29670135234946904,6.311046234179156,0.955,0.969270588235294
produccion,completa,E1,3344,Fabricación de componentes electrónicos,0.4744887481943934,-1.4268164592209456,1.6996580088039674,0.409,0.6504727272727272
produccion,completa,E1,3345,"Fabricación de instrumentos de medición, control, navegación, y equipo médico electrónico",0.9203173609236356,-1.1760045400003618,2.0320258507097275,0.571,0.7794603174603174
produccion,completa,E1,3346,Fabricación y reproducción de medios magnéticos y ópticos,0.6054992436078728,-2.442866026123758,2.672704435030377,0.352,0.5821538461538461
produccion,completa,E1,3351,Fabricación de accesorios de iluminación,0.831395116765869,0.36778513116875744,2.8543518134553003,0.892,0.969270588235294
produccion,completa,E1,3352,Fabricación de aparatos eléctricos de uso doméstico,0.3900028883753999,-1.7541159848628016,2.1982279336063804,0.416,0.6504727272727272
produccion,completa,E1,3353,Fabricación de equipo de generación y distribución de energía eléctrica,0.8989208694711824,-3.076166391752249,1.5680614559678496,0.058,0.2494
produccion,completa,E1,3359,Fabricación de otros equipos y accesorios eléctricos,0.7464127593691879,-2.4648284369168447,1.6272843886059258,0.139,0.3789375
produccion,completa,E1,3361,Fabricación de automóviles y camiones,0.6801529750236635,-1.9553192613058763,2.01767466460481,0.336,0.5783921568627451
produccion,completa,E1,3362,Fabricación de carrocerías y remolques,0.4826387565231524,-6.653309144077406,2.3605662481513803,0.003,0.129
produccion,completa,E1,3363,Fabricación de partes para vehículos automotores,0.5296068171162411,-3.2367917944892715,1.301691771396886,0.011,0.16125
produccion,completa,E1,3364,Fabricación de equipo aeroespacial,0.9896704181454756,5.394429244408419,4.559712623577909,0.228,0.46685714285714286
produccion,completa,E1,3365,Fabricación de equipo ferroviario,0.8018618332294466,-8.101958805677253,5.91390270931583,0.165,0.39513513513513515
produccion,completa,E1,3366,Fabricación de embarcaciones,0.5822911532336551,8.271734662463727,10.798111345760896,0.433,0.653298245614035
produccion,completa,E1,3369,Fabricación de otro equipo de transporte,0.6740711386128929,-1.8256338762123874,3.707601911607805,0.631,0.8099402985074626
produccion,completa,E1,3371,"Fabricación de muebles, excepto de oficina y estantería",0.3642278188643361,-1.457109289681756,0.9733259770101469,0.136,0.3789375
produccion,completa,E1,3372,Fabricación de muebles de oficina y estantería,0.2214380514733216,-2.7131499531222985,1.318318125208276,0.043,0.20544444444444443
produccion,completa,E1,3379,"Fabricación de colchones, persianas y cortineros",0.3523025337449802,-1.8762285336292015,1.9757212154093355,0.341,0.5783921568627451
produccion,completa,E1,3391,"Fabricación de equipo no electrónico y material desechable de uso médico, dental y para laboratorio, y artículos oftálmicos",0.7835186733412709,0.24740269725311986,2.8547969892444676,0.915,0.969270588235294
produccion,completa,E1,3399,Otras industrias manufactureras,0.618987370047973,-3.08614410980891,1.1878123560925002,0.014,0.16125
empleo,sin pandemia,E0,3111,Elaboración de alimentos para animales,0.02886946578166,-0.12791232853073356,0.3945011870902721,0.725,0.9448378378378377
empleo,sin pandemia,E0,3112,Molienda de granos y de semillas y obtención de aceites y grasas,0.0609807080676099,0.13158821753519673,0.32068282372108614,0.654,0.9448378378378377
empleo,sin pandemia,E0,3113,"Elaboración de azúcares, chocolates, dulces y similares",0.2016423568218791,-0.24727908542641294,0.6806626524549899,0.716,0.9448378378378377
empleo,sin pandemia,E0,3114,"Conservación de frutas, verduras, guisos y otros alimentos preparados",0.3156513149608729,-0.053790328836776605,0.3684849615256782,0.905,0.9732682926829269
empleo,sin pandemia,E0,3115,Elaboración de productos lácteos,0.0498313429839448,-0.12959787274040196,0.17653433503034544,0.468,0.9448378378378377
empleo,sin pandemia,E0,3116,"Matanza, empacado y procesamiento de carne de ganado, aves y otros animales comestibles",0.044361709007407,-0.0545159240921957,0.2347696576087219,0.813,0.9448378378378377
empleo,sin pandemia,E0,3117,Preparación y envasado de pescados y mariscos,0.7478643561015712,0.5708421631437315,0.8977665329071562,0.542,0.9448378378378377
empleo,sin pandemia,E0,3118,Elaboración de productos de panadería y tortillas,0.043199849411286,0.06274382603406198,0.17893315733108464,0.718,0.9448378378378377
empleo,sin pandemia,E0,3119,Otras industrias alimentarias,0.1089707298904361,-0.5532577844277855,0.44513719981107,0.221,0.7068125000000001
empleo,sin pandemia,E0,3121,Industria de las bebidas,0.2419442465750293,-0.11518019219900384,0.19709800047280543,0.553,0.9448378378378377
empleo,sin pandemia,E0,3122,Industria del tabaco,0.1071479040489181,0.872101987576802,0.6371878715009669,0.181,0.7068125000000001
empleo,sin pandemia,E0,3131,"Preparación e hilado de fibras textiles, y fabricación de hilos",0.2001267979454507,-0.019371341204557767,0.6731092775227573,0.981,0.981
empleo,sin pandemia,E0,3132,Fabricación de telas,0.1336042055792961,-0.3521296675157202,0.6517155609439774,0.597,0.9448378378378377
empleo,sin pandemia,E0,3133,Acabado de productos textiles y fabricación de telas recubiertas,0.3062290364360683,1.5900186479520393,1.3489338348782343,0.243,0.7068125000000001
empleo,sin pandemia,E0,3141,"Confección de alfombras, blancos y similares",0.5072465584471345,0.5025868335392344,1.0895493665685283,0.656,0.9448378378378377
empleo,sin pandemia,E0,3149,"Fabricación de otros productos textiles, excepto prendas de vestir",0.3944218335152466,0.9940767310154129,0.6471028038663925,0.128,0.7068125000000001
empleo,sin pandemia,E0,3151,Fabricación de prendas de vestir de tejido de punto,0.3365154443339868,-0.8239477265139702,0.7086768705978301,0.244,0.7068125000000001
empleo,sin pandemia,E0,3152,Confección de prendas de vestir,0.4259861529321015,0.21903829984907738,0.4772763809240055,0.659,0.9448378378378377
empleo,sin pandemia,E0,3159,Confección de accesorios de vestir y otras prendas de vestir no clasificados en otra parte,0.6664841032423205,-1.712123282704999,1.9993124266456943,0.395,0.9063076923076923
empleo,sin pandemia,E0,3161,Curtido y acabado de cuero y piel,0.262669438610518,0.3003022659946075,0.9014881211475071,0.738,0.9448378378378377
empleo,sin pandemia,E0,3162,Fabricación de calzado,0.1604241815757467,-0.04550452062650758,0.5242866845665702,0.923,0.9732682926829269
empleo,sin pandemia,E0,3169,"Fabricación de otros productos de cuero, piel y materiales sucedáneos",0.6136094363212712,0.1943247257680329,0.6379657659503644,0.768,0.9448378378378377
empleo,sin pandemia,E0,3211,Aserrado y conservación de la madera,0.0034917286527276,0.28573145085229057,0.8626508652974619,0.759,0.9448378378378377
empleo,sin pandemia,E0,3212,Fabricación de laminados y aglutinados de madera,0.0775332943220637,-0.22209797606938683,0.4021238065125531,0.601,0.9448378378378377
empleo,sin pandemia,E0,3219,Fabricación de otros productos de madera,0.1827036170504173,-0.07529235023557522,0.6127967374091777,0.903,0.9732682926829269
empleo,sin pandemia,E0,3221,"Fabricación de pulpa, papel y cartón",0.0619018679380005,-0.3191518620626504,0.22643153876307523,0.158,0.7068125000000001
empleo,sin pandemia,E0,3222,Fabricación de productos de cartón y papel,0.1574973850413846,-0.24703058823376717,0.30360448486108227,0.423,0.90945
empleo,sin pandemia,E0,3231,Impresión e industrias conexas,0.1024504665734745,-0.7433949599604824,0.5168186484737223,0.146,0.7068125000000001
empleo,sin pandemia,E0,3241,Fabricación de productos derivados del petróleo y del carbón,0.0588949583065286,0.9760621563271435,0.8589923839763893,0.245,0.7068125000000001
empleo,sin pandemia,E0,3251,Fabricación de productos químicos básicos,0.135778270214786,-0.10665598535695334,0.5815892555583149,0.855,0.9732682926829269
empleo,sin pandemia,E0,3252,"Fabricación de resinas y hules sintéticos, y fibras químicas",0.3119319594154858,0.173993166346488,0.5578050506074457,0.744,0.9448378378378377
empleo,sin pandemia,E0,3253,"Fabricación de fertilizantes, pesticidas y otros agroquímicos",0.1679807884786191,-0.8301502754337963,0.6877761268331267,0.227,0.7068125000000001
empleo,sin pandemia,E0,3254,Fabricación de productos farmacéuticos,0.1290966945098601,-0.03850532752264701,0.22336221250274182,0.88,0.9732682926829269
empleo,sin pandemia,E0,3255,"Fabricación de pinturas, recubrimientos y adhesivos",0.0704773870608603,-0.4142965071236998,0.3079343955690105,0.188,0.7068125000000001
empleo,sin pandemia,E0,3256,"Fabricación de jabones, limpiadores y preparaciones de tocador",0.2434658656862863,-0.099214933044634,0.3870550662359593,0.806,0.9448378378378377
empleo,sin pandemia,E0,3259,Fabricación de otros productos químicos,0.3514735701280596,-0.9961045341154483,0.7668508319199917,0.2,0.7068125000000001
empleo,sin pandemia,E0,3261,Fabricación de productos de plástico,0.2303591490643638,-0.44973370751024333,0.32711369335396956,0.173,0.7068125000000001
empleo,sin pandemia,E0,3262,Fabricación de productos de hule,0.4171737487232005,-0.604509228631729,0.49514750667873625,0.225,0.7068125000000001
empleo,sin pandemia,E0,3271,Fabricación de productos a base de arcillas y minerales refractarios,0.3488287256548686,0.5944516050563036,0.4826561893501388,0.214,0.7068125000000001
empleo,sin pandemia,E0,3272,Fabricación de vidrio y productos de vidrio,0.272472982882299,-0.01945966715538672,0.3979802947358197,0.965,0.9763529411764705
empleo,sin pandemia,E0,3273,Fabricación de cemento y productos de concreto,0.0343074151008847,-0.45162671181852465,0.5153399485815364,0.405,0.9063076923076923
empleo,sin pandemia,E0,3274,"Fabricación de cal, yeso y productos de yeso",0.1199075903205221,-0.14658971625761716,0.3603043000875597,0.702,0.9448378378378377
empleo,sin pandemia,E0,3279,Fabricación de otros productos a base de minerales no metálicos,0.2243733059375072,-0.18900143195845126,0.3301238161002093,0.562,0.9448378378378377
empleo,sin pandemia,E0,3311,Industria básica del hierro y del acero,0.279574215702268,0.16527947308104635,2.5780019990344107,0.949,0.9763529411764705
empleo,sin pandemia,E0,3312,Fabricación de productos de hierro y acero,0.0669975578374552,-0.2707867532253019,0.5470914887290809,0.615,0.9448378378378377
empleo,sin pandemia,E0,3313,Industria básica del aluminio,0.2650002880058719,-0.4210454747482708,0.6827987174482212,0.526,0.9448378378378377
empleo,sin pandemia,E0,3314,"Industrias de metales no ferrosos, excepto aluminio",0.4934732886739018,-0.2741975964319334,0.46652153994430867,0.549,0.9448378378378377
empleo,sin pandemia,E0,3315,Moldeo por fundición de piezas metálicas,0.0974402319506194,-1.1939619524427856,0.7063288208964339,0.082,0.7068125000000001
empleo,sin pandemia,E0,3321,Fabricación de productos metálicos forjados y troquelados,0.4526204884780047,-0.06376182129549934,0.7509181721017385,0.928,0.9732682926829269
empleo,sin pandemia,E0,3322,Fabricación de herramientas de mano sin motor y utensilios de cocina metálicos,0.4783144421423179,-0.8629762192115583,0.5061644512609295,0.084,0.7068125000000001
empleo,sin pandemia,E0,3323,Fabricación de estructuras metálicas y productos de herrería,0.2249299265714363,0.09291306862532829,0.28064808072321695,0.751,0.9448378378378377
empleo,sin pandemia,E0,3324,"Fabricación de calderas, tanques y envases metálicos",0.2575554192946691,-0.39220311312162576,0.6348892670661193,0.52,0.9448378378378377
empleo,sin pandemia,E0,3325,Fabricación de herrajes y cerraduras,0.8134327973740351,-0.31835960388108686,0.5385132700208766,0.562,0.9448378378378377
empleo,sin pandemia,E0,3326,"Fabricación de alambre, productos de alambre y resortes",0.3138914060002775,-1.4243125103933283,0.6816661056276613,0.035,0.7068125000000001
empleo,sin pandemia,E0,3327,Maquinado de piezas y fabricación de tornillos,0.1233232283296124,-0.056059399717598615,0.4562585864125665,0.906,0.9732682926829269
empleo,sin pandemia,E0,3328,Recubrimientos y terminados metálicos,0.1588822707072484,-0.28335493375414705,0.6239328737252009,0.642,0.9448378378378377
empleo,sin pandemia,E0,3329,Fabricación de otros productos metálicos,0.6293046757254936,-0.7321461122213827,0.4102810831373413,0.083,0.7068125000000001
empleo,sin pandemia,E0,3331,"Fabricación de maquinaria y equipo agropecuario, para la construcción y para la industria extractiva",0.519899184727109,-0.9296359933324903,1.1093429589681425,0.411,0.9063076923076923
empleo,sin pandemia,E0,3332,"Fabricación de maquinaria y equipo para las industrias manufactureras, excepto la metalmecánica",0.6992566972513394,-1.1538530581468303,0.5758738609345668,0.039,0.7068125000000001
empleo,sin pandemia,E0,3333,Fabricación de maquinaria y equipo para el comercio y los servicios,0.8664849575372038,-1.6532973645886289,1.1345044140929035,0.14,0.7068125000000001
empleo,sin pandemia,E0,3334,"Fabricación de equipo de aire acondicionado, calefacción, y de refrigeración industrial y comercial",0.8482017522901368,-0.9261003425789097,0.8130697418377677,0.256,0.7068125000000001
empleo,sin pandemia,E0,3335,Fabricación de maquinaria y equipo para la industria metalmecánica,0.6052735791408839,-0.10935716254188975,1.116911814492239,0.922,0.9732682926829269
empleo,sin pandemia,E0,3336,"Fabricación de motores de combustión interna, turbinas y transmisiones",0.8385248456652771,-0.21656997001954828,0.7756276329132448,0.783,0.9448378378378377
empleo,sin pandemia,E0,3339,Fabricación de otra maquinaria y equipo para la industria en general,0.6417221502759753,-1.1776887729242447,0.6821491122103814,0.076,0.7068125000000001
empleo,sin pandemia,E0,3341,Fabricación de computadoras y equipo periférico,0.7847307234340066,1.4399650064717697,1.0055107656339006,0.16,0.7068125000000001
empleo,sin pandemia,E0,3342,Fabricación de equipo de comunicación,0.895054776922478,3.7160590143270342,1.927505976962797,0.052,0.7068125000000001
empleo,sin pandemia,E0,3343,Fabricación de equipo de audio y de video,0.9478363435009872,0.04778864704799114,0.7999805420112711,0.956,0.9763529411764705
empleo,sin pandemia,E0,3344,Fabricación de componentes electrónicos,0.4744887481943934,-0.527392603576917,0.8722418456854939,0.541,0.9448378378378377
empleo,sin pandemia,E0,3345,"Fabricación de instrumentos de medición, control, navegación, y equipo médico electrónico",0.9203173609236356,-0.6488532898855462,0.5642950306728896,0.253,0.7068125000000001
empleo,sin pandemia,E0,3346,Fabricación y reproducción de medios magnéticos y ópticos,0.6054992436078728,0.9010444554727098,1.5376617933706196,0.555,0.9448378378378377
empleo,sin pandemia,E0,3351,Fabricación de accesorios de iluminación,0.831395116765869,-0.8817281096965527,0.71039014605377,0.21,0.7068125000000001
empleo,sin pandemia,E0,3352,Fabricación de aparatos eléctricos de uso doméstico,0.3900028883753999,0.609899474338423,0.5330360893282636,0.244,0.7068125000000001
empleo,sin pandemia,E0,3353,Fabricación de equipo de generación y distribución de energía eléctrica,0.8989208694711824,0.11355548545524481,0.42981073371285305,0.79,0.9448378378378377
empleo,sin pandemia,E0,3359,Fabricación de otros equipos y accesorios eléctricos,0.7464127593691879,0.45363960534580433,0.6854998488549108,0.509,0.9448378378378377
empleo,sin pandemia,E0,3361,Fabricación de automóviles y camiones,0.6801529750236635,-0.8801557207417133,0.5274382451699586,0.092,0.7068125000000001
empleo,sin pandemia,E0,3362,Fabricación de carrocerías y remolques,0.4826387565231524,-2.2719594654084263,1.1864821297896486,0.056,0.7068125000000001
empleo,sin pandemia,E0,3363,Fabricación de partes para vehículos automotores,0.5296068171162411,-1.1762361074219236,0.5931224274411677,0.052,0.7068125000000001
empleo,sin pandemia,E0,3364,Fabricación de equipo aeroespacial,0.9896704181454756,-0.6899196747424847,0.7693261403380891,0.358,0.8552222222222222
empleo,sin pandemia,E0,3365,Fabricación de equipo ferroviario,0.8018618332294466,-2.6242553150173222,2.5663387545922323,0.324,0.8059428571428572
empleo,sin pandemia,E0,3366,Fabricación de embarcaciones,0.5822911532336551,-1.2757734451696305,4.925715560970495,0.804,0.9448378378378377
empleo,sin pandemia,E0,3369,Fabricación de otro equipo de transporte,0.6740711386128929,-0.5773980573589075,1.4941431854775167,0.695,0.9448378378378377
empleo,sin pandemia,E0,3371,"Fabricación de muebles, excepto de oficina y estantería",0.3642278188643361,0.9778241561164471,0.8809047881068863,0.263,0.7068125000000001
empleo,sin pandemia,E0,3372,Fabricación de muebles de oficina y estantería,0.2214380514733216,-1.4671508762820233,0.6849150318310414,0.033,0.7068125000000001
empleo,sin pandemia,E0,3379,"Fabricación de colchones, persianas y cortineros",0.3523025337449802,0.7068604028252043,0.697769886023982,0.299,0.7792121212121211
empleo,sin pandemia,E0,3391,"Fabricación de equipo no electrónico y material desechable de uso médico, dental y para laboratorio, y artículos oftálmicos",0.7835186733412709,-0.4232956146812912,0.42018462926663513,0.328,0.8059428571428572
empleo,sin pandemia,E0,3399,Otras industrias manufactureras,0.618987370047973,0.20615481030214228,0.561714944814433,0.711,0.9448378378378377
empleo,completa,E0,3111,Elaboración de alimentos para animales,0.02886946578166,-0.27107901135219453,0.33875734779935945,0.415,0.6863461538461538
empleo,completa,E0,3112,Molienda de granos y de semillas y obtención de aceites y grasas,0.0609807080676099,0.10573214341807874,0.2603041399322004,0.669,0.8587164179104478
empleo,completa,E0,3113,"Elaboración de azúcares, chocolates, dulces y similares",0.2016423568218791,-0.7608522240247622,0.6743623173000433,0.254,0.5805
empleo,completa,E0,3114,"Conservación de frutas, verduras, guisos y otros alimentos preparados",0.3156513149608729,-0.28845474827655293,0.31909363274334157,0.391,0.67596
empleo,completa,E0,3115,Elaboración de productos lácteos,0.0498313429839448,-0.16742633869237786,0.1629706496698378,0.317,0.6332727272727273
empleo,completa,E0,3116,"Matanza, empacado y procesamiento de carne de ganado, aves y otros animales comestibles",0.044361709007407,-0.0679825967061173,0.1995790015237796,0.733,0.9041944444444445
empleo,completa,E0,3117,Preparación y envasado de pescados y mariscos,0.7478643561015712,1.0275096856633885,0.8114095660526598,0.218,0.5805
empleo,completa,E0,3118,Elaboración de productos de panadería y tortillas,0.043199849411286,-0.03256931458579405,0.1627934603797962,0.848,0.9481772151898735
empleo,completa,E0,3119,Otras industrias alimentarias,0.1089707298904361,-0.7574471656875456,0.38958178968044166,0.047,0.2866666666666667
empleo,completa,E0,3121,Industria de las bebidas,0.2419442465750293,-0.14957096826384658,0.16454279615885964,0.358,0.6693043478260869
empleo,completa,E0,3122,Industria del tabaco,0.1071479040489181,0.46788191130993295,0.54652387769474,0.393,0.67596
empleo,completa,E0,3131,"Preparación e hilado de fibras textiles, y fabricación de hilos",0.2001267979454507,-0.4214685773712311,0.6396495986508515,0.52,0.7568
empleo,completa,E0,3132,Fabricación de telas,0.1336042055792961,-0.7331165251042187,0.6436832225134832,0.27,0.5805
empleo,completa,E0,3133,Acabado de productos textiles y fabricación de telas recubiertas,0.3062290364360683,0.38224845188918255,1.3626729902710646,0.799,0.9161866666666666
empleo,completa,E0,3141,"Confección de alfombras, blancos y similares",0.5072465584471345,-1.3351757930237307,1.508203019539879,0.376,0.6736666666666666
empleo,completa,E0,3149,"Fabricación de otros productos textiles, excepto prendas de vestir",0.3944218335152466,0.41684994809054343,0.6554928256225171,0.524,0.7568
empleo,completa,E0,3151,Fabricación de prendas de vestir de tejido de punto,0.3365154443339868,-1.048052002737063,0.7153931349715623,0.144,0.4862307692307692
empleo,completa,E0,3152,Confección de prendas de vestir,0.4259861529321015,-0.12902209167214865,0.4001044432026403,0.757,0.9041944444444445
empleo,completa,E0,3159,Confección de accesorios de vestir y otras prendas de vestir no clasificados en otra parte,0.6664841032423205,-1.882241018288927,1.6147753327377548,0.25,0.5805
empleo,completa,E0,3161,Curtido y acabado de cuero y piel,0.262669438610518,-0.284275333993534,0.902505369864581,0.774,0.9064864864864864
empleo,completa,E0,3162,Fabricación de calzado,0.1604241815757467,-0.4241582769655096,0.46270719863009907,0.367,0.671531914893617
empleo,completa,E0,3169,"Fabricación de otros productos de cuero, piel y materiales sucedáneos",0.6136094363212712,-0.1119221463878539,0.6533942342163269,0.852,0.9481772151898735
empleo,completa,E0,3211,Aserrado y conservación de la madera,0.0034917286527276,-0.5425373575713535,0.9155796301829903,0.585,0.7914687499999999
empleo,completa,E0,3212,Fabricación de laminados y aglutinados de madera,0.0775332943220637,-0.9788553905125307,0.580305177694907,0.095,0.38904761904761903
empleo,completa,E0,3219,Fabricación de otros productos de madera,0.1827036170504173,0.14879392703310232,0.5425973047318038,0.78,0.9064864864864864
empleo,completa,E0,3221,"Fabricación de pulpa, papel y cartón",0.0619018679380005,-0.21336898978453392,0.18744131450663362,0.251,0.5805
empleo,completa,E0,3222,Fabricación de productos de cartón y papel,0.1574973850413846,-0.41487047626917967,0.35539667198548386,0.254,0.5805
empleo,completa,E0,3231,Impresión e industrias conexas,0.1024504665734745,-0.9130205583659728,0.48363017686510723,0.05,0.2866666666666667
empleo,completa,E0,3241,Fabricación de productos derivados del petróleo y del carbón,0.0588949583065286,0.7568768524632113,0.6770256266474862,0.258,0.5805
empleo,completa,E0,3251,Fabricación de productos químicos básicos,0.135778270214786,0.02264212936629661,0.4530124018174034,0.956,0.9787619047619047
empleo,completa,E0,3252,"Fabricación de resinas y hules sintéticos, y fibras químicas",0.3119319594154858,-0.08802094091251639,0.5210610880418997,0.867,0.9481772151898735
empleo,completa,E0,3253,"Fabricación de fertilizantes, pesticidas y otros agroquímicos",0.1679807884786191,-1.4611896041798542,0.7157699852643643,0.045,0.2866666666666667
empleo,completa,E0,3254,Fabricación de productos farmacéuticos,0.1290966945098601,0.025678726413734098,0.17672227221103454,0.893,0.959975
empleo,completa,E0,3255,"Fabricación de pinturas, recubrimientos y adhesivos",0.0704773870608603,-0.48109214699255926,0.33762072187533404,0.167,0.5129285714285714
empleo,completa,E0,3256,"Fabricación de jabones, limpiadores y preparaciones de tocador",0.2434658656862863,-0.05111700953595904,0.31950293556012443,0.871,0.9481772151898735
empleo,completa,E0,3259,Fabricación de otros productos químicos,0.3514735701280596,-0.6978019177587931,0.6390656195444145,0.269,0.5805
empleo,completa,E0,3261,Fabricación de productos de plástico,0.2303591490643638,-0.7887643675533119,0.3422417988866969,0.02,0.2866666666666667
empleo,completa,E0,3262,Fabricación de productos de hule,0.4171737487232005,-1.2221857948884556,0.640082215833527,0.06,0.31533333333333335
empleo,completa,E0,3271,Fabricación de productos a base de arcillas y minerales refractarios,0.3488287256548686,-0.1606989879835472,0.4881934821691293,0.754,0.9041944444444445
empleo,completa,E0,3272,Fabricación de vidrio y productos de vidrio,0.272472982882299,-0.2238673033552607,0.4032325789918702,0.561,0.7781612903225806
empleo,completa,E0,3273,Fabricación de cemento y productos de concreto,0.0343074151008847,-0.4914189326857053,0.47668728021402557,0.311,0.6332727272727273
empleo,completa,E0,3274,"Fabricación de cal, yeso y productos de yeso",0.1199075903205221,-0.005224085579776843,0.31335044889221253,0.991,0.991
empleo,completa,E0,3279,Fabricación de otros productos a base de minerales no metálicos,0.2243733059375072,-0.20014086802363626,0.4097166619440896,0.657,0.8560909090909091
empleo,completa,E0,3311,Industria básica del hierro y del acero,0.279574215702268,-0.1721156086332563,2.1573130715865734,0.929,0.9739759036144577
empleo,completa,E0,3312,Fabricación de productos de hierro y acero,0.0669975578374552,-0.30059583150073477,0.43379100648652036,0.504,0.7568
empleo,completa,E0,3313,Industria básica del aluminio,0.2650002880058719,-1.1781646466519302,0.7952701763987523,0.133,0.4862307692307692
empleo,completa,E0,3314,"Industrias de metales no ferrosos, excepto aluminio",0.4934732886739018,-0.5981367908135622,0.491421947566382,0.217,0.5805
empleo,completa,E0,3315,Moldeo por fundición de piezas metálicas,0.0974402319506194,-1.5025529028389992,0.7406052299542002,0.04,0.2866666666666667
empleo,completa,E0,3321,Fabricación de productos metálicos forjados y troquelados,0.4526204884780047,-0.9324203932525224,0.7710119377532594,0.234,0.5805
empleo,completa,E0,3322,Fabricación de herramientas de mano sin motor y utensilios de cocina metálicos,0.4783144421423179,-0.9897249124044626,0.6544748143223691,0.136,0.4862307692307692
empleo,completa,E0,3323,Fabricación de estructuras metálicas y productos de herrería,0.2249299265714363,-0.19201938136243304,0.3108273039687025,0.528,0.7568
empleo,completa,E0,3324,"Fabricación de calderas, tanques y envases metálicos",0.2575554192946691,-0.15140662179756306,0.5160781267453866,0.748,0.9041944444444445
empleo,completa,E0,3325,Fabricación de herrajes y cerraduras,0.8134327973740351,-0.5288132889366433,0.6724463697662874,0.438,0.6975555555555556
empleo,completa,E0,3326,"Fabricación de alambre, productos de alambre y resortes",0.3138914060002775,-1.8855235263096686,0.7593083869138743,0.009,0.2866666666666667
empleo,completa,E0,3327,Maquinado de piezas y fabricación de tornillos,0.1233232283296124,0.029664023446080247,0.40861170174279804,0.94,0.9739759036144577
empleo,completa,E0,3328,Recubrimientos y terminados metálicos,0.1588822707072484,-0.94521413614179,0.6898881860574401,0.164,0.5129285714285714
empleo,completa,E0,3329,Fabricación de otros productos metálicos,0.6293046757254936,-1.4358536228643028,0.5604630096750803,0.013,0.2866666666666667
empleo,completa,E0,3331,"Fabricación de maquinaria y equipo agropecuario, para la construcción y para la industria extractiva",0.519899184727109,-2.18270209182989,1.1715994870586492,0.063,0.31533333333333335
empleo,completa,E0,3332,"Fabricación de maquinaria y equipo para las industrias manufactureras, excepto la metalmecánica",0.6992566972513394,-1.4419902362610428,0.5986450414295734,0.011,0.2866666666666667
empleo,completa,E0,3333,Fabricación de maquinaria y equipo para el comercio y los servicios,0.8664849575372038,-2.2850285431606854,1.3072090239675602,0.073,0.33042105263157895
empleo,completa,E0,3334,"Fabricación de equipo de aire acondicionado, calefacción, y de refrigeración industrial y comercial",0.8482017522901368,-1.7606766420479463,0.8747460737652386,0.042,0.2866666666666667
empleo,completa,E0,3335,Fabricación de maquinaria y equipo para la industria metalmecánica,0.6052735791408839,-0.4293778376123911,1.3143799625628683,0.738,0.9041944444444445
empleo,completa,E0,3336,"Fabricación de motores de combustión interna, turbinas y transmisiones",0.8385248456652771,-1.4322208606569509,0.996831136706635,0.147,0.4862307692307692
empleo,completa,E0,3339,Fabricación de otra maquinaria y equipo para la industria en general,0.6417221502759753,-1.3237905537055934,0.6094188514509732,0.029,0.2866666666666667
empleo,completa,E0,3341,Fabricación de computadoras y equipo periférico,0.7847307234340066,1.842648594018488,1.3619825906564402,0.178,0.5278620689655172
empleo,completa,E0,3342,Fabricación de equipo de comunicación,0.895054776922478,1.603819389546937,1.6866463761032782,0.339,0.6478666666666667
empleo,completa,E0,3343,Fabricación de equipo de audio y de video,0.9478363435009872,0.015167464965322279,0.6451068579473138,0.975,0.9864705882352941
empleo,completa,E0,3344,Fabricación de componentes electrónicos,0.4744887481943934,-1.085811324809887,0.762532354936065,0.146,0.4862307692307692
empleo,completa,E0,3345,"Fabricación de instrumentos de medición, control, navegación, y equipo médico electrónico",0.9203173609236356,-1.2779506886551435,0.6727152517791007,0.066,0.31533333333333335
empleo,completa,E0,3346,Fabricación y reproducción de medios magnéticos y ópticos,0.6054992436078728,1.3102677556795572,1.2338796107594603,0.284,0.5957073170731707
empleo,completa,E0,3351,Fabricación de accesorios de iluminación,0.831395116765869,-1.5826058732834807,0.8071695769396762,0.043,0.2866666666666667
empleo,completa,E0,3352,Fabricación de aparatos eléctricos de uso doméstico,0.3900028883753999,-0.5611195160029497,0.6951147617265702,0.405,0.6829411764705884
empleo,completa,E0,3353,Fabricación de equipo de generación y distribución de energía eléctrica,0.8989208694711824,-0.45962178347372495,0.45859850220473003,0.324,0.6332727272727273
empleo,completa,E0,3359,Fabricación de otros equipos y accesorios eléctricos,0.7464127593691879,-0.5204193679893494,0.8480174209153396,0.545,0.768360655737705
empleo,completa,E0,3361,Fabricación de automóviles y camiones,0.6801529750236635,-0.8872707603084201,0.41540346568332687,0.03,0.2866666666666667
empleo,completa,E0,3362,Fabricación de carrocerías y remolques,0.4826387565231524,-3.3291282769602346,1.38930950294762,0.015,0.2866666666666667
empleo,completa,E0,3363,Fabricación de partes para vehículos automotores,0.5296068171162411,-1.1543542969533727,0.4964360725526675,0.022,0.2866666666666667
empleo,completa,E0,3364,Fabricación de equipo aeroespacial,0.9896704181454756,0.604226346484697,1.0859775826663594,0.589,0.7914687499999999
empleo,completa,E0,3365,Fabricación de equipo ferroviario,0.8018618332294466,-2.1680633870864616,2.878730464434067,0.449,0.7020727272727274
empleo,completa,E0,3366,Fabricación de embarcaciones,0.5822911532336551,0.37872942292645617,4.538852457786932,0.931,0.9739759036144577
empleo,completa,E0,3369,Fabricación de otro equipo de transporte,0.6740711386128929,-1.7478189183207653,1.4910074892818668,0.249,0.5805
empleo,completa,E0,3371,"Fabricación de muebles, excepto de oficina y estantería",0.3642278188643361,0.5312110457277354,0.681577359818249,0.434,0.6975555555555556
empleo,completa,E0,3372,Fabricación de muebles de oficina y estantería,0.2214380514733216,-1.8102482814280465,0.8160401919045502,0.028,0.2866666666666667
empleo,completa,E0,3379,"Fabricación de colchones, persianas y cortineros",0.3523025337449802,-0.6576140912290889,0.9069425622836123,0.464,0.7125714285714286
empleo,completa,E0,3391,"Fabricación de equipo no electrónico y material desechable de uso médico, dental y para laboratorio, y artículos oftálmicos",0.7835186733412709,-0.5969516308191289,0.3624496170315253,0.091,0.38904761904761903
empleo,completa,E0,3399,Otras industrias manufactureras,0.618987370047973,-0.31339661087235354,0.5977814611926637,0.603,0.7978153846153846
horas,sin pandemia,E1,3111,Elaboración de alimentos para animales,0.02886946578166,-0.05918246250938143,0.8207879883776845,0.938,0.9719036144578312
horas,sin pandemia,E1,3112,Molienda de granos y de semillas y obtención de aceites y grasas,0.0609807080676099,-0.4103644392918778,0.5925102757215904,0.505,0.8751764705882352
horas,sin pandemia,E1,3113,"Elaboración de azúcares, chocolates, dulces y similares",0.2016423568218791,-0.8173013030474343,1.0306639574205922,0.442,0.8751764705882352
horas,sin pandemia,E1,3114,"Conservación de frutas, verduras, guisos y otros alimentos preparados",0.3156513149608729,-0.279398856179949,0.7152701801253476,0.692,0.8751764705882352
horas,sin pandemia,E1,3115,Elaboración de productos lácteos,0.0498313429839448,-0.5939129482977514,0.6489326413845852,0.336,0.8751764705882352
horas,sin pandemia,E1,3116,"Matanza, empacado y procesamiento de carne de ganado, aves y otros animales comestibles",0.044361709007407,-0.6024879067707779,0.5911897806411599,0.309,0.8751764705882352
horas,sin pandemia,E1,3117,Preparación y envasado de pescados y mariscos,0.7478643561015712,0.4850413801870941,1.6654699831428514,0.764,0.8921066666666667
horas,sin pandemia,E1,3118,Elaboración de productos de panadería y tortillas,0.043199849411286,0.33658750898835216,0.5421479070589857,0.549,0.8751764705882352
horas,sin pandemia,E1,3119,Otras industrias alimentarias,0.1089707298904361,-1.6184365975797608,0.7240644536301218,0.029,0.8533846153846155
horas,sin pandemia,E1,3121,Industria de las bebidas,0.2419442465750293,-0.5211053704258148,0.5331590140890325,0.322,0.8751764705882352
horas,sin pandemia,E1,3122,Industria del tabaco,0.1071479040489181,-0.3962021534745565,1.3943568283817427,0.778,0.8921066666666667
horas,sin pandemia,E1,3131,"Preparación e hilado de fibras textiles, y fabricación de hilos",0.2001267979454507,0.48205252036969415,1.2263337129834944,0.681,0.8751764705882352
horas,sin pandemia,E1,3132,Fabricación de telas,0.1336042055792961,0.4600001754865451,1.494264280619737,0.766,0.8921066666666667
horas,sin pandemia,E1,3133,Acabado de productos textiles y fabricación de telas recubiertas,0.3062290364360683,3.020895144216941,1.892250103858883,0.115,0.8533846153846155
horas,sin pandemia,E1,3141,"Confección de alfombras, blancos y similares",0.5072465584471345,0.17885237977423515,1.3480554843155987,0.89,0.9523703703703703
horas,sin pandemia,E1,3149,"Fabricación de otros productos textiles, excepto prendas de vestir",0.3944218335152466,0.26931018311882665,1.04150546411546,0.802,0.9075263157894738
horas,sin pandemia,E1,3151,Fabricación de prendas de vestir de tejido de punto,0.3365154443339868,-0.47764702913171986,1.1159084412660785,0.656,0.8751764705882352
horas,sin pandemia,E1,3152,Confección de prendas de vestir,0.4259861529321015,-0.16791314872190208,1.1272970943646625,0.891,0.9523703703703703
horas,sin pandemia,E1,3159,Confección de accesorios de vestir y otras prendas de vestir no clasificados en otra parte,0.6664841032423205,-1.5858380292931864,1.858977848914279,0.399,0.8751764705882352
horas,sin pandemia,E1,3161,Curtido y acabado de cuero y piel,0.262669438610518,1.9028147572275709,1.29366013608788,0.144,0.8751764705882352
horas,sin pandemia,E1,3162,Fabricación de calzado,0.1604241815757467,-0.757566187879774,1.5494045256849676,0.625,0.8751764705882352
horas,sin pandemia,E1,3169,"Fabricación de otros productos de cuero, piel y materiales sucedáneos",0.6136094363212712,0.49879234284445767,1.0777578902140017,0.643,0.8751764705882352
horas,sin pandemia,E1,3211,Aserrado y conservación de la madera,0.0034917286527276,-0.7997303746755023,1.5245933379261205,0.595,0.8751764705882352
horas,sin pandemia,E1,3212,Fabricación de laminados y aglutinados de madera,0.0775332943220637,-0.6370143082070799,0.9952954613408892,0.503,0.8751764705882352
horas,sin pandemia,E1,3219,Fabricación de otros productos de madera,0.1827036170504173,-0.8151323330701399,1.1336977550631386,0.476,0.8751764705882352
horas,sin pandemia,E1,3221,"Fabricación de pulpa, papel y cartón",0.0619018679380005,-0.38277898721631237,0.5264898486285418,0.472,0.8751764705882352
horas,sin pandemia,E1,3222,Fabricación de productos de cartón y papel,0.1574973850413846,-0.844412224560801,0.7519775702421251,0.27,0.8751764705882352
horas,sin pandemia,E1,3231,Impresión e industrias conexas,0.1024504665734745,-1.6904773197095724,1.125720660714166,0.126,0.8533846153846155
horas,sin pandemia,E1,3241,Fabricación de productos derivados del petróleo y del carbón,0.0588949583065286,-0.58649374642991,0.7817310292398516,0.477,0.8751764705882352
horas,sin pandemia,E1,3251,Fabricación de productos químicos básicos,0.135778270214786,0.47954796155703966,0.8394645715286263,0.562,0.8751764705882352
horas,sin pandemia,E1,3252,"Fabricación de resinas y hules sintéticos, y fibras químicas",0.3119319594154858,-0.09050957858252405,0.9753429084959017,0.923,0.9680243902439024
horas,sin pandemia,E1,3253,"Fabricación de fertilizantes, pesticidas y otros agroquímicos",0.1679807884786191,-0.46235965089599235,0.8844710743753414,0.591,0.8751764705882352
horas,sin pandemia,E1,3254,Fabricación de productos farmacéuticos,0.1290966945098601,-0.8728039713185942,0.8453216910859673,0.308,0.8751764705882352
horas,sin pandemia,E1,3255,"Fabricación de pinturas, recubrimientos y adhesivos",0.0704773870608603,-1.4704189253205553,0.9171593648961684,0.115,0.8533846153846155
horas,sin pandemia,E1,3256,"Fabricación de jabones, limpiadores y preparaciones de tocador",0.2434658656862863,-0.3031893808339909,0.8827321950405108,0.722,0.884225352112676
horas,sin pandemia,E1,3259,Fabricación de otros productos químicos,0.3514735701280596,-2.3452970848456935,1.308411342760501,0.071,0.8533846153846155
horas,sin pandemia,E1,3261,Fabricación de productos de plástico,0.2303591490643638,-0.6950071540758943,0.8382570906098961,0.406,0.8751764705882352
horas,sin pandemia,E1,3262,Fabricación de productos de hule,0.4171737487232005,-1.0123662165724177,1.178664916477456,0.391,0.8751764705882352
horas,sin pandemia,E1,3271,Fabricación de productos a base de arcillas y minerales refractarios,0.3488287256548686,0.1720822457306549,1.048404038373225,0.868,0.9523703703703703
horas,sin pandemia,E1,3272,Fabricación de vidrio y productos de vidrio,0.272472982882299,-0.35284203178695056,0.615228143938213,0.573,0.8751764705882352
horas,sin pandemia,E1,3273,Fabricación de cemento y productos de concreto,0.0343074151008847,-1.0873346455610455,1.186685354667829,0.344,0.8751764705882352
horas,sin pandemia,E1,3274,"Fabricación de cal, yeso y productos de yeso",0.1199075903205221,-0.8357903672332221,0.6862673711488356,0.218,0.8751764705882352
horas,sin pandemia,E1,3279,Fabricación de otros productos a base de minerales no metálicos,0.2243733059375072,-6.207280651064234,2.4491703792295643,0.014,0.8533846153846155
horas,sin pandemia,E1,3311,Industria básica del hierro y del acero,0.279574215702268,1.201286004092141,2.2677807308650997,0.587,0.8751764705882352
horas,sin pandemia,E1,3312,Fabricación de productos de hierro y acero,0.0669975578374552,-1.0393189198709054,0.9478201727921065,0.271,0.8751764705882352
horas,sin pandemia,E1,3313,Industria básica del aluminio,0.2650002880058719,-0.14051437909716036,1.1175199418031925,0.897,0.9523703703703703
horas,sin pandemia,E1,3314,"Industrias de metales no ferrosos, excepto aluminio",0.4934732886739018,-0.5287370642210998,0.9068288665101448,0.541,0.8751764705882352
horas,sin pandemia,E1,3315,Moldeo por fundición de piezas metálicas,0.0974402319506194,-1.4081758131968378,1.1904369656615859,0.241,0.8751764705882352
horas,sin pandemia,E1,3321,Fabricación de productos metálicos forjados y troquelados,0.4526204884780047,-0.04148177653940537,1.6040443749399427,0.978,0.99
horas,sin pandemia,E1,3322,Fabricación de herramientas de mano sin motor y utensilios de cocina metálicos,0.4783144421423179,-1.328466347821098,1.1947424519168537,0.25,0.8751764705882352
horas,sin pandemia,E1,3323,Fabricación de estructuras metálicas y productos de herrería,0.2249299265714363,-0.5347988832611368,0.8469782876352361,0.532,0.8751764705882352
horas,sin pandemia,E1,3324,"Fabricación de calderas, tanques y envases metálicos",0.2575554192946691,-0.5128355397122846,1.2509592554983175,0.672,0.8751764705882352
horas,sin pandemia,E1,3325,Fabricación de herrajes y cerraduras,0.8134327973740351,-1.5053873204797654,1.3244829882738063,0.259,0.8751764705882352
horas,sin pandemia,E1,3326,"Fabricación de alambre, productos de alambre y resortes",0.3138914060002775,-2.0413424109172738,1.1754737297033377,0.084,0.8533846153846155
horas,sin pandemia,E1,3327,Maquinado de piezas y fabricación de tornillos,0.1233232283296124,-1.827762146248712,0.9648576117809465,0.068,0.8533846153846155
horas,sin pandemia,E1,3328,Recubrimientos y terminados metálicos,0.1588822707072484,-0.4990885100994244,1.0084519996203134,0.631,0.8751764705882352
horas,sin pandemia,E1,3329,Fabricación de otros productos metálicos,0.6293046757254936,-0.9204283596267228,0.9237206013168493,0.304,0.8751764705882352
horas,sin pandemia,E1,3331,"Fabricación de maquinaria y equipo agropecuario, para la construcción y para la industria extractiva",0.519899184727109,-2.390469341826163,1.9906343246037734,0.221,0.8751764705882352
horas,sin pandemia,E1,3332,"Fabricación de maquinaria y equipo para las industrias manufactureras, excepto la metalmecánica",0.6992566972513394,-1.89786281629708,1.0944619312738901,0.076,0.8533846153846155
horas,sin pandemia,E1,3333,Fabricación de maquinaria y equipo para el comercio y los servicios,0.8664849575372038,-2.5381411033951458,1.9597858246394622,0.172,0.8751764705882352
horas,sin pandemia,E1,3334,"Fabricación de equipo de aire acondicionado, calefacción, y de refrigeración industrial y comercial",0.8482017522901368,-1.1649523917382598,1.5164610530274913,0.448,0.8751764705882352
horas,sin pandemia,E1,3335,Fabricación de maquinaria y equipo para la industria metalmecánica,0.6052735791408839,-1.1981724837704184,1.7695941671969129,0.507,0.8751764705882352
horas,sin pandemia,E1,3336,"Fabricación de motores de combustión interna, turbinas y transmisiones",0.8385248456652771,-1.4906312455897401,1.9634789255706104,0.436,0.8751764705882352
horas,sin pandemia,E1,3339,Fabricación de otra maquinaria y equipo para la industria en general,0.6417221502759753,-1.9660722003602082,1.3283925925282656,0.129,0.8533846153846155
horas,sin pandemia,E1,3341,Fabricación de computadoras y equipo periférico,0.7847307234340066,-0.5032957558053587,1.3559674567743691,0.72,0.884225352112676
horas,sin pandemia,E1,3342,Fabricación de equipo de comunicación,0.895054776922478,3.4852891671133652,2.5155234013006305,0.155,0.8751764705882352
horas,sin pandemia,E1,3343,Fabricación de equipo de audio y de video,0.9478363435009872,-0.6843244567681357,1.3397592001028833,0.599,0.8751764705882352
horas,sin pandemia,E1,3344,Fabricación de componentes electrónicos,0.4744887481943934,-0.6134559637799715,1.2853723494734206,0.643,0.8751764705882352
horas,sin pandemia,E1,3345,"Fabricación de instrumentos de medición, control, navegación, y equipo médico electrónico",0.9203173609236356,-0.9586092320573759,1.1932491191243555,0.394,0.8751764705882352
horas,sin pandemia,E1,3346,Fabricación y reproducción de medios magnéticos y ópticos,0.6054992436078728,1.4173314897192602,2.1308452705605845,0.503,0.8751764705882352
horas,sin pandemia,E1,3351,Fabricación de accesorios de iluminación,0.831395116765869,-2.7976598298373663,1.2992728831730689,0.033,0.8533846153846155
horas,sin pandemia,E1,3352,Fabricación de aparatos eléctricos de uso doméstico,0.3900028883753999,0.5933202757812813,1.648199704161903,0.73,0.884225352112676
horas,sin pandemia,E1,3353,Fabricación de equipo de generación y distribución de energía eléctrica,0.8989208694711824,-1.463337546140884,1.1379413852527198,0.196,0.8751764705882352
horas,sin pandemia,E1,3359,Fabricación de otros equipos y accesorios eléctricos,0.7464127593691879,0.0430800040428734,1.2950455463785957,0.982,0.99
horas,sin pandemia,E1,3361,Fabricación de automóviles y camiones,0.6801529750236635,-1.1615498540334164,1.8146383531745793,0.519,0.8751764705882352
horas,sin pandemia,E1,3362,Fabricación de carrocerías y remolques,0.4826387565231524,-2.0077332694326646,2.0336699780427536,0.319,0.8751764705882352
horas,sin pandemia,E1,3363,Fabricación de partes para vehículos automotores,0.5296068171162411,-2.506124985114842,1.3094189077241885,0.061,0.8533846153846155
horas,sin pandemia,E1,3364,Fabricación de equipo aeroespacial,0.9896704181454756,-2.2388496150222217,1.7528360406520815,0.2,0.8751764705882352
horas,sin pandemia,E1,3365,Fabricación de equipo ferroviario,0.8018618332294466,-2.492505931040424,3.3857103366844727,0.46,0.8751764705882352
horas,sin pandemia,E1,3366,Fabricación de embarcaciones,0.5822911532336551,2.6217531231249738,5.339437919976859,0.628,0.8751764705882352
horas,sin pandemia,E1,3369,Fabricación de otro equipo de transporte,0.6740711386128929,-0.7100839782925066,1.7979655341640477,0.691,0.8751764705882352
horas,sin pandemia,E1,3371,"Fabricación de muebles, excepto de oficina y estantería",0.3642278188643361,-0.008982450929808294,1.0906895972029464,0.99,0.99
horas,sin pandemia,E1,3372,Fabricación de muebles de oficina y estantería,0.2214380514733216,-2.184746830086858,1.3856060613421695,0.115,0.8533846153846155
horas,sin pandemia,E1,3379,"Fabricación de colchones, persianas y cortineros",0.3523025337449802,0.7778383074676125,1.3732379666880543,0.552,0.8751764705882352
horas,sin pandemia,E1,3391,"Fabricación de equipo no electrónico y material desechable de uso médico, dental y para laboratorio, y artículos oftálmicos",0.7835186733412709,-0.2527321314079966,0.7984278290804263,0.773,0.8921066666666667
horas,sin pandemia,E1,3399,Otras industrias manufactureras,0.618987370047973,0.2122061547584782,1.111516333237573,0.843,0.9415324675324674
horas,completa,E1,3111,Elaboración de alimentos para animales,0.02886946578166,-0.08651363428254098,0.6721525953127319,0.896,0.9173333333333333
horas,completa,E1,3112,Molienda de granos y de semillas y obtención de aceites y grasas,0.0609807080676099,-0.15556725179320494,0.5114406232021768,0.771,0.8288249999999999
horas,completa,E1,3113,"Elaboración de azúcares, chocolates, dulces y similares",0.2016423568218791,-1.8247410863625997,1.0136037473771315,0.077,0.2752
horas,completa,E1,3114,"Conservación de frutas, verduras, guisos y otros alimentos preparados",0.3156513149608729,-0.8447820517429752,0.6136890794503713,0.175,0.3796585365853658
horas,completa,E1,3115,Elaboración de productos lácteos,0.0498313429839448,-0.3691776782438671,0.546573889749469,0.49,0.6483076923076924
horas,completa,E1,3116,"Matanza, empacado y procesamiento de carne de ganado, aves y otros animales comestibles",0.044361709007407,-0.32214093026727353,0.5228869902153895,0.528,0.6880000000000001
horas,completa,E1,3117,Preparación y envasado de pescados y mariscos,0.7478643561015712,0.5313113580692003,1.3395444316794232,0.696,0.7729113924050632
horas,completa,E1,3118,Elaboración de productos de panadería y tortillas,0.043199849411286,0.05950071665864819,0.45204920993686043,0.887,0.9173333333333333
horas,completa,E1,3119,Otras industrias alimentarias,0.1089707298904361,-1.5287317033888437,0.5926671949510143,0.013,0.17861538461538462
horas,completa,E1,3121,Industria de las bebidas,0.2419442465750293,-0.3004756096617389,0.5375899566935375,0.611,0.7182162162162161
horas,completa,E1,3122,Industria del tabaco,0.1071479040489181,-1.3075558011259063,1.0205017432258994,0.2,0.4095238095238095
horas,completa,E1,3131,"Preparación e hilado de fibras textiles, y fabricación de hilos",0.2001267979454507,-3.659849845932514,2.568285003292073,0.16,0.36436842105263156
horas,completa,E1,3132,Fabricación de telas,0.1336042055792961,-3.096159597768843,1.7867641815342867,0.079,0.2752
horas,completa,E1,3133,Acabado de productos textiles y fabricación de telas recubiertas,0.3062290364360683,0.4002327257465026,1.8928530562188408,0.836,0.8778292682926829
horas,completa,E1,3141,"Confección de alfombras, blancos y similares",0.5072465584471345,-3.468399649633639,2.2958832272157945,0.139,0.34154285714285715
horas,completa,E1,3149,"Fabricación de otros productos textiles, excepto prendas de vestir",0.3944218335152466,-0.5448463076372558,1.034172462024568,0.614,0.7182162162162161
horas,completa,E1,3151,Fabricación de prendas de vestir de tejido de punto,0.3365154443339868,-2.421670930450401,1.5914676316014447,0.121,0.3153333333333333
horas,completa,E1,3152,Confección de prendas de vestir,0.4259861529321015,-2.0546922620800276,0.9861567303678157,0.034,0.18812500000000001
horas,completa,E1,3159,Confección de accesorios de vestir y otras prendas de vestir no clasificados en otra parte,0.6664841032423205,-2.8561443074278494,1.734541766327545,0.1,0.3071428571428571
horas,completa,E1,3161,Curtido y acabado de cuero y piel,0.262669438610518,0.09225516932583033,1.5726347625659798,0.953,0.953
horas,completa,E1,3162,Fabricación de calzado,0.1604241815757467,-3.4947805406569756,1.6528449467616084,0.035,0.18812500000000001
horas,completa,E1,3169,"Fabricación de otros productos de cuero, piel y materiales sucedáneos",0.6136094363212712,-1.068829683060346,1.103215374755493,0.343,0.5145666666666666
horas,completa,E1,3211,Aserrado y conservación de la madera,0.0034917286527276,-2.231901485612212,1.4485315983661085,0.116,0.3153333333333333
horas,completa,E1,3212,Fabricación de laminados y aglutinados de madera,0.0775332943220637,-2.100021688426342,0.9990163461993312,0.041,0.19010526315789475
horas,completa,E1,3219,Fabricación de otros productos de madera,0.1827036170504173,-1.3312045011181888,0.9547106931996313,0.161,0.36436842105263156
horas,completa,E1,3221,"Fabricación de pulpa, papel y cartón",0.0619018679380005,-0.3967040378917052,0.44650483293165977,0.356,0.5145666666666666
horas,completa,E1,3222,Fabricación de productos de cartón y papel,0.1574973850413846,-1.051711740610509,0.671346607746653,0.109,0.31246666666666667
horas,completa,E1,3231,Impresión e industrias conexas,0.1024504665734745,-2.449271608104914,1.0778664242402562,0.022,0.17861538461538462
horas,completa,E1,3241,Fabricación de productos derivados del petróleo y del carbón,0.0588949583065286,-0.05574652709570088,0.5770273857224462,0.932,0.9429647058823529
horas,completa,E1,3251,Fabricación de productos químicos básicos,0.135778270214786,0.26384112746812555,0.671809383661542,0.702,0.7729113924050632
horas,completa,E1,3252,"Fabricación de resinas y hules sintéticos, y fibras químicas",0.3119319594154858,-0.4096104242228178,0.81081620270505,0.605,0.7182162162162161
horas,completa,E1,3253,"Fabricación de fertilizantes, pesticidas y otros agroquímicos",0.1679807884786191,-1.1279057946843318,0.9274326294875141,0.232,0.42648979591836733
horas,completa,E1,3254,Fabricación de productos farmacéuticos,0.1290966945098601,-0.6792758047932019,0.7374299466487412,0.37,0.5216393442622951
horas,completa,E1,3255,"Fabricación de pinturas, recubrimientos y adhesivos",0.0704773870608603,-1.8566505842210133,0.8133082818756845,0.026,0.17861538461538462
horas,completa,E1,3256,"Fabricación de jabones, limpiadores y preparaciones de tocador",0.2434658656862863,-0.4458310769287573,0.7357482483736922,0.553,0.6993823529411766
horas,completa,E1,3259,Fabricación de otros productos químicos,0.3514735701280596,-1.8554867513939324,1.1583853791971055,0.119,0.3153333333333333
horas,completa,E1,3261,Fabricación de productos de plástico,0.2303591490643638,-1.276481859756066,0.7381488208683804,0.093,0.3071428571428571
horas,completa,E1,3262,Fabricación de productos de hule,0.4171737487232005,-2.671023209940598,1.1629568300901418,0.027,0.17861538461538462
horas,completa,E1,3271,Fabricación de productos a base de arcillas y minerales refractarios,0.3488287256548686,-0.4603805962671849,0.8271633882687904,0.569,0.702742857142857
horas,completa,E1,3272,Fabricación de vidrio y productos de vidrio,0.272472982882299,-0.5134769996445668,0.508109691068025,0.329,0.5145666666666666
horas,completa,E1,3273,Fabricación de cemento y productos de concreto,0.0343074151008847,-1.3316257086830487,0.9276902761271618,0.148,0.35355555555555557
horas,completa,E1,3274,"Fabricación de cal, yeso y productos de yeso",0.1199075903205221,-0.45936838746469505,0.5822539942807485,0.444,0.606095238095238
horas,completa,E1,3279,Fabricación de otros productos a base de minerales no metálicos,0.2243733059375072,-5.823252840313263,2.013874731714801,0.007,0.17861538461538462
horas,completa,E1,3311,Industria básica del hierro y del acero,0.279574215702268,0.6726690237667103,1.7891425318650547,0.71,0.7729113924050632
horas,completa,E1,3312,Fabricación de productos de hierro y acero,0.0669975578374552,-0.6754940074844489,0.7510382087996935,0.359,0.5145666666666666
horas,completa,E1,3313,Industria básica del aluminio,0.2650002880058719,-1.0740949057295412,1.1851631226752868,0.358,0.5145666666666666
horas,completa,E1,3314,"Industrias de metales no ferrosos, excepto aluminio",0.4934732886739018,-0.5169979196470068,0.8670796813298217,0.572,0.702742857142857
horas,completa,E1,3315,Moldeo por fundición de piezas metálicas,0.0974402319506194,-2.6891609760604207,1.1707594893213928,0.018,0.17861538461538462
horas,completa,E1,3321,Fabricación de productos metálicos forjados y troquelados,0.4526204884780047,-1.510681363894427,1.2654447287305586,0.24,0.42648979591836733
horas,completa,E1,3322,Fabricación de herramientas de mano sin motor y utensilios de cocina metálicos,0.4783144421423179,-1.2483710060612232,1.070256104296244,0.234,0.42648979591836733
horas,completa,E1,3323,Fabricación de estructuras metálicas y productos de herrería,0.2249299265714363,-1.3763921101792957,0.7264812449751401,0.064,0.2501818181818182
horas,completa,E1,3324,"Fabricación de calderas, tanques y envases metálicos",0.2575554192946691,-0.49818076261771554,0.9968224959030427,0.618,0.7182162162162161
horas,completa,E1,3325,Fabricación de herrajes y cerraduras,0.8134327973740351,-1.474421488320242,1.0893378203536899,0.181,0.3796585365853658
horas,completa,E1,3326,"Fabricación de alambre, productos de alambre y resortes",0.3138914060002775,-3.028658360356576,1.175544234168152,0.009,0.17861538461538462
horas,completa,E1,3327,Maquinado de piezas y fabricación de tornillos,0.1233232283296124,-1.7684528458117732,0.9396856726310431,0.063,0.2501818181818182
horas,completa,E1,3328,Recubrimientos y terminados metálicos,0.1588822707072484,-1.8751235730246139,1.0786855851074972,0.08,0.2752
horas,completa,E1,3329,Fabricación de otros productos metálicos,0.6293046757254936,-2.1809082055834086,0.9349096743119313,0.021,0.17861538461538462
horas,completa,E1,3331,"Fabricación de maquinaria y equipo agropecuario, para la construcción y para la industria extractiva",0.519899184727109,-4.273228437646343,1.8237844363834634,0.018,0.17861538461538462
horas,completa,E1,3332,"Fabricación de maquinaria y equipo para las industrias manufactureras, excepto la metalmecánica",0.6992566972513394,-2.1291696513282754,0.9433138889938504,0.018,0.17861538461538462
horas,completa,E1,3333,Fabricación de maquinaria y equipo para el comercio y los servicios,0.8664849575372038,-4.06162168887543,1.8913759490429076,0.03,0.1842857142857143
horas,completa,E1,3334,"Fabricación de equipo de aire acondicionado, calefacción, y de refrigeración industrial y comercial",0.8482017522901368,-2.256696172104825,1.3708885745561041,0.099,0.3071428571428571
horas,completa,E1,3335,Fabricación de maquinaria y equipo para la industria metalmecánica,0.6052735791408839,-2.1501952169355625,1.9174359059422479,0.265,0.45480769230769236
horas,completa,E1,3336,"Fabricación de motores de combustión interna, turbinas y transmisiones",0.8385248456652771,-4.156276433960665,2.045763141760598,0.042,0.19010526315789475
horas,completa,E1,3339,Fabricación de otra maquinaria y equipo para la industria en general,0.6417221502759753,-2.1768897317743656,1.090757209287741,0.045,0.19349999999999998
horas,completa,E1,3341,Fabricación de computadoras y equipo periférico,0.7847307234340066,0.33771543460282777,1.5642296763020993,0.837,0.8778292682926829
horas,completa,E1,3342,Fabricación de equipo de comunicación,0.895054776922478,0.7956394236063705,2.166127076565536,0.693,0.7729113924050632
horas,completa,E1,3343,Fabricación de equipo de audio y de video,0.9478363435009872,-0.7633397554216401,1.0919705970311846,0.486,0.6483076923076924
horas,completa,E1,3344,Fabricación de componentes electrónicos,0.4744887481943934,-1.4000859909257437,1.0303404511969119,0.177,0.3796585365853658
horas,completa,E1,3345,"Fabricación de instrumentos de medición, control, navegación, y equipo médico electrónico",0.9203173609236356,-1.65689334480069,1.0936641247809595,0.13,0.3288235294117647
horas,completa,E1,3346,Fabricación y reproducción de medios magnéticos y ópticos,0.6054992436078728,2.0229500449877182,1.7181946418196006,0.24,0.42648979591836733
horas,completa,E1,3351,Fabricación de accesorios de iluminación,0.831395116765869,-2.3033398778686043,1.4273122480401623,0.108,0.31246666666666667
horas,completa,E1,3352,Fabricación de aparatos eléctricos de uso doméstico,0.3900028883753999,-1.670820261165498,1.5333248384214648,0.275,0.45480769230769236
horas,completa,E1,3353,Fabricación de equipo de generación y distribución de energía eléctrica,0.8989208694711824,-2.3083250470351437,1.0005671540547858,0.025,0.17861538461538462
horas,completa,E1,3359,Fabricación de otros equipos y accesorios eléctricos,0.7464127593691879,-1.5614010909109275,1.214948706881134,0.217,0.4241363636363636
horas,completa,E1,3361,Fabricación de automóviles y camiones,0.6801529750236635,-1.4840774763607172,1.483238186315255,0.323,0.5145666666666666
horas,completa,E1,3362,Fabricación de carrocerías y remolques,0.4826387565231524,-4.260971522789633,2.078073596903244,0.042,0.19010526315789475
horas,completa,E1,3363,Fabricación de partes para vehículos automotores,0.5296068171162411,-2.544934704985414,1.0813204178386524,0.02,0.17861538461538462
horas,completa,E1,3364,Fabricación de equipo aeroespacial,0.9896704181454756,-1.3087329837693098,1.6055111303873937,0.415,0.5756451612903225
horas,completa,E1,3365,Fabricación de equipo ferroviario,0.8018618332294466,-2.2677023245267858,3.6609323400046083,0.538,0.6905671641791045
horas,completa,E1,3366,Fabricación de embarcaciones,0.5822911532336551,2.22835855623993,4.828176773366887,0.649,0.7441866666666667
horas,completa,E1,3369,Fabricación de otro equipo de transporte,0.6740711386128929,-2.36860130273083,2.105548083942085,0.27,0.45480769230769236
horas,completa,E1,3371,"Fabricación de muebles, excepto de oficina y estantería",0.3642278188643361,-1.4794216543748406,1.2928509831608768,0.243,0.42648979591836733
horas,completa,E1,3372,Fabricación de muebles de oficina y estantería,0.2214380514733216,-4.05214761313707,1.3258066918533167,0.001,0.08600000000000001
horas,completa,E1,3379,"Fabricación de colchones, persianas y cortineros",0.3523025337449802,-1.305098853609043,1.3753843517594162,0.337,0.5145666666666666
horas,completa,E1,3391,"Fabricación de equipo no electrónico y material desechable de uso médico, dental y para laboratorio, y artículos oftálmicos",0.7835186733412709,-0.7621870410448678,0.6048342402192949,0.211,0.42200000000000004
horas,completa,E1,3399,Otras industrias manufactureras,0.618987370047973,-0.9771482695627127,1.022186929701311,0.345,0.5145666666666666
exportaciones,sin pandemia,T0,3111,Elaboración de alimentos para animales,0.02886946578166,-2.807267208259745,3.8184663354133757,0.47,1.0
exportaciones,sin pandemia,T0,3112,Molienda de granos y de semillas y obtención de aceites y grasas,0.0609807080676099,-1.9587888336477879,2.313932657616524,0.382,1.0
exportaciones,sin pandemia,T0,3113,"Elaboración de azúcares, chocolates, dulces y similares",0.2016423568218791,4.521050650693201,4.806520753686906,0.341,1.0
exportaciones,sin pandemia,T0,3114,"Conservación de frutas, verduras, guisos y otros alimentos preparados",0.3156513149608729,-1.2380065156454092,2.505005567950099,0.637,1.0
exportaciones,sin pandemia,T0,3115,Elaboración de productos lácteos,0.0498313429839448,-3.436673872276351,3.7626164786636185,0.355,1.0
exportaciones,sin pandemia,T0,3116,"Matanza, empacado y procesamiento de carne de ganado, aves y otros animales comestibles",0.044361709007407,4.729801931093703,2.8590258702047575,0.103,1.0
exportaciones,sin pandemia,T0,3117,Preparación y envasado de pescados y mariscos,0.7478643561015712,-2.5377404712469978,5.8627459925076035,0.66,1.0
exportaciones,sin pandemia,T0,3118,Elaboración de productos de panadería y tortillas,0.043199849411286,-0.28873358432129537,2.810204484829086,0.922,1.0
exportaciones,sin pandemia,T0,3119,Otras industrias alimentarias,0.1089707298904361,-3.7062601686773644,2.2222786608763556,0.1,1.0
exportaciones,sin pandemia,T0,3121,Industria de las bebidas,0.2419442465750293,-0.5728562303343485,2.8999377912844984,0.844,1.0
exportaciones,sin pandemia,T0,3122,Industria del tabaco,0.1071479040489181,3.492735868501355,5.484174115687202,0.525,1.0
exportaciones,sin pandemia,T0,3131,"Preparación e hilado de fibras textiles, y fabricación de hilos",0.2001267979454507,0.8856329683280993,3.3754223158369854,0.799,1.0
exportaciones,sin pandemia,T0,3132,Fabricación de telas,0.1336042055792961,-7.233042866746422,3.3066043474411617,0.026,0.8313333333333334
exportaciones,sin pandemia,T0,3133,Acabado de productos textiles y fabricación de telas recubiertas,0.3062290364360683,-2.157488451946234,2.8744189371306343,0.43,1.0
exportaciones,sin pandemia,T0,3141,"Confección de alfombras, blancos y similares",0.5072465584471345,0.20014842357531681,2.980111378985518,0.945,1.0
exportaciones,sin pandemia,T0,3149,"Fabricación de otros productos textiles, excepto prendas de vestir",0.3944218335152466,0.9756615303070492,2.9576146148191294,0.722,1.0
exportaciones,sin pandemia,T0,3151,Fabricación de prendas de vestir de tejido de punto,0.3365154443339868,-1.7596734382028745,4.396071192462847,0.681,1.0
exportaciones,sin pandemia,T0,3152,Confección de prendas de vestir,0.4259861529321015,-1.1915686458212578,3.2364528127392846,0.715,1.0
exportaciones,sin pandemia,T0,3159,Confección de accesorios de vestir y otras prendas de vestir no clasificados en otra parte,0.6664841032423205,2.416507890642742,3.0833308293180406,0.422,1.0
exportaciones,sin pandemia,T0,3161,Curtido y acabado de cuero y piel,0.262669438610518,-0.79994763738879,3.8437694227513086,0.831,1.0
exportaciones,sin pandemia,T0,3162,Fabricación de calzado,0.1604241815757467,-2.631929379502766,3.923432460159912,0.507,1.0
exportaciones,sin pandemia,T0,3169,"Fabricación de otros productos de cuero, piel y materiales sucedáneos",0.6136094363212712,1.698040218874017,4.417650531848424,0.697,1.0
exportaciones,sin pandemia,T0,3211,Aserrado y conservación de la madera,0.0034917286527276,-1.1120179587439925,6.645809792309905,0.863,1.0
exportaciones,sin pandemia,T0,3212,Fabricación de laminados y aglutinados de madera,0.0775332943220637,0.42574781005003115,5.684581775402237,0.929,1.0
exportaciones,sin pandemia,T0,3219,Fabricación de otros productos de madera,0.1827036170504173,-0.0029642648683183854,2.8311560178435777,1.0,1.0
exportaciones,sin pandemia,T0,3221,"Fabricación de pulpa, papel y cartón",0.0619018679380005,-3.186503408264093,4.7090179035294755,0.503,1.0
exportaciones,sin pandemia,T0,3222,Fabricación de productos de cartón y papel,0.1574973850413846,-1.6236272443647215,2.4224199530198347,0.516,1.0
exportaciones,sin pandemia,T0,3231,Impresión e industrias conexas,0.1024504665734745,-2.2771186381869373,2.6239782524882576,0.396,1.0
exportaciones,sin pandemia,T0,3241,Fabricación de productos derivados del petróleo y del carbón,0.0588949583065286,-1.8762931962812508,6.424599183251239,0.772,1.0
exportaciones,sin pandemia,T0,3251,Fabricación de productos químicos básicos,0.135778270214786,-0.9337835058273215,3.077714321429575,0.76,1.0
exportaciones,sin pandemia,T0,3252,"Fabricación de resinas y hules sintéticos, y fibras químicas",0.3119319594154858,-4.5822486128553175,3.9260051304082126,0.256,1.0
exportaciones,sin pandemia,T0,3253,"Fabricación de fertilizantes, pesticidas y otros agroquímicos",0.1679807884786191,-3.139460119471015,6.878127442632307,0.645,1.0
exportaciones,sin pandemia,T0,3254,Fabricación de productos farmacéuticos,0.1290966945098601,-3.209413471258591,3.5683740452151618,0.361,1.0
exportaciones,sin pandemia,T0,3255,"Fabricación de pinturas, recubrimientos y adhesivos",0.0704773870608603,-0.5528359239879784,2.415291120642604,0.813,1.0
exportaciones,sin pandemia,T0,3256,"Fabricación de jabones, limpiadores y preparaciones de tocador",0.2434658656862863,-0.8036440627192696,2.067510138185827,0.692,1.0
exportaciones,sin pandemia,T0,3259,Fabricación de otros productos químicos,0.3514735701280596,-3.5271906564616455,2.2707918923965105,0.113,1.0
exportaciones,sin pandemia,T0,3261,Fabricación de productos de plástico,0.2303591490643638,0.012667541828352644,2.1855981727640574,0.997,1.0
exportaciones,sin pandemia,T0,3262,Fabricación de productos de hule,0.4171737487232005,-0.9304138501267959,2.0418498865506116,0.675,1.0
exportaciones,sin pandemia,T0,3271,Fabricación de productos a base de arcillas y minerales refractarios,0.3488287256548686,-5.348902958816061,3.1183590278885056,0.101,1.0
exportaciones,sin pandemia,T0,3272,Fabricación de vidrio y productos de vidrio,0.272472982882299,-3.2027029137100946,2.112438050917802,0.126,1.0
exportaciones,sin pandemia,T0,3273,Fabricación de cemento y productos de concreto,0.0343074151008847,-1.1819963191269802,2.470219376027207,0.622,1.0
exportaciones,sin pandemia,T0,3274,"Fabricación de cal, yeso y productos de yeso",0.1199075903205221,-3.4884742122691144,2.4438510776260345,0.163,1.0
exportaciones,sin pandemia,T0,3279,Fabricación de otros productos a base de minerales no metálicos,0.2243733059375072,-1.6275151879690803,3.096483352631321,0.62,1.0
exportaciones,sin pandemia,T0,3311,Industria básica del hierro y del acero,0.279574215702268,-3.898050012619224,3.9072391813918856,0.324,1.0
exportaciones,sin pandemia,T0,3312,Fabricación de productos de hierro y acero,0.0669975578374552,-6.9313563182682145,5.994581301903038,0.249,1.0
exportaciones,sin pandemia,T0,3313,Industria básica del aluminio,0.2650002880058719,-5.859801573843043,3.698222919335511,0.119,1.0
exportaciones,sin pandemia,T0,3314,"Industrias de metales no ferrosos, excepto aluminio",0.4934732886739018,5.333131907755814,3.9067601212959135,0.177,1.0
exportaciones,sin pandemia,T0,3315,Moldeo por fundición de piezas metálicas,0.0974402319506194,-8.283249195850614,3.83585766126508,0.028,0.8313333333333334
exportaciones,sin pandemia,T0,3321,Fabricación de productos metálicos forjados y troquelados,0.4526204884780047,-4.559720959028868,2.6487798925290367,0.077,1.0
exportaciones,sin pandemia,T0,3322,Fabricación de herramientas de mano sin motor y utensilios de cocina metálicos,0.4783144421423179,2.347149439641076,2.6932695051312803,0.385,1.0
exportaciones,sin pandemia,T0,3323,Fabricación de estructuras metálicas y productos de herrería,0.2249299265714363,-0.5300647164398282,4.131634528932251,0.907,1.0
exportaciones,sin pandemia,T0,3324,"Fabricación de calderas, tanques y envases metálicos",0.2575554192946691,-2.309940777566562,3.921327262058834,0.55,1.0
exportaciones,sin pandemia,T0,3325,Fabricación de herrajes y cerraduras,0.8134327973740351,-0.42934922515850277,2.28360966210425,0.841,1.0
exportaciones,sin pandemia,T0,3326,"Fabricación de alambre, productos de alambre y resortes",0.3138914060002775,0.42406290336939895,3.239876399245944,0.898,1.0
exportaciones,sin pandemia,T0,3327,Maquinado de piezas y fabricación de tornillos,0.1233232283296124,0.4928530257019642,3.0764196522302694,0.856,1.0
exportaciones,sin pandemia,T0,3328,Recubrimientos y terminados metálicos,0.1588822707072484,-9.839473212451864,7.463039846213379,0.183,1.0
exportaciones,sin pandemia,T0,3329,Fabricación de otros productos metálicos,0.6293046757254936,-0.4307997828340984,2.4353782206502523,0.863,1.0
exportaciones,sin pandemia,T0,3331,"Fabricación de maquinaria y equipo agropecuario, para la construcción y para la industria extractiva",0.519899184727109,0.735895531181975,3.6627084703410913,0.82,1.0
exportaciones,sin pandemia,T0,3332,"Fabricación de maquinaria y equipo para las industrias manufactureras, excepto la metalmecánica",0.6992566972513394,2.0563260655163553,3.365797559302774,0.548,1.0
exportaciones,sin pandemia,T0,3333,Fabricación de maquinaria y equipo para el comercio y los servicios,0.8664849575372038,2.9931031963391863,5.4286280512984995,0.599,1.0
exportaciones,sin pandemia,T0,3334,"Fabricación de equipo de aire acondicionado, calefacción, y de refrigeración industrial y comercial",0.8482017522901368,-0.15649014272154127,4.302573092150972,0.965,1.0
exportaciones,sin pandemia,T0,3335,Fabricación de maquinaria y equipo para la industria metalmecánica,0.6052735791408839,-2.3360585498973334,3.752587305237465,0.532,1.0
exportaciones,sin pandemia,T0,3336,"Fabricación de motores de combustión interna, turbinas y transmisiones",0.8385248456652771,-1.0933370378163545,1.995161887747396,0.582,1.0
exportaciones,sin pandemia,T0,3339,Fabricación de otra maquinaria y equipo para la industria en general,0.6417221502759753,-2.787644375304499,2.8359041141131347,0.313,1.0
exportaciones,sin pandemia,T0,3341,Fabricación de computadoras y equipo periférico,0.7847307234340066,5.978923252366748,8.646563714615105,0.48,1.0
exportaciones,sin pandemia,T0,3342,Fabricación de equipo de comunicación,0.895054776922478,2.343415897959087,2.539464229605397,0.347,1.0
exportaciones,sin pandemia,T0,3343,Fabricación de equipo de audio y de video,0.9478363435009872,-2.432109861715712,4.183814262201508,0.565,1.0
exportaciones,sin pandemia,T0,3344,Fabricación de componentes electrónicos,0.4744887481943934,4.346679168603754,4.418433754661979,0.34,1.0
exportaciones,sin pandemia,T0,3345,"Fabricación de instrumentos de medición, control, navegación, y equipo médico electrónico",0.9203173609236356,-1.7931640673033145,2.2489646953111544,0.436,1.0
exportaciones,sin pandemia,T0,3346,Fabricación y reproducción de medios magnéticos y ópticos,0.6054992436078728,1.69338773488165,7.186494282683528,0.821,1.0
exportaciones,sin pandemia,T0,3351,Fabricación de accesorios de iluminación,0.831395116765869,3.1887361314792604,3.7967519715463314,0.406,1.0
exportaciones,sin pandemia,T0,3352,Fabricación de aparatos eléctricos de uso doméstico,0.3900028883753999,-2.2078415071636863,3.6925400092600613,0.544,1.0
exportaciones,sin pandemia,T0,3353,Fabricación de equipo de generación y distribución de energía eléctrica,0.8989208694711824,-1.241846004831942,2.5332031813653795,0.63,1.0
exportaciones,sin pandemia,T0,3359,Fabricación de otros equipos y accesorios eléctricos,0.7464127593691879,-0.14572383704409586,2.4785444794076446,0.955,1.0
exportaciones,sin pandemia,T0,3361,Fabricación de automóviles y camiones,0.6801529750236635,0.1888686805889741,3.3980921943133873,0.97,1.0
exportaciones,sin pandemia,T0,3362,Fabricación de carrocerías y remolques,0.4826387565231524,-2.8126211121043263,5.3269892357043345,0.592,1.0
exportaciones,sin pandemia,T0,3363,Fabricación de partes para vehículos automotores,0.5296068171162411,-2.512520311147892,2.1262667946957667,0.247,1.0
exportaciones,sin pandemia,T0,3364,Fabricación de equipo aeroespacial,0.9896704181454756,2.5379680735968178,4.217897746608344,0.58,1.0
exportaciones,sin pandemia,T0,3365,Fabricación de equipo ferroviario,0.8018618332294466,-12.935716676374653,5.888001813117811,0.029,0.8313333333333334
exportaciones,sin pandemia,T0,3366,Fabricación de embarcaciones,0.5822911532336551,13.362689129571681,9.839495024266567,0.177,1.0
exportaciones,sin pandemia,T0,3369,Fabricación de otro equipo de transporte,0.6740711386128929,-2.3813842702148755,4.650148551180982,0.605,1.0
exportaciones,sin pandemia,T0,3371,"Fabricación de muebles, excepto de oficina y estantería",0.3642278188643361,-3.966344622163747,2.777015014709808,0.162,1.0
exportaciones,sin pandemia,T0,3372,Fabricación de muebles de oficina y estantería,0.2214380514733216,-4.236908469390971,3.6198951275146682,0.243,1.0
exportaciones,sin pandemia,T0,3379,"Fabricación de colchones, persianas y cortineros",0.3523025337449802,-0.14534253708336758,4.402464738200889,0.972,1.0
exportaciones,sin pandemia,T0,3391,"Fabricación de equipo no electrónico y material desechable de uso médico, dental y para laboratorio, y artículos oftálmicos",0.7835186733412709,-0.45314003101292455,2.897802882872343,0.865,1.0
exportaciones,sin pandemia,T0,3399,Otras industrias manufactureras,0.618987370047973,-0.02915120473053843,2.8774262349611535,0.992,1.0
exportaciones,completa,T1,3111,Elaboración de alimentos para animales,0.02886946578166,-4.5729472534690405,3.1376259659513557,0.135,0.2976923076923077
exportaciones,completa,T1,3112,Molienda de granos y de semillas y obtención de aceites y grasas,0.0609807080676099,-3.105084403273096,1.9269001335061964,0.103,0.26052941176470584
exportaciones,completa,T1,3113,"Elaboración de azúcares, chocolates, dulces y similares",0.2016423568218791,-1.1830417719221042,3.2928933094877917,0.735,0.8209090909090909
exportaciones,completa,T1,3114,"Conservación de frutas, verduras, guisos y otros alimentos preparados",0.3156513149608729,-4.527716252957941,2.284180557176865,0.042,0.15704347826086956
exportaciones,completa,T1,3115,Elaboración de productos lácteos,0.0498313429839448,-3.504617468486377,4.265857117673804,0.423,0.5463529411764706
exportaciones,completa,T1,3116,"Matanza, empacado y procesamiento de carne de ganado, aves y otros animales comestibles",0.044361709007407,3.1272970297609337,3.0411492802993823,0.295,0.43741379310344825
exportaciones,completa,T1,3117,Preparación y envasado de pescados y mariscos,0.7478643561015712,-1.0736694673074019,4.88657306968028,0.838,0.8820243902439023
exportaciones,completa,T1,3118,Elaboración de productos de panadería y tortillas,0.043199849411286,-2.847891319201402,1.9852431934028796,0.159,0.318
exportaciones,completa,T1,3119,Otras industrias alimentarias,0.1089707298904361,-3.781912946581224,1.8723329767790318,0.037,0.15704347826086956
exportaciones,completa,T1,3121,Industria de las bebidas,0.2419442465750293,-4.607927810613677,2.365739419173094,0.049,0.16856000000000002
exportaciones,completa,T1,3122,Industria del tabaco,0.1071479040489181,1.3820756805016063,4.0193559881216245,0.75,0.8269230769230769
exportaciones,completa,T1,3131,"Preparación e hilado de fibras textiles, y fabricación de hilos",0.2001267979454507,-8.744996987291707,4.390939616888585,0.044,0.15766666666666665
exportaciones,completa,T1,3132,Fabricación de telas,0.1336042055792961,-11.15918482497226,3.279843666242258,0.001,0.08600000000000001
exportaciones,completa,T1,3133,Acabado de productos textiles y fabricación de telas recubiertas,0.3062290364360683,-5.298671765264499,2.49922762283157,0.032,0.15704347826086956
exportaciones,completa,T1,3141,"Confección de alfombras, blancos y similares",0.5072465584471345,-3.409851876283708,2.5862752429207947,0.171,0.32680000000000003
exportaciones,completa,T1,3149,"Fabricación de otros productos textiles, excepto prendas de vestir",0.3944218335152466,0.5260446338975939,2.7232913947438573,0.841,0.8820243902439023
exportaciones,completa,T1,3151,Fabricación de prendas de vestir de tejido de punto,0.3365154443339868,-7.211175501188211,5.069542806537789,0.151,0.318
exportaciones,completa,T1,3152,Confección de prendas de vestir,0.4259861529321015,-4.499484343101667,2.7043157948836516,0.094,0.258
exportaciones,completa,T1,3159,Confección de accesorios de vestir y otras prendas de vestir no clasificados en otra parte,0.6664841032423205,-0.9001351065430028,2.4464803008032248,0.69,0.7911999999999999
exportaciones,completa,T1,3161,Curtido y acabado de cuero y piel,0.262669438610518,-7.943634256333251,3.7234688780948506,0.034,0.15704347826086956
exportaciones,completa,T1,3162,Fabricación de calzado,0.1604241815757467,-8.028880028697014,3.4034397115409893,0.017,0.15704347826086956
exportaciones,completa,T1,3169,"Fabricación de otros productos de cuero, piel y materiales sucedáneos",0.6136094363212712,-2.7010260033698765,3.5827943455390034,0.446,0.5558840579710145
exportaciones,completa,T1,3211,Aserrado y conservación de la madera,0.0034917286527276,-6.215442655416392,5.108984989337295,0.227,0.38239285714285715
exportaciones,completa,T1,3212,Fabricación de laminados y aglutinados de madera,0.0775332943220637,-6.486719348265536,5.356203939890712,0.222,0.38183999999999996
exportaciones,completa,T1,3219,Fabricación de otros productos de madera,0.1827036170504173,-3.1942951535925412,2.7279275479245464,0.249,0.38239285714285715
exportaciones,completa,T1,3221,"Fabricación de pulpa, papel y cartón",0.0619018679380005,-0.6353825979374981,5.060307586160296,0.882,0.9138795180722892
exportaciones,completa,T1,3222,Fabricación de productos de cartón y papel,0.1574973850413846,-3.416257634620297,1.9984664126032357,0.084,0.2491034482758621
exportaciones,completa,T1,3231,Impresión e industrias conexas,0.1024504665734745,-3.468857197681806,2.272122975213813,0.128,0.2919473684210527
exportaciones,completa,T1,3241,Fabricación de productos derivados del petróleo y del carbón,0.0588949583065286,-8.06142297482718,5.1239960550583294,0.117,0.2795
exportaciones,completa,T1,3251,Fabricación de productos químicos básicos,0.135778270214786,-4.959783859710527,2.9352602091074167,0.091,0.258
exportaciones,completa,T1,3252,"Fabricación de resinas y hules sintéticos, y fibras químicas",0.3119319594154858,-6.847793515136648,4.027406308040936,0.083,0.2491034482758621
exportaciones,completa,T1,3253,"Fabricación de fertilizantes, pesticidas y otros agroquímicos",0.1679807884786191,-14.087388658544892,6.56380165272985,0.031,0.15704347826086956
exportaciones,completa,T1,3254,Fabricación de productos farmacéuticos,0.1290966945098601,-4.207876298910566,3.6706485280930212,0.248,0.38239285714285715
exportaciones,completa,T1,3255,"Fabricación de pinturas, recubrimientos y adhesivos",0.0704773870608603,-5.27138957009662,2.562261405956235,0.03,0.15704347826086956
exportaciones,completa,T1,3256,"Fabricación de jabones, limpiadores y preparaciones de tocador",0.2434658656862863,-2.436786606955728,1.7526053152442564,0.175,0.32717391304347826
exportaciones,completa,T1,3259,Fabricación de otros productos químicos,0.3514735701280596,-5.258874925737998,1.946040255308942,0.007,0.1505
exportaciones,completa,T1,3261,Fabricación de productos de plástico,0.2303591490643638,-2.4358056442008382,1.9041523459456504,0.193,0.35314893617021276
exportaciones,completa,T1,3262,Fabricación de productos de hule,0.4171737487232005,-4.970470162262096,2.211173966091154,0.024,0.15704347826086956
exportaciones,completa,T1,3271,Fabricación de productos a base de arcillas y minerales refractarios,0.3488287256548686,-7.629299780570367,2.8185009363128204,0.007,0.1505
exportaciones,completa,T1,3272,Fabricación de vidrio y productos de vidrio,0.272472982882299,-5.434338329524077,1.9508290895062184,0.006,0.1505
exportaciones,completa,T1,3273,Fabricación de cemento y productos de concreto,0.0343074151008847,-2.700132456774622,2.088234384121244,0.198,0.35475000000000007
exportaciones,completa,T1,3274,"Fabricación de cal, yeso y productos de yeso",0.1199075903205221,-6.134118082075714,2.8490966196338285,0.036,0.15704347826086956
exportaciones,completa,T1,3279,Fabricación de otros productos a base de minerales no metálicos,0.2243733059375072,-5.20543276173283,2.4349927373718914,0.035,0.15704347826086956
exportaciones,completa,T1,3311,Industria básica del hierro y del acero,0.279574215702268,-8.137897047455574,5.403601455539302,0.129,0.2919473684210527
exportaciones,completa,T1,3312,Fabricación de productos de hierro y acero,0.0669975578374552,-9.02950415245091,6.50397875675551,0.166,0.3244545454545455
exportaciones,completa,T1,3313,Industria básica del aluminio,0.2650002880058719,-10.364433466551997,4.847646768929069,0.025,0.15704347826086956
exportaciones,completa,T1,3314,"Industrias de metales no ferrosos, excepto aluminio",0.4934732886739018,0.2266776451912072,3.3644245708994016,0.94,0.9399999999999998
exportaciones,completa,T1,3315,Moldeo por fundición de piezas metálicas,0.0974402319506194,-7.733079474058195,3.3234098317168006,0.018,0.15704347826086956
exportaciones,completa,T1,3321,Fabricación de productos metálicos forjados y troquelados,0.4526204884780047,-4.598752024486118,2.7528294447962733,0.096,0.258
exportaciones,completa,T1,3322,Fabricación de herramientas de mano sin motor y utensilios de cocina metálicos,0.4783144421423179,-1.0392777805891353,2.1960917996400338,0.637,0.7608611111111112
exportaciones,completa,T1,3323,Fabricación de estructuras metálicas y productos de herrería,0.2249299265714363,-2.7194014305277947,2.979196228509363,0.354,0.4910322580645161
exportaciones,completa,T1,3324,"Fabricación de calderas, tanques y envases metálicos",0.2575554192946691,-1.1615628468580608,2.8541198908357783,0.675,0.7911999999999999
exportaciones,completa,T1,3325,Fabricación de herrajes y cerraduras,0.8134327973740351,-1.8943243933296974,2.1561171262407073,0.366,0.49961904761904763
exportaciones,completa,T1,3326,"Fabricación de alambre, productos de alambre y resortes",0.3138914060002775,-2.6931039611705665,2.628507053366288,0.312,0.45477966101694917
exportaciones,completa,T1,3327,Maquinado de piezas y fabricación de tornillos,0.1233232283296124,-2.7166091268229264,2.434031378054939,0.269,0.40585964912280703
exportaciones,completa,T1,3328,Recubrimientos y terminados metálicos,0.1588822707072484,-18.93714849386973,9.30743229937808,0.042,0.15704347826086956
exportaciones,completa,T1,3329,Fabricación de otros productos metálicos,0.6293046757254936,-2.172643295793398,1.8756881512947696,0.241,0.38239285714285715
exportaciones,completa,T1,3331,"Fabricación de maquinaria y equipo agropecuario, para la construcción y para la industria extractiva",0.519899184727109,-7.471392173525867,3.199760570975461,0.025,0.15704347826086956
exportaciones,completa,T1,3332,"Fabricación de maquinaria y equipo para las industrias manufactureras, excepto la metalmecánica",0.6992566972513394,-0.7376229764710968,2.842344865850915,0.788,0.8471
exportaciones,completa,T1,3333,Fabricación de maquinaria y equipo para el comercio y los servicios,0.8664849575372038,1.760562448634622,4.735901224059423,0.728,0.8209090909090909
exportaciones,completa,T1,3334,"Fabricación de equipo de aire acondicionado, calefacción, y de refrigeración industrial y comercial",0.8482017522901368,-2.6704360088470582,3.32906640665809,0.416,0.5463529411764706
exportaciones,completa,T1,3335,Fabricación de maquinaria y equipo para la industria metalmecánica,0.6052735791408839,-1.9983133576289558,2.955571332626824,0.483,0.5933999999999999
exportaciones,completa,T1,3336,"Fabricación de motores de combustión interna, turbinas y transmisiones",0.8385248456652771,-4.136331470508188,2.2244249261567215,0.065,0.20703703703703702
exportaciones,completa,T1,3339,Fabricación de otra maquinaria y equipo para la industria en general,0.6417221502759753,-5.476007762726634,2.524352941353205,0.034,0.15704347826086956
exportaciones,completa,T1,3341,Fabricación de computadoras y equipo periférico,0.7847307234340066,11.053244057103385,7.650056455553723,0.157,0.318
exportaciones,completa,T1,3342,Fabricación de equipo de comunicación,0.895054776922478,1.8285056024755073,1.995678697661967,0.372,0.499875
exportaciones,completa,T1,3343,Fabricación de equipo de audio y de video,0.9478363435009872,-0.39920579420152713,3.5071502427832066,0.909,0.9306428571428572
exportaciones,completa,T1,3344,Fabricación de componentes electrónicos,0.4744887481943934,2.5192920507365226,3.305694398626699,0.427,0.5463529411764706
exportaciones,completa,T1,3345,"Fabricación de instrumentos de medición, control, navegación, y equipo médico electrónico",0.9203173609236356,-2.0296741865216257,1.7656185277339174,0.243,0.38239285714285715
exportaciones,completa,T1,3346,Fabricación y reproducción de medios magnéticos y ópticos,0.6054992436078728,1.4552318820987202,5.144274858090243,0.778,0.8469367088607596
exportaciones,completa,T1,3351,Fabricación de accesorios de iluminación,0.831395116765869,-1.2549246132148302,3.076947183695886,0.69,0.7911999999999999
exportaciones,completa,T1,3352,Fabricación de aparatos eléctricos de uso doméstico,0.3900028883753999,-5.500803932674258,2.842963017823801,0.056,0.18523076923076923
exportaciones,completa,T1,3353,Fabricación de equipo de generación y distribución de energía eléctrica,0.8989208694711824,-3.2048181731528054,2.005912356391533,0.109,0.26782857142857147
exportaciones,completa,T1,3359,Fabricación de otros equipos y accesorios eléctricos,0.7464127593691879,-2.8604734292608014,2.039102087908029,0.152,0.318
exportaciones,completa,T1,3361,Fabricación de automóviles y camiones,0.6801529750236635,-3.2056078510321178,2.6566926382471734,0.221,0.38183999999999996
exportaciones,completa,T1,3362,Fabricación de carrocerías y remolques,0.4826387565231524,-9.734070141577513,4.672248650922104,0.041,0.15704347826086956
exportaciones,completa,T1,3363,Fabricación de partes para vehículos automotores,0.5296068171162411,-5.4165385440923135,2.282763729715411,0.021,0.15704347826086956
exportaciones,completa,T1,3364,Fabricación de equipo aeroespacial,0.9896704181454756,4.567070299804169,4.600494290454041,0.328,0.4638360655737705
exportaciones,completa,T1,3365,Fabricación de equipo ferroviario,0.8018618332294466,-15.154201226891933,6.417473490210104,0.015,0.15704347826086956
exportaciones,completa,T1,3366,Fabricación de embarcaciones,0.5822911532336551,0.9297113332919521,8.752532238397109,0.921,0.9318352941176471
exportaciones,completa,T1,3369,Fabricación de otro equipo de transporte,0.6740711386128929,-5.2739324365705205,4.579817075105003,0.249,0.38239285714285715
exportaciones,completa,T1,3371,"Fabricación de muebles, excepto de oficina y estantería",0.3642278188643361,-7.744166383564366,3.2754077176803795,0.014,0.15704347826086956
exportaciones,completa,T1,3372,Fabricación de muebles de oficina y estantería,0.2214380514733216,-1.6739689169353194,3.2517589982771686,0.602,0.7291830985915493
exportaciones,completa,T1,3379,"Fabricación de colchones, persianas y cortineros",0.3523025337449802,-4.8015877526757,4.749742367520911,0.329,0.4638360655737705
exportaciones,completa,T1,3391,"Fabricación de equipo no electrónico y material desechable de uso médico, dental y para laboratorio, y artículos oftálmicos",0.7835186733412709,-1.799525676224532,2.2069629549002214,0.432,0.5463529411764706
exportaciones,completa,T1,3399,Otras industrias manufactureras,0.618987370047973,-4.098323669774741,2.573180317844649,0.099,0.258
importaciones_eeuu,sin pandemia,T1,3111,Elaboración de alimentos para animales,0.02886946578166,2.2272696046337477,4.561009234779495,0.629,0.9919999999999999
importaciones_eeuu,sin pandemia,T1,3112,Molienda de granos y de semillas y obtención de aceites y grasas,0.0609807080676099,-0.7830127710655275,1.2938516612623916,0.545,0.9919999999999999
importaciones_eeuu,sin pandemia,T1,3113,"Elaboración de azúcares, chocolates, dulces y similares",0.2016423568218791,0.7479872874022363,2.7272427502127488,0.778,0.9919999999999999
importaciones_eeuu,sin pandemia,T1,3114,"Conservación de frutas, verduras, guisos y otros alimentos preparados",0.3156513149608729,-0.5664637939275563,1.4198439440412476,0.68,0.9919999999999999
importaciones_eeuu,sin pandemia,T1,3115,Elaboración de productos lácteos,0.0498313429839448,-5.505665741529667,2.9704189628746223,0.057,0.9456249999999999
importaciones_eeuu,sin pandemia,T1,3116,"Matanza, empacado y procesamiento de carne de ganado, aves y otros animales comestibles",0.044361709007407,1.8388010435057869,1.6328647111730707,0.271,0.9919999999999999
importaciones_eeuu,sin pandemia,T1,3117,Preparación y envasado de pescados y mariscos,0.7478643561015712,-3.3616972357894688,3.657523267954999,0.355,0.9919999999999999
importaciones_eeuu,sin pandemia,T1,3118,Elaboración de productos de panadería y tortillas,0.043199849411286,-1.1682372275319235,1.3935940166487122,0.419,0.9919999999999999
importaciones_eeuu,sin pandemia,T1,3119,Otras industrias alimentarias,0.1089707298904361,-2.2399498465792083,1.1915836627715548,0.061,0.9456249999999999
importaciones_eeuu,sin pandemia,T1,3121,Industria de las bebidas,0.2419442465750293,-2.7021659284527564,1.655044946552608,0.112,0.952
importaciones_eeuu,sin pandemia,T1,3122,Industria del tabaco,0.1071479040489181,1.882371928596995,7.010564795897183,0.795,0.9919999999999999
importaciones_eeuu,sin pandemia,T1,3131,"Preparación e hilado de fibras textiles, y fabricación de hilos",0.2001267979454507,-1.5724501665462625,2.3792891371747364,0.512,0.9919999999999999
importaciones_eeuu,sin pandemia,T1,3132,Fabricación de telas,0.1336042055792961,0.06242606261883509,0.9986288959839476,0.962,0.9919999999999999
importaciones_eeuu,sin pandemia,T1,3133,Acabado de productos textiles y fabricación de telas recubiertas,0.3062290364360683,0.6233514987374363,1.9396779770645887,0.746,0.9919999999999999
importaciones_eeuu,sin pandemia,T1,3141,"Confección de alfombras, blancos y similares",0.5072465584471345,1.2894703851876976,1.4495675946291213,0.382,0.9919999999999999
importaciones_eeuu,sin pandemia,T1,3149,"Fabricación de otros productos textiles, excepto prendas de vestir",0.3944218335152466,-0.15571615942585573,0.9771157168749834,0.882,0.9919999999999999
importaciones_eeuu,sin pandemia,T1,3151,Fabricación de prendas de vestir de tejido de punto,0.3365154443339868,2.119981869461531,3.5866465606676043,0.557,0.9919999999999999
importaciones_eeuu,sin pandemia,T1,3152,Confección de prendas de vestir,0.4259861529321015,0.26208701673948265,1.1136363510499336,0.823,0.9919999999999999
importaciones_eeuu,sin pandemia,T1,3159,Confección de accesorios de vestir y otras prendas de vestir no clasificados en otra parte,0.6664841032423205,-1.6303180189585333,2.055745141857306,0.412,0.9919999999999999
importaciones_eeuu,sin pandemia,T1,3161,Curtido y acabado de cuero y piel,0.262669438610518,-0.9388407803188774,2.2791621822307744,0.692,0.9919999999999999
importaciones_eeuu,sin pandemia,T1,3162,Fabricación de calzado,0.1604241815757467,-0.20137523304662655,2.0665739848692035,0.933,0.9919999999999999
importaciones_eeuu,sin pandemia,T1,3169,"Fabricación de otros productos de cuero, piel y materiales sucedáneos",0.6136094363212712,1.0246173209026415,1.5486200631736469,0.501,0.9919999999999999
importaciones_eeuu,sin pandemia,T1,3211,Aserrado y conservación de la madera,0.0034917286527276,1.4909934793112785,5.22317636164886,0.791,0.9919999999999999
importaciones_eeuu,sin pandemia,T1,3212,Fabricación de laminados y aglutinados de madera,0.0775332943220637,-0.7356258172836361,3.55646485875077,0.834,0.9919999999999999
importaciones_eeuu,sin pandemia,T1,3219,Fabricación de otros productos de madera,0.1827036170504173,0.48312586194595947,1.4606741057449,0.748,0.9919999999999999
importaciones_eeuu,sin pandemia,T1,3221,"Fabricación de pulpa, papel y cartón",0.0619018679380005,-1.2077168689325724,2.3053871730392204,0.608,0.9919999999999999
importaciones_eeuu,sin pandemia,T1,3222,Fabricación de productos de cartón y papel,0.1574973850413846,-2.312743819219969,1.1340828843256132,0.039,0.9456249999999999
importaciones_eeuu,sin pandemia,T1,3231,Impresión e industrias conexas,0.1024504665734745,-1.517306722130287,2.02370565286955,0.47,0.9919999999999999
importaciones_eeuu,sin pandemia,T1,3241,Fabricación de productos derivados del petróleo y del carbón,0.0588949583065286,4.226003342363251,4.4169169231235434,0.343,0.9919999999999999
importaciones_eeuu,sin pandemia,T1,3251,Fabricación de productos químicos básicos,0.135778270214786,-0.24602308260301997,2.139712676820003,0.891,0.9919999999999999
importaciones_eeuu,sin pandemia,T1,3252,"Fabricación de resinas y hules sintéticos, y fibras químicas",0.3119319594154858,-3.364750523528875,2.0702136119082564,0.107,0.952
importaciones_eeuu,sin pandemia,T1,3253,"Fabricación de fertilizantes, pesticidas y otros agroquímicos",0.1679807884786191,2.9135486041190655,4.380752909333313,0.524,0.9919999999999999
importaciones_eeuu,sin pandemia,T1,3254,Fabricación de productos farmacéuticos,0.1290966945098601,-2.1673992455634594,2.214288782758228,0.321,0.9919999999999999
importaciones_eeuu,sin pandemia,T1,3255,"Fabricación de pinturas, recubrimientos y adhesivos",0.0704773870608603,-2.066251627608081,1.8182114969798464,0.258,0.9919999999999999
importaciones_eeuu,sin pandemia,T1,3256,"Fabricación de jabones, limpiadores y preparaciones de tocador",0.2434658656862863,-0.21360188546773548,0.9041648564121708,0.827,0.9919999999999999
importaciones_eeuu,sin pandemia,T1,3259,Fabricación de otros productos químicos,0.3514735701280596,-1.0038747983888225,1.4138069560075435,0.476,0.9919999999999999
importaciones_eeuu,sin pandemia,T1,3261,Fabricación de productos de plástico,0.2303591490643638,-0.01702545494003619,0.9020915253255821,0.987,0.9919999999999999
importaciones_eeuu,sin pandemia,T1,3262,Fabricación de productos de hule,0.4171737487232005,0.27281326891483976,0.9822593911053232,0.793,0.9919999999999999
importaciones_eeuu,sin pandemia,T1,3271,Fabricación de productos a base de arcillas y minerales refractarios,0.3488287256548686,-2.132179298171266,1.1727463235090616,0.068,0.9456249999999999
importaciones_eeuu,sin pandemia,T1,3272,Fabricación de vidrio y productos de vidrio,0.272472982882299,-1.6519818018913235,1.2351821787897694,0.182,0.9919999999999999
importaciones_eeuu,sin pandemia,T1,3273,Fabricación de cemento y productos de concreto,0.0343074151008847,-0.4199994177580559,2.3851119687998654,0.868,0.9919999999999999
importaciones_eeuu,sin pandemia,T1,3274,"Fabricación de cal, yeso y productos de yeso",0.1199075903205221,-2.5393612565254777,1.9921727870589152,0.194,0.9919999999999999
importaciones_eeuu,sin pandemia,T1,3279,Fabricación de otros productos a base de minerales no metálicos,0.2243733059375072,-2.7018446668917813,1.6037692399988555,0.089,0.9456249999999999
importaciones_eeuu,sin pandemia,T1,3311,Industria básica del hierro y del acero,0.279574215702268,0.031131613347448912,3.457446025925954,0.992,0.9919999999999999
importaciones_eeuu,sin pandemia,T1,3312,Fabricación de productos de hierro y acero,0.0669975578374552,-0.32014891715368315,2.4940841968983123,0.911,0.9919999999999999
importaciones_eeuu,sin pandemia,T1,3313,Industria básica del aluminio,0.2650002880058719,-4.112190608627044,3.4015317310230526,0.236,0.9919999999999999
importaciones_eeuu,sin pandemia,T1,3314,"Industrias de metales no ferrosos, excepto aluminio",0.4934732886739018,5.034133309369834,2.9581315101423824,0.088,0.9456249999999999
importaciones_eeuu,sin pandemia,T1,3315,Moldeo por fundición de piezas metálicas,0.0974402319506194,1.9880704095526769,2.0354427800752157,0.346,0.9919999999999999
importaciones_eeuu,sin pandemia,T1,3321,Fabricación de productos metálicos forjados y troquelados,0.4526204884780047,-1.1147363351926205,2.7358071128241614,0.696,0.9919999999999999
importaciones_eeuu,sin pandemia,T1,3322,Fabricación de herramientas de mano sin motor y utensilios de cocina metálicos,0.4783144421423179,0.6635566026353887,1.8159546253174843,0.687,0.9919999999999999
importaciones_eeuu,sin pandemia,T1,3323,Fabricación de estructuras metálicas y productos de herrería,0.2249299265714363,0.9586512183203685,1.7976195045583463,0.616,0.9919999999999999
importaciones_eeuu,sin pandemia,T1,3324,"Fabricación de calderas, tanques y envases metálicos",0.2575554192946691,-0.06974533471937003,1.8810306794267315,0.97,0.9919999999999999
importaciones_eeuu,sin pandemia,T1,3325,Fabricación de herrajes y cerraduras,0.8134327973740351,-0.37123734061562574,0.9374296934413631,0.709,0.9919999999999999
importaciones_eeuu,sin pandemia,T1,3326,"Fabricación de alambre, productos de alambre y resortes",0.3138914060002775,-1.8135541960473616,1.4406548118248477,0.208,0.9919999999999999
importaciones_eeuu,sin pandemia,T1,3327,Maquinado de piezas y fabricación de tornillos,0.1233232283296124,-1.9708810146694704,1.9874149391839433,0.307,0.9919999999999999
importaciones_eeuu,sin pandemia,T1,3329,Fabricación de otros productos metálicos,0.6293046757254936,-0.9922964423589972,0.9630019573882473,0.305,0.9919999999999999
importaciones_eeuu,sin pandemia,T1,3331,"Fabricación de maquinaria y equipo agropecuario, para la construcción y para la industria extractiva",0.519899184727109,0.7649182357365155,1.2221040263432021,0.526,0.9919999999999999
importaciones_eeuu,sin pandemia,T1,3332,"Fabricación de maquinaria y equipo para las industrias manufactureras, excepto la metalmecánica",0.6992566972513394,8.586990095772336,4.36821767463327,0.058,0.9456249999999999
importaciones_eeuu,sin pandemia,T1,3333,Fabricación de maquinaria y equipo para el comercio y los servicios,0.8664849575372038,-0.4814398214273117,2.0831854962844063,0.82,0.9919999999999999
importaciones_eeuu,sin pandemia,T1,3334,"Fabricación de equipo de aire acondicionado, calefacción, y de refrigeración industrial y comercial",0.8482017522901368,0.17804786886056018,1.739815674978822,0.935,0.9919999999999999
importaciones_eeuu,sin pandemia,T1,3335,Fabricación de maquinaria y equipo para la industria metalmecánica,0.6052735791408839,2.1345592969608873,2.5306068342887396,0.411,0.9919999999999999
importaciones_eeuu,sin pandemia,T1,3336,"Fabricación de motores de combustión interna, turbinas y transmisiones",0.8385248456652771,1.5368699056602917,1.533442786821132,0.311,0.9919999999999999
importaciones_eeuu,sin pandemia,T1,3339,Fabricación de otra maquinaria y equipo para la industria en general,0.6417221502759753,-1.2805721600571462,1.0489136881604944,0.218,0.9919999999999999
importaciones_eeuu,sin pandemia,T1,3341,Fabricación de computadoras y equipo periférico,0.7847307234340066,1.2977319372836704,3.484705496230083,0.704,0.9919999999999999
importaciones_eeuu,sin pandemia,T1,3342,Fabricación de equipo de comunicación,0.895054776922478,-0.09980399738663323,2.2135197193371825,0.962,0.9919999999999999
importaciones_eeuu,sin pandemia,T1,3343,Fabricación de equipo de audio y de video,0.9478363435009872,1.363108436537903,2.275568504805841,0.534,0.9919999999999999
importaciones_eeuu,sin pandemia,T1,3344,Fabricación de componentes electrónicos,0.4744887481943934,-2.7698144864402026,2.231579884070504,0.215,0.9919999999999999
importaciones_eeuu,sin pandemia,T1,3345,"Fabricación de instrumentos de medición, control, navegación, y equipo médico electrónico",0.9203173609236356,-0.3843276672124264,0.9851942803901951,0.693,0.9919999999999999
importaciones_eeuu,sin pandemia,T1,3346,Fabricación y reproducción de medios magnéticos y ópticos,0.6054992436078728,2.76070226737725,5.932141247407935,0.645,0.9919999999999999
importaciones_eeuu,sin pandemia,T1,3351,Fabricación de accesorios de iluminación,0.831395116765869,-1.1756939569415772,1.3816103678408145,0.404,0.9919999999999999
importaciones_eeuu,sin pandemia,T1,3352,Fabricación de aparatos eléctricos de uso doméstico,0.3900028883753999,-0.45984000985073326,1.1683555407755015,0.715,0.9919999999999999
importaciones_eeuu,sin pandemia,T1,3353,Fabricación de equipo de generación y distribución de energía eléctrica,0.8989208694711824,-0.08680518575260067,0.8931533035041396,0.913,0.9919999999999999
importaciones_eeuu,sin pandemia,T1,3359,Fabricación de otros equipos y accesorios eléctricos,0.7464127593691879,-0.2782697632231522,1.0977776197913756,0.785,0.9919999999999999
importaciones_eeuu,sin pandemia,T1,3361,Fabricación de automóviles y camiones,0.6801529750236635,0.04419832188604965,1.3982043451040818,0.978,0.9919999999999999
importaciones_eeuu,sin pandemia,T1,3362,Fabricación de carrocerías y remolques,0.4826387565231524,-2.002563838560625,3.403524793729375,0.552,0.9919999999999999
importaciones_eeuu,sin pandemia,T1,3363,Fabricación de partes para vehículos automotores,0.5296068171162411,-1.4131774356220694,1.1260456522828066,0.217,0.9919999999999999
importaciones_eeuu,sin pandemia,T1,3364,Fabricación de equipo aeroespacial,0.9896704181454756,-0.397807805312004,1.1387852767672122,0.725,0.9919999999999999
importaciones_eeuu,sin pandemia,T1,3365,Fabricación de equipo ferroviario,0.8018618332294466,0.7374466640426083,3.997467890071951,0.856,0.9919999999999999
importaciones_eeuu,sin pandemia,T1,3366,Fabricación de embarcaciones,0.5822911532336551,1.3533923794731673,6.053575999163432,0.829,0.9919999999999999
importaciones_eeuu,sin pandemia,T1,3369,Fabricación de otro equipo de transporte,0.6740711386128929,-9.091422348935154,4.671534264725258,0.055,0.9456249999999999
importaciones_eeuu,sin pandemia,T1,3371,"Fabricación de muebles, excepto de oficina y estantería",0.3642278188643361,-2.0515030918566373,1.5269459632914864,0.186,0.9919999999999999
importaciones_eeuu,sin pandemia,T1,3372,Fabricación de muebles de oficina y estantería,0.2214380514733216,-2.314054231218114,1.829297999284153,0.206,0.9919999999999999
importaciones_eeuu,sin pandemia,T1,3379,"Fabricación de colchones, persianas y cortineros",0.3523025337449802,-0.3078168758986869,1.4836303552046448,0.861,0.9919999999999999
importaciones_eeuu,sin pandemia,T1,3391,"Fabricación de equipo no electrónico y material desechable de uso médico, dental y para laboratorio, y artículos oftálmicos",0.7835186733412709,-0.6559080057951449,1.0952510918670522,0.549,0.9919999999999999
importaciones_eeuu,sin pandemia,T1,3399,Otras industrias manufactureras,0.618987370047973,0.6123272614517657,1.2371114882171814,0.627,0.9919999999999999
importaciones_eeuu,completa,T1,3111,Elaboración de alimentos para animales,0.02886946578166,-0.3953111018347247,4.17587811686013,0.927,0.989
importaciones_eeuu,completa,T1,3112,Molienda de granos y de semillas y obtención de aceites y grasas,0.0609807080676099,-1.1277158200972732,1.1832262589432812,0.342,0.6185106382978725
importaciones_eeuu,completa,T1,3113,"Elaboración de azúcares, chocolates, dulces y similares",0.2016423568218791,-0.1834373014645929,2.4089406655784136,0.934,0.989
importaciones_eeuu,completa,T1,3114,"Conservación de frutas, verduras, guisos y otros alimentos preparados",0.3156513149608729,-1.647767900012391,1.3654538904927946,0.211,0.49162162162162165
importaciones_eeuu,completa,T1,3115,Elaboración de productos lácteos,0.0498313429839448,-3.7759822228052866,2.926969867978753,0.197,0.49162162162162165
importaciones_eeuu,completa,T1,3116,"Matanza, empacado y procesamiento de carne de ganado, aves y otros animales comestibles",0.044361709007407,0.820907914895118,1.8168233301640795,0.658,0.8904761904761905
importaciones_eeuu,completa,T1,3117,Preparación y envasado de pescados y mariscos,0.7478643561015712,-2.2862958429958566,3.413738059155474,0.502,0.7866363636363637
importaciones_eeuu,completa,T1,3118,Elaboración de productos de panadería y tortillas,0.043199849411286,-1.7783228121862633,1.375545743156978,0.211,0.49162162162162165
importaciones_eeuu,completa,T1,3119,Otras industrias alimentarias,0.1089707298904361,-2.6680043735113785,1.1619054690266886,0.023,0.22666666666666666
importaciones_eeuu,completa,T1,3121,Industria de las bebidas,0.2419442465750293,-3.5497667493313303,1.5026917793916168,0.018,0.22666666666666666
importaciones_eeuu,completa,T1,3122,Industria del tabaco,0.1071479040489181,4.218431533065655,6.183829203126694,0.509,0.7866363636363637
importaciones_eeuu,completa,T1,3131,"Preparación e hilado de fibras textiles, y fabricación de hilos",0.2001267979454507,-2.991768053766723,2.5423428109001405,0.244,0.5019047619047619
importaciones_eeuu,completa,T1,3132,Fabricación de telas,0.1336042055792961,-1.6206400872439666,1.1656385578065025,0.176,0.48806451612903223
importaciones_eeuu,completa,T1,3133,Acabado de productos textiles y fabricación de telas recubiertas,0.3062290364360683,1.6745620535505028,1.8416568420648065,0.387,0.645
importaciones_eeuu,completa,T1,3141,"Confección de alfombras, blancos y similares",0.5072465584471345,0.03287150995291083,1.4358950217567035,0.986,0.989
importaciones_eeuu,completa,T1,3149,"Fabricación de otros productos textiles, excepto prendas de vestir",0.3944218335152466,0.5267606273565512,1.107299843392401,0.641,0.8904761904761905
importaciones_eeuu,completa,T1,3151,Fabricación de prendas de vestir de tejido de punto,0.3365154443339868,0.06140736365972954,3.390810468989327,0.989,0.989
importaciones_eeuu,completa,T1,3152,Confección de prendas de vestir,0.4259861529321015,-1.5379854895280411,1.3240126701418131,0.248,0.5019047619047619
importaciones_eeuu,completa,T1,3159,Confección de accesorios de vestir y otras prendas de vestir no clasificados en otra parte,0.6664841032423205,0.12129544000671127,2.633917038366143,0.95,0.989
importaciones_eeuu,completa,T1,3161,Curtido y acabado de cuero y piel,0.262669438610518,-4.012991091326466,2.5236971457074304,0.113,0.41760869565217396
importaciones_eeuu,completa,T1,3162,Fabricación de calzado,0.1604241815757467,-4.1776637991701975,2.579206084944874,0.109,0.41760869565217396
importaciones_eeuu,completa,T1,3169,"Fabricación de otros productos de cuero, piel y materiales sucedáneos",0.6136094363212712,-0.18953566071084826,1.5285896214046302,0.895,0.989
importaciones_eeuu,completa,T1,3211,Aserrado y conservación de la madera,0.0034917286527276,-4.428336852887639,4.942909286710444,0.358,0.6210204081632653
importaciones_eeuu,completa,T1,3212,Fabricación de laminados y aglutinados de madera,0.0775332943220637,-4.471240238944486,3.654619654677293,0.227,0.4947435897435898
importaciones_eeuu,completa,T1,3219,Fabricación de otros productos de madera,0.1827036170504173,-1.7209338184229404,1.8343448145829215,0.356,0.6210204081632653
importaciones_eeuu,completa,T1,3221,"Fabricación de pulpa, papel y cartón",0.0619018679380005,-0.5638707726565251,2.5060220857413906,0.836,0.989
importaciones_eeuu,completa,T1,3222,Fabricación de productos de cartón y papel,0.1574973850413846,-2.4835861640201613,0.9616922973062579,0.008,0.22666666666666666
importaciones_eeuu,completa,T1,3231,Impresión e industrias conexas,0.1024504665734745,-2.1767062519871114,1.876561060537565,0.241,0.5019047619047619
importaciones_eeuu,completa,T1,3241,Fabricación de productos derivados del petróleo y del carbón,0.0588949583065286,-0.9280883755775944,4.809440600384483,0.845,0.989
importaciones_eeuu,completa,T1,3251,Fabricación de productos químicos básicos,0.135778270214786,-1.4098309121097556,2.1130228318645874,0.484,0.7762264150943397
importaciones_eeuu,completa,T1,3252,"Fabricación de resinas y hules sintéticos, y fibras químicas",0.3119319594154858,-4.789306101099995,2.406766116403673,0.038,0.22666666666666666
importaciones_eeuu,completa,T1,3253,"Fabricación de fertilizantes, pesticidas y otros agroquímicos",0.1679807884786191,0.38662231767330535,4.137776844588586,0.931,0.989
importaciones_eeuu,completa,T1,3254,Fabricación de productos farmacéuticos,0.1290966945098601,-3.95615329286158,2.1218416109017277,0.062,0.26349999999999996
importaciones_eeuu,completa,T1,3255,"Fabricación de pinturas, recubrimientos y adhesivos",0.0704773870608603,-4.147508094277015,2.035027784570208,0.032,0.22666666666666666
importaciones_eeuu,completa,T1,3256,"Fabricación de jabones, limpiadores y preparaciones de tocador",0.2434658656862863,-0.09335616771292887,0.9558958879674914,0.922,0.989
importaciones_eeuu,completa,T1,3259,Fabricación de otros productos químicos,0.3514735701280596,-2.6507891402354486,1.4277057520335303,0.061,0.26349999999999996
importaciones_eeuu,completa,T1,3261,Fabricación de productos de plástico,0.2303591490643638,-1.3944203542904507,1.0153708898890965,0.178,0.48806451612903223
importaciones_eeuu,completa,T1,3262,Fabricación de productos de hule,0.4171737487232005,-1.6765827243421079,1.2975131469220733,0.195,0.49162162162162165
importaciones_eeuu,completa,T1,3271,Fabricación de productos a base de arcillas y minerales refractarios,0.3488287256548686,-3.476411423357227,1.2447975091575276,0.009,0.22666666666666666
importaciones_eeuu,completa,T1,3272,Fabricación de vidrio y productos de vidrio,0.272472982882299,-2.914617365884896,1.2534176549839937,0.015,0.22666666666666666
importaciones_eeuu,completa,T1,3273,Fabricación de cemento y productos de concreto,0.0343074151008847,0.4862550987271773,2.248615184412585,0.831,0.989
importaciones_eeuu,completa,T1,3274,"Fabricación de cal, yeso y productos de yeso",0.1199075903205221,-4.190928196617972,2.1169317446683076,0.049,0.2603125
importaciones_eeuu,completa,T1,3279,Fabricación de otros productos a base de minerales no metálicos,0.2243733059375072,-4.812509310289125,1.6961310763432038,0.007,0.22666666666666666
importaciones_eeuu,completa,T1,3311,Industria básica del hierro y del acero,0.279574215702268,-1.9964458994919443,4.214955536824448,0.66,0.8904761904761905
importaciones_eeuu,completa,T1,3312,Fabricación de productos de hierro y acero,0.0669975578374552,-2.593843666601164,2.7928046814013734,0.366,0.6222
importaciones_eeuu,completa,T1,3313,Industria básica del aluminio,0.2650002880058719,-7.770607862793809,3.739400447963468,0.032,0.22666666666666666
importaciones_eeuu,completa,T1,3314,"Industrias de metales no ferrosos, excepto aluminio",0.4934732886739018,4.039983359686866,2.6483545208226213,0.132,0.44703703703703696
importaciones_eeuu,completa,T1,3315,Moldeo por fundición de piezas metálicas,0.0974402319506194,0.058149559073928866,1.967496773295242,0.971,0.989
importaciones_eeuu,completa,T1,3321,Fabricación de productos metálicos forjados y troquelados,0.4526204884780047,-3.105885633189102,2.752514596388892,0.263,0.5080681818181818
importaciones_eeuu,completa,T1,3322,Fabricación de herramientas de mano sin motor y utensilios de cocina metálicos,0.4783144421423179,-0.7654775101342515,1.8737232049228336,0.689,0.915078125
importaciones_eeuu,completa,T1,3323,Fabricación de estructuras metálicas y productos de herrería,0.2249299265714363,-0.41681371160575087,1.823772017446303,0.827,0.989
importaciones_eeuu,completa,T1,3324,"Fabricación de calderas, tanques y envases metálicos",0.2575554192946691,0.6109812977979053,1.8185918342839862,0.738,0.9504545454545454
importaciones_eeuu,completa,T1,3325,Fabricación de herrajes y cerraduras,0.8134327973740351,-1.0710880947909458,0.9441093913046862,0.27,0.51
importaciones_eeuu,completa,T1,3326,"Fabricación de alambre, productos de alambre y resortes",0.3138914060002775,-2.9644353366294847,1.4220802591433046,0.036,0.22666666666666666
importaciones_eeuu,completa,T1,3327,Maquinado de piezas y fabricación de tornillos,0.1233232283296124,-4.430834546325791,2.108841883313214,0.04,0.22666666666666666
importaciones_eeuu,completa,T1,3329,Fabricación de otros productos metálicos,0.6293046757254936,-2.034209654431589,0.9770825457679492,0.035,0.22666666666666666
importaciones_eeuu,completa,T1,3331,"Fabricación de maquinaria y equipo agropecuario, para la construcción y para la industria extractiva",0.519899184727109,-0.7748018921457143,1.255318837155189,0.539,0.8181250000000001
importaciones_eeuu,completa,T1,3332,"Fabricación de maquinaria y equipo para las industrias manufactureras, excepto la metalmecánica",0.6992566972513394,6.177833562722935,4.324041595665097,0.154,0.46749999999999997
importaciones_eeuu,completa,T1,3333,Fabricación de maquinaria y equipo para el comercio y los servicios,0.8664849575372038,-1.0777467190470025,1.897245464473842,0.584,0.8273333333333333
importaciones_eeuu,completa,T1,3334,"Fabricación de equipo de aire acondicionado, calefacción, y de refrigeración industrial y comercial",0.8482017522901368,-1.261669087981406,1.5891850528575069,0.426,0.6963461538461538
importaciones_eeuu,completa,T1,3335,Fabricación de maquinaria y equipo para la industria metalmecánica,0.6052735791408839,-0.25207849399637683,2.502221236933357,0.907,0.989
importaciones_eeuu,completa,T1,3336,"Fabricación de motores de combustión interna, turbinas y transmisiones",0.8385248456652771,0.09506771054248013,1.4541873161414562,0.952,0.989
importaciones_eeuu,completa,T1,3339,Fabricación de otra maquinaria y equipo para la industria en general,0.6417221502759753,-2.3036889223211574,1.0294118063165487,0.023,0.22666666666666666
importaciones_eeuu,completa,T1,3341,Fabricación de computadoras y equipo periférico,0.7847307234340066,1.860237305961343,3.159525027277953,0.569,0.8273333333333333
importaciones_eeuu,completa,T1,3342,Fabricación de equipo de comunicación,0.895054776922478,-0.18560607010549451,1.9441958487293445,0.933,0.989
importaciones_eeuu,completa,T1,3343,Fabricación de equipo de audio y de video,0.9478363435009872,0.6741217512028725,2.0828392004360543,0.725,0.948076923076923
importaciones_eeuu,completa,T1,3344,Fabricación de componentes electrónicos,0.4744887481943934,-3.393752413815266,1.9141394776611929,0.079,0.31976190476190475
importaciones_eeuu,completa,T1,3345,"Fabricación de instrumentos de medición, control, navegación, y equipo médico electrónico",0.9203173609236356,-1.290947367813693,0.8898127355945114,0.142,0.44703703703703696
importaciones_eeuu,completa,T1,3346,Fabricación y reproducción de medios magnéticos y ópticos,0.6054992436078728,1.2253755283883054,5.293205542708359,0.811,0.989
importaciones_eeuu,completa,T1,3351,Fabricación de accesorios de iluminación,0.831395116765869,-1.5406433769842032,1.2700782505890262,0.225,0.4947435897435898
importaciones_eeuu,completa,T1,3352,Fabricación de aparatos eléctricos de uso doméstico,0.3900028883753999,-1.3954604487441864,1.0289954853602068,0.178,0.48806451612903223
importaciones_eeuu,completa,T1,3353,Fabricación de equipo de generación y distribución de energía eléctrica,0.8989208694711824,-0.9585474686497838,0.8568112138573069,0.254,0.502093023255814
importaciones_eeuu,completa,T1,3359,Fabricación de otros equipos y accesorios eléctricos,0.7464127593691879,-1.389543393059362,1.088307732466159,0.214,0.49162162162162165
importaciones_eeuu,completa,T1,3361,Fabricación de automóviles y camiones,0.6801529750236635,-0.3390056413899318,1.298598231058383,0.792,0.989
importaciones_eeuu,completa,T1,3362,Fabricación de carrocerías y remolques,0.4826387565231524,-4.779464292237376,3.2049639602676616,0.137,0.44703703703703696
importaciones_eeuu,completa,T1,3363,Fabricación de partes para vehículos automotores,0.5296068171162411,-2.1381587333463883,1.1114139468148805,0.057,0.26349999999999996
importaciones_eeuu,completa,T1,3364,Fabricación de equipo aeroespacial,0.9896704181454756,-0.685629959483392,1.1756765600526708,0.554,0.8261403508771931
importaciones_eeuu,completa,T1,3365,Fabricación de equipo ferroviario,0.8018618332294466,-0.21270943509701395,3.8257816088853485,0.96,0.989
importaciones_eeuu,completa,T1,3366,Fabricación de embarcaciones,0.5822911532336551,3.070172736149541,5.523205046227639,0.576,0.8273333333333333
importaciones_eeuu,completa,T1,3369,Fabricación de otro equipo de transporte,0.6740711386128929,-8.883588277303831,4.129653540401967,0.036,0.22666666666666666
importaciones_eeuu,completa,T1,3371,"Fabricación de muebles, excepto de oficina y estantería",0.3642278188643361,-3.652025041747231,1.7442870624873958,0.037,0.22666666666666666
importaciones_eeuu,completa,T1,3372,Fabricación de muebles de oficina y estantería,0.2214380514733216,-2.560820650588338,1.6567591650967664,0.128,0.44703703703703696
importaciones_eeuu,completa,T1,3379,"Fabricación de colchones, persianas y cortineros",0.3523025337449802,-2.1994794871336,1.7386400806782074,0.21,0.49162162162162165
importaciones_eeuu,completa,T1,3391,"Fabricación de equipo no electrónico y material desechable de uso médico, dental y para laboratorio, y artículos oftálmicos",0.7835186733412709,-1.9030848611429327,1.0336322838318677,0.061,0.26349999999999996
importaciones_eeuu,completa,T1,3399,Otras industrias manufactureras,0.618987370047973,-1.3646363978265286,1.3535680678754631,0.309,0.5709782608695653
