h,beta,se_dk,t_dk,n,ramas,meses,desde,hasta,efecto_pp,ic90_inf,ic90_sup,variable,choque,especificacion,muestra,robustez,sig90,sig90_neg,sig90_pos
0,-0.003005271518894905,0.005319956932638933,-0.5649052345625207,7432,85,88,2019-04,2026-07,-0.13818216810685596,-0.5405676526595232,0.26420331644581124,produccion,sorpresa_tpu_std,A,completa,,False,False,False
1,0.009520913271305467,0.00888906388813907,1.0710816561921095,7347,85,87,2019-04,2026-06,0.43777090685972575,-0.23457105476480017,1.1101128684842516,produccion,sorpresa_tpu_std,A,completa,,False,False,False
2,0.014462618047742423,0.013469720266651988,1.0737133185719252,7262,85,86,2019-04,2026-05,0.664990136755853,-0.3538188470223436,1.6837991205340492,produccion,sorpresa_tpu_std,A,completa,,False,False,False
3,0.00934320023573871,0.010375897496003055,0.9004715244476774,7176,85,85,2019-04,2026-04,0.429599674276889,-0.35520189356718707,1.2144012421209651,produccion,sorpresa_tpu_std,A,completa,,False,False,False
4,0.015288001934813075,0.00981183978449501,1.5581177710394003,7091,85,84,2019-04,2026-03,0.7029412284687996,-0.03919671663646477,1.4450791735740638,produccion,sorpresa_tpu_std,A,completa,,False,False,False
5,0.021678009408365742,0.011159040296483645,1.942641018618488,7005,85,83,2019-04,2026-02,0.9967533121234607,0.1527171867001753,1.8407894375467462,produccion,sorpresa_tpu_std,A,completa,,True,False,True
6,0.011583758077689164,0.012711670454327313,0.911269539224549,6919,85,82,2019-04,2026-01,0.5326203625651073,-0.4288520215169682,1.4940927466471827,produccion,sorpresa_tpu_std,A,completa,,False,False,False
7,0.017669904838364756,0.013815376096580149,1.2790028092495256,6833,85,81,2019-04,2025-12,0.8124609525148373,-0.2324923949067514,1.8574142999364263,produccion,sorpresa_tpu_std,A,completa,,False,False,False
8,0.02923777671877591,0.012887121082652405,2.2687593707902245,6747,85,80,2019-04,2025-11,1.3443508688726562,0.36960792884669236,2.31909380889862,produccion,sorpresa_tpu_std,A,completa,,True,False,True
9,0.004535310646472824,0.011104408250628533,0.408424343207673,6661,85,79,2019-04,2025-10,0.2085332570543145,-0.6313706653226188,1.0484371794312477,produccion,sorpresa_tpu_std,A,completa,,False,False,False
10,0.01209157800789476,0.006044520080169754,2.000419859231435,6575,85,78,2019-04,2025-09,0.5559698864009718,0.0987806324005749,1.0131591404013687,produccion,sorpresa_tpu_std,A,completa,,True,False,True
11,0.020063042816074857,0.010897468069381296,1.8410737878137169,6489,85,77,2019-04,2025-08,0.9224972644619319,0.09824567276341274,1.746748856160451,produccion,sorpresa_tpu_std,A,completa,,True,False,True
12,0.01329987322300052,0.012185856531484908,1.091418825475033,6403,85,76,2019-04,2025-07,0.6115272134134242,-0.3101741926689239,1.5332286194957725,produccion,sorpresa_tpu_std,A,completa,,False,False,False
0,-0.009091372071997297,0.004848568255644291,-1.8750632336492108,6072,85,72,2019-04,2026-07,-0.41802063343569656,-0.7847517013066406,-0.05128956556475237,produccion,sorpresa_tpu_std,A,sin pandemia,,True,True,False
1,0.0010369213709970002,0.009035195284109716,0.11476468835384705,5902,85,70,2019-04,2026-06,0.047677569996533053,-0.6357173293341705,0.7310724693272366,produccion,sorpresa_tpu_std,A,sin pandemia,,False,False,False
2,0.007245956617231734,0.00870199493911746,0.8326776409234048,5733,85,68,2019-04,2026-05,0.33316856366624864,-0.32502406730580535,0.9913611946383026,produccion,sorpresa_tpu_std,A,sin pandemia,,False,False,False
3,0.003161217796174197,0.008493533812810435,0.3721911121853977,5562,85,66,2019-04,2026-04,0.14535256671049676,-0.49707269388966246,0.7877778273106559,produccion,sorpresa_tpu_std,A,sin pandemia,,False,False,False
4,-0.000920029229444925,0.0075638887659647625,-0.12163442085303812,5392,85,64,2019-04,2026-03,-0.04230287774235071,-0.6144125930526678,0.5298068375679663,produccion,sorpresa_tpu_std,A,sin pandemia,,False,False,False
5,0.0032597989698875994,0.007465575593260714,0.43664402418351617,5222,85,62,2019-04,2026-02,0.1498853219815565,-0.41478828169527676,0.7145589256583899,produccion,sorpresa_tpu_std,A,sin pandemia,,False,False,False
6,-0.017764031534344013,0.006961774529671526,-2.551652809011924,5051,85,60,2019-04,2026-01,-0.8167888912203328,-1.343356503127431,-0.29022127931323466,produccion,sorpresa_tpu_std,A,sin pandemia,,True,True,False
7,-0.013864964254308582,0.00487416863461281,-2.8445803363982245,4881,85,58,2019-04,2025-12,-0.6375100583553683,-1.0061774616189507,-0.268842655091786,produccion,sorpresa_tpu_std,A,sin pandemia,,True,True,False
8,-0.0030764364691007987,0.004124657089646234,-0.7458647839655103,4711,85,56,2019-04,2025-11,-0.14145432739457414,-0.4534309397329769,0.17052228494382857,produccion,sorpresa_tpu_std,A,sin pandemia,,False,False,False
9,-0.02481234283557398,0.00349604917622528,-7.097252236698833,4541,85,54,2019-04,2025-10,-1.1408697374841514,-1.4053003446502788,-0.8764391303180239,produccion,sorpresa_tpu_std,A,sin pandemia,,True,True,False
10,2.520218022711336e-05,0.003800734009819933,0.0066308718689596915,4371,85,52,2019-04,2025-09,0.0011587944326850168,-0.28631725388159446,0.28863484274696444,produccion,sorpresa_tpu_std,A,sin pandemia,,False,False,False
11,0.012934716601190886,0.008477696760865957,1.5257347562723704,4201,85,50,2021-07,2025-08,0.5947373382281083,-0.046490055565748985,1.2359647320219656,produccion,sorpresa_tpu_std,A,sin pandemia,,False,False,False
12,-0.003042352440807924,0.011394803957691726,-0.26699471549523884,4116,84,49,2021-07,2025-07,-0.13988714622717774,-1.001755723351922,0.7219814308975666,produccion,sorpresa_tpu_std,A,sin pandemia,,False,False,False
0,0.001296279004949415,0.0017291057641306822,0.7496817325116759,7433,85,88,2019-04,2026-07,0.059602815336024885,-0.07118152550588554,0.1903871561779353,empleo,sorpresa_tpu_std,A,completa,,False,False,False
1,0.003872404355657281,0.0021473133243745494,1.8033718282753173,7348,85,87,2019-04,2026-06,0.17805287352136523,0.015636575146136426,0.340469171896594,empleo,sorpresa_tpu_std,A,completa,,True,False,True
2,0.0020296199092813723,0.0033005874595843174,0.614926868060326,7263,85,86,2019-04,2026-05,0.09332177732828273,-0.15632469557549175,0.34296825023205724,empleo,sorpresa_tpu_std,A,completa,,False,False,False
3,-6.115737928773376e-06,0.00413350422926882,-0.0014795528417434801,7178,85,85,2019-04,2026-04,-0.00028120118972877096,-0.31292698446485434,0.31236458208539675,empleo,sorpresa_tpu_std,A,completa,,False,False,False
4,-0.0001990699077621492,0.0039066745895507795,-0.05095635768963287,7093,85,84,2019-04,2026-03,-0.009153220029024463,-0.30464229402162296,0.286335853963574,empleo,sorpresa_tpu_std,A,completa,,False,False,False
5,0.0021163686602826324,0.003778161958956648,0.5601582682990844,7008,85,83,2019-04,2026-02,0.09731047865478511,-0.18845828786398836,0.3830792451735585,empleo,sorpresa_tpu_std,A,completa,,False,False,False
6,-0.001651091829556977,0.0036671723487267977,-0.4502356782140927,6923,85,82,2019-04,2026-01,-0.07591708347057911,-0.3532909308841529,0.20145676394299464,empleo,sorpresa_tpu_std,A,completa,,False,False,False
7,-0.0020692021194864464,0.0038245072847194104,-0.5410375678335925,6838,85,81,2019-04,2025-12,-0.09514176450422007,-0.3844159515743117,0.1941324225658716,empleo,sorpresa_tpu_std,A,completa,,False,False,False
8,-0.0005307460124992812,0.0034784791230378777,-0.15257990452901213,6753,85,80,2019-04,2025-11,-0.024403663449413558,-0.2875053248261394,0.23869799792731225,empleo,sorpresa_tpu_std,A,completa,,False,False,False
9,-0.002983022120450951,0.0033193829697136315,-0.8986676583173231,6668,85,79,2019-04,2025-10,-0.1371591423680071,-0.3882272509253332,0.11390896618931899,empleo,sorpresa_tpu_std,A,completa,,False,False,False
10,-0.0024555052397936625,0.002943590137010055,-0.8341872086471374,6583,85,78,2019-04,2025-09,-0.11290395416824206,-0.3355482271581927,0.10974031882170861,empleo,sorpresa_tpu_std,A,completa,,False,False,False
11,-0.005020022646612,0.002930729880497075,-1.7128916178930023,6498,85,77,2019-04,2025-08,-0.2308202799291299,-0.4524918419340162,-0.009148717924243585,empleo,sorpresa_tpu_std,A,completa,,True,True,False
12,-0.00621383896691775,0.0026809047540308903,-2.3178141474720038,6413,85,76,2019-04,2025-07,-0.2857118684009289,-0.48848741191555617,-0.08293632488630164,empleo,sorpresa_tpu_std,A,completa,,True,True,False
0,0.0016806941949259744,0.0016722336490950416,1.0050594280503273,6073,85,72,2019-04,2026-07,0.07727819809934434,-0.04920450762485479,0.2037609038235435,empleo,sorpresa_tpu_std,A,sin pandemia,,False,False,False
1,0.004639807966527554,0.0017364495040425591,2.672008575962504,5903,85,70,2019-04,2026-06,0.2133380363082797,0.08199823714588178,0.3446778354706776,empleo,sorpresa_tpu_std,A,sin pandemia,,True,False,True
2,0.002290694284024535,0.0018720412898994632,1.223634487328832,5733,85,68,2019-04,2026-05,0.10532595828575501,-0.03626959428672316,0.24692151085823316,empleo,sorpresa_tpu_std,A,sin pandemia,,False,False,False
3,0.0012891540008635755,0.0021723974347820103,0.5934245641350318,5563,85,66,2019-04,2026-04,0.05927520816104539,-0.10503837661117532,0.2235887929332661,empleo,sorpresa_tpu_std,A,sin pandemia,,False,False,False
4,0.0012062132371355146,0.0026695020636276342,0.4518495241379847,5393,85,64,2019-04,2026-03,0.055461597815249966,-0.14645148061531466,0.25737467624581456,empleo,sorpresa_tpu_std,A,sin pandemia,,False,False,False
5,0.004192244676520002,0.0030895534277668485,1.3569095905068023,5223,85,62,2019-04,2026-02,0.1927591084511978,-0.04092538727396582,0.4264436041763614,empleo,sorpresa_tpu_std,A,sin pandemia,,False,False,False
6,-0.0013505123413708566,0.0033147747536489505,-0.4074220548120785,5053,85,60,2019-04,2026-01,-0.06209646024074186,-0.3128160172444391,0.18862309676295536,empleo,sorpresa_tpu_std,A,sin pandemia,,False,False,False
7,-0.0010370090042091488,0.0021758726363472264,-0.47659453356150516,4883,85,58,2019-04,2025-12,-0.047681599365319446,-0.21225803789433628,0.11689483916369736,empleo,sorpresa_tpu_std,A,sin pandemia,,False,False,False
8,-0.001309413250980825,0.0022882770684953665,-0.5722267067256049,4713,85,56,2019-04,2025-11,-0.060206727023091516,-0.23328509751668927,0.11287164347050621,empleo,sorpresa_tpu_std,A,sin pandemia,,False,False,False
9,-0.0031926833199958657,0.0024024074796948707,-1.3289516233113658,4543,85,54,2019-04,2025-10,-0.14679934923079796,-0.32851019953470256,0.03491150107310667,empleo,sorpresa_tpu_std,A,sin pandemia,,False,False,False
10,9.167172852145013e-05,0.0017342031297798096,0.052861009732515944,4373,85,52,2019-04,2025-09,0.0042150594785043335,-0.1269548307151466,0.13538494967215525,empleo,sorpresa_tpu_std,A,sin pandemia,,False,False,False
11,-0.001996464052894292,0.0026088942115114434,-0.7652529734954855,4203,85,50,2021-07,2025-08,-0.0917972734383011,-0.2891261568743824,0.10553160999778025,empleo,sorpresa_tpu_std,A,sin pandemia,,False,False,False
12,-0.0025646202983186832,0.003017510372782321,-0.8499126702102944,4118,85,49,2021-07,2025-07,-0.1179210567046672,-0.34615643320656225,0.11031431979722789,empleo,sorpresa_tpu_std,A,sin pandemia,,False,False,False
0,-0.0037580954832151098,0.003482558411544525,-1.0791191529644388,7433,85,88,2019-04,2026-07,-0.1727969597949018,-0.4362071662412892,0.09061324665148555,horas,sorpresa_tpu_std,A,completa,,False,False,False
1,0.001931732127213329,0.005097301632937853,0.3789715159744169,7348,85,87,2019-04,2026-06,0.08882090415516342,-0.29672360559397365,0.4743654139043005,horas,sorpresa_tpu_std,A,completa,,False,False,False
2,0.003921958020580477,0.008342593551217418,0.47011256110015737,7263,85,86,2019-04,2026-05,0.18033134746745508,-0.4506772473459974,0.8113399422809074,horas,sorpresa_tpu_std,A,completa,,False,False,False
3,-0.0009149219119236566,0.0035956288749185014,-0.2544539338600106,7178,85,85,2019-04,2026-04,-0.042068043650368724,-0.3140305586529013,0.22989447135216387,horas,sorpresa_tpu_std,A,completa,,False,False,False
4,-0.0034203174858461875,0.0030230392875775277,-1.1314168161496219,7093,85,84,2019-04,2026-03,-0.1572659517905426,-0.38591951871899366,0.07138761513790848,horas,sorpresa_tpu_std,A,completa,,False,False,False
5,0.006146830014353757,0.00351005040297033,1.7512084752834574,7008,85,83,2019-04,2026-02,0.2826308015856193,0.01714118388999413,0.5481204192812444,horas,sorpresa_tpu_std,A,completa,,True,False,True
6,-0.007016749634793952,0.005139417909107892,-1.36528100241841,6923,85,82,2019-04,2026-01,-0.32262964311303044,-0.7113597008673143,0.0661004146412534,horas,sorpresa_tpu_std,A,completa,,False,False,False
7,-0.0041965680474914694,0.005716410464819285,-0.7341264370916963,6838,85,81,2019-04,2025-12,-0.19295789673725167,-0.6253299298031745,0.23941413632867115,horas,sorpresa_tpu_std,A,completa,,False,False,False
8,-0.002230446478979406,0.00329587107837181,-0.6767396011379385,6753,85,80,2019-04,2025-11,-0.10255576854666734,-0.35184550861151853,0.14673397151818385,horas,sorpresa_tpu_std,A,completa,,False,False,False
9,-0.007755925292499339,0.004045248043284242,-1.9172928852596356,6668,85,79,2019-04,2025-10,-0.3566168866453888,-0.6625872384063426,-0.05064653488443507,horas,sorpresa_tpu_std,A,completa,,True,True,False
10,-0.010868618474564894,0.004070217479906283,-2.6702795435921387,6583,85,78,2019-04,2025-09,-0.4997382950921736,-0.8075972596711231,-0.1918793305132241,horas,sorpresa_tpu_std,A,completa,,True,True,False
11,-0.006888225452969957,0.005030095783079554,-1.3694024428204443,6498,85,77,2019-04,2025-08,-0.3167201104844678,-0.6971813726053968,0.0637411516364612,horas,sorpresa_tpu_std,A,completa,,False,False,False
12,-0.005871915555049762,0.0033436104660345173,-1.7561601791532209,6413,85,76,2019-04,2025-07,-0.2699902545363068,-0.5228908577867323,-0.0170896512858814,horas,sorpresa_tpu_std,A,completa,,True,True,False
0,-0.002266824104502105,0.003949292870747391,-0.573982274470598,6073,85,72,2019-04,2026-07,-0.10422840914958839,-0.40294100129228466,0.19448418299310793,horas,sorpresa_tpu_std,A,sin pandemia,,False,False,False
1,-0.0003949512421312684,0.0023355238326773432,-0.16910606374695542,5903,85,70,2019-04,2026-06,-0.01815982968296417,-0.1948118028089952,0.15849214344306686,horas,sorpresa_tpu_std,A,sin pandemia,,False,False,False
2,0.00624082836996892,0.0030198275216762427,2.0666174889699556,5733,85,68,2019-04,2026-05,0.2869528392104123,0.058542200560295486,0.5153634778605292,horas,sorpresa_tpu_std,A,sin pandemia,,True,False,True
3,-0.00013705639044622216,0.003882372733263853,-0.035302223630393384,5563,85,66,2019-04,2026-04,-0.006301842966828799,-0.2999527979029458,0.28734911196928825,horas,sorpresa_tpu_std,A,sin pandemia,,False,False,False
4,-0.0049422247735225935,0.00357990804500124,-1.380545173617967,5393,85,64,2019-04,2026-03,-0.22724313932469317,-0.4980165782042562,0.04353029955486982,horas,sorpresa_tpu_std,A,sin pandemia,,False,False,False
5,0.007208931599888367,0.004237304959386746,1.7013011027017741,5223,85,62,2019-04,2026-02,0.33146615603401525,0.010969198846340063,0.6519631132216904,horas,sorpresa_tpu_std,A,sin pandemia,,True,False,True
6,-0.009279449582018744,0.005664717639174094,-1.6381133488185073,5053,85,60,2019-04,2026-01,-0.426668423807882,-0.8551305675723478,0.001793719956583859,horas,sorpresa_tpu_std,A,sin pandemia,,False,False,False
7,-0.006651621706449243,0.00241974867424555,-2.7488894930475136,4883,85,58,2019-04,2025-12,-0.3058410872511662,-0.4888635731679809,-0.12281860133435155,horas,sorpresa_tpu_std,A,sin pandemia,,True,True,False
8,0.000996117835797814,0.002231315887477079,0.4464261834858855,4713,85,56,2019-04,2025-11,0.045801426385282486,-0.12296857230851457,0.21457142507907953,horas,sorpresa_tpu_std,A,sin pandemia,,False,False,False
9,-0.009943204807574692,0.0020775682244468427,-4.785982328075937,4543,85,54,2019-04,2025-10,-0.4571878412990852,-0.6143288308353638,-0.3000468517628066,horas,sorpresa_tpu_std,A,sin pandemia,,True,True,False
10,-0.006019786548352678,0.004595628190251519,-1.3098941644413613,4373,85,52,2019-04,2025-09,-0.27678935216400635,-0.6243887969664594,0.07081009263844677,horas,sorpresa_tpu_std,A,sin pandemia,,False,False,False
11,0.00187906438328339,0.0025890411998802485,0.7257761612176364,4203,85,50,2021-07,2025-08,0.08639924508050788,-0.10942801648039685,0.2822265066414126,horas,sorpresa_tpu_std,A,sin pandemia,,False,False,False
12,-0.005818645139581549,0.0035045114139930678,-1.6603299154194335,4118,85,49,2021-07,2025-07,-0.2675408846677042,-0.5326115499560509,-0.002470219379357611,horas,sorpresa_tpu_std,A,sin pandemia,,True,True,False
0,-0.0017466130980021847,0.01798978209935448,-0.09708917475242003,7432,85,88,2019-04,2026-07,-0.08030914451767195,-1.4410019619038599,1.280383672868516,produccion,d12_tpu_std,A,completa,,False,False,False
1,0.005627933042717984,0.012630316795192876,0.44558922265987716,7347,85,87,2019-04,2026-06,0.2587719561821667,-0.6965470826819984,1.2140909950463317,produccion,d12_tpu_std,A,completa,,False,False,False
2,0.0031440442529798076,0.011523776572910878,0.27283106654207107,7262,85,86,2019-04,2026-05,0.14456292843064175,-0.7270607480165401,1.0161866048778234,produccion,d12_tpu_std,A,completa,,False,False,False
3,0.00044414778263619434,0.014054529520328755,0.03160175386830061,7176,85,85,2019-04,2026-04,0.020421883074009252,-1.042620307455897,1.0834640736039156,produccion,d12_tpu_std,A,completa,,False,False,False
4,-0.0018520169969966458,0.014398292975657463,-0.12862753939843885,7091,85,84,2019-04,2026-03,-0.08515560820602663,-1.1741990288765922,1.003887812464539,produccion,d12_tpu_std,A,completa,,False,False,False
5,0.03150208443441251,0.018856509290752575,1.6706212135382585,7005,85,83,2019-04,2026-02,1.448463574643349,0.022214128641241827,2.874713020645456,produccion,d12_tpu_std,A,completa,,True,False,True
6,0.003967446712190216,0.013549331251435905,0.29281494699376853,6919,85,82,2019-04,2026-01,0.18242291423320584,-0.8424076041351403,1.2072534326015518,produccion,d12_tpu_std,A,completa,,False,False,False
7,0.011780619267744078,0.02123901657843552,0.554668773115664,6833,85,81,2019-04,2025-12,0.5416720259129457,-1.064783079936301,2.148127131762192,produccion,d12_tpu_std,A,completa,,False,False,False
8,0.035868050250137166,0.023670683351873827,1.515294244654655,6747,85,80,2019-04,2025-11,1.649210368570007,-0.1411686722452375,3.4395894093852517,produccion,d12_tpu_std,A,completa,,False,False,False
9,0.009843011223654215,0.021329674014982647,0.4614703073633553,6661,85,79,2019-04,2025-10,0.4525809475227722,-1.160731213185229,2.0658931082307737,produccion,d12_tpu_std,A,completa,,False,False,False
10,0.014258071894660948,0.007126233273880409,2.0007865792045676,6575,85,78,2019-04,2025-09,0.6555851193612487,0.116578344446756,1.1945918942757414,produccion,d12_tpu_std,A,completa,,True,False,True
11,0.01676212489828311,0.015989719417630215,1.0483063811489552,6489,85,77,2019-04,2025-08,0.7707212962156554,-0.4386928169419794,1.9801354093732906,produccion,d12_tpu_std,A,completa,,False,False,False
12,0.005106067341726793,0.01823294142161437,0.28004627578486974,6403,85,76,2019-04,2025-07,0.2347766088166534,-1.1443080457497856,1.6138612633830927,produccion,d12_tpu_std,A,completa,,False,False,False
0,-0.0120480005385992,0.020129434068526884,-0.5985265406659741,6072,85,72,2019-04,2026-07,-0.5539661974996493,-2.076495831478717,0.9685634364794183,produccion,d12_tpu_std,A,sin pandemia,,False,False,False
1,-0.005354634729000638,0.011008018443059268,-0.48643039223619955,5902,85,70,2019-04,2026-06,-0.24620571939059138,-1.0788190076673239,0.5864075688861411,produccion,d12_tpu_std,A,sin pandemia,,False,False,False
2,-0.011132729537372286,0.008559900288531649,-1.3005676657574683,5733,85,68,2019-04,2026-05,-0.5118821027482457,-1.1593271232504625,0.13556291775397097,produccion,d12_tpu_std,A,sin pandemia,,False,False,False
3,-0.012469449726033081,0.008997871332579083,-1.3858221867303508,5562,85,66,2019-04,2026-04,-0.5733444008001954,-1.2539162290962573,0.10722742749586653,produccion,d12_tpu_std,A,sin pandemia,,False,False,False
4,-0.02162146402087228,0.010940807393290423,-1.9762219773772722,5392,85,64,2019-04,2026-03,-0.9941533592768833,-1.8216830066198697,-0.16662371193389702,produccion,d12_tpu_std,A,sin pandemia,,True,True,False
5,0.003614800201027615,0.011214375929559215,0.3223362783389139,5222,85,62,2019-04,2026-02,0.16620825303491066,-0.6820132926483647,1.014429798718186,produccion,d12_tpu_std,A,sin pandemia,,False,False,False
6,-0.02053352882431075,0.007028650922118093,-2.921403986602161,5051,85,60,2019-04,2026-01,-0.9441301772530803,-1.475756117624202,-0.4125042368819588,produccion,d12_tpu_std,A,sin pandemia,,True,True,False
7,-0.009590356295140587,0.015387168083480791,-0.6232697428863802,4881,85,58,2019-04,2025-12,-0.44096389209686715,-1.6048028410887836,0.7228750568950492,produccion,d12_tpu_std,A,sin pandemia,,False,False,False
8,-0.003939814320215004,0.010239440193335999,-0.38476852697270514,4711,85,56,2019-04,2025-11,-0.18115237883927995,-0.9556327281942438,0.5933279705156839,produccion,d12_tpu_std,A,sin pandemia,,False,False,False
9,-0.03845299657582233,0.006810679205316535,-5.645985578913371,4541,85,54,2019-04,2025-10,-1.7680660145498333,-2.2832052321909524,-1.252926796908714,produccion,d12_tpu_std,A,sin pandemia,,True,True,False
10,0.000131438109705666,0.010418029790790147,0.012616407549713597,4371,85,52,2019-04,2025-09,0.00604351482280522,-0.7819448126262607,0.7940318422718712,produccion,d12_tpu_std,A,sin pandemia,,False,False,False
11,0.022788950897240808,0.013097537482650882,1.7399416437958097,4201,85,50,2021-07,2025-08,1.0478343218117516,0.05717612041369712,2.0384925232098063,produccion,d12_tpu_std,A,sin pandemia,,True,False,True
12,-0.00918757496539942,0.026136591615794274,-0.35152154115792944,4116,84,49,2021-07,2025-07,-0.42244403554924215,-2.399336934315562,1.5544488632170776,produccion,d12_tpu_std,A,sin pandemia,,False,False,False
0,0.0015417054657521972,0.002198128975563206,0.7013717042500568,7433,85,88,2019-04,2026-07,0.07088750633692034,-0.09537233451154874,0.23714734718538943,empleo,d12_tpu_std,A,completa,,False,False,False
1,0.007014198664374137,0.0030527622869269988,2.297656353529851,7348,85,87,2019-04,2026-06,0.3225123496767568,0.09161062479382719,0.5534140745596864,empleo,d12_tpu_std,A,completa,,True,False,True
2,0.0032294804657152253,0.0028797547651064283,1.1214428759165096,7263,85,86,2019-04,2026-05,0.14849127934216266,-0.06932467879857383,0.3663072374828992,empleo,d12_tpu_std,A,completa,,False,False,False
3,0.00013956793391301032,0.004204283451446661,0.0331966042548787,7178,85,85,2019-04,2026-04,0.006417323554640384,-0.3115819864450265,0.3244166335543073,empleo,d12_tpu_std,A,completa,,False,False,False
4,0.0010840232229018677,0.004548062662674638,0.23834834814355266,7093,85,84,2019-04,2026-03,0.04984330975653184,-0.2941584221124573,0.393845041625521,empleo,d12_tpu_std,A,completa,,False,False,False
5,0.003587441798308235,0.005182594272665046,0.692209655930381,7008,85,83,2019-04,2026-02,0.16495031564724508,-0.22704547192236446,0.5569461032168547,empleo,d12_tpu_std,A,completa,,False,False,False
6,-0.0011271032922232458,0.004793240739041226,-0.23514431124707,6923,85,82,2019-04,2026-01,-0.05182412824284641,-0.4143703897592819,0.3107221332735891,empleo,d12_tpu_std,A,completa,,False,False,False
7,-0.004210059900931565,0.005422496114564149,-0.7764062549761666,6838,85,81,2019-04,2025-12,-0.1935782511872276,-0.6037194899550224,0.21656298758056733,empleo,d12_tpu_std,A,completa,,False,False,False
8,-0.002496850525103595,0.0049792979871830624,-0.5014462945440503,6753,85,80,2019-04,2025-11,-0.11480500741058731,-0.49142407757868073,0.2618140627575061,empleo,d12_tpu_std,A,completa,,False,False,False
9,-0.007761240917484355,0.004615941960528976,-1.6813991561962653,6668,85,79,2019-04,2025-10,-0.35686129869955907,-0.7059972157704317,-0.0077253816286863555,empleo,d12_tpu_std,A,completa,,True,True,False
10,-0.003379971097511701,0.005371474836000461,-0.6292445186298944,6583,85,78,2019-04,2025-09,-0.15541082775922357,-0.5616929710197993,0.25087131550135217,empleo,d12_tpu_std,A,completa,,False,False,False
11,-0.008524832364691926,0.004932065175482005,-1.7284508743051643,6498,85,77,2019-04,2025-08,-0.3919711784756778,-0.7650177013348803,-0.018924655616475345,empleo,d12_tpu_std,A,completa,,True,True,False
12,-0.010993842370341301,0.005358828770009816,-2.051538282370079,6413,85,76,2019-04,2025-07,-0.5054960808058364,-0.9108217138059416,-0.10017044780573119,empleo,d12_tpu_std,A,completa,,True,True,False
0,0.002064823596393344,0.0023843325002379573,0.8659964984696026,6073,85,72,2019-04,2026-07,0.0949404403275835,-0.08540327308797002,0.27528415374313703,empleo,d12_tpu_std,A,sin pandemia,,False,False,False
1,0.008383690187718272,0.003266869572176101,2.5662763702359244,5903,85,70,2019-04,2026-06,0.38548147133842964,0.1383853176636714,0.6325776250131879,empleo,d12_tpu_std,A,sin pandemia,,True,False,True
2,0.00368638569156418,0.0029474602272857703,1.2506990450415219,5733,85,68,2019-04,2026-05,0.16949974873676085,-0.053437246200110505,0.39243674367363224,empleo,d12_tpu_std,A,sin pandemia,,False,False,False
3,0.003839447530858453,0.003947533363988709,0.9726193997202741,5563,85,66,2019-04,2026-04,0.1765375210894843,-0.12204198727290502,0.4751170294518736,empleo,d12_tpu_std,A,sin pandemia,,False,False,False
4,0.006721319303244545,0.0036983563833690213,1.8173801025421332,5393,85,64,2019-04,2026-03,0.30904577773469155,0.029313264067104744,0.5887782914022784,empleo,d12_tpu_std,A,sin pandemia,,True,False,True
5,0.011490285442871201,0.00395018633332698,2.9087958069040494,5223,85,62,2019-04,2026-02,0.5283224975447259,0.22954232658934945,0.8271026685001025,empleo,d12_tpu_std,A,sin pandemia,,True,False,True
6,0.00421256155982708,0.004054680624155982,1.0389379461184967,5053,85,60,2019-04,2026-01,0.19369327728316355,-0.11299052642349504,0.5003770809898221,empleo,d12_tpu_std,A,sin pandemia,,False,False,False
7,0.0011233550543124048,0.0041075919381478605,0.27348263197218486,4883,85,58,2019-04,2025-12,0.05165178453351967,-0.2590340712552371,0.3623376403222765,empleo,d12_tpu_std,A,sin pandemia,,False,False,False
8,0.0002730088962386706,0.00451497485788901,0.06046742337039651,4713,85,56,2019-04,2025-11,0.012552929396739288,-0.3289461407909561,0.3540519995844347,empleo,d12_tpu_std,A,sin pandemia,,False,False,False
9,-0.005450901076742952,0.004490870230400926,-1.2137739006224453,4543,85,54,2019-04,2025-10,-0.2506320391301312,-0.5903079080523714,0.08904382979210893,empleo,d12_tpu_std,A,sin pandemia,,False,False,False
10,0.0026091520086503977,0.004248974901371216,0.6140662322595457,4373,85,52,2019-04,2025-09,0.11996862154014187,-0.20141101483452314,0.44134825791480686,empleo,d12_tpu_std,A,sin pandemia,,False,False,False
11,-0.003540519487807788,0.00522007406228299,-0.6782508151348619,4203,85,50,2021-07,2025-08,-0.1627928311880974,-0.557623476914889,0.23203781453869418,empleo,d12_tpu_std,A,sin pandemia,,False,False,False
12,-0.005227248008496394,0.0059042115676448004,-0.8853422592682517,4118,85,49,2021-07,2025-07,-0.2403484871516317,-0.6869252287738106,0.2062282544705472,empleo,d12_tpu_std,A,sin pandemia,,False,False,False
0,0.00012183233370184388,0.006356998415348638,0.019165072215164648,7433,85,88,2019-04,2026-07,0.005601841933613151,-0.4752223301507531,0.48642601401797947,horas,d12_tpu_std,A,completa,,False,False,False
1,0.005307258122737201,0.0055214722634845765,0.9612034380460356,7348,85,87,2019-04,2026-06,0.24402734644496354,-0.17360014947618535,0.6616548423661124,horas,d12_tpu_std,A,completa,,False,False,False
2,0.004210704304358494,0.007596284702461736,0.5543110177260637,7263,85,86,2019-04,2026-05,0.19360788081041097,-0.380952165352191,0.7681679269730128,horas,d12_tpu_std,A,completa,,False,False,False
3,-0.002963009867822214,0.007120780551024642,-0.416107454314942,7178,85,85,2019-04,2026-04,-0.13623898043270288,-0.6748333278489601,0.4023553669835543,horas,d12_tpu_std,A,completa,,False,False,False
4,-0.009849259418425146,0.005292867275790652,-1.8608551670047038,7093,85,84,2019-04,2026-03,-0.45286823906856855,-0.8532047437450295,-0.05253173439210753,horas,d12_tpu_std,A,completa,,True,True,False
5,0.005661588941965497,0.00814866934066891,0.6947869284263714,7008,85,83,2019-04,2026-02,0.2603194520068759,-0.356021300864227,0.8766602048779788,horas,d12_tpu_std,A,completa,,False,False,False
6,-0.012061415022026819,0.007410250297204396,-1.6276663457072602,6923,85,82,2019-04,2026-01,-0.554582994482021,-1.1150719597597991,0.0059059707957570965,horas,d12_tpu_std,A,completa,,False,False,False
7,-0.014051902255890493,0.007480486428856306,-1.878474399964775,6838,85,81,2019-04,2025-12,-0.6461054542115305,-1.2119068684857404,-0.08030403993732055,horas,d12_tpu_std,A,completa,,True,True,False
8,-0.011217791753316898,0.009736105211955262,-1.1521847298386039,6753,85,80,2019-04,2025-11,-0.5157932573142472,-1.252202867950894,0.22061635332239976,horas,d12_tpu_std,A,completa,,False,False,False
9,-0.01419704591489079,0.01020395043230628,-1.3913283888504737,6668,85,79,2019-04,2025-10,-0.6527791492043205,-1.4245751601577856,0.11901686174914472,horas,d12_tpu_std,A,completa,,False,False,False
10,-0.017746606200861114,0.011053143414798267,-1.6055709706165078,6583,85,78,2019-04,2025-09,-0.8159876756411371,-1.6520140805743637,0.020038729292089642,horas,d12_tpu_std,A,completa,,False,False,False
11,-0.014272658023877623,0.006288290099281827,-2.269720034943629,6498,85,77,2019-04,2025-08,-0.6562557885326612,-1.1318830709798726,-0.1806285060854499,horas,d12_tpu_std,A,completa,,True,True,False
12,-0.0025088094163406376,0.01261662223098012,-0.19884953123033638,6413,85,76,2019-04,2025-07,-0.11535487636881585,-1.0696380997317914,0.8389283469941597,horas,d12_tpu_std,A,completa,,False,False,False
0,-0.0010090753208127942,0.007424477383300912,-0.13591196642101705,6073,85,72,2019-04,2026-07,-0.046397210613537666,-0.6079622697404212,0.5151678485133458,horas,d12_tpu_std,A,sin pandemia,,False,False,False
1,0.005457981655994892,0.005538560736316825,0.9854512599647831,5903,85,70,2019-04,2026-06,0.2509576036544459,-0.1679624127716497,0.6698776200805416,horas,d12_tpu_std,A,sin pandemia,,False,False,False
2,0.006073116026277686,0.0067817828390545004,0.8955043489897981,5733,85,68,2019-04,2026-05,0.2792414377201207,-0.2337121459981328,0.7921950214383743,horas,d12_tpu_std,A,sin pandemia,,False,False,False
3,0.0030569172950780203,0.007067909810273481,0.43250655103644253,5563,85,66,2019-04,2026-04,0.14055683717807804,-0.394038526993542,0.6751522013496981,horas,d12_tpu_std,A,sin pandemia,,False,False,False
4,-0.004204810845105841,0.0061146371135880765,-0.6876631870371868,5393,85,64,2019-04,2026-03,-0.19333689997820966,-0.6558295947441377,0.2691557947877184,horas,d12_tpu_std,A,sin pandemia,,False,False,False
5,0.008456033523030764,0.00711231583297359,1.1889282930641987,5223,85,62,2019-04,2026-02,0.38880781268852416,-0.1491462890043744,0.9267619143814227,horas,d12_tpu_std,A,sin pandemia,,False,False,False
6,-0.006723627950741751,0.006690681786144498,-1.0049241864506964,5053,85,60,2019-04,2026-01,-0.30915192918042705,-0.8152149042372557,0.19691104587640157,horas,d12_tpu_std,A,sin pandemia,,False,False,False
7,-0.012289444079035643,0.005220072368174207,-2.3542669933010996,4883,85,58,2019-04,2025-12,-0.5650677541088076,-0.9598982716983243,-0.1702372365192909,horas,d12_tpu_std,A,sin pandemia,,True,True,False
8,0.0032279809332731355,0.006521410564174944,0.4949820137081836,4713,85,56,2019-04,2025-11,0.14842233094841795,-0.34483747980924895,0.6416821417060848,horas,d12_tpu_std,A,sin pandemia,,False,False,False
9,-0.02297992677136476,0.005617429216192191,-4.09082622797014,4543,85,54,2019-04,2025-10,-1.056615378756734,-1.4815007689428836,-0.6317299885705845,horas,d12_tpu_std,A,sin pandemia,,True,True,False
10,-0.005704359625767213,0.01148515011023433,-0.4966726225619029,4373,85,52,2019-04,2025-09,-0.2622860449692672,-1.1309881323702482,0.6064160424317135,horas,d12_tpu_std,A,sin pandemia,,False,False,False
11,-0.0013566694506506123,0.003921853900672804,-0.3459255456757,4203,85,50,2021-07,2025-08,-0.06237956368221072,-0.3590167549506349,0.2342576275862135,horas,d12_tpu_std,A,sin pandemia,,False,False,False
12,-0.008290782248364655,0.010722668628461263,-0.7732013863002692,4118,85,49,2021-07,2025-07,-0.38120957097484987,-1.1922398605792461,0.4298207186295464,horas,d12_tpu_std,A,sin pandemia,,False,False,False
0,-0.006795969909596985,0.002671157623103592,-2.544204000099707,7432,85,88,2019-04,2026-07,-0.6795969909596985,-1.1190024199602393,-0.2401915619591576,produccion,sorpresa_tpu_std,B,completa,,True,True,False
1,0.005064556833448994,0.008673455806855522,0.5839145256779836,7347,85,87,2019-04,2026-06,0.5064556833448994,-0.920327796882834,1.9332391635726327,produccion,sorpresa_tpu_std,B,completa,,False,False,False
2,0.00812342493096647,0.020363145658808382,0.39892780158219615,7262,85,86,2019-04,2026-05,0.812342493096647,-2.5373949677773324,4.1620799539706255,produccion,sorpresa_tpu_std,B,completa,,False,False,False
3,0.001124838859837753,0.019626124479672862,0.0573133458418023,7176,85,85,2019-04,2026-04,0.1124838859837753,-3.1160135909224103,3.340981362889961,produccion,sorpresa_tpu_std,B,completa,,False,False,False
4,0.014188044272711925,0.012403321290756478,1.1438907321771552,7091,85,84,2019-04,2026-03,1.4188044272711924,-0.6215419250582483,3.459150779600633,produccion,sorpresa_tpu_std,B,completa,,False,False,False
5,0.01160056330769849,0.011851371010176234,0.9788372415088189,7005,85,83,2019-04,2026-02,1.160056330769849,-0.7894942004041415,3.1096068619438393,produccion,sorpresa_tpu_std,B,completa,,False,False,False
6,0.007439105509832362,0.016607755976172513,0.4479296011156112,6919,85,82,2019-04,2026-01,0.7439105509832362,-1.9880653070971421,3.4758864090636146,produccion,sorpresa_tpu_std,B,completa,,False,False,False
7,0.014652650118220123,0.013748452322061273,1.0657672423759248,6833,85,81,2019-04,2025-12,1.4652650118220123,-0.7963553951570673,3.726885418801092,produccion,sorpresa_tpu_std,B,completa,,False,False,False
8,0.005940749865690606,0.007426864755228458,0.7999001007132064,6747,85,80,2019-04,2025-11,0.5940749865690607,-0.6276442656660207,1.8157942388041421,produccion,sorpresa_tpu_std,B,completa,,False,False,False
9,-0.006099154006417883,0.009281777062128191,-0.6571105905251537,6661,85,79,2019-04,2025-10,-0.6099154006417883,-2.136767727361876,0.9169369260782992,produccion,sorpresa_tpu_std,B,completa,,False,False,False
10,-0.007037683890403015,0.005824427508494117,-1.2083048299836392,6575,85,78,2019-04,2025-09,-0.7037683890403015,-1.6618867141875837,0.2543499361069807,produccion,sorpresa_tpu_std,B,completa,,False,False,False
11,-0.017073854927576595,0.01281327669968027,-1.332512777781708,6489,85,77,2019-04,2025-08,-1.7073854927576595,-3.815169509855064,0.400398524339745,produccion,sorpresa_tpu_std,B,completa,,False,False,False
12,-0.022746425138541915,0.007900341049121224,-2.879170025333534,6403,85,76,2019-04,2025-07,-2.2746425138541913,-3.574248616434633,-0.9750364112737501,produccion,sorpresa_tpu_std,B,completa,,True,True,False
0,-0.005141732292707901,0.0027617186502856775,-1.8617871491638114,6072,85,72,2019-04,2026-07,-0.5141732292707901,-0.9684759472427841,-0.059870511298796156,produccion,sorpresa_tpu_std,B,sin pandemia,,True,True,False
1,-0.0004294777895800578,0.0033079181942534757,-0.1298332559511743,5902,85,70,2019-04,2026-06,-0.04294777895800578,-0.5871003219127026,0.501204763996691,produccion,sorpresa_tpu_std,B,sin pandemia,,False,False,False
2,0.0006669204945439677,0.002336921795124734,0.28538417328953475,5733,85,68,2019-04,2026-05,0.06669204945439677,-0.317731585843622,0.4511156847524155,produccion,sorpresa_tpu_std,B,sin pandemia,,False,False,False
3,-0.005141575297164832,0.0023965335379822566,-2.145421800144613,5562,85,66,2019-04,2026-04,-0.5141575297164832,-0.9083872967145644,-0.11992776271840194,produccion,sorpresa_tpu_std,B,sin pandemia,,True,True,False
4,0.00363580325162491,0.0023438718976642216,1.5511953768668667,5392,85,64,2019-04,2026-03,0.363580325162491,-0.02198660200327346,0.7491472523282555,produccion,sorpresa_tpu_std,B,sin pandemia,,False,False,False
5,0.00021426084392946556,0.004197704953497511,0.051042378228832945,5222,85,62,2019-04,2026-02,0.021426084392946555,-0.6690963804573941,0.7119485492432871,produccion,sorpresa_tpu_std,B,sin pandemia,,False,False,False
6,-0.003508261435793849,0.002543285442287219,-1.379421034486326,5051,85,60,2019-04,2026-01,-0.3508261435793849,-0.7691965988356324,0.06754431167686269,produccion,sorpresa_tpu_std,B,sin pandemia,,False,False,False
7,0.0035082123755623717,0.0037440279548728813,0.9370155399070689,4881,85,58,2019-04,2025-12,0.3508212375562372,-0.26507136102035184,0.9667138361328261,produccion,sorpresa_tpu_std,B,sin pandemia,,False,False,False
8,0.006594912588917411,0.0017830275124357513,3.6987161122983787,4711,85,56,2019-04,2025-11,0.6594912588917411,0.36618323309606,0.9527992846874223,produccion,sorpresa_tpu_std,B,sin pandemia,,True,False,True
9,-0.012029057594988278,0.003401141236478372,-3.536770971452944,4541,85,54,2019-04,2025-10,-1.202905759498828,-1.7623934928995202,-0.6434180260981357,produccion,sorpresa_tpu_std,B,sin pandemia,,True,True,False
10,-0.004499152993428411,0.0022655278188805283,-1.9859182288265125,4371,85,52,2019-04,2025-09,-0.4499152993428411,-0.822594625548688,-0.07723597313699418,produccion,sorpresa_tpu_std,B,sin pandemia,,True,True,False
11,0.007630794580186526,0.004091010130112148,1.8652592727697161,4201,85,50,2021-07,2025-08,0.7630794580186526,0.09010829161520433,1.436050624422101,produccion,sorpresa_tpu_std,B,sin pandemia,,True,False,True
12,-0.010768852040595665,0.002566662375149772,-4.195663654424853,4116,84,49,2021-07,2025-07,-1.0768852040595664,-1.4991011647717039,-0.654669243347429,produccion,sorpresa_tpu_std,B,sin pandemia,,True,True,False
0,-0.00012819493760427125,0.0004398436460120914,-0.29145569969367513,7433,85,88,2019-04,2026-07,-0.012819493760427125,-0.08517377352941616,0.059534786008561914,empleo,sorpresa_tpu_std,B,completa,,False,False,False
1,-2.3172316807601543e-05,0.0012644983363549961,-0.0183253043055773,7348,85,87,2019-04,2026-06,-0.0023172316807601543,-0.21032720801115704,0.20569274464963672,empleo,sorpresa_tpu_std,B,completa,,False,False,False
2,2.8910684355995155e-05,0.0021988331481886544,0.013148193795336894,7263,85,86,2019-04,2026-05,0.0028910684355995153,-0.3588169844414341,0.36459912131263317,empleo,sorpresa_tpu_std,B,completa,,False,False,False
3,4.459275201805884e-05,0.0027818984678056016,0.01602961162462345,7178,85,85,2019-04,2026-04,0.004459275201805884,-0.45316302275221565,0.4620815731558274,empleo,sorpresa_tpu_std,B,completa,,False,False,False
4,0.000735240872578164,0.0030859338750570792,0.23825554997174545,7093,85,84,2019-04,2026-03,0.0735240872578164,-0.43411203518907315,0.5811602097047059,empleo,sorpresa_tpu_std,B,completa,,False,False,False
5,0.0003705248906311733,0.0032762179946549063,0.11309531027412655,7008,85,83,2019-04,2026-02,0.03705248906311733,-0.5018853710576148,0.5759903491838495,empleo,sorpresa_tpu_std,B,completa,,False,False,False
6,0.00020552261225274202,0.0033958842675030905,0.060521088489231024,6923,85,82,2019-04,2026-01,0.0205522612252742,-0.5380707007789842,0.5791752232295326,empleo,sorpresa_tpu_std,B,completa,,False,False,False
7,-0.00018436425888545204,0.003476374811712044,-0.053033481391109374,6838,85,81,2019-04,2025-12,-0.018436425888545206,-0.5903000824151764,0.553427230638086,empleo,sorpresa_tpu_std,B,completa,,False,False,False
8,-0.0008107150416170405,0.0035518984417789363,-0.22824837334341158,6753,85,80,2019-04,2025-11,-0.08107150416170404,-0.665358797834339,0.5032157895109309,empleo,sorpresa_tpu_std,B,completa,,False,False,False
9,-0.0021687102187066248,0.003288647374551929,-0.6594535599920034,6668,85,79,2019-04,2025-10,-0.21687102187066248,-0.7578535149844549,0.3241114712431299,empleo,sorpresa_tpu_std,B,completa,,False,False,False
10,-0.0032170810577721322,0.00290313561823473,-1.1081401218618572,6583,85,78,2019-04,2025-09,-0.3217081057772132,-0.7992739149768264,0.15585770342239993,empleo,sorpresa_tpu_std,B,completa,,False,False,False
11,-0.004306900625591937,0.0023726363919253416,-1.815238373755611,6498,85,77,2019-04,2025-08,-0.43069006255919373,-0.8209887490309123,-0.04039137608747505,empleo,sorpresa_tpu_std,B,completa,,True,True,False
12,-0.006052276832836176,0.0023374559525392263,-2.5892581317998586,6413,85,76,2019-04,2025-07,-0.6052276832836176,-0.9897391874763205,-0.2207161790909149,empleo,sorpresa_tpu_std,B,completa,,True,True,False
0,-0.00031467342287884724,0.0003515305828522657,-0.8951523373176664,6073,85,72,2019-04,2026-07,-0.031467342287884725,-0.08929412316708243,0.026359438591312987,empleo,sorpresa_tpu_std,B,sin pandemia,,False,False,False
1,-0.00011164718382313527,0.00041741262426530897,-0.26747438226059,5903,85,70,2019-04,2026-06,-0.011164718382313527,-0.07982909507395686,0.05749965830932979,empleo,sorpresa_tpu_std,B,sin pandemia,,False,False,False
2,9.767399804105159e-05,0.0006435785688738931,0.15176701457283992,5733,85,68,2019-04,2026-05,0.009767399804105159,-0.09610127477565027,0.11563607438386059,empleo,sorpresa_tpu_std,B,sin pandemia,,False,False,False
3,0.0001374816934221413,0.0007958104222345696,0.17275683954490584,5563,85,66,2019-04,2026-04,0.01374816934221413,-0.11716264511537255,0.14465898379980083,empleo,sorpresa_tpu_std,B,sin pandemia,,False,False,False
4,0.0007063828103966822,0.0008812401912549412,0.8015780685067813,5393,85,64,2019-04,2026-03,0.07063828103966822,-0.0743257304217696,0.21560229250110605,empleo,sorpresa_tpu_std,B,sin pandemia,,False,False,False
5,0.0007257793341767582,0.0009909214059251861,0.7324287575553232,5223,85,62,2019-04,2026-02,0.07257793341767582,-0.0904286378570173,0.23558450469236894,empleo,sorpresa_tpu_std,B,sin pandemia,,False,False,False
6,-0.000635325867474149,0.0008826125289608065,-0.7198242112223193,5053,85,60,2019-04,2026-01,-0.0635325867474149,-0.20872234776146756,0.08165717426663778,empleo,sorpresa_tpu_std,B,sin pandemia,,False,False,False
7,-0.0008267053223368327,0.0008471552356533275,-0.9758604887795757,4883,85,58,2019-04,2025-12,-0.08267053223368327,-0.22202756849865565,0.05668650403128911,empleo,sorpresa_tpu_std,B,sin pandemia,,False,False,False
8,-0.0008871967277241396,0.0005659774907899538,-1.5675477243553437,4713,85,56,2019-04,2025-11,-0.08871967277241395,-0.18182297000736133,0.004383624462533443,empleo,sorpresa_tpu_std,B,sin pandemia,,False,False,False
9,-0.0021093299493498033,0.000750573978320363,-2.8102892056957116,4543,85,54,2019-04,2025-10,-0.21093299493498033,-0.33440241436868007,-0.08746357550128062,empleo,sorpresa_tpu_std,B,sin pandemia,,True,True,False
10,-0.0020255060148782517,0.001184630949066913,-1.7098202748068188,4373,85,52,2019-04,2025-09,-0.20255060148782517,-0.3974223926093323,-0.007678810366317976,empleo,sorpresa_tpu_std,B,sin pandemia,,True,True,False
11,-0.0017612776647825106,0.0011387983884470151,-1.546610605222557,4203,85,50,2021-07,2025-08,-0.17612776647825107,-0.36346010137778506,0.011204568421282927,empleo,sorpresa_tpu_std,B,sin pandemia,,False,False,False
12,-0.002479233629375399,0.0011477765065191353,-2.1600316919660405,4118,85,49,2021-07,2025-07,-0.2479233629375399,-0.4367325982599377,-0.05911412761514213,empleo,sorpresa_tpu_std,B,sin pandemia,,True,True,False
0,-0.0049172854805669885,0.0029386808040474375,-1.6732969003623748,7433,85,88,2019-04,2026-07,-0.49172854805669886,-0.9751415403225022,-0.008315555790895397,horas,sorpresa_tpu_std,B,completa,,True,True,False
1,0.0016042041324738818,0.006335397742816017,0.253212852230621,7348,85,87,2019-04,2026-06,0.16042041324738818,-0.8817525154458464,1.202593341940623,horas,sorpresa_tpu_std,B,completa,,False,False,False
2,0.005298038235586615,0.013490885697596459,0.3927124100184553,7263,85,86,2019-04,2026-05,0.5298038235586615,-1.6894468736959563,2.749054520813279,horas,sorpresa_tpu_std,B,completa,,False,False,False
3,-0.0010757939593389752,0.011668437582177402,-0.09219691597632264,7178,85,85,2019-04,2026-04,-0.10757939593389752,-2.02703737820208,1.811878586334285,horas,sorpresa_tpu_std,B,completa,,False,False,False
4,0.007040639240942693,0.007661668767083136,0.9189433079111206,7093,85,84,2019-04,2026-03,0.7040639240942693,-0.5562805880909066,1.9644084362794454,horas,sorpresa_tpu_std,B,completa,,False,False,False
5,0.007292920780912118,0.007533854432740484,0.9680198689821612,7008,85,83,2019-04,2026-02,0.7292920780912118,-0.5100269760945977,1.9686111322770212,horas,sorpresa_tpu_std,B,completa,,False,False,False
6,0.005491817903137714,0.010429667705149123,0.5265573226677592,6923,85,82,2019-04,2026-01,0.5491817903137715,-1.1664985471832594,2.264862127810802,horas,sorpresa_tpu_std,B,completa,,False,False,False
7,0.008054875741264001,0.009806973337574338,0.8213416580223208,6838,85,81,2019-04,2025-12,0.8054875741264002,-0.8077595399045786,2.418734688157379,horas,sorpresa_tpu_std,B,completa,,False,False,False
8,0.003954573012301567,0.005027704599364235,0.7865563567122921,6753,85,80,2019-04,2025-11,0.3954573012301567,-0.43160010536525995,1.2225147078255734,horas,sorpresa_tpu_std,B,completa,,False,False,False
9,-0.002187482140465347,0.007759274792187539,-0.2819183749836806,6668,85,79,2019-04,2025-10,-0.2187482140465347,-1.495148917361385,1.0576524892683155,horas,sorpresa_tpu_std,B,completa,,False,False,False
10,-0.006389776495725199,0.004542211231307709,-1.4067545894129572,6583,85,78,2019-04,2025-09,-0.6389776495725199,-1.3861713971226381,0.10821609797759821,horas,sorpresa_tpu_std,B,completa,,False,False,False
11,-0.009096035926295824,0.008340568291900602,-1.0905774772120558,6498,85,77,2019-04,2025-08,-0.9096035926295823,-2.2816270766472315,0.46241989138806666,horas,sorpresa_tpu_std,B,completa,,False,False,False
12,-0.014872865875840814,0.0061540365918746915,-2.4167659151519807,6413,85,76,2019-04,2025-07,-1.4872865875840813,-2.4996256069474683,-0.47494756822069467,horas,sorpresa_tpu_std,B,completa,,True,True,False
0,-0.004137234211426819,0.0017683372089901765,-2.339618365995601,6073,85,72,2019-04,2026-07,-0.4137234211426819,-0.7046148920215659,-0.12283195026379784,horas,sorpresa_tpu_std,B,sin pandemia,,True,True,False
1,-0.0025553467079488384,0.0025007920049909533,-1.0218149701570574,5903,85,70,2019-04,2026-06,-0.25553467079488384,-0.6669149556158956,0.15584561402612798,horas,sorpresa_tpu_std,B,sin pandemia,,False,False,False
2,0.001869983604098083,0.0016395138606999122,1.1405720005927749,5733,85,68,2019-04,2026-05,0.1869983604098083,-0.08270166967532727,0.4566983904949439,horas,sorpresa_tpu_std,B,sin pandemia,,False,False,False
3,-0.005825887183538749,0.002577280144773258,-2.2604788211920575,5563,85,66,2019-04,2026-04,-0.5825887183538749,-1.006551302169076,-0.15862613453867402,horas,sorpresa_tpu_std,B,sin pandemia,,True,True,False
4,-1.0404499253056701e-05,0.001949845510410882,-0.005336063394511809,5393,85,64,2019-04,2026-03,-0.0010404499253056701,-0.3217900363878957,0.3197091365372844,horas,sorpresa_tpu_std,B,sin pandemia,,False,False,False
5,0.0024174997540250135,0.0032339639684470433,0.7475345358241274,5223,85,62,2019-04,2026-02,0.24174997540250134,-0.29023709740703724,0.7737370482120399,horas,sorpresa_tpu_std,B,sin pandemia,,False,False,False
6,-0.0031137776546000034,0.002639665758560246,-1.1796105792948393,5053,85,60,2019-04,2026-01,-0.31137776546000034,-0.7456027827431608,0.12284725182316013,horas,sorpresa_tpu_std,B,sin pandemia,,False,False,False
7,-0.0004962351805724325,0.0035284743837338617,-0.14063731987401087,4883,85,58,2019-04,2025-12,-0.04962351805724325,-0.6300575541814635,0.530810518066977,horas,sorpresa_tpu_std,B,sin pandemia,,False,False,False
8,0.00530135798170809,0.0018260718572950117,2.903148614075392,4713,85,56,2019-04,2025-11,0.530135798170809,0.2297469776457796,0.8305246186958385,horas,sorpresa_tpu_std,B,sin pandemia,,True,False,True
9,-0.008229061254384804,0.0020229743576741623,-4.067803046127512,4543,85,54,2019-04,2025-10,-0.8229061254384804,-1.15568540727588,-0.4901268436010808,horas,sorpresa_tpu_std,B,sin pandemia,,True,True,False
10,-0.006761789535656419,0.002201516461640695,-3.0714235634727665,4373,85,52,2019-04,2025-09,-0.676178953565642,-1.0383284115055362,-0.3140294956257476,horas,sorpresa_tpu_std,B,sin pandemia,,True,True,False
11,0.006628957386504502,0.003353569507730531,1.9766870408451833,4203,85,50,2021-07,2025-08,0.6628957386504502,0.11123355462877779,1.2145579226721226,horas,sorpresa_tpu_std,B,sin pandemia,,True,False,True
12,-0.010829145935317065,0.002541165138850563,-4.261488468323384,4118,85,49,2021-07,2025-07,-1.0829145935317066,-1.500936258872624,-0.6648929281907889,horas,sorpresa_tpu_std,B,sin pandemia,,True,True,False
0,-0.0018605124454394283,0.00838512206629968,-0.22188257138401624,7432,85,88,2019-04,2026-07,-0.18605124454394284,-1.56540382445024,1.1933013353623545,produccion,d12_tpu_std,B,completa,,False,False,False
1,0.005199158863141253,0.008899542082234141,0.584205211358027,7347,85,87,2019-04,2026-06,0.5199158863141252,-0.944058786213391,1.9838905588416416,produccion,d12_tpu_std,B,completa,,False,False,False
2,0.022357502720235928,0.02084921898794284,1.0723424572002112,7262,85,86,2019-04,2026-05,2.235750272023593,-1.1939462514930048,5.66544679554019,produccion,d12_tpu_std,B,completa,,False,False,False
3,0.007704743675644119,0.018832544324502,0.40911857383072214,7176,85,85,2019-04,2026-04,0.7704743675644119,-2.3274791738161675,3.8684279089449913,produccion,d12_tpu_std,B,completa,,False,False,False
4,0.006026991263104192,0.022189917227793905,0.27160945222252136,7091,85,84,2019-04,2026-03,0.6026991263104192,-3.0475422576616786,4.252940510282517,produccion,d12_tpu_std,B,completa,,False,False,False
5,0.01372676689315623,0.025133614580552306,0.5461517223940253,7005,85,83,2019-04,2026-02,1.3726766893156228,-2.7618029091852314,5.5071562878164775,produccion,d12_tpu_std,B,completa,,False,False,False
6,0.0018644859348328476,0.023615175271616096,0.07895287303134431,6919,85,82,2019-04,2026-01,0.18644859348328477,-3.698247738697563,4.071144925664133,produccion,d12_tpu_std,B,completa,,False,False,False
7,0.0017924830464699291,0.018682175291483794,0.09594616357587793,6833,85,81,2019-04,2025-12,0.1792483046469929,-2.8939695308020914,3.2524661400960766,produccion,d12_tpu_std,B,completa,,False,False,False
8,-0.02765517232125274,0.013045752823680163,-2.1198602100642367,6747,85,80,2019-04,2025-11,-2.7655172321252737,-4.911543571620661,-0.619490892629887,produccion,d12_tpu_std,B,completa,,True,True,False
9,-0.023419238084714078,0.01882100529330095,-1.244313878018503,6661,85,79,2019-04,2025-10,-2.3419238084714076,-5.437979179219414,0.7541315622765988,produccion,d12_tpu_std,B,completa,,False,False,False
10,-0.02239105081837293,0.023395204148304524,-0.9570786677660017,6575,85,78,2019-04,2025-09,-2.2391050818372933,-6.0876161642333875,1.6094060005588013,produccion,d12_tpu_std,B,completa,,False,False,False
11,-0.04682200543673906,0.03223204186508144,-1.452654027713449,6489,85,77,2019-04,2025-08,-4.682200543673906,-9.984371430479804,0.6199703431319912,produccion,d12_tpu_std,B,completa,,False,False,False
12,-0.04534722516379962,0.019834701129748566,-2.2862570435098086,6403,85,76,2019-04,2025-07,-4.534722516379961,-7.797530852223601,-1.2719141805363223,produccion,d12_tpu_std,B,completa,,True,True,False
0,0.0019797859678215924,0.008010895729886057,0.24713665419906194,6072,85,72,2019-04,2026-07,0.19797859678215923,-1.119813750784097,1.5157709443484153,produccion,d12_tpu_std,B,sin pandemia,,False,False,False
1,-0.0014385167959770728,0.004530719779434378,-0.3175029280130539,5902,85,70,2019-04,2026-06,-0.14385167959770728,-0.8891550833146624,0.601451724119248,produccion,d12_tpu_std,B,sin pandemia,,False,False,False
2,-0.002879841282413458,0.004523781406967951,-0.6366004506711259,5733,85,68,2019-04,2026-05,-0.2879841282413458,-1.0321461696875736,0.45617791320488216,produccion,d12_tpu_std,B,sin pandemia,,False,False,False
3,-0.006661141567604329,0.005276816769201347,-1.2623408882572402,5562,85,66,2019-04,2026-04,-0.6661141567604328,-1.5341505152940544,0.20192220177318865,produccion,d12_tpu_std,B,sin pandemia,,False,False,False
4,0.0024177062110513005,0.00713920640745236,0.33865195556295224,5392,85,64,2019-04,2026-03,0.24177062110513006,-0.9326288329207834,1.4161700751310433,produccion,d12_tpu_std,B,sin pandemia,,False,False,False
5,0.0012196677935609,0.007940183042894622,0.15360701220261364,5222,85,62,2019-04,2026-02,0.12196677935608999,-1.1841933312000752,1.4281268899122552,produccion,d12_tpu_std,B,sin pandemia,,False,False,False
6,-0.004051429242976522,0.0031495258892666723,-1.2863616256603774,5051,85,60,2019-04,2026-01,-0.4051429242976522,-0.9232399330820198,0.11295408448671537,produccion,d12_tpu_std,B,sin pandemia,,False,False,False
7,0.008299205522919942,0.006022690391940361,1.3779897326327852,4881,85,58,2019-04,2025-12,0.8299205522919942,-0.16081201718219518,1.8206531217661839,produccion,d12_tpu_std,B,sin pandemia,,False,False,False
8,0.012486180923828152,0.0074417063815470485,1.6778653018062792,4711,85,56,2019-04,2025-11,1.2486180923828152,0.024457392618325823,2.4727787921473046,produccion,d12_tpu_std,B,sin pandemia,,True,False,True
9,-0.022282391033358395,0.00871435663333795,-2.5569748830469132,4541,85,54,2019-04,2025-10,-2.2282391033358393,-3.6617507695199323,-0.7947274371517469,produccion,d12_tpu_std,B,sin pandemia,,True,True,False
10,-0.005715711811350302,0.00394751657858573,-1.4479259801862718,4371,85,52,2019-04,2025-09,-0.5715711811350302,-1.2209376583123828,0.07779529604232246,produccion,d12_tpu_std,B,sin pandemia,,False,False,False
11,0.019770257548007805,0.003420673646661993,5.7796386297477635,4201,85,50,2021-07,2025-08,1.9770257548007806,1.4143249399248827,2.5397265696766786,produccion,d12_tpu_std,B,sin pandemia,,True,False,True
12,-0.021649711127593032,0.004498994135635932,-4.812122548929006,4116,84,49,2021-07,2025-07,-2.164971112759303,-2.9050556480714143,-1.4248865774471924,produccion,d12_tpu_std,B,sin pandemia,,True,True,False
0,-0.00036170823541510633,0.0007781437186600483,-0.4648347429160804,7433,85,88,2019-04,2026-07,-0.03617082354151063,-0.16417546526108856,0.09183381817806731,empleo,d12_tpu_std,B,completa,,False,False,False
1,0.00022744450994546502,0.0012915825268902394,0.17609754329294483,7348,85,87,2019-04,2026-06,0.0227444509945465,-0.18972087467889787,0.2352097766679909,empleo,d12_tpu_std,B,completa,,False,False,False
2,-0.00012773052059731002,0.002182064487241409,-0.058536547083807046,7263,85,86,2019-04,2026-05,-0.012773052059731003,-0.3717226602109428,0.3461765560914808,empleo,d12_tpu_std,B,completa,,False,False,False
3,0.0002032951179869283,0.00315309290543881,0.06447482649060608,7178,85,85,2019-04,2026-04,0.02032951179869283,-0.4983542711459914,0.5390132947433771,empleo,d12_tpu_std,B,completa,,False,False,False
4,-4.5229724875481003e-07,0.003798483470897277,-0.0001190731122618176,7093,85,84,2019-04,2026-03,-4.5229724875481e-05,-0.6248957606874775,0.6248053012377266,empleo,d12_tpu_std,B,completa,,False,False,False
5,-0.0006802093909809414,0.0044907110406452915,-0.15147030945086123,7008,85,83,2019-04,2026-02,-0.06802093909809415,-0.8067429052842446,0.6707010270880563,empleo,d12_tpu_std,B,completa,,False,False,False
6,-0.0018743364112350155,0.004352188520115336,-0.4306652624471663,6923,85,82,2019-04,2026-01,-0.18743364112350155,-0.9033686526824742,0.5285013704354713,empleo,d12_tpu_std,B,completa,,False,False,False
7,-0.003907317696861124,0.0044536632448268915,-0.8773267043482981,6838,85,81,2019-04,2025-12,-0.3907317696861124,-1.1233593734601361,0.3418958340879113,empleo,d12_tpu_std,B,completa,,False,False,False
8,-0.006370814087131891,0.004298897624394442,-1.481964597384267,6753,85,80,2019-04,2025-11,-0.6370814087131891,-1.3442500679260747,0.07008725049969661,empleo,d12_tpu_std,B,completa,,False,False,False
9,-0.006456208619196835,0.004116646396594956,-1.568317508284662,6668,85,79,2019-04,2025-10,-0.6456208619196835,-1.322809194159554,0.03156747032018684,empleo,d12_tpu_std,B,completa,,False,False,False
10,-0.009617721629876298,0.0039216977915908675,-2.452438240014102,6583,85,78,2019-04,2025-09,-0.9617721629876298,-1.6068914497043274,-0.3166528762709321,empleo,d12_tpu_std,B,completa,,True,True,False
11,-0.011144890026716639,0.004554640798030347,-2.4469306188835445,6498,85,77,2019-04,2025-08,-1.1144890026716638,-1.8637274139476558,-0.3652505913956718,empleo,d12_tpu_std,B,completa,,True,True,False
12,-0.012884288249126344,0.004686176627335207,-2.7494243759337325,6413,85,76,2019-04,2025-07,-1.2884288249126343,-2.0593048801092757,-0.5175527697159928,empleo,d12_tpu_std,B,completa,,True,True,False
0,-7.295139042603142e-05,0.001053057030415456,-0.06927582107993749,6073,85,72,2019-04,2026-07,-0.0072951390426031415,-0.18052302054594566,0.16593274246073936,empleo,d12_tpu_std,B,sin pandemia,,False,False,False
1,-0.0005553159593712679,0.0009940119331981834,-0.558661260317637,5903,85,70,2019-04,2026-06,-0.05553159593712679,-0.21904655894822797,0.10798336707397438,empleo,d12_tpu_std,B,sin pandemia,,False,False,False
2,-0.0013324948792919446,0.001128043504472347,-1.1812442286215121,5733,85,68,2019-04,2026-05,-0.13324948792919447,-0.31881264441489554,0.05231366855650661,empleo,d12_tpu_std,B,sin pandemia,,False,False,False
3,-0.001050356094115534,0.0018920923960977277,-0.555129388121743,5563,85,66,2019-04,2026-04,-0.1050356094115534,-0.41628480856962957,0.20621358974652282,empleo,d12_tpu_std,B,sin pandemia,,False,False,False
4,0.0003781725126505164,0.0019076312473768017,0.1982419365223464,5393,85,64,2019-04,2026-03,0.037817251265051643,-0.27598808892843224,0.35162259145853547,empleo,d12_tpu_std,B,sin pandemia,,False,False,False
5,0.0004351823091786794,0.0017874795656635848,0.2434614177069611,5223,85,62,2019-04,2026-02,0.04351823091786794,-0.25052215763379176,0.33755861946952764,empleo,d12_tpu_std,B,sin pandemia,,False,False,False
6,4.1012087715125134e-05,0.0014172814326626473,0.028937151627024215,5053,85,60,2019-04,2026-01,0.004101208771512513,-0.22904158690149296,0.23724400444451796,empleo,d12_tpu_std,B,sin pandemia,,False,False,False
7,0.00018733964928920288,0.0011809756492348266,0.15863125493788402,4883,85,58,2019-04,2025-12,0.018733964928920287,-0.1755365293702087,0.21300445922804925,empleo,d12_tpu_std,B,sin pandemia,,False,False,False
8,-0.0013894242757455885,0.0013416223272967405,-1.0356299589506421,4713,85,56,2019-04,2025-11,-0.13894242757455885,-0.3596393004148727,0.08175444526575498,empleo,d12_tpu_std,B,sin pandemia,,False,False,False
9,-0.002183251935525086,0.0024221980925906153,-0.9013515212498706,4543,85,54,2019-04,2025-10,-0.2183251935525086,-0.6167767797836649,0.18012639267864766,empleo,d12_tpu_std,B,sin pandemia,,False,False,False
10,-0.0028009796417887618,0.0034673563625283134,-0.8078141814492799,4373,85,52,2019-04,2025-09,-0.28009796417887617,-0.8504780858147838,0.29028215745703134,empleo,d12_tpu_std,B,sin pandemia,,False,False,False
11,-0.0017339968630018586,0.0038970753079511844,-0.44494825631518925,4203,85,50,2021-07,2025-08,-0.17339968630018585,-0.8144685744581557,0.46766920185778404,empleo,d12_tpu_std,B,sin pandemia,,False,False,False
12,-0.0036532968450401215,0.00364443431737487,-1.0024317978850652,4118,85,49,2021-07,2025-07,-0.36532968450401215,-0.9648391297121783,0.234179760704154,empleo,d12_tpu_std,B,sin pandemia,,False,False,False
0,-0.00011952033918793855,0.00749097816538009,-0.01595523796081898,7433,85,88,2019-04,2026-07,-0.011952033918793856,-1.2442179421238186,1.220313874286231,horas,d12_tpu_std,B,completa,,False,False,False
1,0.004188773998120554,0.006484643277052217,0.645952879620031,7348,85,87,2019-04,2026-06,0.4188773998120554,-0.6478464192630343,1.4856012188871452,horas,d12_tpu_std,B,completa,,False,False,False
2,0.015391800835373467,0.012536008063387253,1.2278071900996028,7263,85,86,2019-04,2026-05,1.5391800835373468,-0.5229932428898564,3.60135340996455,horas,d12_tpu_std,B,completa,,False,False,False
3,0.0052095009603628,0.011838037133719328,0.44006459022873967,7178,85,85,2019-04,2026-04,0.5209500960362801,-1.4264070124605495,2.4683072045331094,horas,d12_tpu_std,B,completa,,False,False,False
4,0.0029117647064191153,0.012305987180580324,0.2366136632267971,7093,85,84,2019-04,2026-03,0.29117647064191154,-1.733158420563552,2.315511361847375,horas,d12_tpu_std,B,completa,,False,False,False
5,0.009702608563509987,0.016909428452999867,0.5737987295359275,7008,85,83,2019-04,2026-02,0.9702608563509987,-1.8113401241674796,3.751861836869477,horas,d12_tpu_std,B,completa,,False,False,False
6,0.008019096310251874,0.013152551414865904,0.6096989137170867,6923,85,82,2019-04,2026-01,0.8019096310251874,-1.361685076720254,2.965504338770629,horas,d12_tpu_std,B,completa,,False,False,False
7,0.0005803134281445927,0.01286327212889364,0.04511398206690237,6838,85,81,2019-04,2025-12,0.05803134281445928,-2.0579769223885447,2.174039608017463,horas,d12_tpu_std,B,completa,,False,False,False
8,-0.01828117146258336,0.010528274220399422,-1.7363882322861655,6753,85,80,2019-04,2025-11,-1.8281171462583359,-3.5600182555140405,-0.09621603700263118,horas,d12_tpu_std,B,completa,,True,True,False
9,-0.00613546317859252,0.014029831847350911,-0.43731551777300937,6668,85,79,2019-04,2025-10,-0.613546317859252,-2.921453656748477,1.694361021029973,horas,d12_tpu_std,B,completa,,False,False,False
10,-0.02062306792675575,0.014345903418472198,-1.4375579791092763,6583,85,78,2019-04,2025-09,-2.062306792675575,-4.422207905014251,0.2975943196631015,horas,d12_tpu_std,B,completa,,False,False,False
11,-0.029391711758402154,0.021601517251568246,-1.3606318211869284,6498,85,77,2019-04,2025-08,-2.9391711758402153,-6.492620763723192,0.6142784120427611,horas,d12_tpu_std,B,completa,,False,False,False
12,-0.028069718133431117,0.01306963134929237,-2.1477054236079045,6413,85,76,2019-04,2025-07,-2.806971813343112,-4.956926170301706,-0.657017456384517,horas,d12_tpu_std,B,completa,,True,True,False
0,0.001167035346972833,0.006302044031682906,0.18518362313967937,6073,85,72,2019-04,2026-07,0.1167035346972833,-0.9199827085145548,1.1533897779091213,horas,d12_tpu_std,B,sin pandemia,,False,False,False
1,-0.00504697397775563,0.003945675571712366,-1.2791152962343826,5903,85,70,2019-04,2026-06,-0.504697397775563,-1.1537610293222471,0.14436623377112123,horas,d12_tpu_std,B,sin pandemia,,False,False,False
2,-0.0001844835412068955,0.004026919395211007,-0.04581257360807659,5733,85,68,2019-04,2026-05,-0.01844835412068955,-0.6808765946329001,0.643979886391521,horas,d12_tpu_std,B,sin pandemia,,False,False,False
3,-0.008651462740642844,0.005664778427045078,-1.527237623159025,5563,85,66,2019-04,2026-04,-0.8651462740642845,-1.7970023253131997,0.06670977718463092,horas,d12_tpu_std,B,sin pandemia,,False,False,False
4,-0.0013515936731338162,0.0032202039314710475,-0.41972300571547455,5393,85,64,2019-04,2026-03,-0.13515936731338163,-0.6648829140403689,0.3945641794136057,horas,d12_tpu_std,B,sin pandemia,,False,False,False
5,0.0008854099408784655,0.007444440384794874,0.11893572855884484,5223,85,62,2019-04,2026-02,0.08854099408784655,-1.1360694492109102,1.3131514373866033,horas,d12_tpu_std,B,sin pandemia,,False,False,False
6,-0.0007378568299224095,0.00418024238721149,-0.17651053732666705,5053,85,60,2019-04,2026-01,-0.07378568299224095,-0.761435555688531,0.6138641897040492,horas,d12_tpu_std,B,sin pandemia,,False,False,False
7,-0.00170904218821129,0.006503122827401494,-0.2628033075140587,4883,85,58,2019-04,2025-12,-0.170904218821129,-1.2406679239286746,0.8988594862864168,horas,d12_tpu_std,B,sin pandemia,,False,False,False
8,0.007802204455138625,0.004379933046138005,1.781352448302423,4713,85,56,2019-04,2025-11,0.7802204455138625,0.05972145942416068,1.5007194316035644,horas,d12_tpu_std,B,sin pandemia,,True,False,True
9,-0.016164078319346967,0.005923918034138002,-2.7286127569958905,4543,85,54,2019-04,2025-10,-1.6164078319346968,-2.590892348550398,-0.6419233153189954,horas,d12_tpu_std,B,sin pandemia,,True,True,False
10,-0.014445081706506787,0.0038183419139274917,-3.783077061228596,4373,85,52,2019-04,2025-09,-1.4445081706506788,-2.072625415491751,-0.8163909258096063,horas,d12_tpu_std,B,sin pandemia,,True,True,False
11,0.011578057889903588,0.005078555924059409,2.279793323738567,4203,85,50,2021-07,2025-08,1.1578057889903588,0.322383339482586,1.9932282384981312,horas,d12_tpu_std,B,sin pandemia,,True,False,True
12,-0.023342299979616895,0.005517817304926626,-4.230350279770144,4118,85,49,2021-07,2025-07,-2.3342299979616894,-3.2419109446221195,-1.4265490513012595,horas,d12_tpu_std,B,sin pandemia,,True,True,False
0,-0.010376335971366937,0.005879926235058326,-1.7647051266560676,6072,85,72,2019-04,2026-07,-0.47710318103167165,-0.921843053400196,-0.03236330866314737,produccion,sorpresa_tpu_oos_std,A,sin pandemia,Sorpresa fuera de muestra,True,True,False
1,-0.00025705435421723676,0.008367220798526425,-0.03072159327533311,5902,85,70,2019-04,2026-06,-0.011819340703067989,-0.6446906661677473,0.6210519847616113,produccion,sorpresa_tpu_oos_std,A,sin pandemia,Sorpresa fuera de muestra,False,False,False
2,0.007251703369229012,0.008411531691884046,0.8621144917311425,5733,85,68,2019-04,2026-05,0.3334327989094084,-0.30279006878022335,0.96965566659904,produccion,sorpresa_tpu_oos_std,A,sin pandemia,Sorpresa fuera de muestra,False,False,False
3,0.00413127801010904,0.008906000719524259,0.46387577771605265,5562,85,66,2019-04,2026-04,0.18995586551825575,-0.4836671469098779,0.8635788779463894,produccion,sorpresa_tpu_oos_std,A,sin pandemia,Sorpresa fuera de muestra,False,False,False
4,0.00014298569971845374,0.008623513554507531,0.016580909720228222,5392,85,64,2019-04,2026-03,0.006574472180349688,-0.6456820637491143,0.6588310081098137,produccion,sorpresa_tpu_oos_std,A,sin pandemia,Sorpresa fuera de muestra,False,False,False
5,0.007530979073557436,0.008581975232519188,0.8775344684077773,5222,85,62,2019-04,2026-02,0.34627387569100365,-0.302840826943112,0.9953885783251192,produccion,sorpresa_tpu_oos_std,A,sin pandemia,Sorpresa fuera de muestra,False,False,False
6,-0.013709350617629495,0.006384795430615323,-2.147187136473107,5051,85,60,2019-04,2026-01,-0.6303549545425802,-1.1132816089588202,-0.14742830012634003,produccion,sorpresa_tpu_oos_std,A,sin pandemia,Sorpresa fuera de muestra,True,True,False
7,-0.01215053687121552,0.0067170568644013134,-1.8089078470677036,4881,85,58,2019-04,2025-12,-0.5586808106923564,-1.0667387170576268,-0.05062290432708598,produccion,sorpresa_tpu_oos_std,A,sin pandemia,Sorpresa fuera de muestra,True,True,False
8,-0.0017578882565245924,0.0056994382266550405,-0.3084318465464419,4711,85,56,2019-04,2025-11,-0.08082757549489948,-0.511915879695319,0.35026072870552005,produccion,sorpresa_tpu_oos_std,A,sin pandemia,Sorpresa fuera de muestra,False,False,False
9,-0.025812244825748277,0.0037048110537844276,-6.967223011111815,4541,85,54,2019-04,2025-10,-1.1868451590152653,-1.4670658844702065,-0.9066244335603243,produccion,sorpresa_tpu_oos_std,A,sin pandemia,Sorpresa fuera de muestra,True,True,False
10,-0.0006994428164454894,0.004771198448314045,-0.14659688210886412,4371,85,52,2019-04,2025-09,-0.03216033035136328,-0.3930393795299522,0.3287187188272257,produccion,sorpresa_tpu_oos_std,A,sin pandemia,Sorpresa fuera de muestra,False,False,False
11,0.013017448726309788,0.009306124963635063,1.3988044193665163,4201,85,50,2021-07,2025-08,0.5985413553856732,-0.10534584712640739,1.3024285578977537,produccion,sorpresa_tpu_oos_std,A,sin pandemia,Sorpresa fuera de muestra,False,False,False
12,-0.003887331286889245,0.012707680442657777,-0.30590407938179315,4116,84,49,2021-07,2025-07,-0.1787392127449084,-1.1399098043878069,0.7824313788979901,produccion,sorpresa_tpu_oos_std,A,sin pandemia,Sorpresa fuera de muestra,False,False,False
0,0.0019145936092514434,0.0016620718432402372,1.1519319198133522,6073,85,72,2019-04,2026-07,0.08803287633297764,-0.03768122106890048,0.2137469737348558,empleo,sorpresa_tpu_oos_std,A,sin pandemia,Sorpresa fuera de muestra,False,False,False
1,0.00539084427541199,0.0018533457446390758,2.908709446688704,5903,85,70,2019-04,2026-06,0.24787063172807172,0.1076891537681949,0.3880521096879485,empleo,sorpresa_tpu_oos_std,A,sin pandemia,Sorpresa fuera de muestra,True,False,True
2,0.0031613901556590074,0.002158862955427533,1.4643774157646507,5733,85,68,2019-04,2026-05,0.1453604917872012,-0.01792938581930795,0.3086503693937104,empleo,sorpresa_tpu_oos_std,A,sin pandemia,Sorpresa fuera de muestra,False,False,False
3,0.002545275030445104,0.0021317534041361305,1.193981923756584,5563,85,66,2019-04,2026-04,0.11703156268039279,-0.04420783029428207,0.27827095565506765,empleo,sorpresa_tpu_oos_std,A,sin pandemia,Sorpresa fuera de muestra,False,False,False
4,0.0028985613514249343,0.00218692001212868,1.3254080329182065,5393,85,64,2019-04,2026-03,0.133275642288028,-0.03213638639954498,0.29868767097560095,empleo,sorpresa_tpu_oos_std,A,sin pandemia,Sorpresa fuera de muestra,False,False,False
5,0.006520588564733015,0.002439997875671896,2.6723746892351112,5223,85,62,2019-04,2026-02,0.29981619282736405,0.11526211843513233,0.4843702672195958,empleo,sorpresa_tpu_oos_std,A,sin pandemia,Sorpresa fuera de muestra,True,False,True
6,0.0007671259858257504,0.002729515096862796,0.2810484494874041,5053,85,60,2019-04,2026-01,0.035272397607351895,-0.17117988551294452,0.24172468072764833,empleo,sorpresa_tpu_oos_std,A,sin pandemia,Sorpresa fuera de muestra,False,False,False
7,0.0005331745747639987,0.0018175881703537378,0.29334179406561206,4883,85,58,2019-04,2025-12,0.024515328567527264,-0.11296155440456708,0.16199221153962162,empleo,sorpresa_tpu_oos_std,A,sin pandemia,Sorpresa fuera de muestra,False,False,False
8,-7.991456726991432e-06,0.0019464138233800457,-0.004105733647695671,4713,85,56,2019-04,2025-11,-0.00036744660504880387,-0.14758831312290677,0.14685341991280915,empleo,sorpresa_tpu_oos_std,A,sin pandemia,Sorpresa fuera de muestra,False,False,False
9,-0.0027612405447023747,0.0024383268079359046,-1.1324325089300984,4543,85,54,2019-04,2025-10,-0.12696164147984698,-0.31138932135250247,0.05746603839280852,empleo,sorpresa_tpu_oos_std,A,sin pandemia,Sorpresa fuera de muestra,False,False,False
10,0.0005665610769733508,0.001496431504152207,0.3786080922523294,4373,85,52,2019-04,2025-09,0.026050437535814115,-0.08713512458855321,0.13923599966018144,empleo,sorpresa_tpu_oos_std,A,sin pandemia,Sorpresa fuera de muestra,False,False,False
11,-0.0020659815399853526,0.002463533758492297,-0.8386252199156996,4203,85,50,2021-07,2025-08,-0.09499368249059048,-0.28132794001832073,0.09134057503713974,empleo,sorpresa_tpu_oos_std,A,sin pandemia,Sorpresa fuera de muestra,False,False,False
12,-0.0030041697022391936,0.002814382406279004,-1.0674347933446309,4118,85,49,2021-07,2025-07,-0.1381315066563397,-0.3510028968962087,0.07473988358352929,empleo,sorpresa_tpu_oos_std,A,sin pandemia,Sorpresa fuera de muestra,False,False,False
0,-0.0015774363769433752,0.00400630048809843,-0.3937389074108361,6073,85,72,2019-04,2026-07,-0.07253041106143124,-0.3755548873079735,0.230494065185111,horas,sorpresa_tpu_oos_std,A,sin pandemia,Sorpresa fuera de muestra,False,False,False
1,0.00013700774812341063,0.0023612118385288694,0.05802433559234228,5903,85,70,2019-04,2026-06,0.006299606396327402,-0.17229532995527824,0.18489454274793307,horas,sorpresa_tpu_oos_std,A,sin pandemia,Sorpresa fuera de muestra,False,False,False
2,0.0072718475483096725,0.0035910268875094043,2.0250050406481757,5733,85,68,2019-04,2026-05,0.33435902681347546,0.06274459224786406,0.6059734613790868,horas,sorpresa_tpu_oos_std,A,sin pandemia,Sorpresa fuera de muestra,True,False,True
3,0.0019998546853489474,0.0033996407438488946,0.5882547116095618,5563,85,66,2019-04,2026-04,0.09195317447449435,-0.16518538986723919,0.34909173881622785,horas,sorpresa_tpu_oos_std,A,sin pandemia,Sorpresa fuera de muestra,False,False,False
4,-0.0031742199937655527,0.004156904307563303,-0.7636018919151446,5393,85,64,2019-04,2026-03,-0.1459504068197951,-0.46036610138599293,0.16846528774640276,horas,sorpresa_tpu_oos_std,A,sin pandemia,Sorpresa fuera de muestra,False,False,False
5,0.0101900329789184,0.0032676430538882014,3.1184657598366434,5223,85,62,2019-04,2026-02,0.4685369828497514,0.22138232535297794,0.715691640346525,horas,sorpresa_tpu_oos_std,A,sin pandemia,Sorpresa fuera de muestra,True,False,True
6,-0.006390187491612092,0.005807483136511382,-1.1003368139697685,5053,85,60,2019-04,2026-01,-0.29382036087207514,-0.7330808559297666,0.14544013418561644,horas,sorpresa_tpu_oos_std,A,sin pandemia,Sorpresa fuera de muestra,False,False,False
7,-0.0051100440801174,0.0021809081530178996,-2.3430808276112947,4883,85,58,2019-04,2025-12,-0.23495945896159134,-0.3999167687723042,-0.0700021491508785,horas,sorpresa_tpu_oos_std,A,sin pandemia,Sorpresa fuera de muestra,True,True,False
8,0.002991315720769529,0.002028059471832963,1.4749644979917547,4713,85,56,2019-04,2025-11,0.13754048151364753,-0.01585581541282602,0.29093677844012106,horas,sorpresa_tpu_oos_std,A,sin pandemia,Sorpresa fuera de muestra,False,False,False
9,-0.009791531043423353,0.0019243789882953462,-5.088151088209963,4543,85,54,2019-04,2025-10,-0.4502138925415144,-0.5957681106438191,-0.3046596744392098,horas,sorpresa_tpu_oos_std,A,sin pandemia,Sorpresa fuera de muestra,True,True,False
10,-0.006500014485927841,0.004931512107041007,-1.3180570877332718,4373,85,52,2019-04,2025-09,-0.29887019816490984,-0.6718748885966248,0.07413449226680507,horas,sorpresa_tpu_oos_std,A,sin pandemia,Sorpresa fuera de muestra,False,False,False
11,0.0018311186885507313,0.0029248094245720494,0.6260642738521864,4203,85,50,2021-07,2025-08,0.08419470548803056,-0.1370290511010735,0.30541846207713463,horas,sorpresa_tpu_oos_std,A,sin pandemia,Sorpresa fuera de muestra,False,False,False
12,-0.006283423008202818,0.0036681690436455167,-1.7129589540285193,4118,85,49,2021-07,2025-07,-0.2889113376102679,-0.5663605720190557,-0.011462103201480063,horas,sorpresa_tpu_oos_std,A,sin pandemia,Sorpresa fuera de muestra,True,True,False
0,-0.000902920537046473,0.011136045666937204,-0.08108089388742667,6072,85,72,2019-04,2026-07,-0.04151622129742466,-0.8838131023491275,0.8007806597542784,produccion,d12_wtui_usa_std,A,sin pandemia,WTUI EE.UU.,False,False,False
1,-0.0039635607376700775,0.0076584221917205385,-0.5175427311848977,5902,85,70,2019-04,2026-06,-0.18224423740449844,-0.7615041756979727,0.39701570088897586,produccion,d12_wtui_usa_std,A,sin pandemia,WTUI EE.UU.,False,False,False
2,-0.04598256431757261,0.010328858259082504,-4.4518535509129125,5733,85,68,2019-04,2026-05,-2.1142749973059374,-2.895518659253231,-1.3330313353586436,produccion,d12_wtui_usa_std,A,sin pandemia,WTUI EE.UU.,True,True,False
3,-0.043051234082418566,0.030701742217100394,-1.4022407516157078,5562,85,66,2019-04,2026-04,-1.9794926441028853,-4.301679754837807,0.34269446663203684,produccion,d12_wtui_usa_std,A,sin pandemia,WTUI EE.UU.,False,False,False
4,-0.01936605142960739,0.013184478615946623,-1.4688522765082388,5392,85,64,2019-04,2026-03,-0.890449650684494,-1.88768381698071,0.10678451561172211,produccion,d12_wtui_usa_std,A,sin pandemia,WTUI EE.UU.,False,False,False
5,-0.0030730174493933124,0.010249040537500621,-0.2998346467797963,5222,85,62,2019-04,2026-02,-0.14129712111453915,-0.9165036115243024,0.6339093692952241,produccion,d12_wtui_usa_std,A,sin pandemia,WTUI EE.UU.,False,False,False
6,-0.002978245998819166,0.009305004014631201,-0.320069286819884,5051,85,60,2019-04,2026-01,-0.13693953663918274,-0.8407419539520993,0.5668628806737338,produccion,d12_wtui_usa_std,A,sin pandemia,WTUI EE.UU.,False,False,False
7,0.01745943477244523,0.010315443484619621,1.692552995756056,4881,85,58,2019-04,2025-12,0.8027835540343674,0.022554545136103832,1.5830125629326308,produccion,d12_wtui_usa_std,A,sin pandemia,WTUI EE.UU.,True,False,True
8,0.002289350091318513,0.014201207728771963,0.16120812645252972,4711,85,56,2019-04,2025-11,0.1052641524018927,-0.9688723350791094,1.179400639882895,produccion,d12_wtui_usa_std,A,sin pandemia,WTUI EE.UU.,False,False,False
9,0.033917364881475356,0.014356948187352099,2.3624355565589634,4541,85,54,2019-04,2025-10,1.5595179957373757,0.4736017700585426,2.6454342214162088,produccion,d12_wtui_usa_std,A,sin pandemia,WTUI EE.UU.,True,False,True
10,0.04393568115072007,0.015144547841494407,2.9010889998538687,4371,85,52,2019-04,2025-09,2.0201594566372134,0.8746715704208278,3.165647342853599,produccion,d12_wtui_usa_std,A,sin pandemia,WTUI EE.UU.,True,False,True
11,-0.03523846454612078,0.028256144718987134,-1.247108014790205,4201,85,50,2021-07,2025-08,-1.6202620632195286,-3.757471561022733,0.5169474345836755,produccion,d12_wtui_usa_std,A,sin pandemia,WTUI EE.UU.,False,False,False
12,-0.02368825765158717,0.01757198843568877,-1.3480692716298537,4116,84,49,2021-07,2025-07,-1.0891843816407603,-2.4182765473814904,0.2399077840999699,produccion,d12_wtui_usa_std,A,sin pandemia,WTUI EE.UU.,False,False,False
0,-0.0015439728203282877,0.0024318885723259628,-0.6348863339785201,6073,85,72,2019-04,2026-07,-0.07099175913711538,-0.25493247030149496,0.11294895202726421,empleo,d12_wtui_usa_std,A,sin pandemia,WTUI EE.UU.,False,False,False
1,-0.004561228724756012,0.0020134730431728975,-2.265353757887057,5903,85,70,2019-04,2026-06,-0.2097249684280845,-0.36201799191859024,-0.05743194493757876,empleo,d12_wtui_usa_std,A,sin pandemia,WTUI EE.UU.,True,True,False
2,-0.002789429635398112,0.0036035318352721176,-0.7740821402199353,5733,85,68,2019-04,2026-05,-0.1282577738408691,-0.40081804491014356,0.14430249722840532,empleo,d12_wtui_usa_std,A,sin pandemia,WTUI EE.UU.,False,False,False
3,-0.008364238410602763,0.004420950797473979,-1.8919546481679643,5563,85,66,2019-04,2026-04,-0.38458708002687825,-0.7189744540883148,-0.050199705965441675,empleo,d12_wtui_usa_std,A,sin pandemia,WTUI EE.UU.,True,True,False
4,-0.005654749570384273,0.005192015567728005,-1.0891241554691173,5393,85,64,2019-04,2026-03,-0.26000497819389756,-0.652713364084701,0.13270340769690583,empleo,d12_wtui_usa_std,A,sin pandemia,WTUI EE.UU.,False,False,False
5,-0.006700427053494463,0.004784029481117274,-1.4005823082698958,5223,85,62,2019-04,2026-02,-0.30808515359509375,-0.6699347033655508,0.05376439617536329,empleo,d12_wtui_usa_std,A,sin pandemia,WTUI EE.UU.,False,False,False
6,-0.009977544811855704,0.005933629967883101,-1.6815246090270306,5053,85,60,2019-04,2026-01,-0.4587667922239899,-0.9075686528432847,-0.009964931604695217,empleo,d12_wtui_usa_std,A,sin pandemia,WTUI EE.UU.,True,True,False
7,-0.0035479534779876967,0.006749315763449206,-0.5256760244055513,4883,85,58,2019-04,2025-12,-0.1631346455214401,-0.6736325176399827,0.3473632265971025,empleo,d12_wtui_usa_std,A,sin pandemia,WTUI EE.UU.,False,False,False
8,-0.007846353707712837,0.0067025971292899895,-1.1706437902144964,4713,85,56,2019-04,2025-11,-0.3607747786674923,-0.8677389943144082,0.14618943697942352,empleo,d12_wtui_usa_std,A,sin pandemia,WTUI EE.UU.,False,False,False
9,0.011366796781352252,0.004971301113888694,2.286483260809929,4543,85,54,2019-04,2025-10,0.5226444977773117,0.14663028696733055,0.8986587085872928,empleo,d12_wtui_usa_std,A,sin pandemia,WTUI EE.UU.,True,False,True
10,0.017839830599100395,0.005098283208283849,3.4991839155019253,4373,85,52,2019-04,2025-09,0.8202741267614997,0.43465537361599227,1.2058928799070072,empleo,d12_wtui_usa_std,A,sin pandemia,WTUI EE.UU.,True,False,True
11,0.011023683441278494,0.006845756598296508,1.6102943893771533,4203,85,50,2021-07,2025-08,0.5068681710994443,-0.010924194668588455,1.024660536867477,empleo,d12_wtui_usa_std,A,sin pandemia,WTUI EE.UU.,False,False,False
12,0.009686585110208689,0.0073788909196048245,1.312742689348151,4118,85,49,2021-07,2025-07,0.4453884860867485,-0.11272855052498024,1.0035055226984773,empleo,d12_wtui_usa_std,A,sin pandemia,WTUI EE.UU.,False,False,False
0,-0.0033172770748730912,0.007904295248138633,-0.4196803093424768,6073,85,72,2019-04,2026-07,-0.15252816111127657,-0.7503851952455557,0.4453288730230025,horas,d12_wtui_usa_std,A,sin pandemia,WTUI EE.UU.,False,False,False
1,-0.012115446278746493,0.004697416257114375,-2.579172382348976,5903,85,70,2019-04,2026-06,-0.5570673477765972,-0.9123657347180374,-0.20176896083515708,horas,d12_wtui_usa_std,A,sin pandemia,WTUI EE.UU.,True,True,False
2,0.0039053043913605,0.006536890726770591,0.5974253746306436,5733,85,68,2019-04,2026-05,0.17956561479471797,-0.3148650687361451,0.6739962983255811,horas,d12_wtui_usa_std,A,sin pandemia,WTUI EE.UU.,False,False,False
3,-0.02349037366737599,0.011558181284368136,-2.0323589922530068,5563,85,66,2019-04,2026-04,-1.0800856902912417,-1.95431163526539,-0.20585974531709342,horas,d12_wtui_usa_std,A,sin pandemia,WTUI EE.UU.,True,True,False
4,-0.01768043696349045,0.008965240867040283,-1.9721095312107704,5393,85,64,2019-04,2026-03,-0.8129452188699706,-1.4910489772449296,-0.13484146049501167,horas,d12_wtui_usa_std,A,sin pandemia,WTUI EE.UU.,True,True,False
5,-0.006993657805305392,0.006693730874934167,-1.044807139094037,5223,85,62,2019-04,2026-02,-0.3215678824553923,-0.8278614813848595,0.18472571647407482,horas,d12_wtui_usa_std,A,sin pandemia,WTUI EE.UU.,False,False,False
6,-0.023129599099468986,0.004331492310447445,-5.339868442956947,5053,85,60,2019-04,2026-01,-1.0634973016289302,-1.3911183057544236,-0.7358762975034369,horas,d12_wtui_usa_std,A,sin pandemia,WTUI EE.UU.,True,True,False
7,0.0004937355069606892,0.00886929115933589,0.05566797820601245,4883,85,58,2019-04,2025-12,0.022701923068919074,-0.6481444890312145,0.6935483351690526,horas,d12_wtui_usa_std,A,sin pandemia,WTUI EE.UU.,False,False,False
8,-0.00386894797979923,0.01293669967967502,-0.29906761968647794,4713,85,56,2019-04,2025-11,-0.17789394960821636,-1.1563868650642426,0.80059896584781,horas,d12_wtui_usa_std,A,sin pandemia,WTUI EE.UU.,False,False,False
9,-0.0038876220794720954,0.013256578654431046,-0.29325983580029136,4543,85,54,2019-04,2025-10,-0.1787525833669354,-1.1814401789463522,0.8239350122124814,horas,d12_wtui_usa_std,A,sin pandemia,WTUI EE.UU.,False,False,False
10,0.027429541082893666,0.004913377707539072,5.5826241570652835,4373,85,52,2019-04,2025-09,1.2612083244991055,0.8895752653085928,1.6328413836896178,horas,d12_wtui_usa_std,A,sin pandemia,WTUI EE.UU.,True,False,True
11,-0.003253762692932649,0.016867563590692792,-0.19290057366245916,4203,85,50,2021-07,2025-08,-0.14960777440168418,-1.4254193711126872,1.1262038223093187,horas,d12_wtui_usa_std,A,sin pandemia,WTUI EE.UU.,False,False,False
12,-0.002346318600398924,0.012129063706702461,-0.1934459787776001,4118,85,49,2021-07,2025-07,-0.10788356034858,-1.0252893285886375,0.8095222078914776,horas,d12_wtui_usa_std,A,sin pandemia,WTUI EE.UU.,False,False,False
0,-0.002466086239015397,0.011049508993890605,-0.22318514246912902,6072,85,72,2019-04,2026-07,-0.11339046775079312,-0.9491419760567511,0.7223610405551648,produccion,d12_wtui_mundo_std,A,sin pandemia,WTUI mundo,False,False,False
1,-0.0064468518866565355,0.008406838875037006,-0.7668580286223408,5902,85,70,2019-04,2026-06,-0.29642578567728006,-0.9322937028654655,0.33944213151090535,produccion,d12_wtui_mundo_std,A,sin pandemia,WTUI mundo,False,False,False
2,-0.04739407638371303,0.015803183817433446,-2.999020762602898,5733,85,68,2019-04,2026-05,-2.17917622050057,-3.374481343900976,-0.9838710971001635,produccion,d12_wtui_mundo_std,A,sin pandemia,WTUI mundo,True,True,False
3,-0.05229212778605521,0.024561977807976067,-2.128986850931616,5562,85,66,2019-04,2026-04,-2.4043882713981706,-4.262182134577381,-0.5465944082189592,produccion,d12_wtui_mundo_std,A,sin pandemia,WTUI mundo,True,True,False
4,-0.03760614035367304,0.013602877246156516,-2.764572499858339,5392,85,64,2019-04,2026-03,-1.7291276264156386,-2.758008202200675,-0.7002470506306021,produccion,d12_wtui_mundo_std,A,sin pandemia,WTUI mundo,True,True,False
5,-0.003075312905342121,0.008632191038437832,-0.3562609876968919,5222,85,62,2019-04,2026-02,-0.14140266601382892,-0.7943155406355423,0.5115102086078845,produccion,d12_wtui_mundo_std,A,sin pandemia,WTUI mundo,False,False,False
6,-0.0005227399216524674,0.013677208470802827,-0.03821978167316649,5051,85,60,2019-04,2026-01,-0.024035543968588743,-1.058538309223468,1.0104672212862904,produccion,d12_wtui_mundo_std,A,sin pandemia,WTUI mundo,False,False,False
7,0.012117505598296512,0.013847656030291356,0.8750582460879885,4881,85,58,2019-04,2025-12,0.5571620351412687,-0.4902328690320339,1.6045569393145713,produccion,d12_wtui_mundo_std,A,sin pandemia,WTUI mundo,False,False,False
8,-0.001256929083893173,0.019033477866680013,-0.06603780416260928,4711,85,56,2019-04,2025-11,-0.057793508798429705,-1.4974283237192723,1.3818413061224128,produccion,d12_wtui_mundo_std,A,sin pandemia,WTUI mundo,False,False,False
9,0.0349298943007638,0.017412258533045878,2.0060518992680962,4541,85,54,2019-04,2025-10,1.6060740255501833,0.2890633475143973,2.9230847035859693,produccion,d12_wtui_mundo_std,A,sin pandemia,WTUI mundo,True,False,True
10,0.05182504279746098,0.016427087154432456,3.1548528543282996,4371,85,52,2019-04,2025-09,2.382911737245326,1.1404164486328416,3.625407025857811,produccion,d12_wtui_mundo_std,A,sin pandemia,WTUI mundo,True,False,True
11,-0.02140691301254523,0.035552206799666745,-0.6021261389812205,4201,85,50,2021-07,2025-08,-0.9842883193582787,-3.67334993040863,1.7047732916920726,produccion,d12_wtui_mundo_std,A,sin pandemia,WTUI mundo,False,False,False
12,-0.017547358200697312,0.015302406848059889,-1.1467057682446895,4116,84,49,2021-07,2025-07,-0.8068262669363044,-1.9642541319254778,0.350601598052869,produccion,d12_wtui_mundo_std,A,sin pandemia,WTUI mundo,False,False,False
0,-0.0016467761663035306,0.0032837432679235718,-0.5014935797172859,6073,85,72,2019-04,2026-07,-0.07571864958484502,-0.32409107867414355,0.17265377950445351,empleo,d12_wtui_mundo_std,A,sin pandemia,WTUI mundo,False,False,False
1,-0.004320202078063428,0.0026459516831745748,-1.6327592470925665,5903,85,70,2019-04,2026-06,-0.19864258056325906,-0.3987743793011507,0.0014892181746326645,empleo,d12_wtui_mundo_std,A,sin pandemia,WTUI mundo,False,False,False
2,-0.004925344281707524,0.0032673226511742387,-1.5074557390092502,5733,85,68,2019-04,2026-05,-0.22646697552616424,-0.4735973987287616,0.020663447676433126,empleo,d12_wtui_mundo_std,A,sin pandemia,WTUI mundo,False,False,False
3,-0.006828887336448706,0.0043666169312445244,-1.5638851412831427,5563,85,66,2019-04,2026-04,-0.3139917481582249,-0.6442694725801645,0.016285976263714762,empleo,d12_wtui_mundo_std,A,sin pandemia,WTUI mundo,False,False,False
4,-0.003379271359538252,0.005988904942921907,-0.564255300717722,5393,85,64,2019-04,2026-03,-0.15537865385757446,-0.6083613467460495,0.2976040390309006,empleo,d12_wtui_mundo_std,A,sin pandemia,WTUI mundo,False,False,False
5,-0.004974680972179264,0.00692330393486973,-0.7185414679144616,5223,85,62,2019-04,2026-02,-0.22873547300259484,-0.7523932852390646,0.29492233923387495,empleo,d12_wtui_mundo_std,A,sin pandemia,WTUI mundo,False,False,False
6,-0.010252691271839042,0.007498776993463239,-1.3672484567518701,5053,85,60,2019-04,2026-01,-0.47141800664783834,-1.0386028640204215,0.09576685072474496,empleo,d12_wtui_mundo_std,A,sin pandemia,WTUI mundo,False,False,False
7,-0.002094978995672842,0.008588292961726307,-0.24393427250433902,4883,85,58,2019-04,2025-12,-0.09632698341574387,-0.7459195400175641,0.5532655731860763,empleo,d12_wtui_mundo_std,A,sin pandemia,WTUI mundo,False,False,False
8,-0.01105676543218963,0.008250004511136715,-1.3402132589459868,4713,85,56,2019-04,2025-11,-0.508389278660159,-1.132394717953956,0.11561616063363783,empleo,d12_wtui_mundo_std,A,sin pandemia,WTUI mundo,False,False,False
9,0.004118905805103132,0.004929683763802957,0.8355314463266181,4543,85,54,2019-04,2025-10,0.18938699242268683,-0.18347940764519868,0.5622533924905724,empleo,d12_wtui_mundo_std,A,sin pandemia,WTUI mundo,False,False,False
10,0.008991671226309145,0.0039582330039508095,2.271637677047899,4373,85,52,2019-04,2025-09,0.4134363957278364,0.11404759889465622,0.7128251925610166,empleo,d12_wtui_mundo_std,A,sin pandemia,WTUI mundo,True,False,True
11,0.0031741006162260025,0.0046186166622851944,0.6872405415554718,4203,85,50,2021-07,2025-08,0.14594491784911987,-0.20339330558923616,0.4952831412874759,empleo,d12_wtui_mundo_std,A,sin pandemia,WTUI mundo,False,False,False
12,0.01185748253923216,0.0052346648742277,2.2651846534839657,4118,85,49,2021-07,2025-07,0.54520619360303,0.14927194290185078,0.9411404443042093,empleo,d12_wtui_mundo_std,A,sin pandemia,WTUI mundo,True,False,True
0,-0.0057846061698972545,0.008767935556113696,-0.6597455162479805,6073,85,72,2019-04,2026-07,-0.2659757752918868,-0.9291559554974589,0.39720440491368514,horas,d12_wtui_mundo_std,A,sin pandemia,WTUI mundo,False,False,False
1,-0.014712932148205146,0.005093682712807864,-2.8884665531306175,5903,85,70,2019-04,2026-06,-0.6764995610764798,-1.0617703466303834,-0.2912287755225762,horas,d12_wtui_mundo_std,A,sin pandemia,WTUI mundo,True,True,False
2,0.003600448193680978,0.007199442691528749,0.5001009589141474,5733,85,68,2019-04,2026-05,0.16554834877022942,-0.37899576551885733,0.7100924630593162,horas,d12_wtui_mundo_std,A,sin pandemia,WTUI mundo,False,False,False
3,-0.02073856793632278,0.010189394725599427,-2.035309112544245,5563,85,66,2019-04,2026-04,-0.9535578608638262,-1.724252922097133,-0.18286279963051946,horas,d12_wtui_mundo_std,A,sin pandemia,WTUI mundo,True,True,False
4,-0.018594779627940577,0.009487788779594096,-1.9598644172953534,5393,85,64,2019-04,2026-03,-0.8549866287632031,-1.5726143339778313,-0.13735892354857482,horas,d12_wtui_mundo_std,A,sin pandemia,WTUI mundo,True,True,False
5,-0.005000452717906393,0.008764479777902796,-0.5705361692445965,5223,85,62,2019-04,2026-02,-0.2299204560159709,-0.8928392515886395,0.43299833955669775,horas,d12_wtui_mundo_std,A,sin pandemia,WTUI mundo,False,False,False
6,-0.029990787943456387,0.0067116390695450435,-4.468474486291074,5053,85,60,2019-04,2026-01,-1.3789742707785875,-1.8866223914940774,-0.8713261500630979,horas,d12_wtui_mundo_std,A,sin pandemia,WTUI mundo,True,True,False
7,-0.0036844850707766956,0.011542180623548942,-0.3192191485254894,4883,85,58,2019-04,2025-12,-0.1694123583297669,-1.042428061616169,0.7036033449566352,horas,d12_wtui_mundo_std,A,sin pandemia,WTUI mundo,False,False,False
8,-0.008721773321593154,0.013865750246918605,-0.6290156079748659,4713,85,56,2019-04,2025-11,-0.40102650949736784,-1.4497900056005202,0.6477369866057843,horas,d12_wtui_mundo_std,A,sin pandemia,WTUI mundo,False,False,False
9,-0.016426716997231333,0.00667282309864487,-2.461734224689293,4543,85,54,2019-04,2025-10,-0.7552992650693492,-1.2600114629086172,-0.2505870672300811,horas,d12_wtui_mundo_std,A,sin pandemia,WTUI mundo,True,True,False
10,0.013434985605213308,0.010895906296624158,1.2330305749211357,4373,85,52,2019-04,2025-09,0.6177396710216175,-0.2063937928996283,1.4418731349428635,horas,d12_wtui_mundo_std,A,sin pandemia,WTUI mundo,False,False,False
11,-0.010868929134373592,0.0063096122846633945,-1.7225985756355278,4203,85,50,2021-07,2025-08,-0.4997525792078149,-0.9769926073981066,-0.02251255101752326,horas,d12_wtui_mundo_std,A,sin pandemia,WTUI mundo,True,True,False
12,-0.0035446244799883886,0.010246870066409232,-0.3459226531629591,4118,85,49,2021-07,2025-07,-0.16298157843306704,-0.9380239009608579,0.6120607440947238,horas,d12_wtui_mundo_std,A,sin pandemia,WTUI mundo,False,False,False
0,-0.023640394336597686,0.011053387872379002,-2.1387464738907784,6072,85,72,2019-04,2026-07,-1.086983629862944,-1.9230285248297034,-0.25093873489618473,produccion,d12_wtui_mex_std,A,sin pandemia,WTUI México,True,True,False
1,-0.03705782062586634,0.011594797670190515,-3.1960730734560068,5902,85,70,2019-04,2026-06,-1.703915924801419,-2.580911422675763,-0.8269204269270755,produccion,d12_wtui_mex_std,A,sin pandemia,WTUI México,True,True,False
2,-0.019624310927940515,0.030832614617014715,-0.6364789743491623,5733,85,68,2019-04,2026-05,-0.9023244038272592,-3.234410307864625,1.4297615002101063,produccion,d12_wtui_mex_std,A,sin pandemia,WTUI México,False,False,False
3,-0.05390392349609938,0.015836024333579855,-3.4038798097700314,5562,85,66,2019-04,2026-04,-2.478498522122249,-3.676287603037698,-1.2807094412067999,produccion,d12_wtui_mex_std,A,sin pandemia,WTUI México,True,True,False
4,-0.012004319364656672,0.0167474614355839,-0.7167844160041287,5392,85,64,2019-04,2026-03,-0.5519577402661243,-1.8186851724827093,0.7147696919504608,produccion,d12_wtui_mex_std,A,sin pandemia,WTUI México,False,False,False
5,0.022960772063180982,0.016081572528201374,1.4277690830866157,5222,85,62,2019-04,2026-02,1.0557346466532793,-0.16062695853724898,2.272096251843808,produccion,d12_wtui_mex_std,A,sin pandemia,WTUI México,False,False,False
6,-0.0014298162492137538,0.017843578689942775,-0.08013057661015303,5051,85,60,2019-04,2026-01,-0.06574284821473346,-1.4153772810154284,1.2838915845859615,produccion,d12_wtui_mex_std,A,sin pandemia,WTUI México,False,False,False
7,0.007883640665771359,0.02302519981676426,0.3423918458258683,4881,85,58,2019-04,2025-12,0.362489230314953,-1.3790673842411014,2.1040458448710075,produccion,d12_wtui_mex_std,A,sin pandemia,WTUI México,False,False,False
8,0.01065116476414958,0.02611155291954184,0.40791004644454776,4711,85,56,2019-04,2025-11,0.4897397891404991,-1.4852592582184363,2.4647388364994347,produccion,d12_wtui_mex_std,A,sin pandemia,WTUI México,False,False,False
9,0.02286334244707534,0.012508513141983398,1.8278225547317162,4541,85,54,2019-04,2025-10,1.0512548399181305,0.10514866172888626,1.9973610181073747,produccion,d12_wtui_mex_std,A,sin pandemia,WTUI México,True,False,True
10,0.021990286983391307,0.017830298510920974,1.233310085634425,4371,85,52,2019-04,2025-09,1.0111118125440988,-0.33751814760046456,2.3597417726886625,produccion,d12_wtui_mex_std,A,sin pandemia,WTUI México,False,False,False
11,-0.01463969424617129,0.03953105839777703,-0.37033398141939283,4201,85,50,2021-07,2025-08,-0.6731320876129316,-3.6631420237232337,2.3168778484973704,produccion,d12_wtui_mex_std,A,sin pandemia,WTUI México,False,False,False
12,0.008362680065874572,0.019674036002002508,0.42506174457662793,4116,84,49,2021-07,2025-07,0.3845154274484522,-1.1035692713585816,1.8726001262554863,produccion,d12_wtui_mex_std,A,sin pandemia,WTUI México,False,False,False
0,-0.003234417955192342,0.002276251764416355,-1.4209403396208535,6073,85,72,2019-04,2026-07,-0.1487183047528995,-0.3208871175433062,0.02345050803750722,empleo,d12_wtui_mex_std,A,sin pandemia,WTUI México,False,False,False
1,-0.007430550897122856,0.002449074043710492,-3.0340246005241767,5903,85,70,2019-04,2026-06,-0.34165619536777914,-0.5268967637148182,-0.15641562702074008,empleo,d12_wtui_mex_std,A,sin pandemia,WTUI México,True,True,False
2,-0.009138562075340452,0.00487962964859502,-1.8727982927908673,5733,85,68,2019-04,2026-05,-0.4201904263924823,-0.7892708842700783,-0.05110996851488628,empleo,d12_wtui_mex_std,A,sin pandemia,WTUI México,True,True,False
3,-0.008070249119926863,0.008550072608632798,-0.9438807702964455,5563,85,66,2019-04,2026-04,-0.37106947360417114,-1.0177711580628446,0.27563221085450235,empleo,d12_wtui_mex_std,A,sin pandemia,WTUI México,False,False,False
4,-0.003963651156469656,0.010307925725990454,-0.38452461356756645,5393,85,64,2019-04,2026-03,-0.18224839485439434,-0.9619087831816551,0.5974119934728664,empleo,d12_wtui_mex_std,A,sin pandemia,WTUI México,False,False,False
5,0.0016877160584440364,0.01434088121626005,0.11768565913023962,5223,85,62,2019-04,2026-02,0.07760106287844193,-1.007099905603758,1.1623020313606418,empleo,d12_wtui_mex_std,A,sin pandemia,WTUI México,False,False,False
6,2.955192996572793e-05,0.01229127859351572,0.002404300719480729,5053,85,60,2019-04,2026-01,0.0013587956125534538,-0.9283164170343841,0.931034008259491,empleo,d12_wtui_mex_std,A,sin pandemia,WTUI México,False,False,False
7,0.005994602646579854,0.014755367160173038,0.40626590863561773,4883,85,58,2019-04,2025-12,0.27563139817333376,-0.8404200360162954,1.3916828323629629,empleo,d12_wtui_mex_std,A,sin pandemia,WTUI México,False,False,False
8,-0.003263895091199186,0.00695506977648707,-0.4692828679064301,4713,85,56,2019-04,2025-11,-0.15007366134460742,-0.6761341459585538,0.37598682326933897,empleo,d12_wtui_mex_std,A,sin pandemia,WTUI México,False,False,False
9,0.002208108096814259,0.011726600202330762,0.1882990857295006,4543,85,54,2019-04,2025-10,0.10152865134272346,-0.7854359922281088,0.9884932949135556,empleo,d12_wtui_mex_std,A,sin pandemia,WTUI México,False,False,False
10,0.003335051024677946,0.009999784087086386,0.33351230342911053,4373,85,52,2019-04,2025-09,0.15334540604386102,-0.603008078815713,0.9096988909034349,empleo,d12_wtui_mex_std,A,sin pandemia,WTUI México,False,False,False
11,0.0029993418711225938,0.009010479059038509,0.3328726310188715,4203,85,50,2021-07,2025-08,0.1379095233291258,-0.5436159153409899,0.8194349619992414,empleo,d12_wtui_mex_std,A,sin pandemia,WTUI México,False,False,False
12,0.00425567843435751,0.006608694714283991,0.6439514334289512,4118,85,49,2021-07,2025-07,0.19567578807034094,-0.30418593234187924,0.6955375084825611,empleo,d12_wtui_mex_std,A,sin pandemia,WTUI México,False,False,False
0,-0.014713969606790459,0.007453812388118666,-1.9740193126197327,6073,85,72,2019-04,2026-07,-0.6765472633475519,-1.240331133693663,-0.11276339300144078,horas,d12_wtui_mex_std,A,sin pandemia,WTUI México,True,True,False
1,-0.02527643462893939,0.004964098334337914,-5.091848091343386,5903,85,70,2019-04,2026-06,-1.1622086447358373,-1.5376780590415677,-0.7867392304301069,horas,d12_wtui_mex_std,A,sin pandemia,WTUI México,True,True,False
2,-0.0022686013428951895,0.00536986124271307,-0.42246926696172893,5733,85,68,2019-04,2026-05,-0.10431012644296941,-0.5104702223777795,0.3018499694918406,horas,d12_wtui_mex_std,A,sin pandemia,WTUI México,False,False,False
3,-0.02786236237624105,0.010931172173128808,-2.54889063450421,5563,85,66,2019-04,2026-04,-1.281109416410943,-2.1079102847839875,-0.4543085480378984,horas,d12_wtui_mex_std,A,sin pandemia,WTUI México,True,True,False
4,-0.011660337537899041,0.01510845895665443,-0.7717754386037707,5393,85,64,2019-04,2026-03,-0.5361414806330497,-1.678899712531332,0.606616751265233,horas,d12_wtui_mex_std,A,sin pandemia,WTUI México,False,False,False
5,-0.0024117747939189807,0.01857816526466797,-0.12981770586924984,5223,85,62,2019-04,2026-02,-0.11089323141482339,-1.5160895754413781,1.2943031126117313,horas,d12_wtui_mex_std,A,sin pandemia,WTUI México,False,False,False
6,-0.01254029136403305,0.016027052655156537,-0.7824452588915869,5053,85,60,2019-04,2026-01,-0.5766016942159585,-1.7888395807729198,0.6356361923410029,horas,d12_wtui_mex_std,A,sin pandemia,WTUI México,False,False,False
7,-0.003541897009303411,0.021321621108839537,-0.16611762263400356,4883,85,58,2019-04,2025-12,-0.16285616952730644,-1.7755592327216467,1.4498468936670343,horas,d12_wtui_mex_std,A,sin pandemia,WTUI México,False,False,False
8,-0.003467620960958184,0.008106514009256372,-0.4277573513101566,4713,85,56,2019-04,2025-11,-0.1594409621710915,-0.7725932130163897,0.4537112886742068,horas,d12_wtui_mex_std,A,sin pandemia,WTUI México,False,False,False
9,-0.014698532976830964,0.023333895181210644,-0.6299219595649334,4543,85,54,2019-04,2025-10,-0.6758374882132071,-2.4407428883655964,1.089067911939182,horas,d12_wtui_mex_std,A,sin pandemia,WTUI México,False,False,False
10,-0.003195504375820504,0.008739449972143775,-0.36564136026934096,4373,85,52,2019-04,2025-09,-0.1469290611745435,-0.8079546777899143,0.5140965554408273,horas,d12_wtui_mex_std,A,sin pandemia,WTUI México,False,False,False
11,0.0019168915716162502,0.006848007485453154,0.27991960810326183,4203,85,50,2021-07,2025-08,0.08813853647709459,-0.42982407960135766,0.6061011525555468,horas,d12_wtui_mex_std,A,sin pandemia,WTUI México,False,False,False
12,0.007499417882983679,0.005834157319818234,1.2854329206222583,4118,85,49,2021-07,2025-07,0.3448226944203279,-0.09645535534896735,0.7861007441896233,horas,d12_wtui_mex_std,A,sin pandemia,WTUI México,False,False,False
0,-0.004950849861082698,0.006358094893719584,-0.7786687590921397,6072,85,72,2019-04,2026-07,-0.22763972022983717,-0.7085468266285562,0.2532673861688819,produccion,d12_epu_std,A,sin pandemia,EPU México,False,False,False
1,0.018260782007440014,0.009079593520637365,2.011189373834232,5902,85,70,2019-04,2026-06,0.8396294422151237,0.15287639428572464,1.5263824901445227,produccion,d12_epu_std,A,sin pandemia,EPU México,True,False,True
2,0.0008139375014248888,0.0060506186145351725,0.13452136934719328,5733,85,68,2019-04,2026-05,0.037424787724912874,-0.42022574100698323,0.49507531645680897,produccion,d12_epu_std,A,sin pandemia,EPU México,False,False,False
3,-0.0033011147495323988,0.005415994185216436,-0.6095122403460406,5562,85,66,2019-04,2026-04,-0.15178501855554288,-0.5614344710129909,0.2578644339019052,produccion,d12_epu_std,A,sin pandemia,EPU México,False,False,False
4,-0.014667894864717533,0.008011420116363377,-1.8308732598803878,5392,85,64,2019-04,2026-03,-0.6744287500236902,-1.2803883858432938,-0.06846911420408658,produccion,d12_epu_std,A,sin pandemia,EPU México,True,True,False
5,0.0008244280846439857,0.010287344077922329,0.08014003210151112,5222,85,62,2019-04,2026-02,0.03790714398617118,-0.7401965106051499,0.8160107985774921,produccion,d12_epu_std,A,sin pandemia,EPU México,False,False,False
6,-0.01988277527810894,0.0075481678692659385,-2.6341193813489663,5051,85,60,2019-04,2026-01,-0.9142085760426655,-1.4851292101788571,-0.3432879419064739,produccion,d12_epu_std,A,sin pandemia,EPU México,True,True,False
7,-0.00383810764328404,0.01048441882864982,-0.36607729107463655,4881,85,58,2019-04,2025-12,-0.17647591315526348,-0.9694857070384381,0.616533880727911,produccion,d12_epu_std,A,sin pandemia,EPU México,False,False,False
8,-0.003913118646477111,0.008643149725684883,-0.4527422028625144,4711,85,56,2019-04,2025-11,-0.17992491368247715,-0.8336666703297033,0.47381684296474885,produccion,d12_epu_std,A,sin pandemia,EPU México,False,False,False
9,-0.005742670457507733,0.008157211275723712,-0.703999230055279,4541,85,54,2019-04,2025-10,-0.2640475742549235,-0.8810344133104758,0.3529392648006288,produccion,d12_epu_std,A,sin pandemia,EPU México,False,False,False
10,0.01809846697345258,0.005943316041779748,3.045179971286354,4371,85,52,2019-04,2025-09,0.8321662086364922,0.3826317226242355,1.2817006946487488,produccion,d12_epu_std,A,sin pandemia,EPU México,True,False,True
11,-0.010407453716678488,0.003990278143778393,-2.6082025717695143,4201,85,50,2021-07,2025-08,-0.47853397272111214,-0.7803465672053542,-0.17672137823687017,produccion,d12_epu_std,A,sin pandemia,EPU México,True,True,False
12,-0.01264787338625813,0.009256810852811045,-1.366331621912455,4116,84,49,2021-07,2025-07,-0.5815483078536666,-1.2817055398734178,0.11860892416608453,produccion,d12_epu_std,A,sin pandemia,EPU México,False,False,False
0,0.002893863507591242,0.0014066223408401286,2.0573137675766144,6073,85,72,2019-04,2026-07,0.13305963576672514,0.02666696767405335,0.23945230385939692,empleo,d12_epu_std,A,sin pandemia,EPU México,True,False,True
1,0.0031826618416374067,0.0017129648766859582,1.8579842966744562,5903,85,70,2019-04,2026-06,0.14633856237726367,0.016775069541792552,0.27590205521273475,empleo,d12_epu_std,A,sin pandemia,EPU México,True,False,True
2,-0.0016102394053413684,0.003616069683158928,-0.4453009887615591,5733,85,68,2019-04,2026-05,-0.07403869194587268,-0.34754728798489065,0.19946990409314533,empleo,d12_epu_std,A,sin pandemia,EPU México,False,False,False
3,-0.001855422547074711,0.005324974138689898,-0.3484378512927765,5563,85,66,2019-04,2026-04,-0.08531219515347042,-0.48807716602782797,0.31745277572088715,empleo,d12_epu_std,A,sin pandemia,EPU México,False,False,False
4,0.0011640955049005094,0.004568112362759033,0.2548307511852495,5393,85,64,2019-04,2026-03,0.053525027518893806,-0.2919932031461848,0.3990432581839725,empleo,d12_epu_std,A,sin pandemia,EPU México,False,False,False
5,0.0023378200775221653,0.003916839916767529,0.5968638308433882,5223,85,62,2019-04,2026-02,0.10749279887846562,-0.18876514978164244,0.4037507475385737,empleo,d12_epu_std,A,sin pandemia,EPU México,False,False,False
6,0.0028674003781799895,0.0035234599083166793,0.8138024705238891,5053,85,60,2019-04,2026-01,0.13184286298132175,-0.1346610092232635,0.39834673518590696,empleo,d12_epu_std,A,sin pandemia,EPU México,False,False,False
7,0.002256629726132417,0.003591430683952961,0.6283372629786144,4883,85,58,2019-04,2025-12,0.10375967236598385,-0.16788530414379338,0.375404648875761,empleo,d12_epu_std,A,sin pandemia,EPU México,False,False,False
8,0.0032137415889035583,0.002039986595880359,1.5753738751977748,4713,85,56,2019-04,2025-11,0.14776760691931196,-0.006530821669109211,0.30206603550773314,empleo,d12_epu_std,A,sin pandemia,EPU México,False,False,False
9,0.0009268174449306391,0.0012469481779090724,0.7432686148070403,4543,85,54,2019-04,2025-10,0.04261499940173989,-0.051700396969545315,0.1369303957730251,empleo,d12_epu_std,A,sin pandemia,EPU México,False,False,False
10,0.00047400099854090694,0.001928082220144264,0.24584065637275623,4373,85,52,2019-04,2025-09,0.021794531792349407,-0.12403978758912067,0.16762885117381948,empleo,d12_epu_std,A,sin pandemia,EPU México,False,False,False
11,-0.002243564668584433,0.0020396509682289532,-1.0999748013418884,4203,85,50,2021-07,2025-08,-0.10315894196040468,-0.2574319846863367,0.051114100765527325,empleo,d12_epu_std,A,sin pandemia,EPU México,False,False,False
12,-0.002671942094456027,0.0020091254839872323,-1.329903042767341,4118,85,49,2021-07,2025-07,-0.12285570516559341,-0.27481989240202864,0.029108482070841837,empleo,d12_epu_std,A,sin pandemia,EPU México,False,False,False
0,-0.006563767630000864,0.0036831581273034947,-1.7821031308276505,6073,85,72,2019-04,2026-07,-0.30180156314017126,-0.5803845265935896,-0.023218599686752925,horas,d12_epu_std,A,sin pandemia,EPU México,True,True,False
1,0.0008884702037360876,0.003627352411854007,0.24493627937352083,5903,85,70,2019-04,2026-06,0.040851796012008175,-0.23351019156956007,0.31521378359357644,horas,d12_epu_std,A,sin pandemia,EPU México,False,False,False
2,-0.003334922346925548,0.004907328699940998,-0.6795799814603094,5733,85,68,2019-04,2026-05,-0.15333948945006853,-0.5245150199642717,0.21783604106413468,horas,d12_epu_std,A,sin pandemia,EPU México,False,False,False
3,-0.005654860896866008,0.005111034606481681,-1.1064023886073204,5563,85,66,2019-04,2026-04,-0.260010096977514,-0.6465933273937075,0.12657313343867943,horas,d12_epu_std,A,sin pandemia,EPU México,False,False,False
4,-0.001540211137377349,0.008146605702872659,-0.18906170171391,5393,85,64,2019-04,2026-03,-0.07081879722581279,-0.6870034627629202,0.5453658683112947,horas,d12_epu_std,A,sin pandemia,EPU México,False,False,False
5,0.0026044319698753002,0.006182474259281799,0.4212604631495627,5223,85,62,2019-04,2026-02,0.11975159449703089,-0.3478720972085844,0.5873752862026462,horas,d12_epu_std,A,sin pandemia,EPU México,False,False,False
6,-0.003418289039254984,0.004671162821249192,-0.7317854611500875,5053,85,60,2019-04,2026-01,-0.15717268396229508,-0.5104853402586293,0.1961399723340393,horas,d12_epu_std,A,sin pandemia,EPU México,False,False,False
7,0.003798714904333355,0.007313775112769339,0.519391811446467,4883,85,58,2019-04,2025-12,0.17466463785396402,-0.3785272356751875,0.7278565113831155,horas,d12_epu_std,A,sin pandemia,EPU México,False,False,False
8,0.0026705482930478776,0.003324477794140269,0.8032985805334574,4713,85,56,2019-04,2025-11,0.12279161827717833,-0.12866184742148956,0.3742450839758462,horas,d12_epu_std,A,sin pandemia,EPU México,False,False,False
9,-0.010610954126467934,0.0040233592550482904,-2.6373369748559963,4543,85,54,2019-04,2025-10,-0.48789090691442577,-0.7922056568026357,-0.183576157026216,horas,d12_epu_std,A,sin pandemia,EPU México,True,True,False
10,-0.00361093316935901,0.0028196987001285335,-1.2806095804471622,4373,85,52,2019-04,2025-09,-0.1660304471971532,-0.37930394585702515,0.04724305146271872,horas,d12_epu_std,A,sin pandemia,EPU México,False,False,False
11,-0.001016437377738857,0.00568376527049464,-0.17883169507638721,4203,85,50,2021-07,2025-08,-0.04673571746104658,-0.4766385665649627,0.3831671316428696,horas,d12_epu_std,A,sin pandemia,EPU México,False,False,False
12,-0.006586280496237784,0.002625409117684258,-2.508668249787756,4118,85,49,2021-07,2025-07,-0.30283670310917515,-0.5014147241993453,-0.10425868201900507,horas,d12_epu_std,A,sin pandemia,EPU México,True,True,False
