rama,sens,pre,rama_nombre,coef_exportacion,variable,muestra,especificacion,ee,sens_post,sd_post,prob_negativo,tau
3111,-0.4010273437154213,0.5432776645299138,Elaboración de alimentos para animales,0.02886946578166,empleo,completa,E0,0.487766200731288,-0.37014240282212074,0.4183123086514993,0.8118804291807249,0.2835371046384935
3112,-0.012902318544688712,-0.11429013931430776,Molienda de granos y de semillas y obtención de aceites y grasas,0.0609807080676099,empleo,completa,E0,0.5529868831385507,-0.26346040321610964,0.42891584655407283,0.7304740412736135,0.2835371046384935
3113,-1.2303485283507813,-0.09298868095255676,"Elaboración de azúcares, chocolates, dulces y similares",0.2016423568218791,empleo,completa,E0,0.7505758103898714,-0.6204068687911336,0.4433047744611395,0.919169071690024,0.2835371046384935
3114,-0.15557650401512568,0.290616371830126,"Conservación de frutas, verduras, guisos y otros alimentos preparados",0.3156513149608729,empleo,completa,E0,0.5293819113768,-0.4546688323349066,0.4256811535462691,0.8572616572077394,0.2835371046384935
3115,-0.13728927858742718,0.02977206600129617,Elaboración de productos lácteos,0.0498313429839448,empleo,completa,E0,0.5108665619520043,-0.2800849559116693,0.42270733350405165,0.7462059152857767,0.2835371046384935
3116,-0.18738354677833158,-0.07461102587305994,"Matanza, empacado y procesamiento de carne de ganado, aves y otros animales comestibles",0.044361709007407,empleo,completa,E0,0.48600794226978555,-0.28717212607619647,0.4179409945702977,0.7539938130893318,0.2835371046384935
3117,1.0306943333752905,0.4539011646980113,Preparación y envasado de pescados y mariscos,0.7478643561015712,empleo,completa,E0,1.0958276451169926,-0.8714136018869383,0.45106446818442203,0.9733143701096417,0.2835371046384935
3118,-0.012974286252710873,0.04334272111782511,Elaboración de productos de panadería y tortillas,0.043199849411286,empleo,completa,E0,0.5008313480437412,-0.22268703098771947,0.42090197751365044,0.7016219017347173,0.2835371046384935
3119,-1.0241120591762694,-0.15697841848389568,Otras industrias alimentarias,0.1089707298904361,empleo,completa,E0,0.5268978789322611,-0.6328568927023088,0.42530657066562283,0.9316247750306978,0.2835371046384935
3121,-0.22968973745676716,0.1899038886989594,Industria de las bebidas,0.2419442465750293,empleo,completa,E0,0.5064527258851321,-0.4232365642169597,0.4219315240401032,0.8420920075116518,0.2835371046384935
3122,0.33225635255433916,-0.1704495099128161,Industria del tabaco,0.1071479040489181,empleo,completa,E0,0.7241117274833329,-0.2929562167501971,0.4421430690889737,0.746200978016238,0.2835371046384935
3131,-0.6084999812455435,-0.5223684142936611,"Preparación e hilado de fibras textiles, y fabricación de hilos",0.2001267979454507,empleo,completa,E0,0.6174558654203532,-0.5308970955842902,0.43549562881400833,0.8885900716543114,0.2835371046384935
3132,-0.7838682383980962,-0.832980775837484,Fabricación de telas,0.1336042055792961,empleo,completa,E0,0.531129796573805,-0.5611970237111379,0.42594052341097793,0.906172474653872,0.2835371046384935
3133,0.308309279128093,-0.006925916193589569,Acabado de productos textiles y fabricación de telas recubiertas,0.3062290364360683,empleo,completa,E0,1.3872573170712468,-0.5654547756362791,0.4534556036129344,0.8937994875966637,0.2835371046384935
3141,-1.945721705762912,-0.7374638675302989,"Confección de alfombras, blancos y similares",0.5072465584471345,empleo,completa,E0,1.4575460972462637,-0.8356616945153401,0.4538212803666261,0.9672177423699194,0.2835371046384935
3149,-0.4865869395399248,0.12417174569686602,"Fabricación de otros productos textiles, excepto prendas de vestir",0.3944218335152466,empleo,completa,E0,0.6903180688647971,-0.6488418267224773,0.44042618279557816,0.9296532707049499,0.2835371046384935
3151,-1.0112145169424132,-0.36584603175549746,Fabricación de prendas de vestir de tejido de punto,0.3365154443339868,empleo,completa,E0,0.626736656086705,-0.7209887159937455,0.43624191688503916,0.9508067632651201,0.2835371046384935
3152,-0.281041422719355,0.014714885010463464,Confección de prendas de vestir,0.4259861529321015,empleo,completa,E0,0.4777667023657122,-0.5214954129747328,0.4161212867102733,0.8949388756865786,0.2835371046384935
3159,0.02769725354873823,-1.5906435217479684,Confección de accesorios de vestir y otras prendas de vestir no clasificados en otra parte,0.6664841032423205,empleo,completa,E0,1.5092299998125716,-0.9037421019576417,0.45405710250588344,0.9767249605305814,0.2835371046384935
3161,0.030492622321509122,-1.4076449852095616,Curtido y acabado de cuero y piel,0.262669438610518,empleo,completa,E0,0.9243412791300576,-0.5048781153128267,0.4483852139001818,0.8699155243516268,0.2835371046384935
3162,-0.47976912428801655,-0.2804162143968206,Fabricación de calzado,0.1604241815757467,empleo,completa,E0,0.5281294776553315,-0.4730052615740342,0.42549317743939635,0.8668585840473139,0.2835371046384935
3169,-0.2518306968863546,-0.7364261355217162,"Fabricación de otros productos de cuero, piel y materiales sucedáneos",0.6136094363212712,empleo,completa,E0,0.780730394542949,-0.798215063950567,0.44446759177753214,0.9637440221495128,0.2835371046384935
3211,-0.9414576420311429,0.5313440955617007,Aserrado y conservación de la madera,0.0034917286527276,empleo,completa,E0,0.904652637981912,-0.38835356724565395,0.44796697022249815,0.8070083263374557,0.2835371046384935
3212,-0.9222720364643042,-0.20245116542688046,Fabricación de laminados y aglutinados de madera,0.0775332943220637,empleo,completa,E0,0.5770265561447732,-0.5421308577876043,0.43169866937889684,0.8954072951798162,0.2835371046384935
3219,0.10483148583885049,-0.5111846821273706,Fabricación de otros productos de madera,0.1827036170504173,empleo,completa,E0,0.8072651442912229,-0.41078494775743146,0.4453712944003514,0.8218250676340383,0.2835371046384935
3221,-0.2152495576931869,-0.14682338191393599,"Fabricación de pulpa, papel y cartón",0.0619018679380005,empleo,completa,E0,0.5027237370305949,-0.3140282968249549,0.421253921280529,0.7720034082446088,0.2835371046384935
3222,-0.5362651988184952,-0.2238876730082246,Fabricación de productos de cartón y papel,0.1574973850413846,empleo,completa,E0,0.532828485709893,-0.4904168387027023,0.42618933456903135,0.8750725341819541,0.2835371046384935
3231,-0.6395274948657192,-0.1609191394465667,Impresión e industrias conexas,0.1024504665734745,empleo,completa,E0,0.5600426805515542,-0.4834634531344807,0.4297808210271905,0.8696857768582547,0.2835371046384935
3241,0.38530908532375935,0.5076826683206288,Fabricación de productos derivados del petróleo y del carbón,0.0588949583065286,empleo,completa,E0,0.797158869053151,-0.27112086476876973,0.4450391064931169,0.7288063242316198,0.2835371046384935
3251,0.4529551052604815,0.3272441242378783,Fabricación de productos químicos básicos,0.135778270214786,empleo,completa,E0,0.7235859564813145,-0.2943924332396206,0.44211848187832764,0.7472521781758895,0.2835371046384935
3252,-0.1345911277796149,0.08226239220875983,"Fabricación de resinas y hules sintéticos, y fibras químicas",0.3119319594154858,empleo,completa,E0,0.6002999450959604,-0.48742711848833664,0.43400120790480573,0.8693026639803595,0.2835371046384935
3253,-1.7173096910507528,-0.12795578228348303,"Fabricación de fertilizantes, pesticidas y otros agroquímicos",0.1679807884786191,empleo,completa,E0,0.7850510721742282,-0.6520208825309026,0.44462184909716085,0.92873871678892,0.2835371046384935
3254,-0.029904263611657263,0.015108686244286244,Fabricación de productos farmacéuticos,0.1290966945098601,empleo,completa,E0,0.5261195916763377,-0.29595013868939446,0.42518773843694313,0.7567999254781828,0.2835371046384935
3255,-0.5766074175477448,0.02069357681387941,"Fabricación de pinturas, recubrimientos y adhesivos",0.0704773870608603,empleo,completa,E0,0.512076285153865,-0.45761916757505666,0.42291517290266223,0.8603868430059551,0.2835371046384935
3256,-0.0779184851033366,-0.14238221224015823,"Fabricación de jabones, limpiadores y preparaciones de tocador",0.2434658656862863,empleo,completa,E0,0.5745999077631335,-0.4127746186856613,0.4314379035800287,0.8306511689710792,0.2835371046384935
3259,-0.9879678919755681,-0.1120516482347809,Fabricación de otros productos químicos,0.3514735701280596,empleo,completa,E0,0.8729420217378145,-0.6849788662353095,0.44722658261711074,0.9371912446073201,0.2835371046384935
3261,-0.9703618581899905,-0.1878872129782911,Fabricación de productos de plástico,0.2303591490643638,empleo,completa,E0,0.43900960873604056,-0.7769580517829116,0.4053687671098963,0.9723600494168542,0.2835371046384935
3262,-1.4504446603560937,-0.7114587056200949,Fabricación de productos de hule,0.4171737487232005,empleo,completa,E0,0.5778546513607041,-0.9165574286182502,0.4317866999204982,0.9831108695234952,0.2835371046384935
3271,-0.30032924959066765,0.006025526301082465,Fabricación de productos a base de arcillas y minerales refractarios,0.3488287256548686,empleo,completa,E0,0.612770665290157,-0.5596127363682666,0.4351028896449149,0.9008067084287927,0.2835371046384935
3272,-0.18920758851605288,-0.025372521530361607,Fabricación de vidrio y productos de vidrio,0.272472982882299,empleo,completa,E0,0.5502430276035786,-0.4519458414456049,0.42856769068516265,0.8541842934790405,0.2835371046384935
3273,-0.44290509262910305,0.016121000380795305,Fabricación de cemento y productos de concreto,0.0343074151008847,empleo,completa,E0,0.6946766646997886,-0.3691988180753425,0.44066426237352485,0.7989350447615792,0.2835371046384935
3274,0.0055347497235000535,0.3967915266089287,"Fabricación de cal, yeso y productos de yeso",0.1199075903205221,empleo,completa,E0,0.619249515291826,-0.3269235705916965,0.43564308339449587,0.7735048326068551,0.2835371046384935
3279,0.15170489350960015,-0.5343508183983849,Fabricación de otros productos a base de minerales no metálicos,0.2243733059375072,empleo,completa,E0,0.4924074362690929,-0.24699646260159386,0.41926557762253747,0.7221085915631263,0.2835371046384935
3311,0.02587829189416062,-1.2027256084914733,Industria básica del hierro y del acero,0.279574215702268,empleo,completa,E0,2.2682085827354497,-0.5703023711904613,0.45584932579788756,0.8945467126618365,0.2835371046384935
3312,-0.6131950672600947,0.07718739161295357,Fabricación de productos de hierro y acero,0.0669975578374552,empleo,completa,E0,0.6969733335564081,-0.4251083722998702,0.44078760531556316,0.8325845686486739,0.2835371046384935
3313,-1.6808370561965373,-0.4286019500536802,Industria básica del aluminio,0.2650002880058719,empleo,completa,E0,0.7469778327529214,-0.7421316251559242,0.4431551397278696,0.9529989528196445,0.2835371046384935
3314,-0.6505289845191967,0.3939940699405424,"Industrias de metales no ferrosos, excepto aluminio",0.4934732886739018,empleo,completa,E0,0.5508813893003451,-0.737963214243894,0.42864929670449403,0.9574291221047538,0.2835371046384935
3315,-1.5696277940485246,-0.42865874098763185,Moldeo por fundición de piezas metálicas,0.0974402319506194,empleo,completa,E0,0.6775259644149885,-0.6377558957383431,0.43969575129414706,0.9265332080255108,0.2835371046384935
3321,-1.1890610835802016,0.047716915339770835,Fabricación de productos metálicos forjados y troquelados,0.4526204884780047,empleo,completa,E0,0.7691763632707855,-0.8066971052037843,0.44404044997644393,0.9653699905909275,0.2835371046384935
3322,-1.2388039655374887,0.18108999519529523,Fabricación de herramientas de mano sin motor y utensilios de cocina metálicos,0.4783144421423179,empleo,completa,E0,0.9295268995163518,-0.8109028013116537,0.44849056323701875,0.9647022779947309,0.2835371046384935
3323,-0.3176063822877208,0.05063389769014248,Fabricación de estructuras metálicas y productos de herrería,0.2249299265714363,empleo,completa,E0,0.5521618489388722,-0.4629033723345425,0.4288118735704121,0.8598180491420937,0.2835371046384935
3324,-0.2305488766854756,-0.25048323012779455,"Fabricación de calderas, tanques y envases metálicos",0.2575554192946691,empleo,completa,E0,0.6087767837874305,-0.4774118432106102,0.4347591957661093,0.8639209783979035,0.2835371046384935
3325,-1.1161835617771578,0.29742340334754536,Fabricación de herrajes y cerraduras,0.8134327973740351,empleo,completa,E0,0.9435678991284906,-1.0787785573414244,0.4487663642977838,0.9918888558839964,0.2835371046384935
3326,-2.229409579509885,-0.38869431080702493,"Fabricación de alambre, productos de alambre y resortes",0.3138914060002775,empleo,completa,E0,0.717214688318445,-0.8906930670254012,0.4418155184134472,0.9780991815786081,0.2835371046384935
3327,-0.011388903550844454,-0.2679832971469392,Maquinado de piezas y fabricación de tornillos,0.1233232283296124,empleo,completa,E0,0.5879338781774504,-0.3204748162143976,0.4328207327514191,0.7704813932134951,0.2835371046384935
3329,-1.7212475636992706,0.22953257080144798,Fabricación de otros productos metálicos,0.6293046757254936,empleo,completa,E0,0.629506812303033,-1.0928849477107905,0.4364568795223604,0.9938599758819142,0.2835371046384935
3331,-2.2817017693052057,-0.9326893485064061,"Fabricación de maquinaria y equipo agropecuario, para la construcción y para la industria extractiva",0.519899184727109,empleo,completa,E0,1.1561402638647813,-0.894966643753733,0.4517192843887554,0.9762181062126171,0.2835371046384935
3332,-1.2321284653343965,-0.2582152647556682,"Fabricación de maquinaria y equipo para las industrias manufactureras, excepto la metalmecánica",0.6992566972513394,empleo,completa,E0,0.622206270595574,-1.031403849814937,0.43588274269590366,0.9910151416574899,0.2835371046384935
3333,-2.1212862632435208,0.662551163633665,Fabricación de maquinaria y equipo para el comercio y los servicios,0.8664849575372038,empleo,completa,E0,1.24746432005459,-1.1771878292509448,0.4525268695159563,0.9953573279174501,0.2835371046384935
3334,-2.1912835533987174,0.7432745864318819,"Fabricación de equipo de aire acondicionado, calefacción, y de refrigeración industrial y comercial",0.8482017522901368,empleo,completa,E0,0.8231710078759846,-1.2455691969132163,0.44586654536969655,0.9973936897221217,0.2835371046384935
3335,-0.6459643520445844,-1.3588469903648919,Fabricación de maquinaria y equipo para la industria metalmecánica,0.6052735791408839,empleo,completa,E0,1.3096961065374362,-0.8704582976950114,0.45297873389734905,0.97267394200188,0.2835371046384935
3336,-1.6691040930741645,0.0014621263529176164,"Fabricación de motores de combustión interna, turbinas y transmisiones",0.8385248456652771,empleo,completa,E0,0.8798433362118028,-1.161338807624357,0.4473952661262974,0.9952811495088555,0.2835371046384935
3339,-1.857476393087152,-0.06153834604028256,Fabricación de otra maquinaria y equipo para la industria en general,0.6417221502759753,empleo,completa,E0,0.6713430207089017,-1.1037839190826455,0.4393247843388188,0.9940052867548331,0.2835371046384935
3341,1.55623993542791,1.3352246769507055,Fabricación de computadoras y equipo periférico,0.7847307234340066,empleo,completa,E0,1.515612310793207,-0.955111070405304,0.4540845062113095,0.9822836020999691,0.2835371046384935
3342,1.661572748437659,0.31090342760674766,Fabricación de equipo de comunicación,0.895054776922478,empleo,completa,E0,1.7518899154260656,-1.0756694986022777,0.4548925720364488,0.9909768578558255,0.2835371046384935
3343,-0.5056434502891265,-1.8793837378081804,Fabricación de equipo de audio y de video,0.9478363435009872,empleo,completa,E0,0.8650533362068589,-1.1197670561674566,0.4470282629272305,0.9938759299374614,0.2835371046384935
3344,-1.1103303942823657,-0.5424641706387613,Fabricación de componentes electrónicos,0.4744887481943934,empleo,completa,E0,0.7666939789170332,-0.81268944721661,0.4439457930595386,0.966420249012486,0.2835371046384935
3345,-1.307683020190643,-0.8652973170330588,"Fabricación de instrumentos de medición, control, navegación, y equipo médico electrónico",0.9203173609236356,empleo,completa,E0,0.6780862926472369,-1.2000592165128765,0.43972877590424636,0.996824527453402,0.2835371046384935
3346,1.3100696071913431,1.423992903957036,Fabricación y reproducción de medios magnéticos y ópticos,0.6054992436078728,empleo,completa,E0,1.4271971261845198,-0.7934222760325108,0.4536702593825325,0.9598455340944059,0.2835371046384935
3351,-1.607679883910556,0.7048440147001452,Fabricación de accesorios de iluminación,0.831395116765869,empleo,completa,E0,0.7905407516016585,-1.1634463642367168,0.44481372374419287,0.9955462116314217,0.2835371046384935
3352,-0.6511906673598116,0.012875374355118948,Fabricación de aparatos eléctricos de uso doméstico,0.3900028883753999,empleo,completa,E0,0.754998921927715,-0.677457918590434,0.4434853729858038,0.936691163673158,0.2835371046384935
3353,-0.8000785107560419,0.11811536004307047,Fabricación de equipo de generación y distribución de energía eléctrica,0.8989208694711824,empleo,completa,E0,0.6196531162680085,-1.0693101387505926,0.4356760460955824,0.9929434122758879,0.2835371046384935
3359,-0.32443591226450724,-0.04306685346873187,Fabricación de otros equipos y accesorios eléctricos,0.7464127593691879,empleo,completa,E0,0.9129241468823593,-0.9422199315627289,0.4481462969876102,0.9822445025147455,0.2835371046384935
3361,-1.165128368088949,-0.25356011018954017,Fabricación de automóviles y camiones,0.6801529750236635,empleo,completa,E0,0.6588011980369248,-0.9958319270681605,0.43853355891806034,0.9884211411062181,0.2835371046384935
3362,-3.7685036357640236,-1.332684014200319,Fabricación de carrocerías y remolques,0.4826387565231524,empleo,completa,E0,1.3362882712008244,-0.9069658659473254,0.45315201514244957,0.9773286076252361,0.2835371046384935
3363,-1.48441996094029,-0.5157187720530957,Fabricación de partes para vehículos automotores,0.5296068171162411,empleo,completa,E0,0.6418520751604426,-0.9603852480126476,0.4373740859211141,0.985946806143085,0.2835371046384935
3364,0.5968753496742516,-0.1931224670623989,Fabricación de equipo aeroespacial,0.9896704181454756,empleo,completa,E0,1.3297141537051838,-1.152450679914014,0.4531101845137612,0.9945113811654196,0.2835371046384935
3365,-3.1460756444453826,0.566527271103407,Fabricación de equipo ferroviario,0.8018618332294466,empleo,completa,E0,3.0431678348258635,-1.0822704930746325,0.45647037436224985,0.9911288927162432,0.2835371046384935
3366,-1.4871844817183133,2.9196770149597007,Fabricación de embarcaciones,0.5822911532336551,empleo,completa,E0,4.189191948644488,-0.8634034515306296,0.45683416534007265,0.970619099269485,0.2835371046384935
3369,-2.2194342623107777,-2.565861567259961,Fabricación de otro equipo de transporte,0.6740711386128929,empleo,completa,E0,1.4241239912751547,-0.9973438786294371,0.4536544059744404,0.9860420497211447,0.2835371046384935
3371,0.27824556876703727,-0.30701009967166887,"Fabricación de muebles, excepto de oficina y estantería",0.3642278188643361,empleo,completa,E0,0.8129177199279616,-0.5354244049765534,0.44555104155138275,0.8852625965672607,0.2835371046384935
3372,-1.9746766655048784,-0.187274554786,Fabricación de muebles de oficina y estantería,0.2214380514733216,empleo,completa,E0,0.7697421771253218,-0.7399626817593953,0.4440618792612261,0.9521781762548348,0.2835371046384935
3379,-0.9232867118672852,-0.7074677612779776,"Fabricación de colchones, persianas y cortineros",0.3523025337449802,empleo,completa,E0,0.8725566907914649,-0.6784048074163063,0.44721703356688586,0.9353600432993601,0.2835371046384935
3391,-0.7508439400701562,0.2814144227316897,"Fabricación de equipo no electrónico y material desechable de uso médico, dental y para laboratorio, y artículos oftálmicos",0.7835186733412709,empleo,completa,E0,0.5425304645115372,-0.9503029455453486,0.4275516087449334,0.9868807182430124,0.2835371046384935
3399,0.017414689668510945,-0.1252790903422678,Otras industrias manufactureras,0.618987370047973,empleo,completa,E0,0.6833607397066971,-0.7194456904136791,0.44003494027242335,0.9489727518680835,0.2835371046384935
3111,-0.13967613316601288,0.38005848232486705,Elaboración de alimentos para animales,0.02886946578166,empleo,sin pandemia,E0,0.4004406320517905,-0.16481742234407842,0.2368512593584458,0.7567445283822065,0.0
3112,-0.04765298088535301,-0.10583480706339496,Molienda de granos y de semillas y obtención de aceites y grasas,0.0609807080676099,empleo,sin pandemia,E0,0.4748438346848524,-0.1767093148932467,0.2368512593584458,0.7721895971601789,0.0
3113,-0.6512144074041885,0.5547662314004548,"Elaboración de azúcares, chocolates, dulces y similares",0.2016423568218791,empleo,sin pandemia,E0,0.7971700476912548,-0.22880113986466846,0.2368512593584458,0.8329808918446712,0.0
3114,0.23159966898440174,0.3458822633500521,"Conservación de frutas, verduras, guisos y otros alimentos preparados",0.3156513149608729,empleo,sin pandemia,E0,0.4689794980189979,-0.27102256087847815,0.2368512593584458,0.8737448338252992,0.0
3115,-0.056081079516612314,-0.18310133414379748,Elaboración de productos lácteos,0.0498313429839448,empleo,sin pandemia,E0,0.33014172970631245,-0.17258032323401068,0.2368512593584458,0.7668903677257969,0.0
3116,-0.17308709229946323,-0.16820034920902532,"Matanza, empacado y procesamiento de carne de ganado, aves y otros animales comestibles",0.044361709007407,empleo,sin pandemia,E0,0.3659012550786446,-0.17055473048512076,0.2368512593584458,0.7642658670484932,0.0
3117,0.1673584529365558,0.7080499650594287,Preparación y envasado de pescados y mariscos,0.7478643561015712,empleo,sin pandemia,E0,1.0745629656358113,-0.43108584954929163,0.2368512593584458,0.9656258201491679,0.0
3118,0.0827415978644165,0.012535268120625331,Elaboración de productos de panadería y tortillas,0.043199849411286,empleo,sin pandemia,E0,0.3643763057264956,-0.17012445409309418,0.2368512593584458,0.7637062798158365,0.0
3119,-0.8597842838988142,-0.07333916798444777,Otras industrias alimentarias,0.1089707298904361,empleo,sin pandemia,E0,0.5317523639161319,-0.1944816632149743,0.2368512593584458,0.794209065233733,0.0
3121,-0.21592476159737672,0.1582178928500804,Industria de las bebidas,0.2419442465750293,empleo,sin pandemia,E0,0.37061748341996853,-0.24372630962935826,0.2368512593584458,0.8482664752952602,0.0
3122,0.6755797050757338,-0.11586624436465472,Industria del tabaco,0.1071479040489181,empleo,sin pandemia,E0,0.7250134890704575,-0.1938066083899337,0.2368512593584458,0.7933964692939705,0.0
3131,-0.11827472428929528,-0.4861545714278605,"Preparación e hilado de fibras textiles, y fabricación de hilos",0.2001267979454507,empleo,sin pandemia,E0,0.6748129501503018,-0.22823987651802086,0.2368512593584458,0.8323873373920705,0.0
3132,-0.18628985660623462,-0.6947204669139583,Fabricación de telas,0.1336042055792961,empleo,sin pandemia,E0,0.4845666009509003,-0.20360428274479067,0.2368512593584458,0.8050032913118791,0.0
3133,1.5242704017839557,0.7050860640849224,Acabado de productos textiles y fabricación de telas recubiertas,0.3062290364360683,empleo,sin pandemia,E0,1.537478638356983,-0.2675331685096772,0.2368512593584458,0.8706651225571402,0.0
3141,0.06540871228379488,0.10412624216942176,"Confección de alfombras, blancos y similares",0.5072465584471345,empleo,sin pandemia,E0,1.0831552681852992,-0.34197684001165485,0.2368512593584458,0.9256089077506947,0.0
3149,-0.06243557172804178,0.5144380884021065,"Fabricación de otros productos textiles, excepto prendas de vestir",0.3944218335152466,empleo,sin pandemia,E0,0.6984148280906755,-0.30019398110412104,0.2368512593584458,0.8975004098762691,0.0
3151,-0.6288232684370654,-0.39836824844976854,Fabricación de prendas de vestir de tejido de punto,0.3365154443339868,empleo,sin pandemia,E0,0.62053462989834,-0.27874926240025566,0.2368512593584458,0.8803814591284291,0.0
3152,0.21857178327661853,-0.1518540674229054,Confección de prendas de vestir,0.4259861529321015,empleo,sin pandemia,E0,0.3896889579891369,-0.3118833293875134,0.2368512593584458,0.9060454585190534,0.0
3159,0.36401031330363326,-1.1877772971176936,Confección de accesorios de vestir y otras prendas de vestir no clasificados en otra parte,0.6664841032423205,empleo,sin pandemia,E0,1.9123272383251686,-0.4009479553498575,0.2368512593584458,0.954755698043335,0.0
3161,0.9656427508313713,-0.952065169102159,Curtido y acabado de cuero y piel,0.262669438610518,empleo,sin pandemia,E0,0.9147587338834098,-0.25140155789761814,0.2368512593584458,0.855753239482432,0.0
3162,-0.07388386055788135,-0.29693415426101105,Fabricación de calzado,0.1604241815757467,empleo,sin pandemia,E0,0.5706545069716127,-0.21353663820712088,0.2368512593584458,0.8163558169332492,0.0
3169,-0.0717528837660601,-0.5793669543070065,"Fabricación de otros productos de cuero, piel y materiales sucedáneos",0.6136094363212712,empleo,sin pandemia,E0,0.7535056914275562,-0.3813666556916596,0.2368512593584458,0.9463177197379063,0.0
3211,-0.10332667540514646,0.34429722194440326,Aserrado y conservación de la madera,0.0034917286527276,empleo,sin pandemia,E0,0.8410017748764683,-0.155419177318524,0.2368512593584458,0.744148718585062,0.0
3212,0.05352299823955298,-0.009876654315173422,Fabricación de laminados y aglutinados de madera,0.0775332943220637,empleo,sin pandemia,E0,0.566584295604064,-0.18283930436534293,0.2368512593584458,0.7799304481582764,0.0
3219,-0.3513787187691148,-0.46093620445132155,Fabricación de otros productos de madera,0.1827036170504173,empleo,sin pandemia,E0,0.7679644573938349,-0.2217874760402257,0.2368512593584458,0.825466314057369,0.0
3221,-0.3257682259215397,-0.1756530698273221,"Fabricación de pulpa, papel y cartón",0.0619018679380005,empleo,sin pandemia,E0,0.39033636734539723,-0.17705045193496383,0.2368512593584458,0.7726243664526281,0.0
3222,-0.41943498836926657,-0.08975038650013617,Fabricación de productos de cartón y papel,0.1574973850413846,empleo,sin pandemia,E0,0.45918440982165337,-0.21245274523312838,0.2368512593584458,0.8151373486195884,0.0
3231,-0.5440727097191318,-0.243846430228102,Impresión e industrias conexas,0.1024504665734745,empleo,sin pandemia,E0,0.5583610338394037,-0.19206698644641101,0.2368512593584458,0.7912936634323252,0.0
3241,0.3180715474970382,0.6598879677154122,Fabricación de productos derivados del petróleo y del carbón,0.0588949583065286,empleo,sin pandemia,E0,0.7508236638497344,-0.17593689033793497,0.2368512593584458,0.7712034375571556,0.0
3251,0.3564558944792061,0.4091785403008104,Fabricación de productos químicos básicos,0.135778270214786,empleo,sin pandemia,E0,0.7830390326864355,-0.20440941332211204,0.2368512593584458,0.8059391317235858,0.0
3252,0.22424607832702723,0.13052416989611143,"Fabricación de resinas y hules sintéticos, y fibras químicas",0.3119319594154858,empleo,sin pandemia,E0,0.6147943333868197,-0.26964515616445217,0.2368512593584458,0.8725353081265343,0.0
3253,-0.8564370607546233,-0.42394999461046945,"Fabricación de fertilizantes, pesticidas y otros agroquímicos",0.1679807884786191,empleo,sin pandemia,E0,0.7517703120124055,-0.2163351084912986,0.2368512593584458,0.8194785345280873,0.0
3254,-0.1347078566867104,0.002905134756330785,Fabricación de productos farmacéuticos,0.1290966945098601,empleo,sin pandemia,E0,0.3515163187595797,-0.20193499705273968,0.2368512593584458,0.8030542815439574,0.0
3255,-0.6098461118612759,0.06794094345641088,"Fabricación de pinturas, recubrimientos y adhesivos",0.0704773870608603,empleo,sin pandemia,E0,0.49934237290514993,-0.18022626030308192,0.2368512593584458,0.7766493394330619,0.0
3256,-0.1729783541461809,-0.16514972410356965,"Fabricación de jabones, limpiadores y preparaciones de tocador",0.2434658656862863,empleo,sin pandemia,E0,0.5173911700358592,-0.24428981728847324,0.2368512593584458,0.848824773017709,0.0
3259,-1.5323451306141347,-0.20955897817445313,Fabricación de otros productos químicos,0.3514735701280596,empleo,sin pandemia,E0,0.9186891870799153,-0.2842887685674738,0.2368512593584458,0.8849854623196987,0.0
3261,-0.5407847067308329,-0.14632139320526077,Fabricación de productos de plástico,0.2303591490643638,empleo,sin pandemia,E0,0.32284407832958917,-0.23943595133235926,0.2368512593584458,0.8439708977836422,0.0
3262,-0.6363509661008034,-0.4028007564680474,Fabricación de productos de hule,0.4171737487232005,empleo,sin pandemia,E0,0.39431462693253116,-0.30861979436078096,0.2368512593584458,0.9037144955092722,0.0
3271,0.5303616300405035,0.17245857309404897,Fabricación de productos a base de arcillas y minerales refractarios,0.3488287256548686,empleo,sin pandemia,E0,0.5871660784944212,-0.2833092920961381,0.2368512593584458,0.8841807041499161,0.0
3272,0.01330171229491059,0.17832144528292976,Fabricación de vidrio y productos de vidrio,0.272472982882299,empleo,sin pandemia,E0,0.5168869616128964,-0.25503214602755925,0.2368512593584458,0.8592064237868939,0.0
3273,-0.3570657721911432,-0.2559601241064139,Fabricación de cemento y productos de concreto,0.0343074151008847,empleo,sin pandemia,E0,0.6067349350457186,-0.16683128117944146,0.2368512593584458,0.759399280840906,0.0
3274,-0.1585218969440449,0.3723048674106195,"Fabricación de cal, yeso y productos de yeso",0.1199075903205221,empleo,sin pandemia,E0,0.560970461434457,-0.1985319571245544,0.2368512593584458,0.7990446371583384,0.0
3279,0.12957692367492893,-0.4355508407015044,Fabricación de otros productos a base de minerales no metálicos,0.2243733059375072,empleo,sin pandemia,E0,0.4564272331130883,-0.2372191886594339,0.2368512593584458,0.8417203360941321,0.0
3311,0.5875708487200373,-1.168187114261939,Industria básica del hierro y del acero,0.279574215702268,empleo,sin pandemia,E0,2.8745461061085575,-0.2576619756962373,0.2368512593584458,0.8616724407080381,0.0
3312,-0.6678664389047586,0.0235656187403538,Fabricación de productos de hierro y acero,0.0669975578374552,empleo,sin pandemia,E0,0.7400353473476742,-0.17893756038777853,0.2368512593584458,0.7750209685897176,0.0
3313,-1.0154562639935354,-0.4824462282234671,Industria básica del aluminio,0.2650002880058719,empleo,sin pandemia,E0,0.732121224368839,-0.2522647512400311,0.2368512593584458,0.8565793827155737,0.0
3314,-0.260722208213381,0.4923900337405492,"Industrias de metales no ferrosos, excepto aluminio",0.4934732886739018,empleo,sin pandemia,E0,0.5659160167068799,-0.33687612659996424,0.2368512593584458,0.9225319912330596,0.0
3315,-1.160079404400735,-0.38728976104447355,Moldeo por fundición de piezas metálicas,0.0974402319506194,empleo,sin pandemia,E0,0.7139696062721909,-0.19021152500862087,0.2368512593584458,0.7890369908039938,0.0
3321,-0.08680622027717926,-0.2133044175601749,Fabricación de productos metálicos forjados y troquelados,0.4526204884780047,empleo,sin pandemia,E0,0.796016664217666,-0.3217469358344355,0.2368512593584458,0.912837082577531,0.0
3322,-0.9981321328363435,0.24413946889544585,Fabricación de herramientas de mano sin motor y utensilios de cocina metálicos,0.4783144421423179,empleo,sin pandemia,E0,0.6670332999901384,-0.33126228667070673,0.2368512593584458,0.9190348566608622,0.0
3323,-0.011583555544596929,0.17743389609937743,Fabricación de estructuras metálicas y productos de herrería,0.2249299265714363,empleo,sin pandemia,E0,0.38766215744718446,-0.23742532433959196,0.2368512593584458,0.8419305085554394,0.0
3324,-0.3988363866717214,-0.5029692938610797,"Fabricación de calderas, tanques y envases metálicos",0.2575554192946691,empleo,sin pandemia,E0,0.6173732058210729,-0.2495076614342896,0.2368512593584458,0.8539294115480465,0.0
3325,-0.7562406851879651,0.46659121238114465,Fabricación de herrajes y cerraduras,0.8134327973740351,empleo,sin pandemia,E0,0.6424767888366734,-0.4553680885011543,0.2368512593584458,0.9727342794704746,0.0
3326,-1.7381522427027933,-0.1477773572304308,"Fabricación de alambre, productos de alambre y resortes",0.3138914060002775,empleo,sin pandemia,E0,0.7598346619888613,-0.2703708063287989,0.2368512593584458,0.8731735161981997,0.0
3327,-0.3232504445646468,0.01590763805759724,Maquinado de piezas y fabricación de tornillos,0.1233232283296124,empleo,sin pandemia,E0,0.607274637949828,-0.19979688483520633,0.2368512593584458,0.8005407287811117,0.0
3329,-0.8629528830536245,0.7315341203819313,Fabricación de otros productos metálicos,0.6293046757254936,empleo,sin pandemia,E0,0.49165557560741485,-0.38717914026844447,0.2368512593584458,0.9489433093971149,0.0
3331,-0.7284576371067365,-0.4732080090760464,"Fabricación de maquinaria y equipo agropecuario, para la construcción y para la industria extractiva",0.519899184727109,empleo,sin pandemia,E0,1.265610381045994,-0.34666254076550185,0.2368512593584458,0.9283524252583076,0.0
3332,-0.7833594492232827,-0.24468869303885796,"Fabricación de maquinaria y equipo para las industrias manufactureras, excepto la metalmecánica",0.6992566972513394,empleo,sin pandemia,E0,0.6322396018025938,-0.41308476908762104,0.2368512593584458,0.9594264080234272,0.0
3333,-1.2870446248414684,1.456808545862638,Fabricación de maquinaria y equipo para el comercio y los servicios,0.8664849575372038,empleo,sin pandemia,E0,1.2579572560488155,-0.47501511998450835,0.2368512593584458,0.9775474259081746,0.0
3334,-1.1443187003384918,1.2984182797650001,"Fabricación de equipo de aire acondicionado, calefacción, y de refrigeración industrial y comercial",0.8482017522901368,empleo,sin pandemia,E0,0.8383373988401819,-0.4682442230408033,0.2368512593584458,0.9759766275590859,0.0
3335,-0.3472646916350344,-1.5487787439564975,Fabricación de maquinaria y equipo para la industria metalmecánica,0.6052735791408839,empleo,sin pandemia,E0,1.2242408949077406,-0.37827960234717556,0.2368512593584458,0.944880387387056,0.0
3336,-0.16846782671087698,0.52378337078578,"Fabricación de motores de combustión interna, turbinas y transmisiones",0.8385248456652771,empleo,sin pandemia,E0,0.722924419822082,-0.4646605331677548,0.2368512593584458,0.9751085225919598,0.0
3339,-1.7198984245008542,0.18577843381793932,Fabricación de otra maquinaria y equipo para la industria en general,0.6417221502759753,empleo,sin pandemia,E0,0.6805743034506595,-0.39177775628495937,0.2368512593584458,0.9509472974631386,0.0
3341,1.1391654938284455,0.6699713627418471,Fabricación de computadoras y equipo periférico,0.7847307234340066,empleo,sin pandemia,E0,0.9480711439388434,-0.44473872772483686,0.2368512593584458,0.9697897925853248,0.0
3342,4.295114604052279,0.883208504014452,Fabricación de equipo de comunicación,0.895054776922478,empleo,sin pandemia,E0,2.125788928982068,-0.4855955023706324,0.2368512593584458,0.9798281691297336,0.0
3344,-0.27323537373091383,-0.49319432995112045,Fabricación de componentes electrónicos,0.4744887481943934,empleo,sin pandemia,E0,0.8478474016400602,-0.32984550120505607,0.2368512593584458,0.9181337201448384,0.0
3345,-0.5074246688541723,-0.6486362182405473,"Fabricación de instrumentos de medición, control, navegación, y equipo médico electrónico",0.9203173609236356,empleo,sin pandemia,E0,0.6392727300777118,-0.49495110224997907,0.2368512593584458,0.9816781955910041,0.0
3346,0.9176926948396299,0.7652172082881312,Fabricación y reproducción de medios magnéticos y ópticos,0.6054992436078728,empleo,sin pandemia,E0,1.6540220418151412,-0.3783631736263463,0.2368512593584458,0.9449196946096846,0.0
3351,-0.8401206168885771,0.9444822495881123,Fabricación de accesorios de iluminación,0.831395116765869,empleo,sin pandemia,E0,0.8340784094614064,-0.4620201504251177,0.2368512593584458,0.9744522208685424,0.0
3352,0.8232319620633619,0.2243894861956922,Fabricación de aparatos eléctricos de uso doméstico,0.3900028883753999,empleo,sin pandemia,E0,0.6758099063379165,-0.2985574944084095,0.2368512593584458,0.8962604091370205,0.0
3353,-0.11345271831649544,0.30424799804973013,Fabricación de equipo de generación y distribución de energía eléctrica,0.8989208694711824,empleo,sin pandemia,E0,0.5497457337303764,-0.48702724882145254,0.2368512593584458,0.9801211630593972,0.0
3359,0.9144684863568229,0.35247344800668656,Fabricación de otros equipos y accesorios eléctricos,0.7464127593691879,empleo,sin pandemia,E0,0.7695156185162041,-0.4305482735747309,0.2368512593584458,0.9654526642046383,0.0
3361,-1.1578711042332264,-0.23847483891059157,Fabricación de automóviles y camiones,0.6801529750236635,empleo,sin pandemia,E0,0.7016172432844046,-0.40601000661042835,0.2368512593584458,0.9567538359203112,0.0
3362,-2.4181492208007134,-0.7857042764897473,Fabricación de carrocerías y remolques,0.4826387565231524,empleo,sin pandemia,E0,1.2635238545742724,-0.3328637283560758,0.2368512593584458,0.9200444050241195,0.0
3363,-1.4035836978837444,-0.5750939250603656,Fabricación de partes para vehículos automotores,0.5296068171162411,empleo,sin pandemia,E0,0.5800095331256587,-0.3502576094411506,0.2368512593584458,0.9304042222394384,0.0
3364,-0.7951904257806446,-0.9960956465700012,Fabricación de equipo aeroespacial,0.9896704181454756,empleo,sin pandemia,E0,0.8252253314242882,-0.5206349140780658,0.2368512593584458,0.9860308386637627,0.0
3365,-3.5189886795550422,-0.678149439602105,Fabricación de equipo ferroviario,0.8018618332294466,empleo,sin pandemia,E0,2.7109251929645235,-0.45108296427355843,0.2368512593584458,0.9715773804776972,0.0
3366,-2.986960511631851,1.1125344322440847,Fabricación de embarcaciones,0.5822911532336551,empleo,sin pandemia,E0,4.366045793190567,-0.36976842308558816,0.2368512593584458,0.940759841733647,0.0
3369,-0.8486531218786102,-2.5013147917808527,Fabricación de otro equipo de transporte,0.6740711386128929,empleo,sin pandemia,E0,1.5532910690389852,-0.40375769433753483,0.2368512593584458,0.9558737621688675,0.0
3371,0.7344856738306313,0.14959440492720047,"Fabricación de muebles, excepto de oficina y estantería",0.3642278188643361,empleo,sin pandemia,E0,1.044958491286862,-0.2890121035965745,0.2368512593584458,0.888810424437939,0.0
3372,-1.5032377910661876,-0.4287521917692013,Fabricación de muebles de oficina y estantería,0.2214380514733216,empleo,sin pandemia,E0,0.7442135449238776,-0.23613216342441723,0.2368512593584458,0.8406089918987395,0.0
3379,0.7261760365042376,-0.3401256671549324,"Fabricación de colchones, persianas y cortineros",0.3523025337449802,empleo,sin pandemia,E0,0.7092672223342477,-0.28459576217961147,0.2368512593584458,0.8852368741848851,0.0
3391,-0.4878884808361557,0.38141292146570765,"Fabricación de equipo no electrónico y material desechable de uso médico, dental y para laboratorio, y artículos oftálmicos",0.7835186733412709,empleo,sin pandemia,E0,0.4519247045339472,-0.44428986407332594,0.2368512593584458,0.9696598647234097,0.0
3399,0.7615024906989498,-0.08034747295742536,Otras industrias manufactureras,0.618987370047973,empleo,sin pandemia,E0,0.6682163162825523,-0.3833582886980995,0.2368512593584458,0.9472291591926395,0.0
3111,-5.118441461598682,6.800948039952023,Elaboración de alimentos para animales,0.02886946578166,exportaciones,completa,T1,3.3376947561279264,-5.01457554256957,2.391535582204125,0.9819944273310274,1.4681897464283107
3112,-3.420100785856073,1.2252180425262393,Molienda de granos y de semillas y obtención de aceites y grasas,0.0609807080676099,exportaciones,completa,T1,2.493872277442608,-4.146504291327352,2.268097610585019,0.966239179061476,1.4681897464283107
3113,-1.4677035977452242,9.185241260556573,"Elaboración de azúcares, chocolates, dulces y similares",0.2016423568218791,exportaciones,completa,T1,3.3430221889653424,-3.7157410063207235,2.3919399713033562,0.939841261811983,1.4681897464283107
3114,-4.63265864440611,2.017217105741099,"Conservación de frutas, verduras, guisos y otros alimentos preparados",0.3156513149608729,exportaciones,completa,T1,2.5996088081972815,-4.287567991326711,2.2943719366937967,0.9691699977715178,1.4681897464283107
3115,-3.8477771111497763,3.9729575205173435,Elaboración de productos lácteos,0.0498313429839448,exportaciones,completa,T1,4.523639652657519,-4.788243215678791,2.4438654537400732,0.9749606324896214,1.4681897464283107
3116,3.614546923069912,1.329915795400248,"Matanza, empacado y procesamiento de carne de ganado, aves y otros animales comestibles",0.044361709007407,exportaciones,completa,T1,3.525659601736096,-3.179279889520714,2.404411740629466,0.9069607582645371,1.4681897464283107
3117,-0.3183898993361328,4.238543790619901,Preparación y envasado de pescados y mariscos,0.7478643561015712,exportaciones,completa,T1,5.1116429581634115,-2.3481292679199357,2.455824655721244,0.8305010026608798,1.4681897464283107
3118,-2.3266266267769162,1.946512732294317,Elaboración de productos de panadería y tortillas,0.043199849411286,exportaciones,completa,T1,2.536402950014854,-3.691163762570813,2.2793212227196094,0.9473208475568236,1.4681897464283107
3119,-3.8058728480264428,4.923062874057061,Otras industrias alimentarias,0.1089707298904361,exportaciones,completa,T1,2.603828148524942,-4.310482853190818,2.295314081782186,0.9698059309278373,1.4681897464283107
3121,-3.98141485993473,1.6885689949481575,Industria de las bebidas,0.2419442465750293,exportaciones,completa,T1,2.561135641282558,-4.131258386145274,2.285428163981779,0.9646696463900885,1.4681897464283107
3122,1.829830515772088,10.172689962473175,Industria del tabaco,0.1071479040489181,exportaciones,completa,T1,4.59999883647432,-3.9844125792974863,2.4457194805080444,0.9483580108236905,1.4681897464283107
3131,-9.387120506590723,-0.3441332606143106,"Preparación e hilado de fibras textiles, y fabricación de hilos",0.2001267979454507,exportaciones,completa,T1,3.8404785587015495,-5.239547027020772,2.420949090511156,0.9847775421628608,1.4681897464283107
3132,-11.104183142856511,0.7551410775134939,Fabricación de telas,0.1336042055792961,exportaciones,completa,T1,3.108185434452222,-6.429509729252962,2.3713535127639256,0.9966492533130401,1.4681897464283107
3133,-5.178264936155992,0.14352814744254783,Acabado de productos textiles y fabricación de telas recubiertas,0.3062290364360683,exportaciones,completa,T1,3.119007045821361,-4.356098590041133,2.3724432737522436,0.9668302952581489,1.4681897464283107
3141,-3.227851021231302,1.724846495839575,"Confección de alfombras, blancos y similares",0.5072465584471345,exportaciones,completa,T1,2.600864755766814,-3.302319722539949,2.2946531513982915,0.9249441119420492,1.4681897464283107
3149,1.1822240122035235,6.253496586840393,"Fabricación de otros productos textiles, excepto prendas de vestir",0.3944218335152466,exportaciones,completa,T1,3.51640596372675,-2.728295821638553,2.403839015735426,0.8718069843537464,1.4681897464283107
3151,-7.299489270824291,0.5771325557273662,Fabricación de prendas de vestir de tejido de punto,0.3365154443339868,exportaciones,completa,T1,4.989723328672948,-4.25541055684146,2.453730721820475,0.9585641463789529,1.4681897464283107
3152,-4.3604506630386455,1.6401114303477466,Confección de prendas de vestir,0.4259861529321015,exportaciones,completa,T1,2.6351227310620886,-3.9470192760386213,2.3020783269057485,0.9567857553178646,1.4681897464283107
3159,-0.694805453984091,0.2414645972769418,Confección de accesorios de vestir y otras prendas de vestir no clasificados en otra parte,0.6664841032423205,exportaciones,completa,T1,2.9441801079645873,-2.143488463709993,2.3527054953206807,0.8188717692886953,1.4681897464283107
3161,-8.87477881600505,1.0138503719410896,Curtido y acabado de cuero y piel,0.262669438610518,exportaciones,completa,T1,3.295310317875075,-5.3191419142405305,2.388225640469496,0.9870342444322512,1.4681897464283107
3162,-7.723766056554032,-2.623719146724983,Fabricación de calzado,0.1604241815757467,exportaciones,completa,T1,2.966234567715081,-5.534550295648103,2.3554702646112298,0.9906046743461034,1.4681897464283107
3169,-2.7704533046743465,5.062423427692728,"Fabricación de otros productos de cuero, piel y materiales sucedáneos",0.6136094363212712,exportaciones,completa,T1,3.848510738205844,-2.962808653471359,2.4213069717014326,0.8894560144871978,1.4681897464283107
3211,-5.858179679250006,5.824082462094815,Aserrado y conservación de la madera,0.0034917286527276,exportaciones,completa,T1,4.821844729386272,-5.14864869190429,2.450548940643585,0.982180329430053,1.4681897464283107
3212,-5.794746687259058,-2.201611948463246,Fabricación de laminados y aglutinados de madera,0.0775332943220637,exportaciones,completa,T1,4.744655657423601,-4.9202179789531115,2.4489557900100314,0.9777371876336699,1.4681897464283107
3219,-2.9950491175947684,1.35214234253269,Fabricación de otros productos de madera,0.1827036170504173,exportaciones,completa,T1,2.556277447083227,-3.7777636134820187,2.284251550131733,0.950918965003471,1.4681897464283107
3221,-1.3565335322722427,5.220758376151279,"Fabricación de pulpa, papel y cartón",0.0619018679380005,exportaciones,completa,T1,4.754832550874963,-4.50494884973323,2.449170893476454,0.967070129855177,1.4681897464283107
3222,-3.3875628441346852,2.905660897716849,Fabricación de productos de cartón y papel,0.1574973850413846,exportaciones,completa,T1,2.2814322408974057,-3.7880858188210578,2.1936217992269023,0.9579039259329204,1.4681897464283107
3231,-3.899592747269734,1.1745577519218509,Impresión e industrias conexas,0.1024504665734745,exportaciones,completa,T1,2.7121215599727857,-4.40334456108368,2.31719710925305,0.9713024088035214,1.4681897464283107
3241,-9.622792807107764,-2.32728914160772,Fabricación de productos derivados del petróleo y del carbón,0.0588949583065286,exportaciones,completa,T1,4.995806947916452,-5.324668705160322,2.453839299128517,0.9849940673281885,1.4681897464283107
3251,-5.2659122483577585,1.7332485498687853,Fabricación de productos químicos básicos,0.135778270214786,exportaciones,completa,T1,2.692862758676068,-4.881126412264988,2.3136039757537796,0.9825600602723831,1.4681897464283107
3252,-7.276907069448879,4.640562733758185,"Fabricación de resinas y hules sintéticos, y fibras químicas",0.3119319594154858,exportaciones,completa,T1,3.5388369022565143,-4.6845407407837465,2.405217473423325,0.9742720428236347,1.4681897464283107
3253,-13.863924733498232,12.993084699730783,"Fabricación de fertilizantes, pesticidas y otros agroquímicos",0.1679807884786191,exportaciones,completa,T1,6.4738921020843465,-5.015515061214374,2.471189942397441,0.9788011445964376,1.4681897464283107
3254,-4.6997114659693615,5.85379117872635,Fabricación de productos farmacéuticos,0.1290966945098601,exportaciones,completa,T1,3.76966584160279,-4.653169754854616,2.4176713430038363,0.9728633840406898,1.4681897464283107
3255,-5.319519893789928,0.8549789501731199,"Fabricación de pinturas, recubrimientos y adhesivos",0.0704773870608603,exportaciones,completa,T1,2.707197759102693,-5.031967806820155,2.3162897227314088,0.9850882237459239,1.4681897464283107
3256,-2.38493320773091,2.007914904498578,"Fabricación de jabones, limpiadores y preparaciones de tocador",0.2434658656862863,exportaciones,completa,T1,2.2838594254274476,-3.035273030994607,2.1947000492498963,0.9166677670412164,1.4681897464283107
3259,-5.314804200576289,1.1343147788153656,Fabricación de otros productos químicos,0.3514735701280596,exportaciones,completa,T1,2.9457699406987325,-4.343743513166596,2.352907769999694,0.9675624053075099,1.4681897464283107
3261,-2.253680652569966,1.9807113111425856,Fabricación de productos de plástico,0.2303591490643638,exportaciones,completa,T1,2.2416385199454583,-2.883149489780957,2.174948367343044,0.9075167769679942,1.4681897464283107
3262,-5.183742468639214,1.419019287052793,Fabricación de productos de hule,0.4171737487232005,exportaciones,completa,T1,2.828404485855809,-4.204069248974822,2.3366060925954555,0.964008084774459,1.4681897464283107
3271,-8.05033316473664,3.873510870110726,Fabricación de productos a base de arcillas y minerales refractarios,0.3488287256548686,exportaciones,completa,T1,2.4650940654523263,-6.047396487868396,2.259934947848278,0.9962737359250006,1.4681897464283107
3272,-5.472598990557259,2.3161622994401045,Fabricación de vidrio y productos de vidrio,0.272472982882299,exportaciones,completa,T1,2.2982971608635796,-4.998561085891244,2.2009794959698854,0.9884283901295025,1.4681897464283107
3273,-2.5889415894184524,0.7087921993919631,Fabricación de cemento y productos de concreto,0.0343074151008847,exportaciones,completa,T1,2.5071414144981885,-3.7937745539081904,2.2717023950817863,0.9525416922635399,1.4681897464283107
3274,-6.056807176923094,-1.2900766098890089,"Fabricación de cal, yeso y productos de yeso",0.1199075903205221,exportaciones,completa,T1,3.0039512976957807,-5.093410809221307,2.3600005142092533,0.9845448072946215,1.4681897464283107
3279,-5.252482092682621,3.241820822200503,Fabricación de otros productos a base de minerales no metálicos,0.2243733059375072,exportaciones,completa,T1,2.526324488795717,-4.769833947089664,2.2767468589927957,0.9819154657474202,1.4681897464283107
3311,-8.099235301585123,2.642238064205879,Industria básica del hierro y del acero,0.279574215702268,exportaciones,completa,T1,4.694197578097512,-4.558164469654683,2.4478656313466054,0.9687053257439281,1.4681897464283107
3312,-8.655620521092786,0.4847383016018052,Fabricación de productos de hierro y acero,0.0669975578374552,exportaciones,completa,T1,5.735486716273661,-5.118216469019651,2.464341514694782,0.9810950841758139,1.4681897464283107
3313,-10.817116887989425,3.6295076459592464,Industria básica del aluminio,0.2650002880058719,exportaciones,completa,T1,3.895626622203466,-5.26090669867349,2.42335229872196,0.9850314324183402,1.4681897464283107
3314,0.052319171147799035,-1.6475635778224327,"Industrias de metales no ferrosos, excepto aluminio",0.4934732886739018,exportaciones,completa,T1,3.6469821071934496,-2.7534656710111505,2.411420648289931,0.873240519836835,1.4681897464283107
3315,-7.912060599322158,3.05397919588738,Moldeo por fundición de piezas metálicas,0.0974402319506194,exportaciones,completa,T1,3.793401635672831,-5.296700597175937,2.418795165552346,0.9857309717386795,1.4681897464283107
3321,-4.803692980122371,-1.9362944447406973,Fabricación de productos metálicos forjados y troquelados,0.4526204884780047,exportaciones,completa,T1,2.853580301040592,-3.981702721625055,2.340352374039509,0.955559121004014,1.4681897464283107
3322,-0.9346280094852659,2.1654267541993786,Fabricación de herramientas de mano sin motor y utensilios de cocina metálicos,0.4783144421423179,exportaciones,completa,T1,2.6205657130388738,-2.361444218814576,2.2989799805430993,0.8478298866085645,1.4681897464283107
3323,-3.016045471209555,1.3755328439824954,Fabricación de estructuras metálicas y productos de herrería,0.2249299265714363,exportaciones,completa,T1,2.9188881125305017,-3.8936555048766808,2.349423426439864,0.9512686916660547,1.4681897464283107
3324,-1.1515581908107906,4.689675261230187,"Fabricación de calderas, tanques y envases metálicos",0.2575554192946691,exportaciones,completa,T1,3.265628008280006,-3.4552341983969597,2.3858052722302783,0.9262259416384186,1.4681897464283107
3325,-1.8264025891392297,2.2973794176229996,Fabricación de herrajes y cerraduras,0.8134327973740351,exportaciones,completa,T1,3.1962225446540873,-2.1950234955009167,2.37978885887111,0.8218297447074394,1.4681897464283107
3326,-2.825996323525011,1.695282211219061,"Fabricación de alambre, productos de alambre y resortes",0.3138914060002775,exportaciones,completa,T1,2.4468112126069816,-3.387031526921637,2.2544889619804227,0.9334966309829784,1.4681897464283107
3327,-2.689222818272292,4.695299475129356,Maquinado de piezas y fabricación de tornillos,0.1233232283296124,exportaciones,completa,T1,3.023083257158136,-4.074196388775728,2.3622079367751962,0.957712901954636,1.4681897464283107
3328,-19.312987583605693,-0.9728041598786381,Recubrimientos y terminados metálicos,0.1588822707072484,exportaciones,completa,T1,8.6931838366252,-4.974592957666871,2.481907205740031,0.9774833265444481,1.4681897464283107
3329,-2.128948336796595,2.6235165539376,Fabricación de otros productos metálicos,0.6293046757254936,exportaciones,completa,T1,2.551189538707086,-2.564034755102409,2.283007433231055,0.8693014738161162,1.4681897464283107
3331,-7.874591527227066,-3.527593091121444,"Fabricación de maquinaria y equipo agropecuario, para la construcción y para la industria extractiva",0.519899184727109,exportaciones,completa,T1,3.3132694292256253,-4.402134745973608,2.3896485628881186,0.967274729523906,1.4681897464283107
3332,-0.3892806212464105,-0.4958327090227527,"Fabricación de maquinaria y equipo para las industrias manufactureras, excepto la metalmecánica",0.6992566972513394,exportaciones,completa,T1,2.970676178663548,-1.9871814451792174,2.3560165020934973,0.8005115109633949,1.4681897464283107
3333,1.7077511062348776,0.4733689806385024,Fabricación de maquinaria y equipo para el comercio y los servicios,0.8664849575372038,exportaciones,completa,T1,4.663598570402338,-1.725885277619136,2.4471847673053984,0.7596737098757279,1.4681897464283107
3334,-2.286839798927918,1.3066744278964977,"Fabricación de equipo de aire acondicionado, calefacción, y de refrigeración industrial y comercial",0.8482017522901368,exportaciones,completa,T1,3.0560159591282945,-2.229770208358827,2.365873135452811,0.8270245906250784,1.4681897464283107
3335,-1.601901462588734,0.0694954710231373,Fabricación de maquinaria y equipo para la industria metalmecánica,0.6052735791408839,exportaciones,completa,T1,3.4591639645273093,-2.723541353564474,2.4001642892572193,0.8717560240334745,1.4681897464283107
3336,-4.268752367967734,0.09887845378352923,"Fabricación de motores de combustión interna, turbinas y transmisiones",0.8385248456652771,exportaciones,completa,T1,2.854613436959841,-2.9406514593591853,2.340503004937648,0.8955178754452997,1.4681897464283107
3339,-5.046320125518281,1.7416977548915302,Fabricación de otra maquinaria y equipo para la industria en general,0.6417221502759753,exportaciones,completa,T1,2.6703120321530234,-3.7901237714071665,2.309241697165701,0.9496308663921429,1.4681897464283107
3341,10.823528487478427,6.183430261903594,Fabricación de computadoras y equipo periférico,0.7847307234340066,exportaciones,completa,T1,7.761710666043604,-1.9320707389098968,2.4785657804231964,0.782160791912559,1.4681897464283107
3342,1.8266254565272964,1.6051626180227156,Fabricación de equipo de comunicación,0.895054776922478,exportaciones,completa,T1,3.2080917876865467,-1.0510916547694222,2.38085501483505,0.6705659822566299,1.4681897464283107
3343,-0.08976324697915518,0.8966572632793448,Fabricación de equipo de audio y de video,0.9478363435009872,exportaciones,completa,T1,3.8659300263110934,-1.5745737781463782,2.4220737767331686,0.7421840007724563,1.4681897464283107
3344,2.107332085676444,1.7794153369007173,Fabricación de componentes electrónicos,0.4744887481943934,exportaciones,completa,T1,3.7951658926559846,-2.5099066790490534,2.4188776648589965,0.8502794672172127,1.4681897464283107
3345,-1.9374336627631161,2.123621675160023,"Fabricación de instrumentos de medición, control, navegación, y equipo médico electrónico",0.9203173609236356,exportaciones,completa,T1,2.8262216905728184,-1.95332038600555,2.3362742896241357,0.7984460350755399,1.4681897464283107
3346,-0.25923825772428755,0.4649601832474488,Fabricación y reproducción de medios magnéticos y ópticos,0.6054992436078728,exportaciones,completa,T1,5.050097226555834,-2.775821907991528,2.4547888520591044,0.8709257873348177,1.4681897464283107
3351,-0.692516908328169,2.9572136380990615,Fabricación de accesorios de iluminación,0.831395116765869,exportaciones,completa,T1,3.1013411001230944,-1.82400265167568,2.3706561651890614,0.7791745338034746,1.4681897464283107
3352,-5.4107648896108955,2.9758831313648706,Fabricación de aparatos eléctricos de uso doméstico,0.3900028883753999,exportaciones,completa,T1,2.748697039349304,-4.389986699066953,2.3237061581043905,0.9705686650083523,1.4681897464283107
3353,-3.0172498585596634,3.080429969835468,Fabricación de equipo de generación y distribución de energía eléctrica,0.8989208694711824,exportaciones,completa,T1,2.425030046223404,-2.568265887263728,2.2477178633766925,0.8733998146125379,1.4681897464283107
3359,-2.714826252297814,4.263015442482211,Fabricación de otros equipos y accesorios eléctricos,0.7464127593691879,exportaciones,completa,T1,2.2964109349357953,-2.6561801733314305,2.2001719401574955,0.8863340372000025,1.4681897464283107
3361,-2.9782084599091476,1.6981177966061245,Fabricación de automóviles y camiones,0.6801529750236635,exportaciones,completa,T1,3.513988002875564,-2.81769003270343,2.403688412773443,0.879448835881945,1.4681897464283107
3362,-10.162091904137977,-0.8242780604719762,Fabricación de carrocerías y remolques,0.4826387565231524,exportaciones,completa,T1,4.3362655748001915,-4.302391061829909,2.438823923956661,0.9611445597113526,1.4681897464283107
3363,-5.573808765263124,1.3995078588099195,Fabricación de partes para vehículos automotores,0.5296068171162411,exportaciones,completa,T1,2.997990539852864,-3.9829692309491644,2.359300578410495,0.9543134968228965,1.4681897464283107
3364,4.277086684490851,6.314797303991902,Fabricación de equipo aeroespacial,0.9896704181454756,exportaciones,completa,T1,4.875824539422014,-1.135031579012013,2.451612570082079,0.6783083082540261,1.4681897464283107
3365,-15.12762046102132,7.145072668611717,Fabricación de equipo ferroviario,0.8018618332294466,exportaciones,completa,T1,6.342824295543783,-3.0814856234893435,2.470159366281022,0.8938900574698807,1.4681897464283107
3366,-0.7795860410869895,-17.884646081795797,Fabricación de embarcaciones,0.5822911532336551,exportaciones,completa,T1,8.887559682736741,-3.042426352303,2.4824705700046446,0.8898185880628586,1.4681897464283107
3369,-4.457996433907444,0.9502965359073505,Fabricación de otro equipo de transporte,0.6740711386128929,exportaciones,completa,T1,4.903556221555235,-2.958329454879827,2.4521436477034437,0.8861733307704037,1.4681897464283107
3371,-7.562201282176765,3.2243820607575233,"Fabricación de muebles, excepto de oficina y estantería",0.3642278188643361,exportaciones,completa,T1,2.7661513928711323,-5.241919612987521,2.3266752748559263,0.9878693444541756,1.4681897464283107
3372,-2.098032409258728,3.710500527618451,Fabricación de muebles de oficina y estantería,0.2214380514733216,exportaciones,completa,T1,3.298591180878117,-3.79384479582007,2.3884878801834395,0.9439006526508413,1.4681897464283107
3379,-4.7412355435193465,-2.022872943660737,"Fabricación de colchones, persianas y cortineros",0.3523025337449802,exportaciones,completa,T1,4.405676200326886,-3.992142228209159,2.440778797533311,0.9490385247332356,1.4681897464283107
3391,-1.4142659044469315,3.69403225127075,"Fabricación de equipo no electrónico y material desechable de uso médico, dental y para laboratorio, y artículos oftálmicos",0.7835186733412709,exportaciones,completa,T1,2.6333591938311596,-1.9915924732637393,2.301707313451071,0.806554000625568,1.4681897464283107
3399,-4.256252080491485,2.158020373533614,Otras industrias manufactureras,0.618987370047973,exportaciones,completa,T1,2.4332250794641586,-3.6677252589652345,2.250302764157112,0.9484366533521227,1.4681897464283107
3111,-5.6032324188653355,5.746999952605549,Elaboración de alimentos para animales,0.02886946578166,exportaciones,sin pandemia,T0,4.025670070970042,-3.7200715752099582,2.4746351177528023,0.9336166814761861,1.0241606699428567
3112,-4.0288755266448435,-0.7660441927173726,Molienda de granos y de semillas y obtención de aceites y grasas,0.0609807080676099,exportaciones,sin pandemia,T0,2.70229753106175,-3.661779755228483,2.4226922954438606,0.934663158794927,1.0241606699428567
3113,1.7581183469402752,7.859420034396994,"Elaboración de azúcares, chocolates, dulces y similares",0.2016423568218791,exportaciones,sin pandemia,T0,3.972745066816915,-2.772835510428534,2.4739677674348592,0.8688145680557473,1.0241606699428567
3114,-3.2838278601748874,3.0620877369403985,"Conservación de frutas, verduras, guisos y otros alimentos preparados",0.3156513149608729,exportaciones,sin pandemia,T0,3.11125105194293,-3.060717321968355,2.452967868836403,0.8939406787420732,1.0241606699428567
3115,-6.99862906171783,0.3840355310919308,Elaboración de productos lácteos,0.0498313429839448,exportaciones,sin pandemia,T0,3.7183472434050473,-3.879974214027755,2.4701236332712675,0.9418809291968194,1.0241606699428567
3116,5.815136659942513,0.18644132049823425,"Matanza, empacado y procesamiento de carne de ganado, aves y otros animales comestibles",0.044361709007407,exportaciones,sin pandemia,T0,3.8820443906463376,-2.61917709055702,2.4727276896241452,0.8552515326221906,1.0241606699428567
3117,2.7804163941770406,3.711174761172083,Preparación y envasado de pescados y mariscos,0.7478643561015712,exportaciones,sin pandemia,T0,6.330779811485583,-2.061204688251824,2.4868119740591523,0.7964065586440336,1.0241606699428567
3118,-2.062217231246836,2.8053867531413323,Elaboración de productos de panadería y tortillas,0.043199849411286,exportaciones,sin pandemia,T0,2.8890844663949933,-3.154405352543793,2.4402294256295645,0.9019369643334522,1.0241606699428567
3119,-4.753975089717312,2.7879989684128645,Otras industrias alimentarias,0.1089707298904361,exportaciones,sin pandemia,T0,2.8810670193069505,-3.7338396637564157,2.4396400045934605,0.9370520047930857,1.0241606699428567
3121,-3.5602862144715823,0.30448295478500853,Industria de las bebidas,0.2419442465750293,exportaciones,sin pandemia,T0,2.9243036745136783,-3.2437452300338387,2.4426888574362984,0.9079011023191711,1.0241606699428567
3122,4.738720659891263,5.935777446464714,Industria del tabaco,0.1071479040489181,exportaciones,sin pandemia,T0,5.421250139231287,-3.0582556643706567,2.484209059237907,0.8908531945191964,1.0241606699428567
3131,-2.108057962653449,1.49119599817097,"Preparación e hilado de fibras textiles, y fabricación de hilos",0.2001267979454507,exportaciones,sin pandemia,T0,3.7585208164202513,-3.106425709567561,2.4708118641893577,0.8956682548328906,1.0241606699428567
3132,-9.675223932974781,0.11958360238465987,Fabricación de telas,0.1336042055792961,exportaciones,sin pandemia,T0,3.3458518132889807,-4.284630100404527,2.461581071518817,0.9591232155419219,1.0241606699428567
3133,-3.2322007699843383,-1.2629108167951846,Acabado de productos textiles y fabricación de telas recubiertas,0.3062290364360683,exportaciones,sin pandemia,T0,3.7189120443322006,-3.0485894255101824,2.4701335526924244,0.8914320806600842,1.0241606699428567
3141,-0.5908290984734124,1.6835967225874702,"Confección de alfombras, blancos y similares",0.5072465584471345,exportaciones,sin pandemia,T0,3.0537913635178144,-2.2379329958440497,2.4502245824524027,0.8194729391691083,1.0241606699428567
3149,-0.7850732019541993,2.61209139216826,"Fabricación de otros productos textiles, excepto prendas de vestir",0.3944218335152466,exportaciones,sin pandemia,T0,3.5463575619823366,-2.605071105693886,2.466733536536299,0.8545344584516361,1.0241606699428567
3151,-0.7168862707916727,0.4007988758580645,Fabricación de prendas de vestir de tejido de punto,0.3365154443339868,exportaciones,sin pandemia,T0,5.538785680318943,-2.88116660452917,2.4846339683555136,0.8768929244383918,1.0241606699428567
3152,-3.853682331494933,0.2967912001893197,Confección de prendas de vestir,0.4259861529321015,exportaciones,sin pandemia,T0,3.346297967394182,-2.959569177773207,2.4615943855408995,0.8853758890320813,1.0241606699428567
3159,0.49363873686647175,-2.5422161164112165,Confección de accesorios de vestir y otras prendas de vestir no clasificados en otra parte,0.6664841032423205,exportaciones,sin pandemia,T0,3.5139773267502914,-1.994353452758265,2.466001243876808,0.7906675967103309,1.0241606699428567
3161,-3.502178030437636,-0.2202362373050158,Curtido y acabado de cuero y piel,0.262669438610518,exportaciones,sin pandemia,T0,3.7895661082188656,-3.14765276360533,2.4713206313656255,0.8986102207671542,1.0241606699428567
3162,-4.541615764298408,-5.3540709550523955,Fabricación de calzado,0.1604241815757467,exportaciones,sin pandemia,T0,3.512025578145744,-3.4558549808084145,2.4659560164194856,0.9194566454095636,1.0241606699428567
3169,0.8532406164651418,0.7005216614558565,"Fabricación de otros productos de cuero, piel y materiales sucedáneos",0.6136094363212712,exportaciones,sin pandemia,T0,5.241255110930736,-2.3072242347821956,2.4834889060855865,0.8235620343068921,1.0241606699428567
3211,-3.3762416826421853,4.799513031975308,Aserrado y conservación de la madera,0.0034917286527276,exportaciones,sin pandemia,T0,6.065564119223975,-3.581451166565996,2.4861929572341745,0.9251421340434909,1.0241606699428567
3212,-1.3407306017179286,-0.7500595004951593,Fabricación de laminados y aglutinados de madera,0.0775332943220637,exportaciones,sin pandemia,T0,5.331214249831111,-3.359768349768177,2.4838600313141708,0.9119146610921656,1.0241606699428567
3219,-1.3273638843677933,0.4896889371239659,Fabricación de otros productos de madera,0.1827036170504173,exportaciones,sin pandemia,T0,3.012662849545713,-2.8477825912713604,2.448054985414949,0.877642802378622,1.0241606699428567
3221,-3.9516854910624315,2.6886019028703845,"Fabricación de pulpa, papel y cartón",0.0619018679380005,exportaciones,sin pandemia,T0,4.935073746260495,-3.5042999890135884,2.4820282257959114,0.921005807414397,1.0241606699428567
3222,-2.9998464493982295,1.0190593291530843,Fabricación de productos de cartón y papel,0.1574973850413846,exportaciones,sin pandemia,T0,2.673438176354544,-3.1976826536118135,2.419040101892895,0.9068960757936528,1.0241606699428567
3231,-1.0428931281617972,-0.9693806825845067,Impresión e industrias conexas,0.1024504665734745,exportaciones,sin pandemia,T0,3.29139488398692,-3.035750239384596,2.4598812667530963,0.8914179937156859,1.0241606699428567
3241,-1.0377345855205804,-1.2355937942467463,Fabricación de productos derivados del petróleo y del carbón,0.0588949583065286,exportaciones,sin pandemia,T0,6.731017004110907,-3.4230948980270335,2.487592564933715,0.915599607944146,1.0241606699428567
3251,-1.286813606230826,1.5389983744285916,Fabricación de productos químicos básicos,0.135778270214786,exportaciones,sin pandemia,T0,3.1606939879847262,-2.9755432264314887,2.455095578657962,0.887241267047381,1.0241606699428567
3252,-5.493024903920871,4.991639867654452,"Fabricación de resinas y hules sintéticos, y fibras químicas",0.3119319594154858,exportaciones,sin pandemia,T0,4.32036247941746,-3.194378942416643,2.477741812572372,0.9013409213817224,1.0241606699428567
3253,-5.848779490622875,9.255265469267968,"Fabricación de fertilizantes, pesticidas y otros agroquímicos",0.1679807884786191,exportaciones,sin pandemia,T0,7.5146846059828425,-3.3343637041361864,2.4887371451324642,0.9098417856788328,1.0241606699428567
3254,-5.423313119976416,2.4121756210597605,Fabricación de productos farmacéuticos,0.1290966945098601,exportaciones,sin pandemia,T0,3.3842068467612725,-3.650844800053172,2.4626918542526397,0.9308911725480219,1.0241606699428567
3255,-1.3055071908789961,-0.4306932254457791,"Fabricación de pinturas, recubrimientos y adhesivos",0.0704773870608603,exportaciones,sin pandemia,T0,3.0210100709800494,-3.011990002479739,2.448510504770699,0.8906760748759525,1.0241606699428567
3256,-2.765419744405933,-0.2516763423180829,"Fabricación de jabones, limpiadores y preparaciones de tocador",0.2434658656862863,exportaciones,sin pandemia,T0,2.4590955565721284,-2.9377420697140666,2.37588176337006,0.8918608237725303,1.0241606699428567
3259,-5.522916828890784,-0.09877546476336689,Fabricación de otros productos químicos,0.3514735701280596,exportaciones,sin pandemia,T0,3.2583418139113216,-3.358820265838755,2.4587720003517775,0.9140393078028559,1.0241606699428567
3261,-1.3371961095502445,0.23732821596328438,Fabricación de productos de plástico,0.2303591490643638,exportaciones,sin pandemia,T0,2.5549935250993734,-2.371037425586909,2.399686792888288,0.8384386631167062,1.0241606699428567
3262,-2.0954044237293163,0.18119398684646074,Fabricación de productos de hule,0.4171737487232005,exportaciones,sin pandemia,T0,2.673618718060502,-2.5695547100952005,2.419064001623436,0.8559298885859168,1.0241606699428567
3271,-8.06136271843336,3.713772152915583,Fabricación de productos a base de arcillas y minerales refractarios,0.3488287256548686,exportaciones,sin pandemia,T0,2.785277835638938,-4.420662335736326,2.4315914347050933,0.9654688483979156,1.0241606699428567
3272,-4.233549819394568,1.3472783306433498,Fabricación de vidrio y productos de vidrio,0.272472982882299,exportaciones,sin pandemia,T0,2.6011886232271832,-3.542179522694995,2.4082205208874417,0.9293368729236092,1.0241606699428567
3273,-1.7953126108628499,-0.48092473713815165,Fabricación de cemento y productos de concreto,0.0343074151008847,exportaciones,sin pandemia,T0,2.7521809718837402,-3.004483316161037,2.4282953979261017,0.8920085766588861,1.0241606699428567
3274,-4.775120764878707,-1.4659961235405643,"Fabricación de cal, yeso y productos de yeso",0.1199075903205221,exportaciones,sin pandemia,T0,3.480711097473551,-3.556165422216433,2.4652126790372306,0.9254248105408468,1.0241606699428567
3279,-3.590950123381256,-0.038134251706744594,Fabricación de otros productos a base de minerales no metálicos,0.2243733059375072,exportaciones,sin pandemia,T0,3.066263743551381,-3.260190583846607,2.4508470569645135,0.9082787690673932,1.0241606699428567
3311,-4.512971663115477,5.412184837930032,Industria básica del hierro y del acero,0.279574215702268,exportaciones,sin pandemia,T0,4.472822207477474,-3.17070549106475,2.4790290431136737,0.8995534142084702,1.0241606699428567
3312,-7.638757322415962,1.2533956690923114,Fabricación de productos de hierro y acero,0.0669975578374552,exportaciones,sin pandemia,T0,6.364326577644953,-3.5905441507762816,2.486883966256286,0.9256013086693541,1.0241606699428567
3313,-7.450788896906943,3.887949407023436,Industria básica del aluminio,0.2650002880058719,exportaciones,sin pandemia,T0,3.3928159305728465,-3.7196581540502685,2.4629321062782137,0.9345109512719226,1.0241606699428567
3314,5.061144895454215,-1.3575384444297829,"Industrias de metales no ferrosos, excepto aluminio",0.4934732886739018,exportaciones,sin pandemia,T0,4.640695315943339,-2.21275642177775,2.480255342583361,0.8138433656245898,1.0241606699428567
3315,-11.788464835111357,1.3153670443528054,Moldeo por fundición de piezas metálicas,0.0974402319506194,exportaciones,sin pandemia,T0,4.514453132090756,-3.9540055450684926,2.4793503122345584,0.9446187045113441,1.0241606699428567
3321,-5.398640946257773,-3.168055012964847,Fabricación de productos metálicos forjados y troquelados,0.4526204884780047,exportaciones,sin pandemia,T0,3.440254889547891,-3.113963989122395,2.4642003868220015,0.8968277831390262,1.0241606699428567
3322,0.16295546328861332,1.3383854191988769,Fabricación de herramientas de mano sin motor y utensilios de cocina metálicos,0.4783144421423179,exportaciones,sin pandemia,T0,3.042299946697109,-2.1211436334745444,2.449636892647156,0.806727839655442,1.0241606699428567
3323,-3.085797382037215,0.06980606943501229,Fabricación de estructuras metálicas y productos de herrería,0.2249299265714363,exportaciones,sin pandemia,T0,3.3244293242489755,-3.163423378847885,2.4609303841613683,0.9006839094971034,1.0241606699428567
3324,-3.970416399425175,1.6750976971512388,"Fabricación de calderas, tanques y envases metálicos",0.2575554192946691,exportaciones,sin pandemia,T0,3.16077083435578,-3.269161932761187,2.4550987341233492,0.9085009841809499,1.0241606699428567
3325,-1.5727611831192485,0.2619580917272096,Fabricación de herrajes y cerraduras,0.8134327973740351,exportaciones,sin pandemia,T0,3.032768783776592,-1.9792209879423153,2.4491387903150694,0.790491944131008,1.0241606699428567
3326,-2.1681971292346893,0.13445744555257955,"Fabricación de alambre, productos de alambre y resortes",0.3138914060002775,exportaciones,sin pandemia,T0,3.000002488724731,-2.830854489416381,2.4473484956814007,0.8763030665951823,1.0241606699428567
3327,-0.9902701298450408,3.2245157760719936,Maquinado de piezas y fabricación de tornillos,0.1233232283296124,exportaciones,sin pandemia,T0,3.0348500961021516,-2.8766223483439424,2.4492484014883606,0.8799009678395799,1.0241606699428567
3328,-12.347488746733791,1.9788475162602366,Recubrimientos y terminados metálicos,0.1588822707072484,exportaciones,sin pandemia,T0,8.365758832736466,-3.443920475759722,2.489603292845434,0.9167167666264011,1.0241606699428567
3329,-1.7960742008716915,0.9431309995987587,Fabricación de otros productos metálicos,0.6293046757254936,exportaciones,sin pandemia,T0,2.574586443452853,-2.163332374931698,2.403488711618911,0.8159611889772065,1.0241606699428567
3331,-2.122323523567584,-3.3971364923849374,"Fabricación de maquinaria y equipo agropecuario, para la construcción y para la industria extractiva",0.519899184727109,exportaciones,sin pandemia,T0,4.04014031234949,-2.586170476274623,2.474810944859671,0.8519878652338307,1.0241606699428567
3332,0.05145352647504067,-0.5760572316974075,"Fabricación de maquinaria y equipo para las industrias manufactureras, excepto la metalmecánica",0.6992566972513394,exportaciones,sin pandemia,T0,3.403515435957857,-1.967002267294834,2.4632262582364026,0.7877234736779049,1.0241606699428567
3333,4.164430493794102,0.024377927397280057,Fabricación de maquinaria y equipo para el comercio y los servicios,0.8664849575372038,exportaciones,sin pandemia,T0,5.889803217615119,-1.7754691976078487,2.4857274829325884,0.7624684662684214,1.0241606699428567
3334,-4.065404298154021,-0.23750714087408825,"Fabricación de equipo de aire acondicionado, calefacción, y de refrigeración industrial y comercial",0.8482017522901368,exportaciones,sin pandemia,T0,3.582271754047294,-2.266539496397973,2.4675077710986724,0.8208355876168429,1.0241606699428567
3335,-4.865000604421751,0.6376159910459068,Fabricación de maquinaria y equipo para la industria metalmecánica,0.6052735791408839,exportaciones,sin pandemia,T0,4.7672559451787,-2.606235536977662,2.4810698679311805,0.8532439673859384,1.0241606699428567
3336,-2.4222329278427934,-0.14059473324332042,"Fabricación de motores de combustión interna, turbinas y transmisiones",0.8385248456652771,exportaciones,sin pandemia,T0,2.8832515732425255,-2.134341946262962,2.439801746281309,0.8091590081920128,1.0241606699428567
3339,-4.979514719471807,1.0912761123921546,Fabricación de otra maquinaria y equipo para la industria en general,0.6417221502759753,exportaciones,sin pandemia,T0,2.9430707395370757,-2.9981746353098027,2.443919003649505,0.8900491764467322,1.0241606699428567
3341,9.564207253877878,5.466951068360888,Fabricación de computadoras y equipo periférico,0.7847307234340066,exportaciones,sin pandemia,T0,9.481045459912377,-1.995131108953262,2.4903816147071143,0.7884731630114377,1.0241606699428567
3342,1.5953701333056496,0.6647568965355164,Fabricación de equipo de comunicación,0.895054776922478,exportaciones,sin pandemia,T0,3.0814263332353766,-1.2452409975249596,2.4515830442841913,0.6942499871645238,1.0241606699428567
3343,-0.27181255000863414,-0.8734936529407586,Fabricación de equipo de audio y de video,0.9478363435009872,exportaciones,sin pandemia,T0,4.400983305382272,-1.7279656007627708,2.4784452416664173,0.7571603698784415,1.0241606699428567
3344,3.9553510833086754,1.424536704280819,Fabricación de componentes electrónicos,0.4744887481943934,exportaciones,sin pandemia,T0,4.836986490732937,-2.3512107070020276,2.481483695774406,0.8283084752794607,1.0241606699428567
3345,-3.333054690814606,1.2445625479074465,"Fabricación de instrumentos de medición, control, navegación, y equipo médico electrónico",0.9203173609236356,exportaciones,sin pandemia,T0,3.2302719416896375,-2.126737429073401,2.4577794534384654,0.8065652540645458,1.0241606699428567
3346,1.6649381181841432,-6.050892816359652,Fabricación y reproducción de medios magnéticos y ópticos,0.6054992436078728,exportaciones,sin pandemia,T0,7.067896524543265,-2.376261324485757,2.4881369683022045,0.8302203502503912,1.0241606699428567
3351,-1.610396070135051,0.4005183638916847,Fabricación de accesorios de iluminación,0.831395116765869,exportaciones,sin pandemia,T0,3.2976504681444805,-1.983138331092415,2.4600843565612918,0.7899149425493037,1.0241606699428567
3352,-5.111938138566269,2.3872771206642414,Fabricación de aparatos eléctricos de uso doméstico,0.3900028883753999,exportaciones,sin pandemia,T0,3.407142923310454,-3.1846461736470193,2.4633248882607823,0.9019640759645011,1.0241606699428567
3353,-3.1461479945415345,1.6240203203604606,Fabricación de equipo de generación y distribución de energía eléctrica,0.8989208694711824,exportaciones,sin pandemia,T0,2.499041538818254,-2.5275147080141402,2.3870194345038067,0.8551677807598244,1.0241606699428567
3359,-2.1448562177694015,2.5022119159575618,Fabricación de otros equipos y accesorios eléctricos,0.7464127593691879,exportaciones,sin pandemia,T0,2.475731695804459,-2.17573561733168,2.3807708801228245,0.8196096866726668,1.0241606699428567
3361,-2.8638535508803034,-1.3655884092794133,Fabricación de automóviles y camiones,0.6801529750236635,exportaciones,sin pandemia,T0,3.4214127688309444,-2.405801907455711,2.4637076009571945,0.8355907650969476,1.0241606699428567
3362,-6.268669699323698,-3.966603240852224,Fabricación de carrocerías y remolques,0.4826387565231524,exportaciones,sin pandemia,T0,4.813253901116398,-2.8954838888086476,2.4813454574943643,0.8783747745893555,1.0241606699428567
3363,-3.395195089673464,-0.23195885148967962,Fabricación de partes para vehículos automotores,0.5296068171162411,exportaciones,sin pandemia,T0,2.863319000953972,-2.813091997978978,2.438293341422134,0.8756911807957539,1.0241606699428567
3364,1.3898603221495887,1.200790119347598,Fabricación de equipo aeroespacial,0.9896704181454756,exportaciones,sin pandemia,T0,4.77709594337314,-1.5813346780690565,2.481129691745025,0.7380498059217321,1.0241606699428567
3365,-18.516179905881838,3.144263162606557,Fabricación de equipo ferroviario,0.8018618332294466,exportaciones,sin pandemia,T0,6.436635718060573,-2.5677326092597434,2.487034763170389,0.8490687149147806,1.0241606699428567
3366,12.642669572606662,-15.296242677889376,Fabricación de embarcaciones,0.5822911532336551,exportaciones,sin pandemia,T0,11.087716302175,-2.3801787442810256,2.491097768534171,0.8303309351386998,1.0241606699428567
3369,-2.000100806456805,2.478800103269948,Fabricación de otro equipo de transporte,0.6740711386128929,exportaciones,sin pandemia,T0,5.326957409673059,-2.328774925167553,2.4838429896046503,0.8257671019443145,1.0241606699428567
3371,-5.21952742197953,2.3199631466235604,"Fabricación de muebles, excepto de oficina y estantería",0.3642278188643361,exportaciones,sin pandemia,T0,2.842366644729528,-3.5278287942108455,2.4366249430761227,0.9261682797241783,1.0241606699428567
3372,-6.1026290670150765,1.2528879018952241,Fabricación de muebles de oficina y estantería,0.2214380514733216,exportaciones,sin pandemia,T0,3.5242076642872275,-3.552475894927127,2.466236255426044,0.9251291274906015,1.0241606699428567
3379,0.5918260631751511,-2.7100346233234616,"Fabricación de colchones, persianas y cortineros",0.3523025337449802,exportaciones,sin pandemia,T0,5.008844798579114,-2.7641576358363693,2.482411270799507,0.8672524934737529,1.0241606699428567
3391,-2.5962679245450135,2.690662448590412,"Fabricación de equipo no electrónico y material desechable de uso médico, dental y para laboratorio, y artículos oftálmicos",0.7835186733412709,exportaciones,sin pandemia,T0,2.9536208230880168,-2.2442613768508988,2.4445877406008685,0.8207044690607979,1.0241606699428567
3399,-2.165422131972732,1.1958701596201748,Otras industrias manufactureras,0.618987370047973,exportaciones,sin pandemia,T0,2.9260095689930554,-2.379681467478844,2.442802888447037,0.8350115105229473,1.0241606699428567
3111,-0.4201270730651195,0.4252140026636247,Elaboración de alimentos para animales,0.02886946578166,horas,completa,E1,0.942710588501457,-0.6823222483353332,0.8856427830485953,0.7794763895175498,0.6111090810011021
3112,-0.167179034420464,-0.6548673652638534,Molienda de granos y de semillas y obtención de aceites y grasas,0.0609807080676099,horas,completa,E1,1.0248126036246519,-0.6626639773534331,0.9108061299575755,0.7665577968202155,0.6111090810011021
3113,-2.4546264044567137,-0.056060119112616304,"Elaboración de azúcares, chocolates, dulces y similares",0.2016423568218791,horas,completa,E1,1.3128619286393515,-1.5838278722997479,0.9542493550986264,0.9515189406121948,0.6111090810011021
3114,-0.9138146755696842,0.0031715920211908277,"Conservación de frutas, verduras, guisos y otros alimentos preparados",0.3156513149608729,horas,completa,E1,0.9656537993927765,-1.144700857197216,0.8937323923903994,0.8998696907963292,0.6111090810011021
3115,-0.2770686547470528,-0.701179024997871,Elaboración de productos lácteos,0.0498313429839448,horas,completa,E1,1.025342211922403,-0.7075014679755574,0.910938688878912,0.781324134519923,0.6111090810011021
3116,-0.4239989205568696,-0.621058244545417,"Matanza, empacado y procesamiento de carne de ganado, aves y otros animales comestibles",0.044361709007407,horas,completa,E1,1.0246725246641861,-0.7724990926229034,0.9107710161242812,0.8018315403550464,0.6111090810011021
3117,-0.04835895974087505,0.4639985153465167,Preparación y envasado de pescados y mariscos,0.7478643561015712,horas,completa,E1,1.618690157967372,-1.6796749344757167,0.9730086920911362,0.9578505029590095,0.6111090810011021
3118,-0.13734953648240406,0.3099467988836391,Elaboración de productos de panadería y tortillas,0.043199849411286,horas,completa,E1,1.032746588002888,-0.645564908718518,0.9127595913487527,0.7602997736615077,0.6111090810011021
3119,-1.60010388393417,-0.4969724090558984,Otras industrias alimentarias,0.1089707298904361,horas,completa,E1,0.9733087713257942,-1.4019473233322628,0.8962263815509608,0.9411238664517673,0.6111090810011021
3121,-0.37539956127618956,0.01096207256376042,Industria de las bebidas,0.2419442465750293,horas,completa,E1,1.0165211134445677,-0.8735299362500809,0.9086890561126328,0.8318013026769262,0.6111090810011021
3122,-1.3593012323229392,-1.4489458535648487,Industria del tabaco,0.1071479040489181,horas,completa,E1,1.241960140689447,-1.22129242852558,0.9471821896449315,0.9013696829795566,0.6111090810011021
3131,-3.748426809478531,-2.782206940333227,"Preparación e hilado de fibras textiles, y fabricación de hilos",0.2001267979454507,horas,completa,E1,2.4674193015996475,-1.4417673763715624,0.9909014144876626,0.9271661820198289,0.6111090810011021
3132,-3.6859989056973186,-3.234597637409997,Fabricación de telas,0.1336042055792961,horas,completa,E1,1.6342360371178715,-1.5837418130458143,0.9736448824160165,0.9480901660016506,0.6111090810011021
3133,0.15697879857890779,-1.0654723339990906,Acabado de productos textiles y fabricación de telas recubiertas,0.3062290364360683,horas,completa,E1,1.7590779202234257,-1.212222632747785,0.9780715247117227,0.892401447820051,0.6111090810011021
3141,-4.298096482132703,-1.8538879286408245,"Confección de alfombras, blancos y similares",0.5072465584471345,horas,completa,E1,2.150517102467336,-1.9018019835943176,0.986846345866976,0.9730195966289149,0.6111090810011021
3149,-1.0947238751660144,-0.3919999725809197,"Fabricación de otros productos textiles, excepto prendas de vestir",0.3944218335152466,horas,completa,E1,1.2783416433051817,-1.4139773011955077,0.9509987342821635,0.9314706772104275,0.6111090810011021
3151,-2.5533274246257327,-0.9406264338322485,Fabricación de prendas de vestir de tejido de punto,0.3365154443339868,horas,completa,E1,1.6565146102132566,-1.623233460986673,0.9745205417143896,0.9521108114386725,0.6111090810011021
3152,-2.1290979404930175,-1.179053912142733,Confección de prendas de vestir,0.4259861529321015,horas,completa,E1,1.1892609733847848,-1.7530498748250742,0.9408004203507224,0.9687941833804008,0.6111090810011021
3159,-1.614025329186572,-2.821230960874158,Confección de accesorios de vestir y otras prendas de vestir no clasificados en otra parte,0.6664841032423205,horas,completa,E1,1.6541380870689313,-1.841444020819268,0.9744290870024882,0.9706054416309968,0.6111090810011021
3161,-0.08410236847292067,-2.9521627992575232,Curtido y acabado de cuero y piel,0.262669438610518,horas,completa,E1,1.8140776333460693,-1.2064081661381671,0.9796999853653593,0.8909144207018069,0.6111090810011021
3162,-3.61640755900102,-2.1695815744858895,Fabricación de calzado,0.1604241815757467,horas,completa,E1,1.5018618709942635,-1.6787609893695592,0.9674509686208383,0.9586509732920462,0.6111090810011021
3169,-1.0291461725611124,-1.0145849715427653,"Fabricación de otros productos de cuero, piel y materiales sucedáneos",0.6136094363212712,horas,completa,E1,1.1613464593446388,-1.5450643316007122,0.9369300831448591,0.9504334662147997,0.6111090810011021
3211,-2.348208046045114,1.3816198608896704,Aserrado y conservación de la madera,0.0034917286527276,horas,completa,E1,1.3132784755842744,-1.3671625696983514,0.9542865884898039,0.9240216400013228,0.6111090810011021
3212,-2.0270214122866146,-0.8207651042407647,Fabricación de laminados y aglutinados de madera,0.0775332943220637,horas,completa,E1,1.0026633385206558,-1.5771443616671752,0.9049666189327179,0.9593126842923451,0.6111090810011021
3219,-1.4925423624782905,-0.99813857916308,Fabricación de otros productos de madera,0.1827036170504173,horas,completa,E1,1.1950898269252885,-1.3353127347967368,0.9415625661376177,0.9219320581367851,0.6111090810011021
3221,-0.49412702166117095,-0.5714189515102598,"Fabricación de pulpa, papel y cartón",0.0619018679380005,horas,completa,E1,1.0093413124632176,-0.805611314654829,0.9067901835956351,0.8128427956408083,0.6111090810011021
3222,-1.2070240639895524,-0.7018962891585836,Fabricación de productos de cartón y papel,0.1574973850413846,horas,completa,E1,0.8933633062014842,-1.2138459590939874,0.8643792484330235,0.9198849195779625,0.6111090810011021
3231,-1.580283538397614,-1.011691123181235,Impresión e industrias conexas,0.1024504665734745,horas,completa,E1,0.9996681903452621,-1.3713047903533822,0.9041300700086191,0.9353302743282247,0.6111090810011021
3241,0.37148635951226133,0.4768338782552416,Fabricación de productos derivados del petróleo y del carbón,0.0588949583065286,horas,completa,E1,1.2261040795895781,-0.6603612350780055,0.9453767195589469,0.7575728778897473,0.6111090810011021
3251,0.09550891074064537,-0.7233495212099781,Fabricación de productos químicos básicos,0.135778270214786,horas,completa,E1,1.2094911155477177,-0.7990955397734807,0.9433825307771698,0.8015173683068744,0.6111090810011021
3252,-0.15643682898686073,-0.6231760943401211,"Fabricación de resinas y hules sintéticos, y fibras químicas",0.3119319594154858,horas,completa,E1,1.0491425899375055,-0.8634539200911547,0.916587279806032,0.8269116961077996,0.6111090810011021
3253,-1.4994410071151485,-0.42691126071257274,"Fabricación de fertilizantes, pesticidas y otros agroquímicos",0.1679807884786191,horas,completa,E1,1.0999983711203913,-1.3434861781543066,0.9269150225543744,0.9263893859253878,0.6111090810011021
3254,-0.6207250041350542,-0.5423287538487745,Fabricación de productos farmacéuticos,0.1290966945098601,horas,completa,E1,1.0090030771524423,-0.9113894782548362,0.90669917363104,0.8425932097532616,0.6111090810011021
3255,-1.8287952340410318,-0.9434906946909096,"Fabricación de pinturas, recubrimientos y adhesivos",0.0704773870608603,horas,completa,E1,0.9108607449357018,-1.582954170613267,0.8726156589258974,0.9651637275047804,0.6111090810011021
3256,-0.5449538404377098,-1.0048752306469293,"Fabricación de jabones, limpiadores y preparaciones de tocador",0.2434658656862863,horas,completa,E1,0.968993051936207,-0.9031397908760606,0.8948321359540589,0.8435807833150542,0.6111090810011021
3259,-1.797498993286615,-0.6304873864098784,Fabricación de otros productos químicos,0.3514735701280596,horas,completa,E1,1.2613280952460784,-1.5675201700449306,0.9492676021936833,0.950660751043644,0.6111090810011021
3261,-1.4479734680470009,-0.9908213939245514,Fabricación de productos de plástico,0.2303591490643638,horas,completa,E1,0.8559777055900241,-1.4214295267951074,0.843473466690041,0.9540259237555995,0.6111090810011021
3262,-3.028856953671438,-2.1766540546718365,Fabricación de productos de hule,0.4171737487232005,horas,completa,E1,1.0391764267223624,-2.2293398354029947,0.9142932619108886,0.9926221537826388,0.6111090810011021
3271,-0.6045918399915065,-0.4043911659199149,Fabricación de productos a base de arcillas y minerales refractarios,0.3488287256548686,horas,completa,E1,0.9743247711936814,-1.0039644612840364,0.8965502635450638,0.8686022774888709,0.6111090810011021
3272,-0.5408041087361936,-0.8239426170565046,Fabricación de vidrio y productos de vidrio,0.272472982882299,horas,completa,E1,0.9586111973794308,-0.9037112941664541,0.8913508588633279,0.8446769096543401,0.6111090810011021
3273,-1.2505063731380959,-0.6113792002280799,Fabricación de cemento y productos de concreto,0.0343074151008847,horas,completa,E1,1.0921246635532724,-1.1429490552735406,0.9254518376644755,0.8915879722839791,0.6111090810011021
3274,-0.09892700358913684,0.0500011351293895,"Fabricación de cal, yeso y productos de yeso",0.1199075903205221,horas,completa,E1,1.0542689516257477,-0.7070336457837201,0.9177296082643435,0.7794734405433297,0.6111090810011021
3279,-2.6252350838130076,-1.6800033414727256,Fabricación de otros productos a base de minerales no metálicos,0.2243733059375072,horas,completa,E1,1.8377763384522086,-1.4718722255084355,0.9803512709525799,0.9333703506287725,0.6111090810011021
3311,0.14856774111889642,-0.053600426913503765,Industria básica del hierro y del acero,0.279574215702268,horas,completa,E1,1.9276826337232542,-1.2199920403971303,0.9825823875621826,0.8928112428974373,0.6111090810011021
3312,-0.6722423375529107,-0.003141606600548432,Fabricación de productos de hierro y acero,0.0669975578374552,horas,completa,E1,1.1225167279465391,-0.9486996025251281,0.9308609063226813,0.8459373606414775,0.6111090810011021
3313,-1.1792944843893123,-1.9500604537417352,Industria básica del aluminio,0.2650002880058719,horas,completa,E1,1.0914386736968538,-1.2918442647792792,0.9253221904763422,0.9186581260967654,0.6111090810011021
3314,-0.45373030738684517,0.3425205209443173,"Industrias de metales no ferrosos, excepto aluminio",0.4934732886739018,horas,completa,E1,1.0190966696247192,-1.0821917200990745,0.9093551916440675,0.8829895630434681,0.6111090810011021
3315,-3.0174637042235837,-1.510550082555406,Moldeo por fundición de piezas metálicas,0.0974402319506194,horas,completa,E1,1.0345173284389346,-2.0107938214667906,0.9131862824807049,0.9861657068630008,0.6111090810011021
3321,-1.2471707187772585,-0.45494681967969497,Fabricación de productos metálicos forjados y troquelados,0.4526204884780047,horas,completa,E1,1.2298996843090264,-1.5002452904993293,0.9458173430681434,0.9436518058018809,0.6111090810011021
3322,-1.2948226871555695,-0.47958180611831985,Fabricación de herramientas de mano sin motor y utensilios de cocina metálicos,0.4783144421423179,horas,completa,E1,1.2383298611638753,-1.53925119135151,0.9467768956440368,0.9480017958739319,0.6111090810011021
3323,-1.5761527627320318,-0.1456093664197304,Fabricación de estructuras metálicas y productos de herrería,0.2249299265714363,horas,completa,E1,0.9778790039891173,-1.455171001723324,0.8976705209419967,0.9474968052713936,0.6111090810011021
3324,-0.6810758702004347,-0.9699664989451872,"Fabricación de calderas, tanques y envases metálicos",0.2575554192946691,horas,completa,E1,1.0317995735890098,-1.0439735965684662,0.9125300205725303,0.8736971009289238,0.6111090810011021
3325,-2.041635951447231,0.08103863362174249,Fabricación de herrajes y cerraduras,0.8134327973740351,horas,completa,E1,1.2868658028372157,-2.0625821661728336,0.9518328598726,0.9848809850651097,0.6111090810011021
3326,-3.2444346372551793,-1.4189375845753531,"Fabricación de alambre, productos de alambre y resortes",0.3138914060002775,horas,completa,E1,1.0518135364728698,-2.2294769311788496,0.9171855684065685,0.9924668336392246,0.6111090810011021
3327,-1.6163765333916378,-0.6983232841293583,Maquinado de piezas y fabricación de tornillos,0.1233232283296124,horas,completa,E1,1.071519127146368,-1.3663956952396528,0.9213975048929403,0.9309574881231785,0.6111090810011021
3329,-2.837273721953736,-0.015275490050285258,Fabricación de otros productos metálicos,0.6293046757254936,horas,completa,E1,0.9697973679557705,-2.38376367277978,0.8950942723529649,0.9961292698141108,0.6111090810011021
3331,-4.139263462980006,-2.1272336735175266,"Fabricación de maquinaria y equipo agropecuario, para la construcción y para la industria extractiva",0.519899184727109,horas,completa,E1,1.545081993529216,-2.1229497644924424,0.9696820106615468,0.9857134128139692,0.6111090810011021
3332,-1.8782616178413254,-0.6526942758309575,"Fabricación de maquinaria y equipo para las industrias manufactureras, excepto la metalmecánica",0.6992566972513394,horas,completa,E1,1.0032816815194248,-1.9010706006300426,0.9051378644053659,0.9821492338379442,0.6111090810011021
3333,-3.655465750158502,0.802625861829143,Fabricación de maquinaria y equipo para el comercio y los servicios,0.8664849575372038,horas,completa,E1,1.6003980798194608,-2.3843441531456553,0.972232124671076,0.992905512902172,0.6111090810011021
3334,-2.9663771448174763,0.02398187359780226,"Fabricación de equipo de aire acondicionado, calefacción, y de refrigeración industrial y comercial",0.8482017522901368,horas,completa,E1,1.1710325097769412,-2.4006890629927207,0.938316008537938,0.9947438807155854,0.6111090810011021
3335,-2.468968443128071,-1.7184625760889078,Fabricación de maquinaria y equipo para la industria metalmecánica,0.6052735791408839,horas,completa,E1,1.6852578424361966,-1.8996388954686032,0.9755914619473305,0.9742426045558477,0.6111090810011021
3336,-4.55646436192326,0.13088952721038716,"Fabricación de motores de combustión interna, turbinas y transmisiones",0.8385248456652771,horas,completa,E1,1.6405003594309573,-2.4791861621231255,0.9738953024722381,0.9945461084284375,0.6111090810011021
3339,-2.949025174584701,-0.7175257779815134,Fabricación de otra maquinaria y equipo para la industria en general,0.6417221502759753,horas,completa,E1,1.1244124966395548,-2.2582718833584523,0.9311778822822964,0.9923495535020015,0.6111090810011021
3341,-0.0021768870694357026,0.9145727074778424,Fabricación de computadoras y equipo periférico,0.7847307234340066,horas,completa,E1,1.7049014677865648,-1.7469283795719726,0.9762877045477486,0.9632214242241083,0.6111090810011021
3342,1.0567334147416032,1.2710231888234944,Fabricación de equipo de comunicación,0.895054776922478,horas,completa,E1,2.0251963919408396,-1.8607952059302466,0.984639596774941,0.9706092259036104,0.6111090810011021
3343,-2.326148818088485,-2.329512175603793,Fabricación de equipo de audio y de video,0.9478363435009872,horas,completa,E1,1.5285941662863014,-2.257575626101921,0.9688575096839072,0.9901006777654423,0.6111090810011021
3344,-1.5920748735562757,-1.386397800926875,Fabricación de componentes electrónicos,0.4744887481943934,horas,completa,E1,1.0515599631246513,-1.6164327500397362,0.9171290606284405,0.9610069074063903,0.6111090810011021
3345,-1.8848681904871434,-1.4012385991323644,"Fabricación de instrumentos de medición, control, navegación, y equipo médico electrónico",0.9203173609236356,horas,completa,E1,0.9946707533406159,-2.0424386715633465,0.9027076922671899,0.9881688724416932,0.6111090810011021
3346,1.1619901932987557,1.6694388240216105,Fabricación y reproducción de medios magnéticos y ópticos,0.6054992436078728,horas,completa,E1,1.8348824114410929,-1.4472644748812737,0.9802732637940288,0.9300802271743305,0.6111090810011021
3351,-2.0613311493105435,0.8243934010560595,Fabricación de accesorios de iluminación,0.831395116765869,horas,completa,E1,1.5423181298254023,-2.0876302300534304,0.9695459903804272,0.984348672248066,0.6111090810011021
3352,-1.9728120291987945,-0.6812736180997441,Fabricación de aparatos eléctricos de uso doméstico,0.3900028883753999,horas,completa,E1,1.4086334329990808,-1.6237506010494374,0.9617568665126638,0.9543248165101085,0.6111090810011021
3353,-2.562799599911683,0.19519485274897205,Fabricación de equipo de generación y distribución de energía eléctrica,0.8989208694711824,horas,completa,E1,1.0045342967580584,-2.370479174227009,0.9054832536235865,0.9955765720983467,0.6111090810011021
3359,-1.477958171492073,-0.6356132508043637,Fabricación de otros equipos y accesorios eléctricos,0.7464127593691879,horas,completa,E1,1.0840712893489683,-1.777929747434539,0.923907228745691,0.9728452377920295,0.6111090810011021
3361,-1.127096851749262,-2.472674042162408,Fabricación de automóviles y camiones,0.6801529750236635,horas,completa,E1,1.5052983879649113,-1.7556450613421064,0.967636829334598,0.9651891186674961,0.6111090810011021
3362,-4.670162960299746,-2.554299663816088,Fabricación de carrocerías y remolques,0.4826387565231524,horas,completa,E1,1.7112019297577425,-2.0691839123835964,0.9765051950379684,0.9829534425274328,0.6111090810011021
3363,-2.989961968976371,-1.4373837204219693,Fabricación de partes para vehículos automotores,0.5296068171162411,horas,completa,E1,1.1155142364703612,-2.192768000351284,0.9296701629681912,0.9908292663225923,0.6111090810011021
3364,-1.9122853670534672,-0.4531125144371843,Fabricación de equipo aeroespacial,0.9896704181454756,horas,completa,E1,1.6935043708243946,-2.2412357632618143,0.975887151900381,0.9891795906382044,0.6111090810011021
3365,-3.7195422077795777,-0.37271576673467766,Fabricación de equipo ferroviario,0.8018618332294466,horas,completa,E1,3.5182089294382015,-2.1066704510653156,0.9971473492806833,0.9826866550878407,0.6111090810011021
3366,-2.150835055970093,3.1382600257098643,Fabricación de embarcaciones,0.5822911532336551,horas,completa,E1,4.510201435961726,-1.7808758507763385,0.9994331285224438,0.9626160840029231,0.6111090810011021
3369,-2.484745134392842,-1.7257513233457964,Fabricación de otro equipo de transporte,0.6740711386128929,horas,completa,E1,1.8890689241910346,-1.9584767955610431,0.9816678088994434,0.9769813106514306,0.6111090810011021
3371,-1.8089973294936896,-1.7062621448352515,"Fabricación de muebles, excepto de oficina y estantería",0.3642278188643361,horas,completa,E1,1.297937348213788,-1.5767135670062966,0.952884836377241,0.9510046571314417,0.6111090810011021
3372,-4.111744065362831,-0.9261772408780884,Fabricación de muebles de oficina y estantería,0.2214380514733216,horas,completa,E1,1.1243279320071475,-2.351652898579222,0.9311637911051432,0.9942232887530925,0.6111090810011021
3379,-1.7264307577036824,-2.098582634376328,"Fabricación de colchones, persianas y cortineros",0.3523025337449802,horas,completa,E1,1.3698847519091002,-1.5361108398146617,0.958955863796526,0.9454064605117902,0.6111090810011021
3391,-1.093847934618697,0.13268386444391803,"Fabricación de equipo no electrónico y material desechable de uso médico, dental y para laboratorio, y artículos oftálmicos",0.7835186733412709,horas,completa,E1,1.0018914214032035,-1.5615838180290003,0.9047521452148471,0.9578244657638124,0.6111090810011021
3399,-0.710196674468522,-0.5072322211338539,Otras industrias manufactureras,0.618987370047973,horas,completa,E1,1.0202099622129943,-1.2904271156072014,0.9096407315287164,0.9219938945450658,0.6111090810011021
3111,-0.5324782858763705,-0.3727946722350253,Elaboración de alimentos para animales,0.02886946578166,horas,sin pandemia,E1,0.9575967069268468,-0.7154486811869527,0.833154634686196,0.8047531997360035,0.0
3112,-0.6332243667260823,-1.0649673383774216,Molienda de granos y de semillas y obtención de aceites y grasas,0.0609807080676099,horas,sin pandemia,E1,1.043166367959962,-0.736055627268386,0.833154634686196,0.8115050811219956,0.0
3113,-1.639993725552679,0.7417310095988771,"Elaboración de azúcares, chocolates, dulces y similares",0.2016423568218791,horas,sin pandemia,E1,1.5394228008638904,-0.8263232969459621,0.833154634686196,0.839352606428909,0.0
3114,-0.27065920989230563,-0.46394681806719296,"Conservación de frutas, verduras, guisos y otros alimentos preparados",0.3156513149608729,horas,sin pandemia,E1,1.0132682660553103,-0.8994869706602796,0.833154634686196,0.8598433655884272,0.0
3115,-0.5644889803337969,-1.391890452321284,Elaboración de productos lácteos,0.0498313429839448,horas,sin pandemia,E1,1.000709421914878,-0.7289006762678815,0.833154634686196,0.8091772472424383,0.0
3116,-0.8839701593111658,-1.2284105286237963,"Matanza, empacado y procesamiento de carne de ganado, aves y otros animales comestibles",0.044361709007407,horas,sin pandemia,E1,1.0205277944734685,-0.7253906142330343,0.833154634686196,0.8080288418919179,0.0
3117,-0.5013432353147848,0.5130247775274415,Preparación y envasado de pescados y mariscos,0.7478643561015712,horas,sin pandemia,E1,1.8336628664413022,-1.1768537182674166,0.833154634686196,0.9211026300337088,0.0
3118,-0.0011471846375390982,0.07075940361511472,Elaboración de productos de panadería y tortillas,0.043199849411286,horas,sin pandemia,E1,1.0910070417754847,-0.7246450068897166,0.833154634686196,0.8077843540390908,0.0
3119,-1.8649711671972657,-0.7055413039768823,Otras industrias alimentarias,0.1089707298904361,horas,sin pandemia,E1,1.1049068806655358,-0.7668525607331025,0.833154634686196,0.8213234560088476,0.0
3121,-0.6961154960503532,-0.6025459147650786,Industria de las bebidas,0.2419442465750293,horas,sin pandemia,E1,1.0056322172697452,-0.8521864778757892,0.833154634686196,0.8468089843831303,0.0
3122,-0.6616186546001187,-2.671935295453138,Industria del tabaco,0.1071479040489181,horas,sin pandemia,E1,1.450974409064457,-0.7656827874338477,0.833154634686196,0.8209565074311111,0.0
3131,0.7170741720875382,-2.099267069578353,"Preparación e hilado de fibras textiles, y fabricación de hilos",0.2001267979454507,horas,sin pandemia,E1,1.4025902439417863,-0.8253507079762895,0.833154634686196,0.8390676593394597,0.0
3132,0.3147968679739489,-3.843299723176721,Fabricación de telas,0.1336042055792961,horas,sin pandemia,E1,1.2621225395401126,-0.7826607534152256,0.833154634686196,0.8262358426566586,0.0
3133,2.219392461431839,-1.3793973018721686,Acabado de productos textiles y fabricación de telas recubiertas,0.3062290364360683,horas,sin pandemia,E1,1.9720600722830655,-0.8934403535971381,0.833154634686196,0.8582204526666932,0.0
3141,-0.660749495212207,-0.3890958505883065,"Confección de alfombras, blancos y similares",0.5072465584471345,horas,sin pandemia,E1,1.504550338296685,-1.0224405710480164,0.833154634686196,0.8901247525941545,0.0
3149,-0.7952553192172744,0.05391978672601303,"Fabricación de otros productos textiles, excepto prendas de vestir",0.3944218335152466,horas,sin pandemia,E1,1.4287677397949274,-0.9500368626327479,0.833154634686196,0.8729169898341677,0.0
3151,-0.5611005679882033,-1.0248177641596574,Fabricación de prendas de vestir de tejido de punto,0.3365154443339868,horas,sin pandemia,E1,1.2317187470183775,-0.9128762374223421,0.833154634686196,0.8633919910344887,0.0
3152,-0.05922226614423348,-1.4375145389930404,Confección de prendas de vestir,0.4259861529321015,horas,sin pandemia,E1,1.3169470713148559,-0.9702928285193392,0.833154634686196,0.8779097567796206,0.0
3159,-0.22311630850773814,-2.703624132627267,Confección de accesorios de vestir y otras prendas de vestir no clasificados en otra parte,0.6664841032423205,horas,sin pandemia,E1,1.9138772759972738,-1.1246290653614235,0.833154634686196,0.9114670401672662,0.0
3161,1.762470540292929,-3.1457970729689055,Curtido y acabado de cuero y piel,0.262669438610518,horas,sin pandemia,E1,1.5429585201431257,-0.8654865835210178,0.833154634686196,0.8505526683930615,0.0
3162,-0.7997901907132376,-2.6139381919435385,Fabricación de calzado,0.1604241815757467,horas,sin pandemia,E1,1.4666747617086289,-0.7998721024606039,0.833154634686196,0.8314855771142999,0.0
3169,0.43415273151925954,-1.5631133523535568,"Fabricación de otros productos de cuero, piel y materiales sucedáneos",0.6136094363212712,horas,sin pandemia,E1,1.1644864669313535,-1.0906974783921908,0.833154634686196,0.9047527576132133,0.0
3211,-0.8708049526521485,0.496996240615965,Aserrado y conservación de la madera,0.0034917286527276,horas,sin pandemia,E1,1.3450979204668425,-0.6991628690085333,0.833154634686196,0.7993145535570955,0.0
3212,-0.41928764301962873,-1.324658180053473,Fabricación de laminados y aglutinados de madera,0.0775332943220637,horas,sin pandemia,E1,1.1167482615578361,-0.7466780208032213,0.833154634686196,0.8149285722853716,0.0
3219,-1.109064622922044,-1.0403389088233146,Fabricación de otros productos de madera,0.1827036170504173,horas,sin pandemia,E1,1.2003660299705177,-0.8141696223591781,0.833154634686196,0.8357681677557021,0.0
3221,-0.5681398791435681,-0.8075694844738551,"Fabricación de pulpa, papel y cartón",0.0619018679380005,horas,sin pandemia,E1,1.0613936122957512,-0.7366467688882736,0.833154634686196,0.8116966202649375,0.0
3222,-1.1782277272529926,-1.1336976408024761,Fabricación de productos de cartón y papel,0.1574973850413846,horas,sin pandemia,E1,0.9523454912345579,-0.7979938712219041,0.833154634686196,0.830917694650809,0.0
3231,-0.7378118703790926,-1.6540324931310444,Impresión e industrias conexas,0.1024504665734745,horas,sin pandemia,E1,1.1106074488328126,-0.7626682718347509,0.833154634686196,0.820008694458002,0.0
3241,-0.10244388107423708,0.3548901860822594,Fabricación de productos derivados del petróleo y del carbón,0.0588949583065286,horas,sin pandemia,E1,1.259942283789356,-0.7347171261763628,0.833154634686196,0.8110709419977591,0.0
3251,0.17331961450852063,-0.6974060304894564,Fabricación de productos químicos básicos,0.135778270214786,horas,sin pandemia,E1,1.3211455539850072,-0.7840559293577238,0.833154634686196,0.8266652283302129,0.0
3252,0.13181518091748642,-0.8564603237402469,"Fabricación de resinas y hules sintéticos, y fibras químicas",0.3119319594154858,horas,sin pandemia,E1,1.1742428205454007,-0.8971001256264141,0.833154634686196,0.8592042499183352,0.0
3253,-0.92405334563903,-1.243614115542066,"Fabricación de fertilizantes, pesticidas y otros agroquímicos",0.1679807884786191,horas,sin pandemia,E1,1.1250503088793364,-0.8047214505368759,0.833154634686196,0.8329460980094345,0.0
3254,-0.9567124164305209,-1.3507563470604478,Fabricación de productos farmacéuticos,0.1290966945098601,horas,sin pandemia,E1,0.9164992424728429,-0.7797681204631217,0.833154634686196,0.8253434393083706,0.0
3255,-1.5094629266327304,-0.7143671757356547,"Fabricación de pinturas, recubrimientos y adhesivos",0.0704773870608603,horas,sin pandemia,E1,0.9616005715027438,-0.7421499898042203,0.833154634686196,0.813473982888767,0.0
3256,-0.631109471180924,-1.6453783729642875,"Fabricación de jabones, limpiadores y preparaciones de tocador",0.2434658656862863,horas,sin pandemia,E1,0.9869738143885343,-0.8531629559174335,0.833154634686196,0.8470859369260448,0.0
3259,-2.283990963660776,-1.725044002443954,Fabricación de otros productos químicos,0.3514735701280596,horas,sin pandemia,E1,1.3089408425534232,-0.9224754079861239,0.833154634686196,0.865897977396364,0.0
3261,-0.8728439277889564,-1.5040341963195216,Fabricación de productos de plástico,0.2303591490643638,horas,sin pandemia,E1,0.8884850823409003,-0.8447519016104266,0.833154634686196,0.8446894660773119,0.0
3262,-1.401557013698788,-2.3765661594620333,Fabricación de productos de hule,0.4171737487232005,horas,sin pandemia,E1,1.1157637319417448,-0.9646375898722789,0.833154634686196,0.8765299005462525,0.0
3271,-0.041753944078797095,-0.781779481507371,Fabricación de productos a base de arcillas y minerales refractarios,0.3488287256548686,horas,sin pandemia,E1,1.083397828657766,-0.9207781155871728,0.833154634686196,0.8654571913210918,0.0
3272,-0.5210376051798334,-1.052778169427085,Fabricación de vidrio y productos de vidrio,0.272472982882299,horas,sin pandemia,E1,1.0286134154183662,-0.8717778726096349,0.833154634686196,0.8523020717953227,0.0
3273,-0.9936405473924704,-1.3688451625297218,Fabricación de cemento y productos de concreto,0.0343074151008847,horas,sin pandemia,E1,1.1398839675409793,-0.7189384100307309,0.833154634686196,0.805906835526004,0.0
3274,-0.6168249344411062,-0.09147805286531674,"Fabricación de cal, yeso y productos de yeso",0.1199075903205221,horas,sin pandemia,E1,1.1097237859864038,-0.773871139808181,0.833154634686196,0.8235151729221808,0.0
3279,-2.8990977936120466,-1.513052956427727,Fabricación de otros productos a base de minerales no metálicos,0.2243733059375072,horas,sin pandemia,E1,2.2859059634421253,-0.8409105694854149,0.833154634686196,0.8435867956921499,0.0
3311,0.26854131052175795,-0.20674084296816797,Industria básica del hierro y del acero,0.279574215702268,horas,sin pandemia,E1,2.4907491881087584,-0.8763349906597464,0.833154634686196,0.8535606595944261,0.0
3312,-1.0051802054002965,-0.8012597544865399,Fabricación de productos de hierro y acero,0.0669975578374552,horas,sin pandemia,E1,1.1403029955817419,-0.7399168574781414,0.833154634686196,0.8127540094466355,0.0
3313,-0.3239531395692818,-2.3111573528935905,Industria básica del aluminio,0.2650002880058719,horas,sin pandemia,E1,1.1941293910279236,-0.8669823739169881,0.833154634686196,0.8509698472282174,0.0
3314,-0.5938027027276279,-0.09880196988853251,"Industrias de metales no ferrosos, excepto aluminio",0.4934732886739018,horas,sin pandemia,E1,1.0897686940429312,-1.0136017654653926,0.833154634686196,0.8881185431078358,0.0
3315,-1.877848261990851,-1.9808466828485007,Moldeo por fundición de piezas metálicas,0.0974402319506194,horas,sin pandemia,E1,1.1567505902242992,-0.759453022987973,0.833154634686196,0.8189943022303627,0.0
3321,0.353098697035543,-1.8614808998991075,Fabricación de productos metálicos forjados y troquelados,0.4526204884780047,horas,sin pandemia,E1,1.4924067347610332,-0.9873850453704255,0.833154634686196,0.882014244430144,0.0
3322,-1.4663137098880574,-0.7964049733151712,Fabricación de herramientas de mano sin motor y utensilios de cocina metálicos,0.4783144421423179,horas,sin pandemia,E1,1.2012127912205435,-1.0038737851415123,0.833154634686196,0.885880381642794,0.0
3323,-0.674192871225681,-0.22789651551578574,Fabricación de estructuras metálicas y productos de herrería,0.2249299265714363,horas,sin pandemia,E1,0.9986662305442763,-0.841267773086853,0.833154634686196,0.8436895493633273,0.0
3324,-0.9312937516727007,-1.9801191622157766,"Fabricación de calderas, tanques y envases metálicos",0.2575554192946691,horas,sin pandemia,E1,1.0819739671494792,-0.8622047322814219,0.833154634686196,0.8496346248116227,0.0
3325,-1.9989035578736647,-0.5322076743872819,Fabricación de herrajes y cerraduras,0.8134327973740351,horas,sin pandemia,E1,1.224226797531088,-1.2189313595468536,0.833154634686196,0.9282706011655556,0.0
3326,-2.297194484699945,-1.4755052535751618,"Fabricación de alambre, productos de alambre y resortes",0.3138914060002775,horas,sin pandemia,E1,1.1482758713552998,-0.8983575734000843,0.833154634686196,0.85954119758498,0.0
3327,-1.7684763930367962,-1.119438365195504,Maquinado de piezas y fabricación de tornillos,0.1233232283296124,horas,sin pandemia,E1,1.1475388659087091,-0.7760630783093524,0.833154634686196,0.8241961578895486,0.0
3329,-1.717052228684289,0.3780522325718593,Fabricación de otros productos metálicos,0.6293046757254936,horas,sin pandemia,E1,1.0289021199815405,-1.1007696814311718,0.833154634686196,0.9067838127365524,0.0
3331,-1.9306897510898646,-1.8190296448914962,"Fabricación de maquinaria y equipo agropecuario, para la construcción y para la industria extractiva",0.519899184727109,horas,sin pandemia,E1,1.8030547473402196,-1.0305602191518846,0.833154634686196,0.8919448584611611,0.0
3332,-1.6793840123144566,-1.0854620862444826,"Fabricación de maquinaria y equipo para las industrias manufactureras, excepto la metalmecánica",0.6992566972513394,horas,sin pandemia,E1,1.1239061680893985,-1.1456604247737638,0.833154634686196,0.9154478219980287,0.0
3333,-1.7501730402085778,1.7156388718475055,Fabricación de maquinaria y equipo para el comercio y los servicios,0.8664849575372038,horas,sin pandemia,E1,1.7733833066264155,-1.2529768503519332,0.833154634686196,0.9336957607423573,0.0
3334,-2.132172511068509,0.22966311385622923,"Fabricación de equipo de aire acondicionado, calefacción, y de refrigeración industrial y comercial",0.8482017522901368,horas,sin pandemia,E1,1.3747373248922055,-1.241243855989179,0.833154634686196,0.9318631756669554,0.0
3335,-1.6044785202307041,-2.610818830706034,Fabricación de maquinaria y equipo para la industria metalmecánica,0.6052735791408839,horas,sin pandemia,E1,1.6610535087408254,-1.0853480572166068,0.833154634686196,0.9036608895526823,0.0
3336,-1.695525890933059,-0.22623308159912867,"Fabricación de motores de combustión interna, turbinas y transmisiones",0.8385248456652771,horas,sin pandemia,E1,1.6382417428577367,-1.2350338348608214,0.833154634686196,0.9308775317822904,0.0
3339,-2.9239815064292762,-0.8395691587180436,Fabricación de otra maquinaria y equipo para la industria en general,0.6417221502759753,horas,sin pandemia,E1,1.237945271633776,-1.1087384241615428,0.833154634686196,0.9083678921352555,0.0
3341,-0.8856921960182822,-0.2804140076310676,Fabricación de computadoras y equipo periférico,0.7847307234340066,horas,sin pandemia,E1,1.3354991536510994,-1.2005122001496393,0.833154634686196,0.9251968701946915,0.0
3342,3.5776111221357128,1.5910254705044222,Fabricación de equipo de comunicación,0.895054776922478,horas,sin pandemia,E1,2.4580931282590552,-1.2713111372158903,0.833154634686196,0.9364826864208888,0.0
3344,-0.8247055752149287,-1.975629113023266,Fabricación de componentes electrónicos,0.4744887481943934,horas,sin pandemia,E1,1.2040888551323683,-1.001418698907012,0.833154634686196,0.8853105228177114,0.0
3345,-1.3263618837541025,-1.732112931589651,"Fabricación de instrumentos de medición, control, navegación, y equipo médico electrónico",0.9203173609236356,horas,sin pandemia,E1,1.114299620803502,-1.2875230514655396,0.833154634686196,0.9388702797230352,0.0
3346,0.6987984680759343,1.2026040077926603,Fabricación y reproducción de medios magnéticos y ópticos,0.6054992436078728,horas,sin pandemia,E1,2.096092899011328,-1.0854928742704697,0.833154634686196,0.903690568731663,0.0
3351,-2.6540295473769926,1.4470440886373532,Fabricación de accesorios de iluminación,0.831395116765869,horas,sin pandemia,E1,1.5439163743337412,-1.2304584298454375,0.833154634686196,0.9301443287203062,0.0
3352,0.4804497287847416,-1.4072616912641527,Fabricación de aparatos eléctricos de uso doméstico,0.3900028883753999,horas,sin pandemia,E1,1.6090810623028753,-0.9472010656423127,0.833154634686196,0.8722068329920458,0.0
3353,-1.82047214777157,-0.3590319013969052,Fabricación de equipo de generación y distribución de energía eléctrica,0.8989208694711824,horas,sin pandemia,E1,1.07116226266215,-1.2737921486942858,0.833154634686196,0.9368527075987724,0.0
3359,0.08165966994834672,-0.9427259732795356,Fabricación de otros equipos y accesorios eléctricos,0.7464127593691879,horas,sin pandemia,E1,1.2016753941628524,-1.175922176119971,0.833154634686196,0.9209380146559781,0.0
3361,-0.5029409946501242,-3.8547587326505166,Fabricación de automóviles y camiones,0.6801529750236635,horas,sin pandemia,E1,1.7066744348319796,-1.1334008749751363,0.833154634686196,0.9131440039412148,0.0
3362,-2.234872238878655,-3.4552063697247255,Fabricación de carrocerías y remolques,0.4826387565231524,horas,sin pandemia,E1,1.8099044145417502,-1.0066488541497898,0.833154634686196,0.8865220811962733,0.0
3363,-2.9104429902328834,-2.3663807413803744,Fabricación de partes para vehículos automotores,0.5296068171162411,horas,sin pandemia,E1,1.1956627311407682,-1.0367899581149502,0.833154634686196,0.8933265306718265,0.0
3364,-2.9728709148789103,-2.80983436866397,Fabricación de equipo aeroespacial,0.9896704181454756,horas,sin pandemia,E1,1.5917251637965493,-1.3320294177414507,0.833154634686196,0.9450650461135252,0.0
3365,-4.1722349503575415,-3.154988731710582,Fabricación de equipo ferroviario,0.8018618332294466,horas,sin pandemia,E1,3.113757321038931,-1.2115058531739016,0.833154634686196,0.9270433198224467,0.0
3366,-2.577052608656208,1.9181532966766026,Fabricación de embarcaciones,0.5822911532336551,horas,sin pandemia,E1,4.8216095323382735,-1.0705994029205996,0.833154634686196,0.9006029556597153,0.0
3369,-1.1832397723913615,-3.585047693448927,Fabricación de otro equipo de transporte,0.6740711386128929,horas,sin pandemia,E1,1.7650806456771735,-1.129497940486436,0.833154634686196,0.912400808676965,0.0
3371,-0.4783933412007309,-1.6625977940324388,"Fabricación de muebles, excepto de oficina y estantería",0.3642278188643361,horas,sin pandemia,E1,1.4370584819491048,-0.930660270897287,0.833154634686196,0.8680096483936308,0.0
3372,-2.299253101091656,-1.7713606184587283,Fabricación de muebles de oficina y estantería,0.2214380514733216,horas,sin pandemia,E1,1.2208171473091616,-0.8390269104871075,0.833154634686196,0.8430442041552195,0.0
3379,-0.1002865546066229,-2.3154467269339016,"Fabricación de colchones, persianas y cortineros",0.3523025337449802,horas,sin pandemia,E1,1.4749642565647112,-0.9230073839341497,0.833154634686196,0.8660359268788048,0.0
3391,-0.6697721574547231,-0.28794469114913857,"Fabricación de equipo no electrónico y material desechable de uso médico, dental y para laboratorio, y artículos oftálmicos",0.7835186733412709,horas,sin pandemia,E1,1.0771008381430778,-1.1997343837485615,0.833154634686196,0.9250648928761398,0.0
3399,0.5616733471285252,-0.8817234211096047,Otras industrias manufactureras,0.618987370047973,horas,sin pandemia,E1,1.1054053932825212,-1.0941486930586553,0.833154634686196,0.9054523314851701,0.0
3111,-1.9244619099156515,2.1923854171447923,Elaboración de alimentos para animales,0.02886946578166,importaciones_eeuu,completa,T1,4.269931346062586,-2.4079401896361463,1.0480708993748595,0.9892047950252446,0.46564138958089296
3112,-1.2817562477237514,-0.32302108554573455,Molienda de granos y de semillas y obtención de aceites y grasas,0.0609807080676099,importaciones_eeuu,completa,T1,1.5309080269580044,-2.221185044794498,1.0358968894706593,0.9839921447780499,0.46564138958089296
3113,0.08269963418006607,-0.934647127165334,"Elaboración de azúcares, chocolates, dulces y similares",0.2016423568218791,importaciones_eeuu,completa,T1,2.545708547739542,-2.0451672963393444,1.0454864605066303,0.9747784507276988,0.46564138958089296
3114,-1.8142388329527896,0.9680430211090347,"Conservación de frutas, verduras, guisos y otros alimentos preparados",0.3156513149608729,importaciones_eeuu,completa,T1,1.4737748649526485,-1.9207092509983046,1.0343511136259596,0.9683388679292366,0.46564138958089296
3115,-3.5330804176755355,1.2992195331297907,Elaboración de productos lácteos,0.0498313429839448,importaciones_eeuu,completa,T1,2.9977521164839933,-2.40931117867796,1.0466508366107532,0.9893302841793641,0.46564138958089296
3116,0.8229963768960908,-1.0553402818099547,"Matanza, empacado y procesamiento de carne de ganado, aves y otros animales comestibles",0.044361709007407,importaciones_eeuu,completa,T1,2.037046972286752,-2.188342886879537,1.0428940553515387,0.9820622943300281,0.46564138958089296
3117,-2.189671933056151,-0.5233388384068872,Preparación y envasado de pescados y mariscos,0.7478643561015712,importaciones_eeuu,completa,T1,3.614580040578267,-1.2391547313853422,1.047538595360406,0.8815796439463165,0.46564138958089296
3118,-2.189517263978677,-0.8555835105183109,Elaboración de productos de panadería y tortillas,0.043199849411286,importaciones_eeuu,completa,T1,1.582190316545475,-2.3665248345812824,1.037073449545759,0.9887531442730493,0.46564138958089296
3119,-3.101292684905546,-0.13672754855659983,Otras industrias alimentarias,0.1089707298904361,importaciones_eeuu,completa,T1,1.3327624980874044,-2.441581352016544,1.0289456752253328,0.9911753900748771,0.46564138958089296
3121,-3.495267806058748,-1.6195125414171563,Industria de las bebidas,0.2419442465750293,importaciones_eeuu,completa,T1,1.5454734808418615,-2.241529039962315,1.036249296197526,0.9847339302430612,0.46564138958089296
3122,2.380362000420185,16.746957009552688,Industria del tabaco,0.1071479040489181,importaciones_eeuu,completa,T1,6.546638288069447,-2.2602632708467554,1.0488159133112733,0.9844215067570071,0.46564138958089296
3131,-3.330538881221138,-3.8969152771674627,"Preparación e hilado de fibras textiles, y fabricación de hilos",0.2001267979454507,importaciones_eeuu,completa,T1,2.2735873752611147,-2.1879379401124686,1.044359136330196,0.9819147399419538,0.46564138958089296
3132,-1.553573936377255,-1.408555756735574,Fabricación de telas,0.1336042055792961,importaciones_eeuu,completa,T1,1.266049289255834,-2.081182765816317,1.0251197039196935,0.9788311369467491,0.46564138958089296
3133,2.5848490552067083,-3.903092124662137,Acabado de productos textiles y fabricación de telas recubiertas,0.3062290364360683,importaciones_eeuu,completa,T1,2.1691439167374753,-1.7105072538787054,1.0437844044775466,0.9493678869137667,0.46564138958089296
3141,0.620351283473093,-4.384636624558475,"Confección de alfombras, blancos y similares",0.5072465584471345,importaciones_eeuu,completa,T1,1.4960396245987726,-1.3116453989728836,1.0349868001348022,0.8974771240645472,0.46564138958089296
3149,0.6607278878737598,-0.4583618255149214,"Fabricación de otros productos textiles, excepto prendas de vestir",0.3944218335152466,importaciones_eeuu,completa,T1,1.6344207834795785,-1.5409416159274785,1.0381080514882062,0.9311452654175182,0.46564138958089296
3151,-0.12839691634953382,-3.4987805165063106,Fabricación de prendas de vestir de tejido de punto,0.3365154443339868,importaciones_eeuu,completa,T1,3.288361994937122,-1.8661071769963673,1.0471368021878023,0.9626339015791684,0.46564138958089296
3152,-1.5880001327563424,-1.6391324429812921,Confección de prendas de vestir,0.4259861529321015,importaciones_eeuu,completa,T1,1.2938798909411051,-1.7196216116161185,1.026853171831421,0.9529987246806463,0.46564138958089296
3159,-0.25876546599103034,4.7617787851441316,Confección de accesorios de vestir y otras prendas de vestir no clasificados en otra parte,0.6664841032423205,importaciones_eeuu,completa,T1,2.965765549821287,-1.3278259139988842,1.0465874808236844,0.897729432131447,0.46564138958089296
3161,-4.06482379997857,-2.732383834805602,Curtido y acabado de cuero y piel,0.262669438610518,importaciones_eeuu,completa,T1,2.415694206705387,-2.111972650965755,1.045003610418729,0.9783611255798902,0.46564138958089296
3162,-4.813714571567472,-4.03166812865738,Fabricación de calzado,0.1604241815757467,importaciones_eeuu,completa,T1,2.29119135164931,-2.3198010991703577,1.0444468159848272,0.9868272660732832,0.46564138958089296
3169,-0.08705287146723659,-1.7340002785385125,"Fabricación de otros productos de cuero, piel y materiales sucedáneos",0.6136094363212712,importaciones_eeuu,completa,T1,1.731426934115546,-1.3184404663540632,1.0396900659692436,0.897620509462218,0.46564138958089296
3211,-8.334082689072853,0.8863389426256123,Aserrado y conservación de la madera,0.0034917286527276,importaciones_eeuu,completa,T1,4.615360757385274,-2.5178131016232146,1.0482608096753936,0.9918448203031481,0.46564138958089296
3212,-4.737661065492422,1.0742789999254012,Fabricación de laminados y aglutinados de madera,0.0775332943220637,importaciones_eeuu,completa,T1,3.3079848061968753,-2.3840564012768213,1.0471646730397786,0.988597258773602,0.46564138958089296
3219,-1.8256370560291186,-2.225129285916422,Fabricación de otros productos de madera,0.1827036170504173,importaciones_eeuu,completa,T1,1.6024952096356082,-2.120967713009939,1.0374934424168736,0.9795389857238387,0.46564138958089296
3221,-0.6417170042457642,1.611018063813123,"Fabricación de pulpa, papel y cartón",0.0619018679380005,importaciones_eeuu,completa,T1,2.5835650342528695,-2.297240937421741,1.0456114679382964,0.9859908882327832,0.46564138958089296
3222,-2.237166332117569,-1.28808567105685,Fabricación de productos de cartón y papel,0.1574973850413846,importaciones_eeuu,completa,T1,1.3355691679363737,-2.2078474200913165,1.0290838977668906,0.9840415330874094,0.46564138958089296
3231,-2.0814933836404594,-3.784720986932396,Impresión e industrias conexas,0.1024504665734745,importaciones_eeuu,completa,T1,2.071325210916223,-2.2794214283687806,1.0431456359782685,0.9855607847701089,0.46564138958089296
3241,-2.0221355648622827,-5.071771269850128,Fabricación de productos derivados del petróleo y del carbón,0.0588949583065286,importaciones_eeuu,completa,T1,4.619129606957498,-2.36062656148408,1.0482626395723222,0.9878370281184807,0.46564138958089296
3251,-1.1292513260405443,-3.4341828747499767,Fabricación de productos químicos básicos,0.135778270214786,importaciones_eeuu,completa,T1,1.9584934200893946,-2.16098396224136,1.0422526112822197,0.9809314572472659,0.46564138958089296
3252,-4.689661736624619,-0.9300142842994399,"Fabricación de resinas y hules sintéticos, y fibras químicas",0.3119319594154858,importaciones_eeuu,completa,T1,2.103663906309753,-2.103172703766978,1.0433690749257631,0.9780870125840007,0.46564138958089296
3253,0.7454596156916387,1.96685929680258,"Fabricación de fertilizantes, pesticidas y otros agroquímicos",0.1679807884786191,importaciones_eeuu,completa,T1,4.025064084644047,-2.1425215938845135,1.0479039251118056,0.9795517731623157,0.46564138958089296
3254,-4.725974105376884,-0.46328377837090184,Fabricación de productos farmacéuticos,0.1290966945098601,importaciones_eeuu,completa,T1,2.2990859888094106,-2.3641979040567875,1.044485355648705,0.9881977139620809,0.46564138958089296
3255,-4.092231736980131,-1.8048166769102154,"Fabricación de pinturas, recubrimientos y adhesivos",0.0704773870608603,importaciones_eeuu,completa,T1,1.8035062280967746,-2.4915595376306556,1.0406458439630457,0.9916726558331144,0.46564138958089296
3256,0.025205935192529512,-2.0884216030845737,"Fabricación de jabones, limpiadores y preparaciones de tocador",0.2434658656862863,importaciones_eeuu,completa,T1,1.382449947367529,-1.6950523334409202,1.0311782818872293,0.9498913869607981,0.46564138958089296
3259,-3.158732984870806,-2.0245572496971334,Fabricación de otros productos químicos,0.3514735701280596,importaciones_eeuu,completa,T1,1.5058574357115637,-2.052633408631924,1.0352530957167685,0.9763015275731298,0.46564138958089296
3261,-1.3064941541842814,-2.0827446168505857,Fabricación de productos de plástico,0.2303591490643638,importaciones_eeuu,completa,T1,1.0517913688144656,-1.6977791286370085,0.9969890168438503,0.955707221112449,0.46564138958089296
3262,-1.9190645662936747,-2.6004952955565557,Fabricación de productos de hule,0.4171737487232005,importaciones_eeuu,completa,T1,1.4321570844555087,-1.7936645117953065,1.0330299910262235,0.9587458419367344,0.46564138958089296
3271,-3.385069818373306,-0.9701940356966038,Fabricación de productos a base de arcillas y minerales refractarios,0.3488287256548686,importaciones_eeuu,completa,T1,1.3309782808708035,-2.1785145430714934,1.0288569750564343,0.9828875697201034,0.46564138958089296
3272,-2.7814895006940885,-2.67945724855971,Fabricación de vidrio y productos de vidrio,0.272472982882299,importaciones_eeuu,completa,T1,1.2656134132859564,-2.189197981602903,1.025090750578093,0.9836445483008939,0.46564138958089296
3273,0.8539474746988611,-4.458853200842544,Fabricación de cemento y productos de concreto,0.0343074151008847,importaciones_eeuu,completa,T1,2.4852357288904163,-2.2767036461336927,1.0452728439459331,0.9853005208558402,0.46564138958089296
3274,-3.7733833446403957,-1.050492766233041,"Fabricación de cal, yeso y productos de yeso",0.1199075903205221,importaciones_eeuu,completa,T1,1.9683451535929046,-2.365198403079579,1.0423384813776346,0.9883696984022218,0.46564138958089296
3279,-4.602256487813951,-2.8541467099309368,Fabricación de otros productos a base de minerales no metálicos,0.2243733059375072,importaciones_eeuu,completa,T1,1.4684055690712197,-2.4558321944940222,1.0341908212848319,0.9912169933286045,0.46564138958089296
3311,-1.9416220398971993,-3.0744569142168583,Industria básica del hierro y del acero,0.279574215702268,importaciones_eeuu,completa,T1,3.8544417168392333,-1.9975669083724141,1.0477670938069865,0.9717072518416041,0.46564138958089296
3312,-3.545718865979451,-1.1844478068538857,Fabricación de productos de hierro y acero,0.0669975578374552,importaciones_eeuu,completa,T1,2.610013887966093,-2.3929493873854657,1.0456951209199061,0.9889423434811928,0.46564138958089296
3313,-8.663740898892407,-3.3971864135005054,Industria básica del aluminio,0.2650002880058719,importaciones_eeuu,completa,T1,3.328422886322697,-2.160902876200621,1.0471931337772167,0.9804683253856985,0.46564138958089296
3314,3.3797461430452853,2.1625932366964236,"Industrias de metales no ferrosos, excepto aluminio",0.4934732886739018,importaciones_eeuu,completa,T1,3.0267464412788803,-1.5156531039888765,1.0467063536999426,0.9261944543487348,0.46564138958089296
3315,0.2584691577286733,-1.0341292212998845,Moldeo por fundición de piezas metálicas,0.0974402319506194,importaciones_eeuu,completa,T1,1.928278415593175,-2.118469065767898,1.0419785496743001,0.9789798789063052,0.46564138958089296
3321,-3.2029496627050498,-3.124266625827519,Fabricación de productos metálicos forjados y troquelados,0.4526204884780047,importaciones_eeuu,completa,T1,2.6053755675455648,-1.76443920613259,1.0456806620189583,0.9542328774505028,0.46564138958089296
3322,-0.6457787478434551,-0.6911851187828097,Fabricación de herramientas de mano sin motor y utensilios de cocina metálicos,0.4783144421423179,importaciones_eeuu,completa,T1,1.9372959523476245,-1.597118046484344,1.042062080808457,0.9373191316237917,0.46564138958089296
3323,-1.051970844300271,-1.0442290316560343,Fabricación de estructuras metálicas y productos de herrería,0.2249299265714363,importaciones_eeuu,completa,T1,1.779828884858396,-1.9990789467379089,1.04034930832973,0.9726685391585178,0.46564138958089296
3324,1.1206738211683092,0.012032764956454792,"Fabricación de calderas, tanques y envases metálicos",0.2575554192946691,importaciones_eeuu,completa,T1,2.0415297893559754,-1.8394646831470574,1.0429278647982823,0.9611130139487183,0.46564138958089296
3325,-1.1741858372648701,-2.712829163096895,Fabricación de herrajes y cerraduras,0.8134327973740351,importaciones_eeuu,completa,T1,1.3318868268838477,-1.125436005255339,1.0289022236351077,0.8629834983124725,0.46564138958089296
3326,-2.9046854737642978,-1.1302641313855326,"Fabricación de alambre, productos de alambre y resortes",0.3138914060002775,importaciones_eeuu,completa,T1,1.3410252794888007,-2.1262161531959127,1.0293481143902945,0.9805666239433305,0.46564138958089296
3327,-4.518163140897342,-0.7616588334064321,Maquinado de piezas y fabricación de tornillos,0.1233232283296124,importaciones_eeuu,completa,T1,1.8911104350587358,-2.425938679601518,1.0416176138994202,0.9900707534041907,0.46564138958089296
3329,-1.857276547292305,-1.8008451682912423,Fabricación de otros productos metálicos,0.6293046757254936,importaciones_eeuu,completa,T1,1.144500296408669,-1.566762001531195,1.0138772978465935,0.9388652184141223,0.46564138958089296
3331,-0.6205591253165298,-0.8318500941588123,"Fabricación de maquinaria y equipo agropecuario, para la construcción y para la industria extractiva",0.519899184727109,importaciones_eeuu,completa,T1,1.378822898023036,-1.4279351487673504,1.0310294729322897,0.916967735154927,0.46564138958089296
3332,6.078830247006212,-2.4595829886276417,"Fabricación de maquinaria y equipo para las industrias manufactureras, excepto la metalmecánica",0.6992566972513394,importaciones_eeuu,completa,T1,4.499180160037245,-1.2210415858999824,1.048202020435541,0.8779685353726534,0.46564138958089296
3333,-0.8130446356294961,-0.8072375455877261,Fabricación de maquinaria y equipo para el comercio y los servicios,0.8664849575372038,importaciones_eeuu,completa,T1,2.1097585271991997,-1.0134377117403846,1.043409762305089,0.834294297607108,0.46564138958089296
3334,-1.097817506155733,-2.846398631077812,"Fabricación de equipo de aire acondicionado, calefacción, y de refrigeración industrial y comercial",0.8482017522901368,importaciones_eeuu,completa,T1,1.5163110813396041,-1.0614910060724994,1.0355277976045494,0.8473354957493157,0.46564138958089296
3335,-0.7277082155493266,-7.834421455488746,Fabricación de maquinaria y equipo para la industria metalmecánica,0.6052735791408839,importaciones_eeuu,completa,T1,2.3619972749626306,-1.4263175540905264,1.044776244797318,0.9139032503922655,0.46564138958089296
3336,0.1407380619205808,-1.0026183412317158,"Fabricación de motores de combustión interna, turbinas y transmisiones",0.8385248456652771,importaciones_eeuu,completa,T1,1.6526702083573812,-0.9445600361043611,1.038436439247374,0.81848280640446,0.46564138958089296
3339,-2.552249742547162,-1.5595973524853166,Fabricación de otra maquinaria y equipo para la industria en general,0.6417221502759753,importaciones_eeuu,completa,T1,1.2211347271381743,-1.701961693114705,1.0217896868401133,0.9521101531350745,0.46564138958089296
3341,1.4470696217033203,1.1647809195141472,Fabricación de computadoras y equipo periférico,0.7847307234340066,importaciones_eeuu,completa,T1,3.317229830968738,-1.1064183623653072,1.0471776179302725,0.8546464766048036,0.46564138958089296
3342,-0.7816178388069493,-0.03383169553267942,Fabricación de equipo de comunicación,0.895054776922478,importaciones_eeuu,completa,T1,2.2472234161494145,-0.9685355390158661,1.0442231550681524,0.8231711167721383,0.46564138958089296
3343,0.8131478543419819,-3.729220693845399,Fabricación de equipo de audio y de video,0.9478363435009872,importaciones_eeuu,completa,T1,2.275441797989191,-0.8088631381918377,1.044368487868049,0.7806823435488772,0.46564138958089296
3344,-3.428635709436544,-3.2175037781258533,Fabricación de componentes electrónicos,0.4744887481943934,importaciones_eeuu,completa,T1,2.0021263813602346,-1.7891425483215266,1.042620749281557,0.9569194477179604,0.46564138958089296
3345,-1.2150246206387303,-1.5254533297956685,"Fabricación de instrumentos de medición, control, navegación, y equipo médico electrónico",0.9203173609236356,importaciones_eeuu,completa,T1,1.220268592133181,-1.0099258380266531,1.0217177999806473,0.8385359717900723,0.46564138958089296
3346,0.7058897919640604,-0.32393518738437277,Fabricación y reproducción de medios magnéticos y ópticos,0.6054992436078728,importaciones_eeuu,completa,T1,5.275444619678405,-1.4409337170589076,1.0485219799323617,0.9153183116207284,0.46564138958089296
3351,-1.3257476630171507,-1.1089844405943752,Fabricación de accesorios de iluminación,0.831395116765869,importaciones_eeuu,completa,T1,1.4750870702906056,-1.1185625563985018,1.0343898608753597,0.8602346636539988,0.46564138958089296
3352,-1.3344128465726657,-2.368153650117983,Fabricación de aparatos eléctricos de uso doméstico,0.3900028883753999,importaciones_eeuu,completa,T1,1.232599440875178,-1.6929672758949394,1.022711627066107,0.9510753782060153,0.46564138958089296
3353,-0.9827771667164586,-1.9689575882782946,Fabricación de equipo de generación y distribución de energía eléctrica,0.8989208694711824,importaciones_eeuu,completa,T1,1.2036939432363545,-0.9748866655106603,1.020276988111606,0.8303405206429841,0.46564138958089296
3359,-1.4173575447127975,-1.2441310006714146,Fabricación de otros equipos y accesorios eléctricos,0.7464127593691879,importaciones_eeuu,completa,T1,1.145631079026453,-1.2894259498071041,1.014022190708926,0.89824154340546,0.46564138958089296
3361,-0.4564882848687836,-0.5742555729562159,Fabricación de automóviles y camiones,0.6801529750236635,importaciones_eeuu,completa,T1,1.6472247310658494,-1.2414193938167275,1.0383401004622155,0.8840698884429354,0.46564138958089296
3362,-5.1920564591161105,-3.555960594887217,Fabricación de carrocerías y remolques,0.4826387565231524,importaciones_eeuu,completa,T1,2.9319705932854694,-1.758387134807568,1.0465180204380387,0.9535433560369744,0.46564138958089296
3363,-2.1211855147421974,-1.9039155220659651,Fabricación de partes para vehículos automotores,0.5296068171162411,importaciones_eeuu,completa,T1,1.3716392775986825,-1.6799502732320577,1.030728634409348,0.9484351630396815,0.46564138958089296
3364,-0.3061058516319725,-1.0998294318568513,Fabricación de equipo aeroespacial,0.9896704181454756,importaciones_eeuu,completa,T1,1.3935060379587452,-0.7337588007323433,1.0316196057432478,0.7615411476470111,0.46564138958089296
3365,-0.2853408950511685,-0.266543026756004,Fabricación de equipo ferroviario,0.8018618332294466,importaciones_eeuu,completa,T1,3.850570633239033,-1.119757464683923,1.0477637632719319,0.8574002165715892,0.46564138958089296
3366,5.620559043162436,-2.7886064649041473,Fabricación de embarcaciones,0.5822911532336551,importaciones_eeuu,completa,T1,5.538779299306531,-1.4452551162399405,1.048600293389469,0.9159401452502992,0.46564138958089296
3369,-10.104878138246061,3.2479278546942583,Fabricación de otro equipo de transporte,0.6740711386128929,importaciones_eeuu,completa,T1,4.066161277214447,-1.4642647041960197,1.047934189291993,0.9188363416947465,0.46564138958089296
3371,-3.442653017115957,-1.7456145294016627,"Fabricación de muebles, excepto de oficina y estantería",0.3642278188643361,importaciones_eeuu,completa,T1,1.6226472422248168,-2.0329161730368206,1.0378875676896515,0.9749263618613286,0.46564138958089296
3372,-2.587212770385885,-1.3201579780122328,Fabricación de muebles de oficina y estantería,0.2214380514733216,importaciones_eeuu,completa,T1,1.8525815575091988,-2.133416382544539,1.0412127631742367,0.9797676009791841,0.46564138958089296
3379,-2.2103268675153145,-2.3928591362928544,"Fabricación de colchones, persianas y cortineros",0.3523025337449802,importaciones_eeuu,completa,T1,1.6790983513747342,-1.9113828625260025,1.0388851331025866,0.9671041655672046,0.46564138958089296
3391,-2.0421254869309005,-1.393315470432871,"Fabricación de equipo no electrónico y material desechable de uso médico, dental y para laboratorio, y artículos oftálmicos",0.7835186733412709,importaciones_eeuu,completa,T1,1.3120402526399362,-1.3439633277675849,1.0278737299321201,0.9044815646049541,0.46564138958089296
3399,-1.5203748394133818,-1.7708132093638778,Otras industrias manufactureras,0.618987370047973,importaciones_eeuu,completa,T1,1.392930017952822,-1.450250330235643,1.0315970580678258,0.9201127285736633,0.46564138958089296
3111,0.9853726241859188,1.5744723263399536,Elaboración de alimentos para animales,0.02886946578166,importaciones_eeuu,sin pandemia,T1,4.803293209275489,-0.7942293278747357,0.8095605554687634,0.836718986061016,0.0
3112,-0.8721817651745027,-0.8248122696207141,Molienda de granos y de semillas y obtención de aceites y grasas,0.0609807080676099,importaciones_eeuu,sin pandemia,T1,1.3721810020976741,-0.7667181147409997,0.8095605554687634,0.828200836271773,0.0
3113,1.134442871235734,-1.152371665445329,"Elaboración de azúcares, chocolates, dulces y similares",0.2016423568218791,importaciones_eeuu,sin pandemia,T1,2.8942944530948433,-0.6462066575958304,0.8095605554687634,0.7876283078416381,0.0
3114,-0.5816991115606494,1.7010911887144171,"Conservación de frutas, verduras, guisos y otros alimentos preparados",0.3156513149608729,importaciones_eeuu,sin pandemia,T1,1.52437680241275,-0.5485298153676055,0.8095605554687634,0.7509761957185812,0.0
3115,-5.338076952951162,0.03907179345056244,Elaboración de productos lácteos,0.0498313429839448,importaciones_eeuu,sin pandemia,T1,2.8550055803816523,-0.7762703007446148,0.8095605554687634,0.8311900493843085,0.0
3116,2.0012868764961422,-1.008605334845819,"Matanza, empacado y procesamiento de carne de ganado, aves y otros animales comestibles",0.044361709007407,importaciones_eeuu,sin pandemia,T1,1.8463612134657421,-0.7809563936946187,0.8095605554687634,0.8326441982409236,0.0
3117,-3.317176041885294,-1.0684064503773891,Preparación y envasado de pescados y mariscos,0.7478643561015712,importaciones_eeuu,sin pandemia,T1,3.746299628212722,-0.1782325534891811,0.8095605554687634,0.5871265826242136,0.0
3118,-1.5614941481079152,-1.0164367532003795,Elaboración de productos de panadería y tortillas,0.043199849411286,importaciones_eeuu,sin pandemia,T1,1.5753147839368238,-0.7819518135135008,0.8095605554687634,0.8329520459548194,0.0
3119,-2.646330471734474,-0.27214718713621106,Otras industrias alimentarias,0.1089707298904361,importaciones_eeuu,sin pandemia,T1,1.3550529753697211,-0.7256028035704293,0.8095605554687634,0.8149516355133954,0.0
3121,-2.504072438640588,-2.086769916695174,Industria de las bebidas,0.2419442465750293,importaciones_eeuu,sin pandemia,T1,1.596833304061886,-0.611678131143387,0.8095605554687634,0.775045906198746,0.0
3122,-0.49738982284697963,16.986325185306033,Industria del tabaco,0.1071479040489181,importaciones_eeuu,sin pandemia,T1,7.24227959599437,-0.7271645042914763,0.8095605554687634,0.815466200076643,0.0
3131,-1.7168588481804696,-3.355538386255038,"Preparación e hilado de fibras textiles, y fabricación de hilos",0.2001267979454507,importaciones_eeuu,sin pandemia,T1,2.2505084853735164,-0.6475051082410859,0.8095605554687634,0.7880933066646627,0.0
3132,0.3651029302408325,-1.697229158348619,Fabricación de telas,0.1336042055792961,importaciones_eeuu,sin pandemia,T1,1.1589239532443654,-0.7044981451499903,0.8095605554687634,0.8079107018337645,0.0
3133,1.544375046847549,-4.378527867618613,Acabado de productos textiles y fabricación de telas recubiertas,0.3062290364360683,importaciones_eeuu,sin pandemia,T1,2.205458198719992,-0.5566023250012406,0.8095605554687634,0.7541276048302019,0.0
3141,2.16153548537052,-5.458939783818916,"Confección de alfombras, blancos y similares",0.5072465584471345,importaciones_eeuu,sin pandemia,T1,1.5040751921691822,-0.38438114955074676,0.8095605554687634,0.6825360250014201,0.0
3149,-0.10744904634086405,-1.689103402425898,"Fabricación de otros productos textiles, excepto prendas de vestir",0.3944218335152466,importaciones_eeuu,sin pandemia,T1,1.0292817445547149,-0.48104340343416035,0.8095605554687634,0.7238118650371488,0.0
3151,2.2967852716337744,-3.354470785966919,Fabricación de prendas de vestir de tejido de punto,0.3365154443339868,importaciones_eeuu,sin pandemia,T1,3.5551376786565094,-0.5306545334049164,0.8095605554687634,0.7439221232950979,0.0
3152,0.44329084384388107,-1.916324985148601,Confección de prendas de vestir,0.4259861529321015,importaciones_eeuu,sin pandemia,T1,1.1779136706714333,-0.45400076487270036,0.8095605554687634,0.712532722038743,0.0
3159,-2.2889513250561393,2.5442910558040466,Confección de accesorios de vestir y otras prendas de vestir no clasificados en otra parte,0.6664841032423205,importaciones_eeuu,sin pandemia,T1,1.9357237998423604,-0.24795484767360051,0.8095605554687634,0.6203055088671455,0.0
3161,-0.5295949832256717,-2.300237260578711,Curtido y acabado de cuero y piel,0.262669438610518,importaciones_eeuu,sin pandemia,T1,2.3078684975995705,-0.5939218833393145,0.8095605554687634,0.7684143600544853,0.0
3162,-0.3766652575782883,-4.9723383287430565,Fabricación de calzado,0.1604241815757467,importaciones_eeuu,sin pandemia,T1,2.04323285137037,-0.6815202089708323,0.8095605554687634,0.8000611545218238,0.0
3169,1.2344739175080603,-2.720551287725859,"Fabricación de otros productos de cuero, piel y materiales sucedáneos",0.6136094363212712,importaciones_eeuu,sin pandemia,T1,1.6515983943732733,-0.2932550642795696,0.8095605554687634,0.6414135848210423,0.0
3211,-2.3588189862298443,2.145245190200635,Aserrado y conservación de la madera,0.0034917286527276,importaciones_eeuu,sin pandemia,T1,5.003816847764269,-0.8159716301123374,0.8095605554687634,0.8432533740646101,0.0
3212,-0.3722968367315879,0.4192550630141003,Fabricación de laminados y aglutinados de madera,0.0775332943220637,importaciones_eeuu,sin pandemia,T1,3.3654016570673275,-0.7525367347649259,0.8095605554687634,0.8237010468058984,0.0
3219,0.6334885668149228,-2.367754099186901,Fabricación de otros productos de madera,0.1827036170504173,importaciones_eeuu,sin pandemia,T1,1.5036344072262557,-0.6624323676352399,0.8095605554687634,0.7933961045331607,0.0
3221,-1.4968346833117259,0.6602818652488774,"Fabricación de pulpa, papel y cartón",0.0619018679380005,importaciones_eeuu,sin pandemia,T1,2.3323119214936487,-0.7659289137098191,0.8095605554687634,0.8279523647905608,0.0
3222,-2.003983007497662,-1.928158988002245,Fabricación de productos de cartón y papel,0.1574973850413846,importaciones_eeuu,sin pandemia,T1,1.258102821182743,-0.6840277333617883,0.8095605554687634,0.8009270154591819,0.0
3231,-1.3339551584065263,-5.231671771192695,Impresión e industrias conexas,0.1024504665734745,importaciones_eeuu,sin pandemia,T1,2.1926812073774364,-0.7311890201422964,0.8095605554687634,0.8167881305542521,0.0
3241,3.692398187540709,-3.0503307307535956,Fabricación de productos derivados del petróleo y del carbón,0.0588949583065286,importaciones_eeuu,sin pandemia,T1,4.553553586489402,-0.7685050747629685,0.8095605554687634,0.8287625940437873,0.0
3251,0.24355846068764486,-3.224800674924965,Fabricación de productos químicos básicos,0.135778270214786,importaciones_eeuu,sin pandemia,T1,2.029630137037339,-0.7026355216170586,0.8095605554687634,0.8072815183847878,0.0
3252,-3.0060661509933064,0.5989435062412998,"Fabricación de resinas y hules sintéticos, y fibras químicas",0.3119319594154858,importaciones_eeuu,sin pandemia,T1,1.9970548822673648,-0.5517163623787144,0.8095605554687634,0.7522227462751967,0.0
3253,3.732943138650259,3.1502843099156976,"Fabricación de fertilizantes, pesticidas y otros agroquímicos",0.1679807884786191,importaciones_eeuu,sin pandemia,T1,4.433321998500459,-0.675046108055598,0.8095605554687634,0.7978151672034061,0.0
3254,-2.821644294696921,-1.2001731750779652,Fabricación de productos farmacéuticos,0.1290966945098601,importaciones_eeuu,sin pandemia,T1,2.37724509132774,-0.7083599421066339,0.8095605554687634,0.8092111840898379,0.0
3255,-1.6239995386002455,-1.449632044101533,"Fabricación de pinturas, recubrimientos y adhesivos",0.0704773870608603,importaciones_eeuu,sin pandemia,T1,1.7250765429281363,-0.7585818627231107,0.8095605554687634,0.8256282256394608,0.0
3256,-0.08446006490194555,-3.139834843605044,"Fabricación de jabones, limpiadores y preparaciones de tocador",0.2434658656862863,importaciones_eeuu,sin pandemia,T1,1.1661733073863088,-0.6103744884096247,0.8095605554687634,0.7745627165140845,0.0
3259,-1.3738630881602774,-2.3896544115756297,Fabricación de otros productos químicos,0.3514735701280596,importaciones_eeuu,sin pandemia,T1,1.412283575600799,-0.5178392027759291,0.8095605554687634,0.7388014393018948,0.0
3261,0.26231110891353354,-2.568901053652969,Fabricación de productos de plástico,0.2303591490643638,importaciones_eeuu,sin pandemia,T1,0.9764352967668312,-0.6216036296324469,0.8095605554687634,0.7787054462052228,0.0
3262,0.239356983003528,-3.757266306451465,Fabricación de productos de hule,0.4171737487232005,importaciones_eeuu,sin pandemia,T1,1.1342953557046505,-0.46155076646568716,0.8095605554687634,0.7157035629278601,0.0
3271,-1.868884246229343,-1.3853772985210397,Fabricación de productos a base de arcillas y minerales refractarios,0.3488287256548686,importaciones_eeuu,sin pandemia,T1,1.1745203738567298,-0.5201051655611613,0.8095605554687634,0.7397106753685975,0.0
3272,-1.329212409626182,-3.1613375911431465,Fabricación de vidrio y productos de vidrio,0.272472982882299,importaciones_eeuu,sin pandemia,T1,1.235026835982766,-0.5855227253894213,0.8095605554687634,0.765239902738932,0.0
3273,-0.040128477894852896,-4.8029391133452295,Fabricación de cemento y productos de concreto,0.0343074151008847,importaciones_eeuu,sin pandemia,T1,2.3719330791325874,-0.7895703806624348,0.8095605554687634,0.8352960934756204,0.0
3274,-1.7651955079322976,-0.24466681102283688,"Fabricación de cal, yeso y productos de yeso",0.1199075903205221,importaciones_eeuu,sin pandemia,T1,2.006826285302967,-0.7162326803087182,0.8095605554687634,0.8118455891050804,0.0
3279,-2.17399035240164,-3.0871317659595747,Fabricación de otros productos a base de minerales no metálicos,0.2243733059375072,importaciones_eeuu,sin pandemia,T1,1.467782407356126,-0.6267319832657821,0.8095605554687634,0.7805828538080106,0.0
3311,0.48558329355196245,-0.2776660489539921,Industria básica del hierro y del acero,0.279574215702268,importaciones_eeuu,sin pandemia,T1,3.3984440114802026,-0.5794387648910158,0.8095605554687634,0.7629255314253731,0.0
3312,-0.9750939670386389,0.3218559718167837,Fabricación de productos de hierro y acero,0.0669975578374552,importaciones_eeuu,sin pandemia,T1,2.680734714719144,-0.7615631962567556,0.8095605554687634,0.8265737240070048,0.0
3313,-4.572867666390902,-2.294185394823823,Industria básica del aluminio,0.2650002880058719,importaciones_eeuu,sin pandemia,T1,3.2108034784446575,-0.5919249349208386,0.8095605554687634,0.7676617896619748,0.0
3314,4.404639259202155,2.2914805992283136,"Industrias de metales no ferrosos, excepto aluminio",0.4934732886739018,importaciones_eeuu,sin pandemia,T1,3.232013886784968,-0.3961813582410733,0.8095605554687634,0.6877130475047973,0.0
3315,2.5208806013016827,-1.7707964083755339,Moldeo por fundición de piezas metálicas,0.0974402319506194,importaciones_eeuu,sin pandemia,T1,2.035594494524337,-0.735481524036476,0.8095605554687634,0.8181915599917047,0.0
3321,-0.976948276345733,-4.132875252339073,Fabricación de productos metálicos forjados y troquelados,0.4526204884780047,importaciones_eeuu,sin pandemia,T1,2.564704434661253,-0.43118187560788396,0.8095605554687634,0.7028489925772835,0.0
3322,1.017264942604402,0.33841763999009256,Fabricación de herramientas de mano sin motor y utensilios de cocina metálicos,0.4783144421423179,importaciones_eeuu,sin pandemia,T1,1.9735924128216358,-0.40916865577625683,0.8095605554687634,0.6933683055519749,0.0
3323,0.4853560408846068,-1.2683892095587759,Fabricación de estructuras metálicas y productos de herrería,0.2249299265714363,importaciones_eeuu,sin pandemia,T1,1.8119186243969625,-0.6262551001617809,0.8095605554687634,0.7804086614475338,0.0
3324,0.4300011835205413,-0.7557507514951562,"Fabricación de calderas, tanques y envases metálicos",0.2575554192946691,importaciones_eeuu,sin pandemia,T1,1.838691361625599,-0.5983033044663919,0.8095605554687634,0.7700607726534116,0.0
3325,-0.4125369491419168,-3.6054919419877547,Fabricación de herrajes y cerraduras,0.8134327973740351,importaciones_eeuu,sin pandemia,T1,1.1181966138472628,-0.12205698274575733,0.8095605554687634,0.5599211986902466,0.0
3326,-1.5758159711554338,-1.3420109679827847,"Fabricación de alambre, productos de alambre y resortes",0.3138914060002775,importaciones_eeuu,sin pandemia,T1,1.310364991647898,-0.550037612234502,0.8095605554687634,0.7515664488137437,0.0
3327,-1.7611978638837547,-1.6155095926914296,Maquinado de piezas y fabricación de tornillos,0.1233232283296124,importaciones_eeuu,sin pandemia,T1,1.8913350489016167,-0.7133063424106392,0.8095605554687634,0.8108689993767236,0.0
3329,-0.6909205377556707,-2.0269607030939656,Fabricación de otros productos metálicos,0.6293046757254936,importaciones_eeuu,sin pandemia,T1,1.0198402710879109,-0.27980821371584963,0.8095605554687634,0.635189508067529,0.0
3331,1.1239822404775377,-0.9437037939163738,"Fabricación de maquinaria y equipo agropecuario, para la construcción y para la industria extractiva",0.519899184727109,importaciones_eeuu,sin pandemia,T1,1.2521809491723543,-0.37354104890343565,0.8095605554687634,0.6777485197276598,0.0
3332,8.768360132774552,-1.823066808981708,"Fabricación de maquinaria y equipo para las industrias manufactureras, excepto la metalmecánica",0.6992566972513394,importaciones_eeuu,sin pandemia,T1,4.66020959208697,-0.21987702338082898,0.8095605554687634,0.6070353790971518,0.0
3333,-0.12982200917233216,-1.6287396360022572,Fabricación de maquinaria y equipo para el comercio y los servicios,0.8664849575372038,importaciones_eeuu,sin pandemia,T1,2.0641865676396254,-0.07660469932249536,0.8095605554687634,0.5376936696806074,0.0
3334,0.529203750776779,-2.9623767476216347,"Fabricación de equipo de aire acondicionado, calefacción, y de refrigeración industrial y comercial",0.8482017522901368,importaciones_eeuu,sin pandemia,T1,1.562628129843304,-0.09226878207085976,0.8095605554687634,0.5453707623620421,0.0
3335,1.9764516308211455,-7.049037260567624,Fabricación de maquinaria y equipo para la industria metalmecánica,0.6052735791408839,importaciones_eeuu,sin pandemia,T1,2.442321347856806,-0.3003967855963547,0.8095605554687634,0.6447041516280662,0.0
3336,1.77300246351195,-1.577067397312893,"Fabricación de motores de combustión interna, turbinas y transmisiones",0.8385248456652771,importaciones_eeuu,sin pandemia,T1,1.5720665967801797,-0.10055944358625879,0.8095605554687634,0.5494274179550444,0.0
3339,-1.453637536208177,-2.255052683634063,Fabricación de otra maquinaria y equipo para la industria en general,0.6417221502759753,importaciones_eeuu,sin pandemia,T1,1.1093607746593084,-0.2691695786266517,0.8095605554687634,0.6302397908383496,0.0
3341,0.6943152825960613,0.10705100842361807,Fabricación de computadoras y equipo periférico,0.7847307234340066,importaciones_eeuu,sin pandemia,T1,3.4976035327405,-0.14664740084645683,0.8095605554687634,0.5718729018437829,0.0
3342,-0.7659199172434883,-0.3585568989896667,Fabricación de equipo de comunicación,0.895054776922478,importaciones_eeuu,sin pandemia,T1,2.4049091820852984,-0.052127589925686835,0.8095605554687634,0.5256701468226277,0.0
3343,1.4685882085463589,-5.857624489423328,Fabricación de equipo de audio y de video,0.9478363435009872,importaciones_eeuu,sin pandemia,T1,2.3150780364057493,-0.006907136766539146,0.8095605554687634,0.5034037175391745,0.0
3344,-2.7303335054985762,-4.136484149455779,Fabricación de componentes electrónicos,0.4744887481943934,importaciones_eeuu,sin pandemia,T1,2.191048329311878,-0.41244630790346354,0.8095605554687634,0.6947883693280853,0.0
3345,-0.19744002990644752,-2.0744812563044785,"Fabricación de instrumentos de medición, control, navegación, y equipo médico electrónico",0.9203173609236356,importaciones_eeuu,sin pandemia,T1,1.0664856466577775,-0.03048394479431027,0.8095605554687634,0.5150185938133354,0.0
3346,2.4318986831171028,0.0971891192985682,Fabricación y reproducción de medios magnéticos y ópticos,0.6054992436078728,importaciones_eeuu,sin pandemia,T1,5.962275509168426,-0.3002034482227097,0.8095605554687634,0.6446152115512951,0.0
3351,-0.9090667408996808,-1.9875880722656107,Fabricación de accesorios de iluminación,0.831395116765869,importaciones_eeuu,sin pandemia,T1,1.4093801192489959,-0.10666781801757735,0.8095605554687634,0.5524129952400837,0.0
3352,-0.28112648913934,-3.311383085291122,Fabricación de aparatos eléctricos de uso doméstico,0.3900028883753999,importaciones_eeuu,sin pandemia,T1,1.193068811998398,-0.4848293217890476,0.8095605554687634,0.725373420267454,0.0
3353,-0.02935221492368495,-2.602182829920403,Fabricación de equipo de generación y distribución de energía eléctrica,0.8989208694711824,importaciones_eeuu,sin pandemia,T1,1.0475994647034554,-0.04881532641513764,0.8095605554687634,0.5240410710120158,0.0
3359,-0.1800304971993209,-1.7704335563312426,Fabricación de otros equipos y accesorios eléctricos,0.7464127593691879,importaciones_eeuu,sin pandemia,T1,1.0859472726941817,-0.17947620475415582,0.8095605554687634,0.5877246643707165,0.0
3361,-0.012636072918759535,-1.9395840693732256,Fabricación de automóviles y camiones,0.6801529750236635,importaciones_eeuu,sin pandemia,T1,1.4598798746294637,-0.23624408165821123,0.8095605554687634,0.6147869859916365,0.0
3362,-2.0753421037520385,-5.651781695909298,Fabricación de carrocerías y remolques,0.4826387565231524,importaciones_eeuu,sin pandemia,T1,3.1771221257609032,-0.40546381204803794,0.8095605554687634,0.6917596569709126,0.0
3363,-1.2905002120561475,-2.5265551404711033,Fabricación de partes para vehículos automotores,0.5296068171162411,importaciones_eeuu,sin pandemia,T1,1.1549304248566667,-0.3652240631791485,0.8095605554687634,0.674055191651604,0.0
3364,0.09235994360073438,-1.4278113876790919,Fabricación de equipo aeroespacial,0.9896704181454756,importaciones_eeuu,sin pandemia,T1,1.2371263707786078,0.028934084620922118,0.8095605554687634,0.4857446455162445,0.0
3365,0.8605888008474947,-3.199635317865636,Fabricación de equipo ferroviario,0.8018618332294466,importaciones_eeuu,sin pandemia,T1,3.868356027136928,-0.1319703725146693,0.8095605554687634,0.5647466190433178,0.0
3366,4.174860507871045,-0.15483260269666088,Fabricación de embarcaciones,0.5822911532336551,importaciones_eeuu,sin pandemia,T1,6.136292594270425,-0.3200869119338434,0.8095605554687634,0.6537200697404344,0.0
3369,-10.454278739908487,2.6188517957225903,Fabricación de otro equipo de transporte,0.6740711386128929,importaciones_eeuu,sin pandemia,T1,4.60076106634769,-0.24145467725744885,0.8095605554687634,0.6172453465485994,0.0
3371,-1.5648441407673055,-1.6409454939042567,"Fabricación de muebles, excepto de oficina y estantería",0.3642278188643361,importaciones_eeuu,sin pandemia,T1,1.6297573019743883,-0.506912037385697,0.8095605554687634,0.7343940274685871,0.0
3372,-2.307111407408512,-1.8536582046354753,Fabricación de muebles de oficina y estantería,0.2214380514733216,importaciones_eeuu,sin pandemia,T1,1.9760205092757117,-0.6292467539634357,0.8095605554687634,0.781500116570448,0.0
3379,-0.06968455056608255,-3.3006453513017875,"Fabricación de colchones, persianas y cortineros",0.3523025337449802,importaciones_eeuu,sin pandemia,T1,1.5921369932423335,-0.517128990615897,0.8095605554687634,0.7385161253052126,0.0
3391,-0.6666642253697883,-1.953613313090745,"Fabricación de equipo no electrónico y material desechable de uso médico, dental y para laboratorio, y artículos oftálmicos",0.7835186733412709,importaciones_eeuu,sin pandemia,T1,1.2153801459272116,-0.1476858212268669,0.8095605554687634,0.5723762378933438,0.0
3399,0.6970740836858873,-2.0726273348164552,Otras industrias manufactureras,0.618987370047973,importaciones_eeuu,sin pandemia,T1,1.2883521539914953,-0.28864753525104814,0.8095605554687634,0.6392850504805786,0.0
3111,-0.2641539848865112,-0.035367298190744564,Elaboración de alimentos para animales,0.02886946578166,produccion,completa,E1,1.2617104522807292,-0.6536660747718124,1.180968298063335,0.7100394950056947,1.3987140226834684
3112,-1.304902887308744,-0.8246980471425308,Molienda de granos y de semillas y obtención de aceites y grasas,0.0609807080676099,produccion,completa,E1,1.282023595520448,-1.4272116136698252,1.192317855523971,0.8843478897604311,1.3987140226834684
3113,-3.937390059743921,2.295928885987676,"Elaboración de azúcares, chocolates, dulces y similares",0.2016423568218791,produccion,completa,E1,4.668115750212873,-2.0557794862276477,1.6289529169488743,0.8965301246758826,1.3987140226834684
3114,-0.49895731411746974,0.28725714501539773,"Conservación de frutas, verduras, guisos y otros alimentos preparados",0.3156513149608729,produccion,completa,E1,1.4467571382587412,-1.0772030225642633,1.2724310581971463,0.8013828118990571,1.3987140226834684
3115,0.20766646355678606,0.6218815278452343,Elaboración de productos lácteos,0.0498313429839448,produccion,completa,E1,1.4322981324358584,-0.5213395071524896,1.2661625795559601,0.659737814000962,1.3987140226834684
3116,0.9374420908300364,0.7462104723448983,"Matanza, empacado y procesamiento de carne de ganado, aves y otros animales comestibles",0.044361709007407,produccion,completa,E1,1.4337734401630382,-0.06723926388849577,1.2668082872938187,0.5211649983936061,1.3987140226834684
3117,-0.04984399248461335,2.1090293658074706,Preparación y envasado de pescados y mariscos,0.7478643561015712,produccion,completa,E1,1.9393593612051898,-1.4795969607275254,1.4255132295397481,0.8503509658942595,1.3987140226834684
3118,0.626943999369299,-1.1162709939789577,Elaboración de productos de panadería y tortillas,0.043199849411286,produccion,completa,E1,1.3423293749194278,-0.13203212199539194,1.2239846017878195,0.5429508852324588,1.3987140226834684
3119,-0.43794160231008544,1.163793737703581,Otras industrias alimentarias,0.1089707298904361,produccion,completa,E1,1.3279433160566754,-0.8617514590679826,1.2166944129237751,0.760612042159059,1.3987140226834684
3121,-1.2732875320934027,-0.11122170885772009,Industria de las bebidas,0.2419442465750293,produccion,completa,E1,1.227689953889725,-1.4336300471309167,1.1611294326829948,0.8915262725882656,1.3987140226834684
3122,-6.272791409908626,1.8143307694834152,Industria del tabaco,0.1071479040489181,produccion,completa,E1,2.9359397073332687,-2.6867080803717016,1.5577677034929416,0.9577107362451545,1.3987140226834684
3131,-3.5312662951571836,-1.8343524781602158,"Preparación e hilado de fibras textiles, y fabricación de hilos",0.2001267979454507,produccion,completa,E1,1.8543763676395182,-2.5920595548311955,1.4056912594877053,0.9674066089275664,1.3987140226834684
3132,-4.414834428549235,-2.137450054264204,Fabricación de telas,0.1336042055792961,produccion,completa,E1,1.9048018441464478,-2.8892884034104367,1.417706800946174,0.979225102097968,1.3987140226834684
3133,-5.044299996086461,-1.3094306886342837,Acabado de productos textiles y fabricación de telas recubiertas,0.3062290364360683,produccion,completa,E1,1.3358797883290774,-4.066635185751206,1.220736006842432,0.9995677896490719,1.3987140226834684
3141,-2.6652859734477925,-0.9162772244990979,"Confección de alfombras, blancos y similares",0.5072465584471345,produccion,completa,E1,2.6841541033164384,-2.306792829347566,1.5360411955847144,0.9334227702791389,1.3987140226834684
3149,-2.014981462541553,-0.45141709541337455,"Fabricación de otros productos textiles, excepto prendas de vestir",0.3944218335152466,produccion,completa,E1,1.124789424823025,-2.025934862963245,1.0940755914254146,0.9679678469957504,1.3987140226834684
3151,-5.619852073173615,-0.8572885328266194,Fabricación de prendas de vestir de tejido de punto,0.3365154443339868,produccion,completa,E1,2.1207968722310557,-3.279575995882843,1.4615139036850073,0.98758245205866,1.3987140226834684
3152,-2.4937752375710844,-1.5572960896307293,Confección de prendas de vestir,0.4259861529321015,produccion,completa,E1,1.3322574759469876,-2.3725436741913364,1.2188974395668557,0.9742006674440159,1.3987140226834684
3159,-1.2734955985231493,-3.3490059645743266,Confección de accesorios de vestir y otras prendas de vestir no clasificados en otra parte,0.6664841032423205,produccion,completa,E1,2.153387963693544,-1.9896266744940725,1.4671985514313746,0.9124618480169,1.3987140226834684
3161,-9.085670754292988,-0.8441261618423034,Curtido y acabado de cuero y piel,0.262669438610518,produccion,completa,E1,3.582170458728344,-2.9466171532726175,1.5955762726197633,0.9676077036624123,1.3987140226834684
3162,-1.942503061259568,-2.071960903451359,Fabricación de calzado,0.1604241815757467,produccion,completa,E1,1.5691862316823477,-1.8951660548193583,1.3205729505422055,0.9243719726166202,1.3987140226834684
3169,-0.5522320734955422,-1.187910027208293,"Fabricación de otros productos de cuero, piel y materiales sucedáneos",0.6136094363212712,produccion,completa,E1,1.3578498972137296,-1.1373892972939341,1.2316729912436224,0.8221138119933122,1.3987140226834684
3211,-0.6590873281552134,1.5474067351344365,Aserrado y conservación de la madera,0.0034917286527276,produccion,completa,E1,1.5836428848988227,-1.122806708991458,1.3257249915066163,0.8014851253818216,1.3987140226834684
3212,-4.081696160183222,-2.564304442565134,Fabricación de laminados y aglutinados de madera,0.0775332943220637,produccion,completa,E1,1.8598820266387117,-2.7531206331597087,1.4070407506746316,0.9748071199133754,1.3987140226834684
3219,-2.4419669822735823,-0.48258568542482866,Fabricación de otros productos de madera,0.1827036170504173,produccion,completa,E1,1.2376146883678742,-2.2940142919535846,1.167027631018483,0.9753327721892113,1.3987140226834684
3221,-0.6665647719628353,-0.9392926745504512,"Fabricación de pulpa, papel y cartón",0.0619018679380005,produccion,completa,E1,1.2825045568190723,-0.971317798861132,1.19258224876178,0.7923110040786139,1.3987140226834684
3222,-1.7768853604395334,0.06405404444489969,Fabricación de productos de cartón y papel,0.1574973850413846,produccion,completa,E1,1.0992689629413144,-1.7854545216736848,1.075610798276586,0.9515372183290619,1.3987140226834684
3231,-1.277904789832832,-1.4971178177950972,Impresión e industrias conexas,0.1024504665734745,produccion,completa,E1,1.2467481929932753,-1.408093732958314,1.1723742724554995,0.8851363486339303,1.3987140226834684
3241,-0.6451359068854495,-2.7563321771874048,Fabricación de productos derivados del petróleo y del carbón,0.0588949583065286,produccion,completa,E1,2.358023245856893,-1.4124522360678322,1.498461138878215,0.8270577024367499,1.3987140226834684
3251,-4.1130422022038085,-1.4793641582332737,Fabricación de productos químicos básicos,0.135778270214786,produccion,completa,E1,2.2388675686565427,-2.549238402226646,1.4811347567935378,0.9573871741154191,1.3987140226834684
3252,-5.287009512292186,-0.6643935752274343,"Fabricación de resinas y hules sintéticos, y fibras químicas",0.3119319594154858,produccion,completa,E1,1.6989100860930313,-3.6133891476658007,1.363328740431342,0.9959803715581715,1.3987140226834684
3253,-1.2771018234959028,1.467846257768655,"Fabricación de fertilizantes, pesticidas y otros agroquímicos",0.1679807884786191,produccion,completa,E1,3.232095531455706,-1.7487380775487988,1.5776669419016067,0.8661625668954674,1.3987140226834684
3254,-0.4413503070523848,-0.7182871608344035,Fabricación de productos farmacéuticos,0.1290966945098601,produccion,completa,E1,1.805877117274695,-1.1920426580591674,1.3933839605037748,0.8038633299261224,1.3987140226834684
3255,-3.2200534445710955,-1.4581358383474092,"Fabricación de pinturas, recubrimientos y adhesivos",0.0704773870608603,produccion,completa,E1,1.427214669078906,-2.666944869205747,1.26392690243747,0.9825728359263172,1.3987140226834684
3256,-0.44994961335369477,-0.8105489220259113,"Fabricación de jabones, limpiadores y preparaciones de tocador",0.2434658656862863,produccion,completa,E1,1.331097543005509,-0.9167644019374472,1.2183065451077006,0.7741220037989294,1.3987140226834684
3259,-4.533398607131021,1.951836100096068,Fabricación de otros productos químicos,0.3514735701280596,produccion,completa,E1,2.601019370656761,-2.6570374097091913,1.5276207901910142,0.9590116759766332,1.3987140226834684
3261,-3.103564585773696,-0.2376849472305695,Fabricación de productos de plástico,0.2303591490643638,produccion,completa,E1,1.0364780190890905,-2.9878578049206013,1.0266166200414093,0.9981951271741152,1.3987140226834684
3262,-2.6407588727614417,-1.510799649136332,Fabricación de productos de hule,0.4171737487232005,produccion,completa,E1,1.5264215249511879,-2.41042033673484,1.3047048906680403,0.9676614279714926,1.3987140226834684
3271,-0.37546647823820656,-0.9124270826369861,Fabricación de productos a base de arcillas y minerales refractarios,0.3488287256548686,produccion,completa,E1,1.2699845998495587,-0.833926499978467,1.185634833040925,0.7590838615169867,1.3987140226834684
3272,-1.552882781849672,0.0903676195559203,Fabricación de vidrio y productos de vidrio,0.272472982882299,produccion,completa,E1,1.2108054730675488,-1.64703904582631,1.1508784426877254,0.9238013261056138,1.3987140226834684
3273,-0.880892332534138,-1.0268207720642972,Fabricación de cemento y productos de concreto,0.0343074151008847,produccion,completa,E1,1.3216268129980349,-1.1375665072294259,1.2134425677894498,0.825741682403027,1.3987140226834684
3274,-1.7353611475328476,-1.0117757866707666,"Fabricación de cal, yeso y productos de yeso",0.1199075903205221,produccion,completa,E1,1.2419755770462961,-1.7507840382304218,1.1695900743014318,0.9327931028996158,1.3987140226834684
3279,-0.3175390253901618,-0.6083199842639864,Fabricación de otros productos a base de minerales no metálicos,0.2243733059375072,produccion,completa,E1,1.2740091108355294,-0.7607088677226017,1.187882877261265,0.7390406097702084,1.3987140226834684
3311,-6.81417362860524,0.16570580776611157,Industria básica del hierro y del acero,0.279574215702268,produccion,completa,E1,4.010615824891445,-2.513342840434035,1.6118073683480125,0.9405410916299263,1.3987140226834684
3312,-7.76449594055319,-3.3865681936943988,Fabricación de productos de hierro y acero,0.0669975578374552,produccion,completa,E1,2.752505090420613,-3.1000979841907497,1.5424652541287927,0.9777755808219208,1.3987140226834684
3313,-6.652894670602917,-1.4637878204816757,Industria básica del aluminio,0.2650002880058719,produccion,completa,E1,2.125401152562435,-3.58727854753145,1.4623301282726826,0.99291894353787,1.3987140226834684
3314,-1.621755042015118,1.4508817460758865,"Industrias de metales no ferrosos, excepto aluminio",0.4934732886739018,produccion,completa,E1,1.5980076662782685,-1.8813154188140737,1.3307424551498475,0.9212799427170991,1.3987140226834684
3315,-7.2002811947214,-1.8476799634476022,Moldeo por fundición de piezas metálicas,0.0974402319506194,produccion,completa,E1,2.482752017580857,-3.2355966871205544,1.514352008326674,0.9836855952586778,1.3987140226834684
3321,-1.1505601543967268,-1.2659753505933966,Fabricación de productos metálicos forjados y troquelados,0.4526204884780047,produccion,completa,E1,1.249587900360831,-1.410405907459276,1.174020945444755,0.8851915824512508,1.3987140226834684
3322,1.0883821994219725,0.21399639906548043,Fabricación de herramientas de mano sin motor y utensilios de cocina metálicos,0.4783144421423179,produccion,completa,E1,1.7121326237384253,-0.5836763826074243,1.3672783755247178,0.6652699867442662,1.3987140226834684
3323,-1.0791542233327474,-0.5507300620704305,Fabricación de estructuras metálicas y productos de herrería,0.2249299265714363,produccion,completa,E1,1.3357907667198663,-1.342966408570748,1.2206909439602602,0.8643707657544379,1.3987140226834684
3324,-0.7318291191356378,-0.9570877316112358,"Fabricación de calderas, tanques y envases metálicos",0.2575554192946691,produccion,completa,E1,1.3769972731198241,-1.1482138530813848,1.2409130112235316,0.8225944411969042,1.3987140226834684
3325,-2.954010457917632,-0.9561262305721683,Fabricación de herrajes y cerraduras,0.8134327973740351,produccion,completa,E1,2.0777583727805258,-2.67255692957013,1.4536673173071468,0.9670050907550264,1.3987140226834684
3326,-2.8410302520005124,-1.3474184059824141,"Fabricación de alambre, productos de alambre y resortes",0.3138914060002775,produccion,completa,E1,1.9022152537803887,-2.346996259374134,1.4171088481254646,0.9511579515761045,1.3987140226834684
3327,0.5170333920156502,-0.639184628386406,Maquinado de piezas y fabricación de tornillos,0.1233232283296124,produccion,completa,E1,1.4045810607105,-0.3205515549209248,1.2537665825942204,0.6008974932432234,1.3987140226834684
3329,-5.143986552355863,-0.8022557571635301,Fabricación de otros productos metálicos,0.6293046757254936,produccion,completa,E1,1.6097804438097971,-3.821088078357742,1.33478062795837,0.9978998171348914,1.3987140226834684
3331,-4.548992979334578,-0.41072919787581047,"Fabricación de maquinaria y equipo agropecuario, para la construcción y para la industria extractiva",0.519899184727109,produccion,completa,E1,1.8447961621770275,-3.2275358612090237,1.4033203828999496,0.9892738506585659,1.3987140226834684
3332,2.859410030886071,-2.977308657016691,"Fabricación de maquinaria y equipo para las industrias manufactureras, excepto la metalmecánica",0.6992566972513394,produccion,completa,E1,2.44566044161768,-0.9416185559828256,1.5098442393662024,0.7335721796086893,1.3987140226834684
3333,-5.710502977742986,-2.2058358352235663,Fabricación de maquinaria y equipo para el comercio y los servicios,0.8664849575372038,produccion,completa,E1,2.4706323203395257,-3.4223449170693225,1.5128983527885076,0.9881547455284564,1.3987140226834684
3334,-2.5915060672801826,-0.6662806719779454,"Fabricación de equipo de aire acondicionado, calefacción, y de refrigeración industrial y comercial",0.8482017522901368,produccion,completa,E1,1.6317270706312978,-2.5711795541553117,1.3421355726845476,0.9723007467749075,1.3987140226834684
3335,2.4580156512461695,-6.229919357960723,Fabricación de maquinaria y equipo para la industria metalmecánica,0.6052735791408839,produccion,completa,E1,2.759537824878566,-1.2290850829725277,1.5431023547842637,0.7871300260785141,1.3987140226834684
3336,-5.034497905224826,-2.7613688544693837,"Fabricación de motores de combustión interna, turbinas y transmisiones",0.8385248456652771,produccion,completa,E1,3.19624944275547,-2.970785004954456,1.5755232165869704,0.9703246380423042,1.3987140226834684
3339,-2.5324520830565236,-1.4425960680352494,Fabricación de otra maquinaria y equipo para la industria en general,0.6417221502759753,produccion,completa,E1,1.357598392227501,-2.4667303651554833,1.2315498380798164,0.9774085683826276,1.3987140226834684
3341,-0.8491234564135132,1.3427204194429079,Fabricación de computadoras y equipo periférico,0.7847307234340066,produccion,completa,E1,3.773775012550083,-2.2748571692658888,1.603474608790733,0.9220074554851095,1.3987140226834684
3342,2.4061496885377176,-6.696805536998296,Fabricación de equipo de comunicación,0.895054776922478,produccion,completa,E1,3.324360888984911,-1.7914213890334987,1.5828953414420004,0.8711275112439492,1.3987140226834684
3343,2.6139743829289768,6.325960405839622,Fabricación de equipo de audio y de video,0.9478363435009872,produccion,completa,E1,6.670264527247005,-2.4261729546995134,1.6543228288012177,0.9287528683846507,1.3987140226834684
3344,-2.3650691254848875,0.03150414200624903,Fabricación de componentes electrónicos,0.4744887481943934,produccion,completa,E1,1.5516129564268812,-2.275643452934004,1.3141679765263197,0.958329643030059,1.3987140226834684
3345,-2.010927646035534,-5.568079181322847,"Fabricación de instrumentos de medición, control, navegación, y equipo médico electrónico",0.9203173609236356,produccion,completa,E1,2.184796242292925,-2.419312689773516,1.4724779292022399,0.9498107430289164,1.3987140226834684
3346,-2.9099683726147925,-0.07417475790532334,Fabricación y reproducción de medios magnéticos y ópticos,0.6054992436078728,produccion,completa,E1,2.824012731895032,-2.4299392667794475,1.5487472576807124,0.9416726316882464,1.3987140226834684
3351,1.0029899420010342,1.6451224061313634,Fabricación de accesorios de iluminación,0.831395116765869,produccion,completa,E1,3.1686661798742763,-1.9104962894430286,1.5738282856315728,0.8876102143313331,1.3987140226834684
3352,-3.0120777121577764,-1.3868233303218005,Fabricación de aparatos eléctricos de uso doméstico,0.3900028883753999,produccion,completa,E1,2.029994004443455,-2.42657519678516,1.4444777618846085,0.9535114113242484,1.3987140226834684
3353,-4.444638729186311,1.2586362473615549,Fabricación de equipo de generación y distribución de energía eléctrica,0.8989208694711824,produccion,completa,E1,1.9588355166822655,-3.333094347340409,1.4297676625580642,0.9901289600379393,1.3987140226834684
3359,-2.3509227207012304,-0.8147210372898185,Fabricación de otros equipos y accesorios eléctricos,0.7464127593691879,produccion,completa,E1,1.4441185981852183,-2.3865820142409593,1.2712970473634495,0.9697602165015163,1.3987140226834684
3361,-1.5611131990494023,-2.553022773053127,Fabricación de automóviles y camiones,0.6801529750236635,produccion,completa,E1,2.2909467855137238,-2.123962015868843,1.4889890544141375,0.9231301331370874,1.3987140226834684
3362,-7.317917133936144,-2.8342008602546933,Fabricación de carrocerías y remolques,0.4826387565231524,produccion,completa,E1,2.0472303999525368,-4.076747270936492,1.4478545154858853,0.9975665673443898,1.3987140226834684
3363,-3.6592905673172083,-1.0490413846497524,Fabricación de partes para vehículos automotores,0.5296068171162411,produccion,completa,E1,1.480857119144894,-3.0769043734886696,1.2867011167082796,0.9916058700887145,1.3987140226834684
3364,4.323253587386457,1.1332038286697736,Fabricación de equipo aeroespacial,0.9896704181454756,produccion,completa,E1,4.792151041852967,-2.124690769565661,1.6314551943267077,0.9035979616571375,1.3987140226834684
3365,-12.028701263220592,3.7549589748429812,Fabricación de equipo ferroviario,0.8018618332294466,produccion,completa,E1,6.044010776174513,-2.9965505679309454,1.6489431809835025,0.9654109767580307,1.3987140226834684
3366,0.1424650806869543,5.465639919351709,Fabricación de embarcaciones,0.5822911532336551,produccion,completa,E1,10.900955911104672,-2.2344268199202313,1.6699798562552868,0.9095511737719755,1.3987140226834684
3369,-1.7164721692028957,-4.042955197496834,Fabricación de otro equipo de transporte,0.6740711386128929,produccion,completa,E1,3.76078385376383,-2.2850681606741956,1.6029744594716535,0.922996168930008,1.3987140226834684
3371,-1.906503176436929,-0.8769183220894708,"Fabricación de muebles, excepto de oficina y estantería",0.3642278188643361,produccion,completa,E1,1.446239602295786,-1.9611060992068492,1.2722089728974417,0.9384020431111763,1.3987140226834684
3372,-3.0947475330223657,-0.942728322174027,Fabricación de muebles de oficina y estantería,0.2214380514733216,produccion,completa,E1,1.487640944414946,-2.607353194716528,1.2894568184207478,0.9784146884438808,1.3987140226834684
3379,-0.7963322530022404,-2.0569570340116763,"Fabricación de colchones, persianas y cortineros",0.3523025337449802,produccion,completa,E1,1.9600462955194056,-1.5443211793804523,1.43002879229989,0.8599117953849702,1.3987140226834684
3391,-0.5641133199189262,4.844442913939368,"Fabricación de equipo no electrónico y material desechable de uso médico, dental y para laboratorio, y artículos oftálmicos",0.7835186733412709,produccion,completa,E1,2.8882894693607457,-2.0843774793036465,1.5540420842868574,0.9100822866178873,1.3987140226834684
3399,-3.0043611151799383,-1.9356653592177488,Otras industrias manufactureras,0.618987370047973,produccion,completa,E1,1.1348494851961757,-2.881117204080696,1.1011406469493246,0.9955579773820333,1.3987140226834684
3111,0.3737361528491356,0.4239046834248967,Elaboración de alimentos para animales,0.02886946578166,produccion,sin pandemia,E1,1.5354706840589922,-0.017016725603050648,1.155144517831116,0.5058767069269906,0.913545949359611
3112,-0.3159675493486857,-0.7284149319689653,Molienda de granos y de semillas y obtención de aceites y grasas,0.0609807080676099,produccion,sin pandemia,E1,1.3814703098680141,-0.2795656325975497,1.125917345004112,0.5980489727511369,0.913545949359611
3113,2.4698927389027485,6.36526738134643,"Elaboración de azúcares, chocolates, dulces y similares",0.2016423568218791,produccion,sin pandemia,E1,5.216745351342766,-0.28547101870688674,1.2644008406273506,0.5893120715564223,0.913545949359611
3114,0.9397148545115634,-0.0933648823918963,"Conservación de frutas, verduras, guisos y otros alimentos preparados",0.3156513149608729,produccion,sin pandemia,E1,1.4828829470220488,0.05444252532901367,1.146233436718257,0.48105860382988536,0.913545949359611
3115,-0.18499137497739135,0.3629630787481471,Elaboración de productos lácteos,0.0498313429839448,produccion,sin pandemia,E1,1.270537907672968,-0.2137676665710473,1.0974806650001148,0.5772175464338113,0.913545949359611
3116,0.923829320064364,1.00943955768852,"Matanza, empacado y procesamiento de carne de ganado, aves y otros animales comestibles",0.044361709007407,produccion,sin pandemia,E1,1.5638278134858368,0.1511913882345104,1.159564348381124,0.4481303741432646,0.913545949359611
3117,-0.10043788649132766,2.3548962912613507,Preparación y envasado de pescados y mariscos,0.7478643561015712,produccion,sin pandemia,E1,2.1050882634759693,-0.7011379643530258,1.2118836193752882,0.7185543255433362,0.913545949359611
3118,0.36588276283639504,-1.1198895217703673,Elaboración de productos de panadería y tortillas,0.043199849411286,produccion,sin pandemia,E1,1.3342436972194291,0.038558773878365926,1.1147342894573176,0.48620329672446383,0.913545949359611
3119,-0.5899522236172577,1.4269759688919736,Otras industrias alimentarias,0.1089707298904361,produccion,sin pandemia,E1,1.338686510732331,-0.42811877640519236,1.115840329557738,0.6493899087066394,0.913545949359611
3121,-0.4642724267761912,-1.4049839094252308,Industria de las bebidas,0.2419442465750293,produccion,sin pandemia,E1,1.224360790044481,-0.43791177324530794,1.083115339341373,0.6570067346215775,0.913545949359611
3122,-2.375671172458637,-2.6898408210612454,Industria del tabaco,0.1071479040489181,produccion,sin pandemia,E1,3.529656864069342,-0.43091501344542243,1.2524197737331202,0.6346016596132349,0.913545949359611
3131,0.6380735026693088,-0.63000370309606,"Preparación e hilado de fibras textiles, y fabricación de hilos",0.2001267979454507,produccion,sin pandemia,E1,1.249497317818807,0.15323685574216994,1.0911484668722349,0.444157638554907,0.913545949359611
3132,0.7525692392986769,-1.9391077200620332,Fabricación de telas,0.1336042055792961,produccion,sin pandemia,E1,1.505058710729978,0.07106081839569667,1.1501106765069675,0.47536659853920155,0.913545949359611
3133,-3.0970718065726612,-1.3541325721759236,Acabado de productos textiles y fabricación de telas recubiertas,0.3062290364360683,produccion,sin pandemia,E1,1.4227676664532496,-1.5246966531107324,1.13474523703799,0.9104686640478432,0.913545949359611
3141,0.1123528788918051,-1.271801663359119,"Confección de alfombras, blancos y similares",0.5072465584471345,produccion,sin pandemia,E1,1.8182037572591985,-0.4476450484601646,1.1901241427668252,0.64659101523287,0.913545949359611
3149,-1.0091942445653082,0.42771550570648526,"Fabricación de otros productos textiles, excepto prendas de vestir",0.3944218335152466,produccion,sin pandemia,E1,1.1646863239573968,-0.8182368550856675,1.0617179057347772,0.7795494793978621,0.913545949359611
3151,-1.3555887455736106,-1.0782437507920104,Fabricación de prendas de vestir de tejido de punto,0.3365154443339868,produccion,sin pandemia,E1,1.9879569111318878,-0.6688679785817336,1.2041585325825788,0.7107116950528467,0.913545949359611
3152,0.04922139459046465,-2.3344880402541133,Confección de prendas de vestir,0.4259861529321015,produccion,sin pandemia,E1,1.3934545020080276,-0.30639365574020283,1.1285649363340866,0.6069927555683822,0.913545949359611
3159,2.74333422214419,-3.038086933761557,Confección de accesorios de vestir y otras prendas de vestir no clasificados en otra parte,0.6664841032423205,produccion,sin pandemia,E1,2.047575817784705,-0.07750540971494879,1.2082599419721032,0.5255731338155578,0.913545949359611
3161,-1.5462724903614615,-1.4241275052590978,Curtido y acabado de cuero y piel,0.262669438610518,produccion,sin pandemia,E1,1.6930443409102416,-0.7461407667265127,1.1768677033638992,0.736961430770204,0.913545949359611
3162,-0.25422247679087495,-3.3747464980766075,Fabricación de calzado,0.1604241815757467,produccion,sin pandemia,E1,1.7809582048264938,-0.3157495036670826,1.1864791895858204,0.6049277921680359,0.913545949359611
3169,0.20421580067215067,-0.9823742228437189,"Fabricación de otros productos de cuero, piel y materiales sucedáneos",0.6136094363212712,produccion,sin pandemia,E1,1.5408718578631788,-0.4039048004556648,1.156006068680986,0.6366042755896186,0.913545949359611
3211,-0.11535252831808224,2.0555727649384745,Aserrado y conservación de la madera,0.0034917286527276,produccion,sin pandemia,E1,1.5942627084359113,-0.17494540178018506,1.1640369681879519,0.5597328634956859,0.913545949359611
3212,-1.410724870262179,-1.9304936579761165,Fabricación de laminados y aglutinados de madera,0.0775332943220637,produccion,sin pandemia,E1,1.8812200000391266,-0.5329852945047915,1.1957912533736903,0.6720994014539333,0.913545949359611
3219,-1.3217740201033767,-0.43595061389779904,Fabricación de otros productos de madera,0.1827036170504173,produccion,sin pandemia,E1,1.4056486139025082,-0.7550597331129136,1.1311856304293884,0.7477717111217654,0.913545949359611
3221,1.4345773311835641,-0.4977851270056128,"Fabricación de pulpa, papel y cartón",0.0619018679380005,produccion,sin pandemia,E1,1.340326889481646,0.5117637903587923,1.116245740608291,0.32330785407212076,0.913545949359611
3222,-0.3042924085086257,0.24315661054481585,Fabricación de productos de cartón y papel,0.1574973850413846,produccion,sin pandemia,E1,1.1951537093681353,-0.3175211330564963,1.0730797879413576,0.616345644221407,0.913545949359611
3231,-1.0347899794549222,-1.5076214654226738,Impresión e industrias conexas,0.1024504665734745,produccion,sin pandemia,E1,1.3668661813696656,-0.6136564881763592,1.1225904633099395,0.7076880718792447,0.913545949359611
3241,2.57568638883428,-1.3736455802557637,Fabricación de productos derivados del petróleo y del carbón,0.0588949583065286,produccion,sin pandemia,E1,2.5829192665564147,0.10056500367106103,1.2331091021317009,0.46750068330753736,0.913545949359611
3251,-0.5829858403285346,-1.3947428242943187,Fabricación de productos químicos básicos,0.135778270214786,produccion,sin pandemia,E1,2.0913104699534766,-0.36664392801312085,1.2110432862821958,0.6189599851737057,0.913545949359611
3252,-3.2176611146854115,0.106884365643486,"Fabricación de resinas y hules sintéticos, y fibras químicas",0.3119319594154858,produccion,sin pandemia,E1,1.3838060298184454,-1.6381509615775842,1.1264390895077758,0.9270648074437005,0.913545949359611
3253,2.5855617143744225,0.9998012239060524,"Fabricación de fertilizantes, pesticidas y otros agroquímicos",0.1679807884786191,produccion,sin pandemia,E1,2.9106659734735385,-0.0567123555628512,1.2419666894864396,0.5182107108027292,0.913545949359611
3254,1.153212530728305,-1.2798409638976074,Fabricación de productos farmacéuticos,0.1290966945098601,produccion,sin pandemia,E1,1.896836199752511,0.024784205044606322,1.1971066225023863,0.4917411191359563,0.913545949359611
3255,-3.1556869475478457,-1.3167459131607706,"Fabricación de pinturas, recubrimientos y adhesivos",0.0704773870608603,produccion,sin pandemia,E1,1.383113126207021,-1.4946170496916669,1.1262846037479888,0.9077511479651694,0.913545949359611
3256,-0.5108768258277947,-0.9614569465765067,"Fabricación de jabones, limpiadores y preparaciones de tocador",0.2434658656862863,produccion,sin pandemia,E1,1.2296208311566126,-0.46324024870965413,1.084840620143243,0.6653148022691836,0.913545949359611
3259,-5.025594090177448,1.6591448700715579,Fabricación de otros productos químicos,0.3514735701280596,produccion,sin pandemia,E1,3.25571990402727,-0.8551912254869896,1.2485303426045808,0.7533148835180874,0.913545949359611
3261,-1.080928586637554,-0.056268635153762514,Fabricación de productos de plástico,0.2303591490643638,produccion,sin pandemia,E1,1.0638549937682402,-0.882090707359928,1.0160363194807251,0.807348946676075,0.913545949359611
3262,0.04409824371393676,-0.8867630900016386,Fabricación de productos de hule,0.4171737487232005,produccion,sin pandemia,E1,1.528161849015249,-0.3459029059940425,1.1539634176971416,0.6178168555187206,0.913545949359611
3271,2.3218704027289707,-0.9305213082660104,Fabricación de productos a base de arcillas y minerales refractarios,0.3488287256548686,produccion,sin pandemia,E1,1.3670354143893693,0.7316930866301781,1.1226296652076106,0.2572757127503808,0.913545949359611
3272,-1.3463523877517047,0.20412189215030666,Fabricación de vidrio y productos de vidrio,0.272472982882299,produccion,sin pandemia,E1,1.1901687811632558,-0.9545835160083697,1.071285935302343,0.8135523776859188,0.913545949359611
3273,-0.18015522587379393,-1.464912216385709,Fabricación de cemento y productos de concreto,0.0343074151008847,produccion,sin pandemia,E1,1.3920410463552815,-0.20881016094597452,1.1282564362680412,0.5734142349511064,0.913545949359611
3274,0.7042364289803636,-1.1551621089783495,"Fabricación de cal, yeso y productos de yeso",0.1199075903205221,produccion,sin pandemia,E1,1.3220256900653584,0.16607615298957268,1.1116309663560602,0.44061954296123257,0.913545949359611
3279,1.1767871596876314,-0.7635666102411174,Fabricación de otros productos a base de minerales no metálicos,0.2243733059375072,produccion,sin pandemia,E1,1.3850227496692875,0.27497136629732505,1.126709767480508,0.403596787772044,0.913545949359611
3311,-2.6902258435345368,2.6808888051321906,Industria básica del hierro y del acero,0.279574215702268,produccion,sin pandemia,E1,3.6751572102498122,-0.57766132445979,1.254138916253994,0.6774586073550206,0.913545949359611
3312,-4.605596805552956,-1.4917886158081939,Fabricación de productos de hierro y acero,0.0669975578374552,produccion,sin pandemia,E1,2.2637041844065786,-0.9595351647340461,1.220459191718773,0.784127272258087,0.913545949359611
3313,-5.3706744834848275,-1.6120341171503745,Industria básica del aluminio,0.2650002880058719,produccion,sin pandemia,E1,2.2858476432840242,-1.20954063556842,1.2215139690196635,0.8389613143288879,0.913545949359611
3314,-0.7155835555002789,3.1118392784114586,"Industrias de metales no ferrosos, excepto aluminio",0.4934732886739018,produccion,sin pandemia,E1,1.9004383040202397,-0.6430720519857493,1.1974053122845665,0.7043850562444051,0.913545949359611
3315,-6.555430000848831,-2.1741058871464425,Moldeo por fundición de piezas metálicas,0.0974402319506194,produccion,sin pandemia,E1,2.8976676406906376,-0.903616009531893,1.241672192042826,0.7666139872390325,0.913545949359611
3321,1.0496477967392723,-1.1161457660719905,Fabricación de productos metálicos forjados y troquelados,0.4526204884780047,produccion,sin pandemia,E1,1.439342051788677,0.05848033700869082,1.1380646262056702,0.47950905838465907,0.913545949359611
3322,2.0108521127289154,0.7467929506770703,Fabricación de herramientas de mano sin motor y utensilios de cocina metálicos,0.4783144421423179,produccion,sin pandemia,E1,1.8690787623847411,0.009169896332384853,1.1947450745348864,0.49693807196610507,0.913545949359611
3323,0.5577999266411992,-1.1693888564171189,Fabricación de estructuras metálicas y productos de herrería,0.2249299265714363,produccion,sin pandemia,E1,1.394845388574101,0.006017015850422636,1.128867541015507,0.4978735940478529,0.913545949359611
3324,0.4823343453714723,-1.710639473179354,"Fabricación de calderas, tanques y envases metálicos",0.2575554192946691,produccion,sin pandemia,E1,1.526447341786269,-0.10305789578161062,1.1536837805156608,0.5355899406481527,0.913545949359611
3325,-2.5444441098037363,-1.7289040034259282,Fabricación de herrajes y cerraduras,0.8134327973740351,produccion,sin pandemia,E1,1.9950441138987614,-1.2368208068958357,1.2046658861120478,0.8477172371348068,0.913545949359611
3326,1.8286853347813,0.524743402013735,"Fabricación de alambre, productos de alambre y resortes",0.3138914060002775,produccion,sin pandemia,E1,1.7170850271371467,0.17212175630165416,1.1796483309464232,0.4419964634313523,0.913545949359611
3327,1.8229105367791674,-0.5343982350698836,Maquinado de piezas y fabricación de tornillos,0.1233232283296124,produccion,sin pandemia,E1,1.4386643996014612,0.5344258358237878,1.1379312799839099,0.319303675049414,0.913545949359611
3329,-1.6706150580360326,-0.696529887280414,Fabricación de otros productos metálicos,0.6293046757254936,produccion,sin pandemia,E1,1.4894026357378192,-1.0816463686722961,1.147392235916058,0.8270827481801424,0.913545949359611
3331,-1.1657592017638492,-0.13596131417509727,"Fabricación de maquinaria y equipo agropecuario, para la construcción y para la industria extractiva",0.519899184727109,produccion,sin pandemia,E1,2.096284288556575,-0.7422406122577557,1.2113486020012443,0.7299755568166747,0.913545949359611
3332,4.8211526453321065,-3.081546124419518,"Fabricación de maquinaria y equipo para las industrias manufactureras, excepto la metalmecánica",0.6992566972513394,produccion,sin pandemia,E1,3.040378716274544,-0.2925037960437076,1.2446997079604665,0.5928954353049652,0.913545949359611
3333,-0.5675293281440378,-2.3388535223698983,Fabricación de maquinaria y equipo para el comercio y los servicios,0.8664849575372038,produccion,sin pandemia,E1,2.976746998940281,-0.9051555815925112,1.2434040814152552,0.7666827229510014,0.913545949359611
3334,0.14065144603132365,-0.6925204445972057,"Fabricación de equipo de aire acondicionado, calefacción, y de refrigeración industrial y comercial",0.8482017522901368,produccion,sin pandemia,E1,1.9841658998070388,-0.7012149794572955,1.2038848546316696,0.7198716193711974,0.913545949359611
3335,1.5473384425284253,-4.847167281628733,Fabricación de maquinaria y equipo para la industria metalmecánica,0.6052735791408839,produccion,sin pandemia,E1,3.2289832869412693,-0.5365950912909692,1.2480963931300217,0.6663770131134006,0.913545949359611
3336,-0.9470449659287283,-3.110091495351473,"Fabricación de motores de combustión interna, turbinas y transmisiones",0.8385248456652771,produccion,sin pandemia,E1,3.5392617464726666,-0.9182442925678544,1.252539878763156,0.7682530589484207,0.913545949359611
3339,-1.7169946322288236,-1.355979352954249,Fabricación de otra maquinaria y equipo para la industria en general,0.6417221502759753,produccion,sin pandemia,E1,1.4745952005377219,-1.112505869268728,1.1447370057539572,0.8344359357879569,0.913545949359611
3341,-2.8334710528969085,-0.4571071053000191,Fabricación de computadoras y equipo periférico,0.7847307234340066,produccion,sin pandemia,E1,2.4927395266574175,-1.1320584823931232,1.230030012224028,0.8213051324513228,0.913545949359611
3342,5.552690585197744,-7.261109322123263,Fabricación de equipo de comunicación,0.895054776922478,produccion,sin pandemia,E1,4.336345205369989,-0.6758961232194541,1.2598842618086215,0.7041847668183765,0.913545949359611
3344,-0.4023802334124766,-0.8135606501542818,Fabricación de componentes electrónicos,0.4744887481943934,produccion,sin pandemia,E1,1.8012018107960466,-0.553903313583275,1.1884891982135088,0.6794125300013725,0.913545949359611
3345,-1.3617536857099468,-7.466682464040512,"Fabricación de instrumentos de medición, control, navegación, y equipo médico electrónico",0.9203173609236356,produccion,sin pandemia,E1,2.515517934486688,-1.0352278245978224,1.2308395565131827,0.7998469138643751,0.913545949359611
3346,-0.3851045542259852,-1.9310071377998586,Fabricación y reproducción de medios magnéticos y ópticos,0.6054992436078728,produccion,sin pandemia,E1,3.326093476088456,-0.6923072926926873,1.2496225425859615,0.7102150690947917,0.913545949359611
3351,-0.5582247534320416,0.000353372734963886,Fabricación de accesorios de iluminación,0.831395116765869,produccion,sin pandemia,E1,3.9129853574903954,-0.8909859349913059,1.2565446565781986,0.7608614104207412,0.913545949359611
3352,-0.8721597236993475,-2.403684420821686,Fabricación de aparatos eléctricos de uso doméstico,0.3900028883753999,produccion,sin pandemia,E1,2.3825791482737055,-0.5827233777189351,1.2257763495954235,0.6827459427552247,0.913545949359611
3353,-3.4291109700376756,0.2768467786687129,Fabricación de equipo de generación y distribución de energía eléctrica,0.8989208694711824,produccion,sin pandemia,E1,1.9102063069123618,-1.523873333670645,1.1982065670171322,0.8982770485783882,0.913545949359611
3359,1.0719574792345703,-1.839631477441641,Fabricación de otros equipos y accesorios eléctricos,0.7464127593691879,produccion,sin pandemia,E1,1.6224186807887766,-0.24228568877494416,1.1679434715456014,0.5821693824169578,0.913545949359611
3361,-0.817941010470296,-4.108083973841617,Fabricación de automóviles y camiones,0.6801529750236635,produccion,sin pandemia,E1,2.2132621097440617,-0.7872324588174973,1.2179348807014199,0.7409790254272139,0.913545949359611
3362,-4.579687228505882,-2.9906103034467137,Fabricación de carrocerías y remolques,0.4826387565231524,produccion,sin pandemia,E1,2.377610118329299,-1.1934661433342542,1.2255701994538313,0.8349232653992976,0.913545949359611
3363,-2.9436675577208393,-1.4496877034565658,Fabricación de partes para vehículos automotores,0.5296068171162411,produccion,sin pandemia,E1,1.3743109840840835,-1.6413810824917334,1.1243004919499702,0.9278430288419103,0.913545949359611
3364,1.3171715884717348,0.2611436515912391,Fabricación de equipo aeroespacial,0.9896704181454756,produccion,sin pandemia,E1,5.198160484146467,-0.9723844699954173,1.264328580404987,0.7790805278785512,0.913545949359611
3365,-12.507088040471912,1.5280826156979281,Fabricación de equipo ferroviario,0.8018618332294466,produccion,sin pandemia,E1,5.406543136687966,-1.216213979818269,1.26509653291175,0.8318145597584019,0.913545949359611
3366,-11.521748213526504,-0.09056962179971872,Fabricación de embarcaciones,0.5822911532336551,produccion,sin pandemia,E1,9.536603818180948,-0.7967302729533817,1.271458166200451,0.7345481834111891,0.913545949359611
3369,-1.854069468211237,-7.454629307743803,Fabricación de otro equipo de transporte,0.6740711386128929,produccion,sin pandemia,E1,4.23357850065475,-0.8258855234125194,1.2591652595089073,0.7440555179698363,0.913545949359611
3371,-1.0752065028612356,-0.44379134894498207,"Fabricación de muebles, excepto de oficina y estantería",0.3642278188643361,produccion,sin pandemia,E1,1.6172816226508815,-0.6881865178049956,1.1672465352357158,0.7222642432890521,0.913545949359611
3372,-1.9261812522724675,-1.314357340920312,Fabricación de muebles de oficina y estantería,0.2214380514733216,produccion,sin pandemia,E1,1.6123414869440753,-0.874377820899138,1.1665697660079992,0.7732307741260545,0.913545949359611
3379,1.8409885171293647,-3.0077136068056256,"Fabricación de colchones, persianas y cortineros",0.3523025337449802,produccion,sin pandemia,E1,2.0781409185436384,-0.05316348086534434,1.2102240304776453,0.5175193521407101,0.913545949359611
3391,2.32378423466452,6.0454790343177,"Fabricación de equipo no electrónico y material desechable de uso médico, dental y para laboratorio, y artículos oftálmicos",0.7835186733412709,produccion,sin pandemia,E1,3.815690015748756,-0.686772629400634,1.255615045003227,0.7077972831319878,0.913545949359611
3399,-1.4236003580328582,-2.556283932633875,Otras industrias manufactureras,0.618987370047973,produccion,sin pandemia,E1,1.1684517194704045,-1.139993024473077,1.0631751023957678,0.858196864538213,0.913545949359611
