rama,sens,pre,rama_nombre,coef_exportacion,variable,muestra,especificacion,ee,sens_post,sd_post,prob_negativo,tau
3111,-0.3626102047323455,-0.2364566242245667,Elaboración de alimentos para animales,0.02886946578166,empleo,completa,E1,0.33755576021514483,-0.08819741616323071,0.2402280809832616,0.6432428259963712,0.0
3112,-0.2977423403413763,-0.19414348296995743,Molienda de granos y de semillas y obtención de aceites y grasas,0.0609807080676099,empleo,completa,E1,0.4027422153483633,-0.09393868936478547,0.2402280809832616,0.6521160123320672,0.0
3113,-0.20228330886204512,-0.20971181709622,"Elaboración de azúcares, chocolates, dulces y similares",0.2016423568218791,empleo,completa,E1,0.2919563068787221,-0.11908804195874428,0.2402280809832616,0.6899572110666704,0.0
3114,-0.11708476309495977,-0.3287317792408213,"Conservación de frutas, verduras, guisos y otros alimentos preparados",0.3156513149608729,empleo,completa,E1,0.38614320429562143,-0.13947207351603413,0.2402280809832616,0.7192388599424344,0.0
3115,-0.07685785865956796,0.03387980532293553,Elaboración de productos lácteos,0.0498313429839448,empleo,completa,E1,0.3596298139313298,-0.09194525820447175,0.2402280809832616,0.6490442829981722,0.0
3116,-0.08360077815680468,0.03239338992951001,"Matanza, empacado y procesamiento de carne de ganado, aves y otros animales comestibles",0.044361709007407,empleo,completa,E1,0.32911158069764496,-0.09096732459816122,0.2402280809832616,0.6475337761022912,0.0
3117,0.9162212333164073,0.14544234227131958,Preparación y envasado de pescados y mariscos,0.7478643561015712,empleo,completa,E1,0.5610194394152829,-0.2167488455688339,0.2402280809832616,0.8165413421251833,0.0
3118,0.046832227667740485,-0.013264466332751825,Elaboración de productos de panadería y tortillas,0.043199849411286,empleo,completa,E1,0.3231919308936998,-0.0907595919510161,0.2402280809832616,0.6472126134464861,0.0
3119,0.010223030916553834,-0.03668081497985077,Otras industrias alimentarias,0.1089707298904361,empleo,completa,E1,0.3355408054887641,-0.1025189810825548,0.2402280809832616,0.6652217838087786,0.0
3121,0.10316874563208818,0.13509471263436393,Industria de las bebidas,0.2419442465750293,empleo,completa,E1,0.3257723017903322,-0.12629374759763873,0.2402280809832616,0.7004601226084844,0.0
3122,0.08535492271395506,-0.47994991463621184,Industria del tabaco,0.1071479040489181,empleo,completa,E1,0.38778489113169057,-0.10219307213571882,0.2402280809832616,0.6647275175009512,0.0
3131,-0.32881349850478114,-0.22266010988589557,"Preparación e hilado de fibras textiles, y fabricación de hilos",0.2001267979454507,empleo,completa,E1,0.371690141964161,-0.118817070269604,0.2402280809832616,0.6895591330463403,0.0
3132,-0.20624066529954962,0.13599733953063786,Fabricación de telas,0.1336042055792961,empleo,completa,E1,0.3003404016291002,-0.10692328013066367,0.2402280809832616,0.6718728884097491,0.0
3133,0.42084789119406446,-0.2722586195675145,Acabado de productos textiles y fabricación de telas recubiertas,0.3062290364360683,empleo,completa,E1,1.0068552442596999,-0.13778743376555913,0.2402280809832616,0.7168703282754221,0.0
3141,-0.27015465103532493,-0.28432678143682066,"Confección de alfombras, blancos y similares",0.5072465584471345,empleo,completa,E1,0.8864126610639405,-0.17372800877937744,0.2402280809832616,0.7652151753322496,0.0
3149,0.32885705987416647,0.1714311459270591,"Fabricación de otros productos textiles, excepto prendas de vestir",0.3944218335152466,empleo,completa,E1,0.4273786427012135,-0.15355571011973768,0.2402280809832616,0.738656184314133,0.0
3151,-0.37762373994412624,-0.4098699995351748,Fabricación de prendas de vestir de tejido de punto,0.3365154443339868,empleo,completa,E1,0.4398212691898996,-0.1432024389057295,0.2402280809832616,0.7244492357481792,0.0
3152,-0.4068757881787303,-0.32374339439801003,Confección de prendas de vestir,0.4259861529321015,empleo,completa,E1,0.3116382180270597,-0.15919919720689393,0.2402280809832616,0.7462387090204139,0.0
3159,-0.3915583198956367,1.292225564254451,Confección de accesorios de vestir y otras prendas de vestir no clasificados en otra parte,0.6664841032423205,empleo,completa,E1,0.5309653574703393,-0.2021986061008019,0.2402280809832616,0.8000204547655609,0.0
3161,0.1798394850368134,-0.3822063225986183,Curtido y acabado de cuero y piel,0.262669438610518,empleo,completa,E1,0.4726835898221809,-0.1299992719299219,0.2402280809832616,0.7057976802522921,0.0
3162,-0.3732147739347726,-0.4328760253668707,Fabricación de calzado,0.1604241815757467,empleo,completa,E1,0.3190951721908983,-0.11171851066343372,0.2402280809832616,0.6790528327555029,0.0
3169,-0.39052289242901006,-0.38818322872075167,"Fabricación de otros productos de cuero, piel y materiales sucedáneos",0.6136094363212712,empleo,completa,E1,0.3711281954248824,-0.192744972836424,0.2402280809832616,0.7888222955060147,0.0
3211,-0.3686770918195322,-0.5382556776898324,Aserrado y conservación de la madera,0.0034917286527276,empleo,completa,E1,0.3108447175859573,-0.08366004819730213,0.2402280809832616,0.6361747472284143,0.0
3212,-0.9007450961279756,0.044156161797160476,Fabricación de laminados y aglutinados de madera,0.0775332943220637,empleo,completa,E1,0.3738517335099008,-0.09689817997037628,0.2402280809832616,0.656657960873415,0.0
3219,0.11776429739979381,-0.2294598632649795,Fabricación de otros productos de madera,0.1827036170504173,empleo,completa,E1,0.3852614709936314,-0.11570192322335396,0.2402280809832616,0.6849668849868134,0.0
3221,-0.17136482999240893,0.11346754009834666,"Fabricación de pulpa, papel y cartón",0.0619018679380005,empleo,completa,E1,0.33741585803127677,-0.0941033865269546,0.2402280809832616,0.6523693558238537,0.0
3222,-0.09190244522681659,-0.1344641161872443,Fabricación de productos de cartón y papel,0.1574973850413846,empleo,completa,E1,0.3019151505810804,-0.11119521921430506,0.2402280809832616,0.6782724881152477,0.0
3231,0.04896433396312208,-0.16567254173032836,Impresión e industrias conexas,0.1024504665734745,empleo,completa,E1,0.2930568271887813,-0.10135320204743066,0.2402280809832616,0.6634524757794507,0.0
3241,0.3451729110147952,-0.2709849492037314,Fabricación de productos derivados del petróleo y del carbón,0.0588949583065286,empleo,completa,E1,0.45032011854996207,-0.09356577139724595,0.2402280809832616,0.6515421247337749,0.0
3251,0.27672969762449257,0.11008295874506602,Fabricación de productos químicos básicos,0.135778270214786,empleo,completa,E1,0.38274844547441284,-0.1073119882011592,0.2402280809832616,0.6724573220073293,0.0
3252,-0.011210653699694114,-0.6194508046834611,"Fabricación de resinas y hules sintéticos, y fibras químicas",0.3119319594154858,empleo,completa,E1,0.3930424907060699,-0.13880707786966112,0.2402280809832616,0.7183050497729304,0.0
3253,-1.161316377972851,-0.11929551738700933,"Fabricación de fertilizantes, pesticidas y otros agroquímicos",0.1679807884786191,empleo,completa,E1,0.5731078396057905,-0.11306958093096828,0.2402280809832616,0.681063920342047,0.0
3254,0.1685900414362193,-0.11986118839924652,Fabricación de productos farmacéuticos,0.1290966945098601,empleo,completa,E1,0.3743547321743624,-0.10611736760077106,0.2402280809832616,0.6706598360186503,0.0
3255,-0.12647638230795155,0.2747435782330859,"Fabricación de pinturas, recubrimientos y adhesivos",0.0704773870608603,empleo,completa,E1,0.2733138610693166,-0.09563663141642553,0.2402280809832616,0.6547245739705847,0.0
3256,-0.25553270655869903,-0.1366699035908168,"Fabricación de jabones, limpiadores y preparaciones de tocador",0.2434658656862863,empleo,completa,E1,0.4089267888284277,-0.12656580281582802,0.2402280809832616,0.7008534892338595,0.0
3259,-0.03753392928262395,0.5580790383273952,Fabricación de otros productos químicos,0.3514735701280596,empleo,completa,E1,0.4609244880056584,-0.14587685075196852,0.2402280809832616,0.7281552118785298,0.0
3261,-0.2854408220565966,-0.23832924839630926,Fabricación de productos de plástico,0.2303591490643638,empleo,completa,E1,0.27539584692424035,-0.12422241042285478,0.2402280809832616,0.6974575056611437,0.0
3262,-0.3005452855428793,-0.09960942773366088,Fabricación de productos de hule,0.4171737487232005,empleo,completa,E1,0.3826835531201678,-0.15762359886425462,0.2402280809832616,0.7441334381994369,0.0
3271,-0.05496803793586228,-0.23221843526061284,Fabricación de productos a base de arcillas y minerales refractarios,0.3488287256548686,empleo,completa,E1,0.3524308780992132,-0.14540397042672318,0.2402280809832616,0.7275017427737167,0.0
3272,-0.03443365362337316,-0.3510516265900774,Fabricación de vidrio y productos de vidrio,0.272472982882299,empleo,completa,E1,0.28090596535546963,-0.1317520794204144,0.2402280809832616,0.7083070784460728,0.0
3273,0.020921220395430134,0.42027973961857884,Fabricación de cemento y productos de concreto,0.0343074151008847,empleo,completa,E1,0.39676142096387845,-0.08916968476685114,0.2402280809832616,0.6447510957863032,0.0
3274,0.10956511259778941,0.08412711411890286,"Fabricación de cal, yeso y productos de yeso",0.1199075903205221,empleo,completa,E1,0.3827870179393096,-0.1044744178463287,0.2402280809832616,0.668181322450599,0.0
3279,-0.12841071434511409,0.05705625619329569,Fabricación de otros productos a base de minerales no metálicos,0.2243733059375072,empleo,completa,E1,0.31947854790295815,-0.12315218210758436,0.2402280809832616,0.6959008316615246,0.0
3311,-0.7748848992479849,-1.2772331590587978,Industria básica del hierro y del acero,0.279574215702268,empleo,completa,E1,1.2434312440393054,-0.13302173187808736,0.2402280809832616,0.7101185166696308,0.0
3312,0.02934912976477359,0.3715724679089689,Fabricación de productos de hierro y acero,0.0669975578374552,empleo,completa,E1,0.36325140499211916,-0.09501446145836494,0.2402280809832616,0.6537695744363115,0.0
3313,-0.5920300501967656,-0.2878083117424048,Industria básica del aluminio,0.2650002880058719,empleo,completa,E1,0.41679952368586926,-0.13041601205636233,0.2402280809832616,0.7063952073308386,0.0
3314,-0.002385588072448091,0.06436007106661285,"Industrias de metales no ferrosos, excepto aluminio",0.4934732886739018,empleo,completa,E1,0.29077873030055024,-0.17126544118567694,0.2402280809832616,0.7620549933566003,0.0
3315,-0.19752578904845983,0.35490308483068983,Moldeo por fundición de piezas metálicas,0.0974402319506194,empleo,completa,E1,0.4074175838205038,-0.10045740594220537,0.2402280809832616,0.6620904564785175,0.0
3321,-0.007744304178093847,-0.09060782737441334,Fabricación de productos metálicos forjados y troquelados,0.4526204884780047,empleo,completa,E1,0.3693073942736122,-0.16396123648115202,0.2402280809832616,0.752545908273776,0.0
3322,0.014197457469392643,-0.10414082073984243,Fabricación de herramientas de mano sin motor y utensilios de cocina metálicos,0.4783144421423179,empleo,completa,E1,0.5750424337243072,-0.16855514182748788,0.2402280809832616,0.7585501120513893,0.0
3323,0.036975221947228645,-0.05324285892252437,Fabricación de estructuras metálicas y productos de herrería,0.2249299265714363,empleo,completa,E1,0.31422335661467293,-0.12325170211682449,0.2402280809832616,0.6960457364679093,0.0
3324,0.30510614813902365,0.3175913300733505,"Fabricación de calderas, tanques y envases metálicos",0.2575554192946691,empleo,completa,E1,0.40543045031975866,-0.1290849198226799,0.2402280809832616,0.7044847063798747,0.0
3325,-0.17651365639811212,-0.6886482394479304,Fabricación de herrajes y cerraduras,0.8134327973740351,empleo,completa,E1,0.4839039502745076,-0.22847203993774268,0.2402280809832616,0.8292138026859939,0.0
3326,-0.3425373700968067,0.2237879577446119,"Fabricación de alambre, productos de alambre y resortes",0.3138914060002775,empleo,completa,E1,0.40696996351246484,-0.13915741368248843,0.2402280809832616,0.7187971902042001,0.0
3327,0.3177404741623947,0.11144869066613665,Maquinado de piezas y fabricación de tornillos,0.1233232283296124,empleo,completa,E1,0.3151348321791754,-0.1050851108488969,0.2402280809832616,0.6691034660009231,0.0
3329,-0.34492888995899224,-0.41242697328224065,Fabricación de otros productos metálicos,0.6293046757254936,empleo,completa,E1,0.400450119813059,-0.19555117561677782,0.2402280809832616,0.7921841035063102,0.0
3331,-0.9607372586786582,0.3575626547153586,"Fabricación de maquinaria y equipo agropecuario, para la construcción y para la industria extractiva",0.519899184727109,empleo,completa,E1,0.6907693195768391,-0.1759902128867,0.2402280809832616,0.7680976679612963,0.0
3332,-0.6801606291785376,0.14587692710303438,"Fabricación de maquinaria y equipo para las industrias manufactureras, excepto la metalmecánica",0.6992566972513394,empleo,completa,E1,0.3927533087370321,-0.20805812452285127,0.2402280809832616,0.8067784382345818,0.0
3333,0.4918910031256795,0.3842217497882644,Fabricación de maquinaria y equipo para el comercio y los servicios,0.8664849575372038,empleo,completa,E1,0.9802328152622811,-0.2379574077948019,0.2402280809832616,0.8390467920787735,0.0
3334,-0.41077712886952633,-0.7956452925410269,"Fabricación de equipo de aire acondicionado, calefacción, y de refrigeración industrial y comercial",0.8482017522901368,empleo,completa,E1,0.4282630070083678,-0.23468849420407983,0.2402280809832616,0.8357006462632891,0.0
3335,-0.7806471106001024,0.6754428096120226,Fabricación de maquinaria y equipo para la industria metalmecánica,0.6052735791408839,empleo,completa,E1,0.6902257788689959,-0.19125457788329303,0.2402280809832616,0.7870239328624842,0.0
3336,-0.573540974361865,-0.21296241789394046,"Fabricación de motores de combustión interna, turbinas y transmisiones",0.8385248456652771,empleo,completa,E1,0.6679667185621341,-0.2329583286693891,0.2402280809832616,0.8339114789940244,0.0
3339,-0.0704211536823213,-0.2584422141689824,Fabricación de otra maquinaria y equipo para la industria en general,0.6417221502759753,empleo,completa,E1,0.37149462941452094,-0.1977713361833736,0.2402280809832616,0.7948213024719463,0.0
3341,0.47794954393370764,-0.5114697334364631,Fabricación de computadoras y equipo periférico,0.7847307234340066,empleo,completa,E1,0.8790048475387678,-0.22334030300668567,0.2402280809832616,0.8237370588362659,0.0
3342,-0.35094119301763954,-0.8564112219978585,Fabricación de equipo de comunicación,0.895054776922478,empleo,completa,E1,1.1549437214329619,-0.24306549850488024,0.2402280809832616,0.8441858685317989,0.0
3344,-0.18981359101543419,-0.239239932173264,Fabricación de componentes electrónicos,0.4744887481943934,empleo,completa,E1,0.40283168906193717,-0.1678711335930827,0.2402280809832616,0.757661161281282,0.0
3345,-0.23534657404437406,0.012985264615103848,"Fabricación de instrumentos de medición, control, navegación, y equipo médico electrónico",0.9203173609236356,empleo,completa,E1,0.487931287841703,-0.2475822778694498,0.2402280809832616,0.8486389237395866,0.0
3346,1.4573195765854188,0.18048983091459253,Fabricación y reproducción de medios magnéticos y ópticos,0.6054992436078728,empleo,completa,E1,0.8942375470644935,-0.19129492516557284,0.2402280809832616,0.7870727346857465,0.0
3351,-0.40943317369130233,0.00034557053974132104,Fabricación de accesorios de iluminación,0.831395116765869,empleo,completa,E1,0.48942396218701095,-0.23168358130521027,0.2402280809832616,0.8325852371645959,0.0
3352,-0.3893539284893071,-0.4479665544527822,Fabricación de aparatos eléctricos de uso doméstico,0.3900028883753999,empleo,completa,E1,0.48876705540292464,-0.15276563257977147,0.2402280809832616,0.7375854337829438,0.0
3353,-0.5240575219949537,-0.3484347282351011,Fabricación de equipo de generación y distribución de energía eléctrica,0.8989208694711824,empleo,completa,E1,0.44537953113007855,-0.2437567297362026,0.2402280809832616,0.8448728892973929,0.0
3359,-0.17850047043293943,-0.714158092348241,Fabricación de otros equipos y accesorios eléctricos,0.7464127593691879,empleo,completa,E1,0.49927718673578003,-0.2164893098789692,0.2402280809832616,0.816254316822333,0.0
3361,-0.18499578300870956,0.044559292471324424,Fabricación de automóviles y camiones,0.6801529750236635,empleo,completa,E1,0.391995811038745,-0.2046425080387861,0.2402280809832616,0.8028561968580964,0.0
3362,-1.1017534395382012,0.33832212533193085,Fabricación de carrocerías y remolques,0.4826387565231524,empleo,completa,E1,0.9450158664122016,-0.16932830002699628,0.2402280809832616,0.7595527875934585,0.0
3363,-0.24317307156167178,-0.14483981288360329,Fabricación de partes para vehículos automotores,0.5296068171162411,empleo,completa,E1,0.3868542737752546,-0.17772587198048273,0.2402280809832616,0.7702958098717129,0.0
3364,0.9615890678113445,0.489337703941037,Fabricación de equipo aeroespacial,0.9896704181454756,empleo,completa,E1,0.9549294345973057,-0.25998213600411507,0.2402280809832616,0.8604249217647608,0.0
3365,1.0038689638806604,0.1949377879058792,Fabricación de equipo ferroviario,0.8018618332294466,empleo,completa,E1,1.87943608648321,-0.22640322971333898,0.2402280809832616,0.8270191434048713,0.0
3366,1.9313415836907484,0.39304865138407974,Fabricación de embarcaciones,0.5822911532336551,empleo,completa,E1,1.7064552810895675,-0.187145475382901,0.2402280809832616,0.7820197061517393,0.0
3369,-0.6908451331237369,0.5790846391423443,Fabricación de otro equipo de transporte,0.6740711386128929,empleo,completa,E1,0.7757042055486778,-0.20355511677280957,0.2402280809832616,0.8015974767056,0.0
3371,0.08009904626478723,-0.3574755564861657,"Fabricación de muebles, excepto de oficina y estantería",0.3642278188643361,empleo,completa,E1,0.37905563363197037,-0.1481572242679937,0.2402280809832616,0.731295452197312,0.0
3372,-0.05595187059407618,0.3173179161326767,Fabricación de muebles de oficina y estantería,0.2214380514733216,empleo,completa,E1,0.5204027085337155,-0.1226273784377386,0.2402280809832616,0.6951361894976971,0.0
3379,0.2822218931130914,-0.21042484825085886,"Fabricación de colchones, persianas y cortineros",0.3523025337449802,empleo,completa,E1,0.5591759865113515,-0.1460250638468251,0.2402280809832616,0.7283598656262026,0.0
3391,-0.27842469708121365,-0.274500639231766,"Fabricación de equipo no electrónico y material desechable de uso médico, dental y para laboratorio, y artículos oftálmicos",0.7835186733412709,empleo,completa,E1,0.4689172899244399,-0.22312359663779469,0.2402280809832616,0.8235033634667992,0.0
3399,-0.25009758455394654,-0.47304186753481275,Otras industrias manufactureras,0.618987370047973,empleo,completa,E1,0.43889355354514187,-0.19370651105752112,0.2402280809832616,0.7899777837981723,0.0
3111,0.13176959119078818,-0.07051093676556439,Elaboración de alimentos para animales,0.02886946578166,empleo,sin pandemia,E1,0.2141522956007997,0.013272460646017531,0.07946799472121933,0.4336785612675894,0.0
3112,-0.0541978924745431,-0.07592853088980799,Molienda de granos y de semillas y obtención de aceites y grasas,0.0609807080676099,empleo,sin pandemia,E1,0.16516030244213795,0.013803212626236128,0.07946799472121933,0.4310524882533154,0.0
3113,-0.1321656153033967,-0.0857250079451402,"Elaboración de azúcares, chocolates, dulces y similares",0.2016423568218791,empleo,sin pandemia,E1,0.15081508066530067,0.01612814443523708,0.07946799472121933,0.419586491432835,0.0
3114,0.18683873293340952,-0.15681002188189325,"Conservación de frutas, verduras, guisos y otros alimentos preparados",0.3156513149608729,empleo,sin pandemia,E1,0.1792170839150807,0.018012546158349678,0.07946799472121933,0.4103424495243324,0.0
3115,0.017387173345536154,0.03627264688545379,Elaboración de productos lácteos,0.0498313429839448,empleo,sin pandemia,E1,0.11267800440469239,0.013618929889877326,0.07946799472121933,0.43196394948765127,0.0
3116,-0.015372745154029683,0.05655159694146212,"Matanza, empacado y procesamiento de carne de ganado, aves y otros animales comestibles",0.044361709007407,empleo,sin pandemia,E1,0.15808878694965758,0.01352852482120178,0.07946799472121933,0.4324112251388017,0.0
3117,0.33280303361929847,-0.04128357955983776,Preparación y envasado de pescados y mariscos,0.7478643561015712,empleo,sin pandemia,E1,0.389228704259611,0.02515639706947123,0.07946799472121933,0.37578870427118477,0.0
3118,-0.013961188083892165,-0.16706439978758525,Elaboración de productos de panadería y tortillas,0.043199849411286,empleo,sin pandemia,E1,0.13452191986434986,0.01350932097739263,0.07946799472121933,0.43250624660291415,0.0
3119,0.13660846029987087,0.021044451676945283,Otras industrias alimentarias,0.1089707298904361,empleo,sin pandemia,E1,0.23174864069667564,0.014596417662851711,0.07946799472121933,0.42713355103456896,0.0
3121,0.07227871436096134,0.05485245611242241,Industria de las bebidas,0.2419442465750293,empleo,sin pandemia,E1,0.15392982415747394,0.016794275866794786,0.07946799472121933,0.41631339235755405,0.0
3122,0.12095528760243497,-0.3045575804379478,Industria del tabaco,0.1071479040489181,empleo,sin pandemia,E1,0.25763978679326893,0.014566289011447818,0.07946799472121933,0.42728227696411286,0.0
3131,0.12712470730777914,-0.42191875162049547,"Preparación e hilado de fibras textiles, y fabricación de hilos",0.2001267979454507,empleo,sin pandemia,E1,0.3159107371135953,0.016103094458420883,0.07946799472121933,0.4197096869440515,0.0
3132,0.10545062585145244,0.1649468311787103,Fabricación de telas,0.1336042055792961,empleo,sin pandemia,E1,0.18094400170321176,0.0150035730723218,0.07946799472121933,0.42512470864971436,0.0
3133,-0.10374232511232298,-0.8893745343879819,Acabado de productos textiles y fabricación de telas recubiertas,0.3062290364360683,empleo,sin pandemia,E1,0.9077702196688314,0.01785680964274937,0.07946799472121933,0.41110461303450735,0.0
3141,-0.09750704290581781,-0.33960018819508825,"Confección de alfombras, blancos y similares",0.5072465584471345,empleo,sin pandemia,E1,0.3876452699604539,0.021179335969072496,0.07946799472121933,0.3949216756944543,0.0
3149,0.02558787447893948,0.3675764589927032,"Fabricación de otros productos textiles, excepto prendas de vestir",0.3944218335152466,empleo,sin pandemia,E1,0.3271803201925234,0.01931450789291242,0.07946799472121933,0.40398424946320344,0.0
3151,-0.16062961108225243,-0.5265016723560848,Fabricación de prendas de vestir de tejido de punto,0.3365154443339868,empleo,sin pandemia,E1,0.27064875469734273,0.018357399773220956,0.07946799472121933,0.40865596886938194,0.0
3152,0.08429061298640143,-0.3462019300748766,Confección de prendas de vestir,0.4259861529321015,empleo,sin pandemia,E1,0.11073387389838531,0.019836220036141404,0.07946799472121933,0.40144344148202243,0.0
3159,-0.1299381855835806,1.482572922734755,Confección de accesorios de vestir y otras prendas de vestir no clasificados en otra parte,0.6664841032423205,empleo,sin pandemia,E1,0.5505482152170053,0.023811300234814158,0.07946799472121933,0.38222823530765987,0.0
3161,0.3553071205841731,-0.2697967309445567,Curtido y acabado de cuero y piel,0.262669438610518,empleo,sin pandemia,E1,0.3089053668236959,0.01713683305020401,0.07946799472121933,0.41463244730940374,0.0
3162,-0.013378279028247037,-0.6311530279690797,Fabricación de calzado,0.1604241815757467,empleo,sin pandemia,E1,0.26229941184862343,0.01544686814146834,0.07946799472121933,0.4229397689287454,0.0
3169,-0.16836373002151048,-0.002874136953577708,"Fabricación de otros productos de cuero, piel y materiales sucedáneos",0.6136094363212712,empleo,sin pandemia,E1,0.3133295309508406,0.022937359142101446,0.07946799472121933,0.3864298030965601,0.0
3211,-0.07118244270016613,-0.7255633902058154,Aserrado y conservación de la madera,0.0034917286527276,empleo,sin pandemia,E1,0.2678142745112504,0.012853003680923993,0.07946799472121933,0.4357560440696989,0.0
3212,-0.15388222158954168,0.24119100325522266,Fabricación de laminados y aglutinados de madera,0.0775332943220637,empleo,sin pandemia,E1,0.1821715109206575,0.014076802724496962,0.07946799472121933,0.4296999917755814,0.0
3219,0.1183805975855563,-0.13255335748072533,Fabricación de otros productos de madera,0.1827036170504173,empleo,sin pandemia,E1,0.2389172756661228,0.015815114701069923,0.07946799472121933,0.42112653053434723,0.0
3221,-0.01345196744045513,-0.04014330496481574,"Fabricación de pulpa, papel y cartón",0.0619018679380005,empleo,sin pandemia,E1,0.15367632748884016,0.013818438054793332,0.07946799472121933,0.4309771997319321,0.0
3222,0.04101508522541999,0.024491661223626476,Fabricación de productos de cartón y papel,0.1574973850413846,empleo,sin pandemia,E1,0.1492970504548298,0.015398492465358501,0.07946799472121933,0.42317809198205947,0.0
3231,0.10397471443015224,-0.25609409187138416,Impresión e industrias conexas,0.1024504665734745,empleo,sin pandemia,E1,0.1701171554629472,0.014488647224193282,0.07946799472121933,0.42766559251914227,0.0
3241,0.1725498055708453,-0.19379530202008244,Fabricación de productos derivados del petróleo y del carbón,0.0588949583065286,empleo,sin pandemia,E1,0.379078047020017,0.013768738226084418,0.07946799472121933,0.4312229706484948,0.0
3251,0.1669829874143929,0.10078283411290685,Fabricación de productos químicos básicos,0.135778270214786,empleo,sin pandemia,E1,0.3377802154734387,0.015039507188483806,0.07946799472121933,0.42494750775890755,0.0
3252,0.3930608330254711,-0.7496778008166513,"Fabricación de resinas y hules sintéticos, y fibras químicas",0.3119319594154858,empleo,sin pandemia,E1,0.2744793508052808,0.017951070638241418,0.07946799472121933,0.41064326609805646,0.0
3253,-0.22718690503677938,-0.17925623041614075,"Fabricación de fertilizantes, pesticidas y otros agroquímicos",0.1679807884786191,empleo,sin pandemia,E1,0.5368406898196725,0.015571767827432463,0.07946799472121933,0.4223245804851784,0.0
3254,0.10730366366880027,-0.1447204486213352,Fabricación de productos farmacéuticos,0.1290966945098601,empleo,sin pandemia,E1,0.14761105437540886,0.014929070491429525,0.07946799472121933,0.42549214927957235,0.0
3255,-0.07371394545523473,0.1861735953951135,"Fabricación de pinturas, recubrimientos y adhesivos",0.0704773870608603,empleo,sin pandemia,E1,0.2026764698773595,0.013960178873019223,0.07946799472121933,0.4302764234901703,0.0
3256,-0.03805766400412078,-0.10451487944365795,"Fabricación de jabones, limpiadores y preparaciones de tocador",0.2434658656862863,empleo,sin pandemia,E1,0.22208180510181544,0.016819426010449973,0.07946799472121933,0.4161899268849021,0.0
3259,-0.306446804308546,0.26470412018480916,Fabricación de otros productos químicos,0.3514735701280596,empleo,sin pandemia,E1,0.36140528901057545,0.01860463576661124,0.07946799472121933,0.40744791808069397,0.0
3261,-0.1357324536854288,-0.1481486320173444,Fabricación de productos de plástico,0.2303591490643638,empleo,sin pandemia,E1,0.13303805591929854,0.016602791109211874,0.07946799472121933,0.4172536869851779,0.0
3262,-0.060511897846189364,0.04401527714017209,Fabricación de productos de hule,0.4171737487232005,empleo,sin pandemia,E1,0.18761089240464773,0.019690563853091536,0.07946799472121933,0.402152392386924,0.0
3271,0.18769840306724017,-0.1546394449766933,Fabricación de productos a base de arcillas y minerales refractarios,0.3488287256548686,empleo,sin pandemia,E1,0.25765705776547326,0.018560920346665295,0.07946799472121933,0.40766145777860513,0.0
3272,0.1509021576287444,-0.26544088229593554,Fabricación de vidrio y productos de vidrio,0.272472982882299,empleo,sin pandemia,E1,0.1383430777639123,0.017298871332282098,0.07946799472121933,0.4138378597410868,0.0
3273,0.03898177273161468,0.36690529760170043,Fabricación de cemento y productos de concreto,0.0343074151008847,empleo,sin pandemia,E1,0.2491615827600125,0.013362342013540016,0.07946799472121933,0.4332336338585573,0.0
3274,-0.10080156676216363,0.06697549996757873,"Fabricación de cal, yeso y productos de yeso",0.1199075903205221,empleo,sin pandemia,E1,0.27149085718766297,0.014777188007360692,0.07946799472121933,0.42624142138307075,0.0
3279,0.12505155894626047,0.019516822938003612,Fabricación de otros productos a base de minerales no metálicos,0.2243733059375072,empleo,sin pandemia,E1,0.160334807326871,0.016503853856502493,0.07946799472121933,0.4177397087244282,0.0
3311,0.32731625030437583,-1.4564704865489895,Industria básica del hierro y del acero,0.279574215702268,empleo,sin pandemia,E1,1.3707713282370297,0.01741624434910994,0.07946799472121933,0.4132625173890721,0.0
3312,-0.07619913639618821,0.39884965864558236,Fabricación de productos de hierro y acero,0.0669975578374552,empleo,sin pandemia,E1,0.2993003499590093,0.013902662373511107,0.07946799472121933,0.4305607626280379,0.0
3313,-0.1181274455534023,-0.5040136438148443,Industria básica del aluminio,0.2650002880058719,empleo,sin pandemia,E1,0.3348952274627794,0.017175358589675796,0.07946799472121933,0.41444349773182754,0.0
3314,0.16272688817201228,-0.004858524112029598,"Industrias de metales no ferrosos, excepto aluminio",0.4934732886739018,empleo,sin pandemia,E1,0.21632880454985806,0.020951683916836987,0.07946799472121933,0.3960250698412684,0.0
3315,0.03608844949146997,0.10533202090182033,Moldeo por fundición de piezas metálicas,0.0974402319506194,empleo,sin pandemia,E1,0.23384821763840283,0.014405835356506566,0.07946799472121933,0.4280745078812713,0.0
3321,0.2724258141560214,0.1016301514061563,Fabricación de productos metálicos forjados y troquelados,0.4526204884780047,empleo,sin pandemia,E1,0.3144880938179614,0.020276446739515626,0.07946799472121933,0.39930271067340184,0.0
3322,-0.12129406936201151,-0.1333027116364028,Fabricación de herramientas de mano sin motor y utensilios de cocina metálicos,0.4783144421423179,empleo,sin pandemia,E1,0.32991516833463014,0.02070113030253511,0.07946799472121933,0.39724042767801504,0.0
3323,-0.06947342894533456,-0.06658896132175836,Fabricación de estructuras metálicas y productos de herrería,0.2249299265714363,empleo,sin pandemia,E1,0.117688301291415,0.016513053983394428,0.07946799472121933,0.4176945084886244,0.0
3324,-0.11134948566370576,0.2522667768891173,"Fabricación de calderas, tanques y envases metálicos",0.2575554192946691,empleo,sin pandemia,E1,0.24012994106939659,0.017052305772978407,0.07946799472121933,0.4150470828463093,0.0
3325,-0.23116422880003623,-0.16098531912417147,Fabricación de herrajes y cerraduras,0.8134327973740351,empleo,sin pandemia,E1,0.22289813747112383,0.026240147730230742,0.07946799472121933,0.37062529872170147,0.0
3326,-0.11699709120976506,-0.046367979876766094,"Fabricación de alambre, productos de alambre y resortes",0.3138914060002775,empleo,sin pandemia,E1,0.21091528081827865,0.01798345743118296,0.07946799472121933,0.4104847820778641,0.0
3327,0.013614421194283952,-0.03759592180662173,Maquinado de piezas y fabricación de tornillos,0.1233232283296124,empleo,sin pandemia,E1,0.1347318728602386,0.014833643519760097,0.07946799472121933,0.42596288178846775,0.0
3329,-0.08077321282931467,0.06541855531513506,Fabricación de otros productos metálicos,0.6293046757254936,empleo,sin pandemia,E1,0.20271693186307888,0.023196778547916238,0.07946799472121933,0.38518120071398315,0.0
3331,-0.3208917050868007,0.4752033804383191,"Fabricación de maquinaria y equipo agropecuario, para la construcción y para la industria extractiva",0.519899184727109,empleo,sin pandemia,E1,0.3457793798788298,0.021388465419539152,0.07946799472121933,0.393908799634763,0.0
3332,-0.09730395096671657,0.07524710278354363,"Fabricación de maquinaria y equipo para las industrias manufactureras, excepto la metalmecánica",0.6992566972513394,empleo,sin pandemia,E1,0.23697834613962546,0.02435298339401095,0.07946799472121933,0.3796309432916683,0.0
3333,0.33476442216189695,0.19431105609493401,Fabricación de maquinaria y equipo para el comercio y los servicios,0.8664849575372038,empleo,sin pandemia,E1,0.80480629135369,0.027117022527248368,0.07946799472121933,0.3664644686142996,0.0
3334,0.2612823647984065,-0.6482698897587987,"Fabricación de equipo de aire acondicionado, calefacción, y de refrigeración industrial y comercial",0.8482017522901368,empleo,sin pandemia,E1,0.37759631687285694,0.02681482782225342,0.07946799472121933,0.36789665964809254,0.0
3335,-0.2655715092837255,0.1246519355282822,Fabricación de maquinaria y equipo para la industria metalmecánica,0.6052735791408839,empleo,sin pandemia,E1,0.6509263969028349,0.02279957958608452,0.07946799472121933,0.3870934243612182,0.0
3336,0.12791889282733976,-0.31831651144159884,"Fabricación de motores de combustión interna, turbinas y transmisiones",0.8385248456652771,empleo,sin pandemia,E1,0.2927244023174643,0.026654882675697007,0.07946799472121933,0.36865543288543046,0.0
3339,-0.06319063125621033,-0.09195495146955553,Fabricación de otra maquinaria y equipo para la industria en general,0.6417221502759753,empleo,sin pandemia,E1,0.2872497410040798,0.023402021283413454,0.07946799472121933,0.3841941961724686,0.0
3341,0.5821819807994946,-0.2791522775540555,Fabricación de computadoras y equipo periférico,0.7847307234340066,empleo,sin pandemia,E1,0.42859289246720333,0.025765744328319504,0.07946799472121933,0.37288273479584905,0.0
3342,0.3850477284932484,-1.394568304106054,Fabricación de equipo de comunicación,0.895054776922478,empleo,sin pandemia,E1,1.4161244147913352,0.027589239954347308,0.07946799472121933,0.364230214484459,0.0
3344,0.32721183221442074,-0.1920365088258728,Fabricación de componentes electrónicos,0.4744887481943934,empleo,sin pandemia,E1,0.34453518873171257,0.02063789716379542,0.07946799472121933,0.3975473102688478,0.0
3345,-0.008664147562229845,-0.03157963099605501,"Fabricación de instrumentos de medición, control, navegación, y equipo médico electrónico",0.9203173609236356,empleo,sin pandemia,E1,0.3864503390918464,0.02800679360626316,0.07946799472121933,0.3622584306586977,0.0
3346,1.0054994541222877,-0.0018208498401270836,Fabricación y reproducción de medios magnéticos y ópticos,0.6054992436078728,empleo,sin pandemia,E1,1.0601381065885045,0.02280330949044801,0.07946799472121933,0.387075454756974,0.0
3351,0.09841296730720668,-0.0031984656728524783,Fabricación de accesorios de iluminación,0.831395116765869,empleo,sin pandemia,E1,0.4276849851622947,0.026537038660255773,0.07946799472121933,0.3692148080789067,0.0
3352,-0.032724137096469534,-0.27415977692884613,Fabricación de aparatos eléctricos de uso doméstico,0.3900028883753999,empleo,sin pandemia,E1,0.28846148975956715,0.019241469177606246,0.07946799472121933,0.40434028391905896,0.0
3353,0.10227302156122406,0.04711289018657921,Fabricación de equipo de generación y distribución de energía eléctrica,0.8989208694711824,empleo,sin pandemia,E1,0.24860431659568832,0.027653140823010715,0.07946799472121933,0.36392822545753356,0.0
3359,0.16318520774741244,-0.31791538453019275,Fabricación de otros equipos y accesorios eléctricos,0.7464127593691879,empleo,sin pandemia,E1,0.3101976774004421,0.02513240429356644,0.07946799472121933,0.3759032710403409,0.0
3361,-0.3175510009425858,-0.12607500572902675,Fabricación de automóviles y camiones,0.6801529750236635,empleo,sin pandemia,E1,0.3819783324012299,0.02403722674057492,0.07946799472121933,0.38114429872696237,0.0
3362,-0.3657113618701503,0.3214600207161176,Fabricación de carrocerías y remolques,0.4826387565231524,empleo,sin pandemia,E1,0.5913329642955134,0.020772604909474246,0.07946799472121933,0.3968936242439166,0.0
3363,-0.14599389017462536,-0.03085550147570227,Fabricación de partes para vehículos automotores,0.5296068171162411,empleo,sin pandemia,E1,0.22757437260314878,0.021548918418145827,0.07946799472121933,0.3931321639469183,0.0
3364,-0.14579974539362023,-0.016264447775321725,Fabricación de equipo aeroespacial,0.9896704181454756,empleo,sin pandemia,E1,0.4181843577627464,0.02915309844638487,0.07946799472121933,0.356864212789629,0.0
3365,0.783194942692991,-1.3871287335401983,Fabricación de equipo ferroviario,0.8018618332294466,empleo,sin pandemia,E1,0.8215803420958583,0.02604889657656654,0.07946799472121933,0.3715348314954179,0.0
3366,0.23729426917414587,-2.4796220888816305,Fabricación de embarcaciones,0.5822911532336551,empleo,sin pandemia,E1,1.5712873394571203,0.022419713620393557,0.07946799472121933,0.3889247699467197,0.0
3369,0.18859267214390993,0.2939681903079212,Fabricación de otro equipo de transporte,0.6740711386128929,empleo,sin pandemia,E1,0.6707548178822745,0.02393670285895,0.07946799472121933,0.3816264715721934,0.0
3371,0.06670167022201745,-0.09711382973131115,"Fabricación de muebles, excepto de oficina y estantería",0.3642278188643361,empleo,sin pandemia,E1,0.35504884197576436,0.018815444887999272,0.07946799472121933,0.4064185515057891,0.0
3372,0.03399003661211193,-0.16638010377032939,Fabricación de muebles de oficina y estantería,0.2214380514733216,empleo,sin pandemia,E1,0.2254897205591704,0.016455338383153974,0.07946799472121933,0.41797808327277397,0.0
3379,0.29854988435941826,-0.23649695560138792,"Fabricación de colchones, persianas y cortineros",0.3523025337449802,empleo,sin pandemia,E1,0.2937043633888525,0.01861833732562574,0.07946799472121933,0.40738099479679235,0.0
3391,-0.050350602750017404,-0.21042590790328794,"Fabricación de equipo no electrónico y material desechable de uso médico, dental y para laboratorio, y artículos oftálmicos",0.7835186733412709,empleo,sin pandemia,E1,0.19425785919000466,0.025745710908836223,0.07946799472121933,0.37297816004591766,0.0
3399,0.0157840784334103,-0.2110050853411559,Otras industrias manufactureras,0.618987370047973,empleo,sin pandemia,E1,0.33899556832679845,0.02302624853945062,0.07946799472121933,0.38600183950385725,0.0
3111,-0.436081466854539,-1.1307171944854582,Elaboración de alimentos para animales,0.02886946578166,exportaciones,completa,T1,1.3440240334934868,-0.9247740744265481,1.2379435690549252,0.7724755892769117,0.8668238627484194
3112,-0.23504501747063328,-0.852252016580936,Molienda de granos y de semillas y obtención de aceites y grasas,0.0609807080676099,exportaciones,completa,T1,1.284199224133019,-0.7038407577008399,1.215904165412389,0.7186588650425367,0.8668238627484194
3113,0.9744415296382684,1.1498711343150205,"Elaboración de azúcares, chocolates, dulces y similares",0.2016423568218791,exportaciones,completa,T1,1.7060776102925108,-0.5939594108049583,1.3107497764621772,0.6747777516954698,0.8668238627484194
3114,-1.06293953904055,-0.2702421994579889,"Conservación de frutas, verduras, guisos y otros alimentos preparados",0.3156513149608729,exportaciones,completa,T1,1.273952639401868,-1.0834422492571023,1.2116121195825098,0.8143966802422195,0.8668238627484194
3115,-0.9988286329836985,0.6442108673368866,Elaboración de productos lácteos,0.0498313429839448,exportaciones,completa,T1,1.6930740607049355,-1.341930012095412,1.3091555150813898,0.8473266252355129,0.8668238627484194
3116,0.731386367147438,1.159720154003153,"Matanza, empacado y procesamiento de carne de ganado, aves y otros animales comestibles",0.044361709007407,exportaciones,completa,T1,1.8811521458075546,-0.9612027309124156,1.328352163256645,0.765345971770252,0.8668238627484194
3117,1.0822921564373544,-0.6006805295600876,Preparación y envasado de pescados y mariscos,0.7478643561015712,exportaciones,completa,T1,1.510956813077178,0.14246304954466849,1.2805959840081587,0.4557100590651478,0.8668238627484194
3118,-0.8802565584156682,0.49258127938847085,Elaboración de productos de panadería y tortillas,0.043199849411286,exportaciones,completa,T1,1.2536431925765512,-1.0888389525260804,1.2025788660265324,0.8173785369447537,0.8668238627484194
3119,0.2420558504215826,1.6296649251251283,Otras industrias alimentarias,0.1089707298904361,exportaciones,completa,T1,1.4627175416578577,-0.6791409937062601,1.270412092375804,0.703530957106366,0.8668238627484194
3121,-2.1158993113780884,-1.9970171106043166,Industria de las bebidas,0.2419442465750293,exportaciones,completa,T1,1.2851565823828004,-1.7790085223679073,1.216296614227109,0.9282175440073169,0.8668238627484194
3122,0.028406074140020537,2.7995392041169365,Industria del tabaco,0.1071479040489181,exportaciones,completa,T1,1.6798039256185362,-0.958826010580707,1.307478647378755,0.7683243691431976,0.8668238627484194
3131,-2.816502193651993,-1.8906091593000491,"Preparación e hilado de fibras textiles, y fabricación de hilos",0.2001267979454507,exportaciones,completa,T1,2.0988177164472477,-1.5740830653171527,1.343288077924936,0.879364023493133,0.8668238627484194
3132,-2.9722941148901003,-2.6020565541991325,Fabricación de telas,0.1336042055792961,exportaciones,completa,T1,1.5699907372337842,-1.9705150989814024,1.291341298098661,0.9364881514537002,0.8668238627484194
3133,-4.884820558273532,-1.8799556545087415,Acabado de productos textiles y fabricación de telas recubiertas,0.3062290364360683,exportaciones,completa,T1,1.579481528686988,-2.507669655376031,1.292917301883977,0.9737824178905152,0.8668238627484194
3141,-1.8567799231649467,-2.360414240337511,"Confección de alfombras, blancos y similares",0.5072465584471345,exportaciones,completa,T1,1.5087832212093244,-1.2616656797106414,1.2801664593983277,0.8378225526620822,0.8668238627484194
3149,1.3027964762360393,-0.7116689983203784,"Fabricación de otros productos textiles, excepto prendas de vestir",0.3944218335152466,exportaciones,completa,T1,1.7257821440589072,-0.32273207479975585,1.3130777237033986,0.5970748596002355,0.8668238627484194
3151,-4.775427635077992,-0.1784774879405054,Fabricación de prendas de vestir de tejido de punto,0.3365154443339868,exportaciones,completa,T1,2.4683670768771417,-1.580166678296832,1.3590487130409137,0.8775244896322838,0.8668238627484194
3152,-3.1895236092505304,-1.093932038793737,Confección de prendas de vestir,0.4259861529321015,exportaciones,completa,T1,1.6416384286513355,-1.7063648116826948,1.3023542100165433,0.9049385462643746,0.8668238627484194
3159,-0.8514657160993702,-1.0174963585415975,Confección de accesorios de vestir y otras prendas de vestir no clasificados en otra parte,0.6664841032423205,exportaciones,completa,T1,1.3011100868515066,-0.7601886476435319,1.2226314566240655,0.7329515829831743,0.8668238627484194
3161,-2.7048040288342943,-2.4456148726042284,Curtido y acabado de cuero y piel,0.262669438610518,exportaciones,completa,T1,1.7570276427050675,-1.6239298066617174,1.31656612152041,0.8912976434711206,0.8668238627484194
3162,-5.359429319110466,-0.2896168556511961,Fabricación de calzado,0.1604241815757467,exportaciones,completa,T1,2.032629525491385,-2.158631139675073,1.3393476957973294,0.9464867435078268,0.8668238627484194
3169,-0.744314402268578,-1.0549061940322135,"Fabricación de otros productos de cuero, piel y materiales sucedáneos",0.6136094363212712,exportaciones,completa,T1,1.6126416835755408,-0.7136254435778905,1.2981332946618769,0.7087484057390195,0.8668238627484194
3211,-2.5677329550527377,-6.634875467732533,Aserrado y conservación de la madera,0.0034917286527276,exportaciones,completa,T1,2.5677284238781075,-1.6847998425233643,1.3620378215600368,0.8919508786892001,0.8668238627484194
3212,-0.9486223795817487,-0.6233630881679872,Fabricación de laminados y aglutinados de madera,0.0775332943220637,exportaciones,completa,T1,2.3599932377092343,-1.3824344328195797,1.3552893502690049,0.8461426449794155,0.8668238627484194
3219,-0.5878821422598429,-1.139832420356058,Fabricación de otros productos de madera,0.1827036170504173,exportaciones,completa,T1,1.6486405823469659,-1.069974303406045,1.30332959628884,0.7941639085202576,0.8668238627484194
3221,-0.9825221953737596,0.9957050103467301,"Fabricación de pulpa, papel y cartón",0.0619018679380005,exportaciones,completa,T1,2.8504485789430865,-1.4305310380028107,1.3687432985203027,0.8520213155846835,0.8668238627484194
3222,-0.9494510514651308,-0.5068941241788906,Fabricación de productos de cartón y papel,0.1574973850413846,exportaciones,completa,T1,1.2716225323325872,-1.091095229578866,1.2106120941295155,0.8162791174837956,0.8668238627484194
3231,-1.544432956535684,1.227201557046389,Impresión e industrias conexas,0.1024504665734745,exportaciones,completa,T1,1.2926403093751249,-1.4968534992034004,1.2193156796204665,0.8902047412139997,0.8668238627484194
3241,-2.9179753081727116,1.696887130020534,Fabricación de productos derivados del petróleo y del carbón,0.0588949583065286,exportaciones,completa,T1,1.9106421447575306,-1.819559044879739,1.3307449331696228,0.914238062053128,0.8668238627484194
3251,-0.7639657485047723,-0.5804525214233441,Fabricación de productos químicos básicos,0.135778270214786,exportaciones,completa,T1,1.432234435834349,-1.0890029397708227,1.263194651400089,0.8056843708415913,0.8668238627484194
3252,-3.329275937082357,-1.6091436060889202,"Fabricación de resinas y hules sintéticos, y fibras químicas",0.3119319594154858,exportaciones,completa,T1,1.8980540980520322,-1.6492121142092295,1.3297402798763804,0.8925587709002527,0.8668238627484194
3253,-3.059821757876469,-0.36827563929202595,"Fabricación de fertilizantes, pesticidas y otros agroquímicos",0.1679807884786191,exportaciones,completa,T1,2.4188451461607747,-1.5693441393933683,1.3574016473332553,0.8761877199129713,0.8668238627484194
3254,-0.5123256423064705,1.9983853363389172,Fabricación de productos farmacéuticos,0.1290966945098601,exportaciones,completa,T1,1.6139545919121336,-1.080790084900267,1.2983309925298367,0.7974212992892458,0.8668238627484194
3255,-1.0394080538732793,-0.8001917185047456,"Fabricación de pinturas, recubrimientos y adhesivos",0.0704773870608603,exportaciones,completa,T1,1.2843124039637699,-1.200414734270778,1.2159506359328085,0.8382333959744896,0.8668238627484194
3256,-0.41624309302188706,-0.5945214219536975,"Fabricación de jabones, limpiadores y preparaciones de tocador",0.2434658656862863,exportaciones,completa,T1,1.2591299025359985,-0.6914121445012571,1.2050915455665185,0.7169289422677596,0.8668238627484194
3259,-1.120137539896787,-0.5145617723927586,Fabricación de otros productos químicos,0.3514735701280596,exportaciones,completa,T1,1.763689240549929,-1.0832095320756332,1.3172795124165948,0.7945491985823858,0.8668238627484194
3261,-1.2669182766243978,-0.17887569176445278,Fabricación de productos de plástico,0.2303591490643638,exportaciones,completa,T1,1.1936308587180042,-1.2607127996790093,1.1709790228056283,0.859177517622739,0.8668238627484194
3262,-1.8689056517690432,-1.300866630057729,Fabricación de productos de hule,0.4171737487232005,exportaciones,completa,T1,1.3094603259588453,-1.503915014510477,1.2257998779063746,0.8900670195745343,0.8668238627484194
3271,-1.3982910960024548,-1.9740614820781426,Fabricación de productos a base de arcillas y minerales refractarios,0.3488287256548686,exportaciones,completa,T1,1.199933632076822,-1.3183570772798618,1.1746982570394806,0.8691313209181009,0.8668238627484194
3272,-1.2177046172987702,-1.141386444722048,Fabricación de vidrio y productos de vidrio,0.272472982882299,exportaciones,completa,T1,1.1952746562208556,-1.2089386330467093,1.171959249392471,0.8488593268287019,0.8668238627484194
3273,-3.1810908274296743,-2.130990116935372,Fabricación de cemento y productos de concreto,0.0343074151008847,exportaciones,completa,T1,1.46709068077639,-2.2496806804168648,1.2713948043820271,0.9615913268531188,0.8668238627484194
3274,-3.0618633554092374,-1.5042435232433446,"Fabricación de cal, yeso y productos de yeso",0.1199075903205221,exportaciones,completa,T1,1.656285339791462,-1.9410424267232296,1.3043759511940325,0.9316377962478521,0.8668238627484194
3279,-1.8944529400970713,-0.7768208820577139,Fabricación de otros productos a base de minerales no metálicos,0.2243733059375072,exportaciones,completa,T1,1.3278519509380788,-1.6166267333895692,1.2324474747580412,0.9051927871812229,0.8668238627484194
3311,-2.0938503298325655,0.11579330326791054,Industria básica del hierro y del acero,0.279574215702268,exportaciones,completa,T1,2.6435585788296243,-1.2766206186412943,1.364071597971796,0.8253350208866856,0.8668238627484194
3312,-1.36521490859523,1.7572927559969038,Fabricación de productos de hierro y acero,0.0669975578374552,exportaciones,completa,T1,3.2204721978434288,-1.4638141894764898,1.374805857585655,0.8565037580670153,0.8668238627484194
3313,-2.6215783614323307,-1.7435945961172428,Industria básica del aluminio,0.2650002880058719,exportaciones,completa,T1,2.361834520008323,-1.4006016552282987,1.355358166983884,0.8492872306201968,0.8668238627484194
3314,-1.144899066742394,-0.9517936719728922,"Industrias de metales no ferrosos, excepto aluminio",0.4934732886739018,exportaciones,completa,T1,1.722330063615589,-0.9501204088153208,1.3126773007358614,0.7654068061499661,0.8668238627484194
3315,-1.024764190286671,-1.2744140804142505,Moldeo por fundición de piezas metálicas,0.0974402319506194,exportaciones,completa,T1,2.1788417946127474,-1.3582041306511219,1.3475020926471537,0.8432588778687351,0.8668238627484194
3321,-2.506496356898121,-1.1179577077929332,Fabricación de productos metálicos forjados y troquelados,0.4526204884780047,exportaciones,completa,T1,1.455092224980665,-1.635450482485473,1.2686679502067417,0.9013197941956282,0.8668238627484194
3322,0.4337734660187908,-0.03346564643156854,Fabricación de herramientas de mano sin motor y utensilios de cocina metálicos,0.4783144421423179,exportaciones,completa,T1,1.3597213768655236,-0.18139297794826303,1.2429912323351002,0.5580127133203884,0.8668238627484194
3323,-1.54539726456202,-0.19354588462688982,Fabricación de estructuras metálicas y productos de herrería,0.2249299265714363,exportaciones,completa,T1,1.3343762533986292,-1.4152414532687716,1.23470243577027,0.874148071327604,0.8668238627484194
3324,1.4565795703486855,0.7508963012414741,"Fabricación de calderas, tanques y envases metálicos",0.2575554192946691,exportaciones,completa,T1,1.680333188952596,-0.3623078971231938,1.307546519880075,0.6091444505719763,0.8668238627484194
3325,1.1301397941137001,-0.37841305352596394,Fabricación de herrajes y cerraduras,0.8134327973740351,exportaciones,completa,T1,1.6331099776346722,0.10794856591050528,1.3011436946636403,0.46693993556955543,0.8668238627484194
3326,0.027278232415034038,-0.8391246767909144,"Fabricación de alambre, productos de alambre y resortes",0.3138914060002775,exportaciones,completa,T1,1.2465583721332587,-0.34382090379631103,1.1992508401604198,0.612827604510184,0.8668238627484194
3327,1.209078863606748,0.16581690192071508,Maquinado de piezas y fabricación de tornillos,0.1233232283296124,exportaciones,completa,T1,1.5070818218642557,-0.32235883899364004,1.2798284258378136,0.5994317784251353,0.8668238627484194
3328,-5.4874130544187025,2.699694531738882,Recubrimientos y terminados metálicos,0.1588822707072484,exportaciones,completa,T1,5.119707920794841,-1.4625582916303566,1.3874624165088274,0.8540870670203236,0.8668238627484194
3329,0.5554126919424722,0.4803836233124515,Fabricación de otros productos metálicos,0.6293046757254936,exportaciones,completa,T1,1.460943711949112,-0.12798692203056616,1.270009866690119,0.5401359878932914,0.8668238627484194
3331,-2.334742137264565,-1.3375567177882595,"Fabricación de maquinaria y equipo agropecuario, para la construcción y para la industria extractiva",0.519899184727109,exportaciones,completa,T1,1.5411042537927273,-1.4155920609943204,1.286296147509083,0.8644467538801914,0.8668238627484194
3332,0.11405608537903879,-1.9466729145551938,"Fabricación de maquinaria y equipo para las industrias manufactureras, excepto la metalmecánica",0.6992566972513394,exportaciones,completa,T1,1.377677260443435,-0.21926917195926654,1.24844563020258,0.5697091521362438,0.8668238627484194
3333,0.2481223296193332,-1.0044227624431952,Fabricación de maquinaria y equipo para el comercio y los servicios,0.8664849575372038,exportaciones,completa,T1,2.4816505273503218,-0.26165265016774164,1.3594717656242539,0.576311561513908,0.8668238627484194
3334,-0.5997318048774968,-1.3623216202344748,"Fabricación de equipo de aire acondicionado, calefacción, y de refrigeración industrial y comercial",0.8482017522901368,exportaciones,completa,T1,1.1695528305736609,-0.5559031056988037,1.1557345042093865,0.6847401545777791,0.8668238627484194
3335,0.8725154231672034,-0.6713283694184331,Fabricación de maquinaria y equipo para la industria metalmecánica,0.6052735791408839,exportaciones,completa,T1,1.5053547995493803,-0.05677049928546296,1.2794836556413482,0.5176952033454028,0.8668238627484194
3336,-0.631766401443107,-0.8476061930869213,"Fabricación de motores de combustión interna, turbinas y transmisiones",0.8385248456652771,exportaciones,completa,T1,1.2854595163205762,-0.5359894939053562,1.2164204971937242,0.6702590031950195,0.8668238627484194
3339,-0.5814034919525087,-1.1151540483867948,Fabricación de otra maquinaria y equipo para la industria en general,0.6417221502759753,exportaciones,completa,T1,1.2594706031124336,-0.6073911135980544,1.2052457575621085,0.6928539339238526,0.8668238627484194
3341,1.965757604709606,-0.5596998936841727,Fabricación de computadoras y equipo periférico,0.7847307234340066,exportaciones,completa,T1,3.6934175986269597,-0.3168861202892218,1.3799211420729707,0.5908145288741677,0.8668238627484194
3342,0.8412825149773288,0.10114659265682446,Fabricación de equipo de comunicación,0.895054776922478,exportaciones,completa,T1,1.8893324562487686,-0.02436019296533648,1.3290297073155628,0.5073119259413702,0.8668238627484194
3343,-1.7684858000005375,-1.5459384879503053,Fabricación de equipo de audio y de video,0.9478363435009872,exportaciones,completa,T1,1.4868006455579632,-0.8807280078972666,1.2756719171267292,0.7550296759507822,0.8668238627484194
3344,0.08127216880027263,-0.13795705696215352,Fabricación de componentes electrónicos,0.4744887481943934,exportaciones,completa,T1,1.6296677367617975,-0.5629084273838167,1.3006479498722092,0.6674166102007699,0.8668238627484194
3345,-0.46692946051929607,-0.5634130277519155,"Fabricación de instrumentos de medición, control, navegación, y equipo médico electrónico",0.9203173609236356,exportaciones,completa,T1,1.7878551436139773,-0.31833873181927325,1.3197833860125852,0.5953019937031787,0.8668238627484194
3346,0.3908052226829948,-1.7393676776127656,Fabricación y reproducción de medios magnéticos y ópticos,0.6054992436078728,exportaciones,completa,T1,1.5284102908372528,-0.2720138215418417,1.2839530450235592,0.5838905129714346,0.8668238627484194
3351,0.5175955662474648,-0.05047596402878845,Fabricación de accesorios de iluminación,0.831395116765869,exportaciones,completa,T1,1.2646223112639037,0.2008999160168906,1.2075522719357368,0.43393307171041967,0.8668238627484194
3352,-1.1995423780309837,-0.2583253061796596,Fabricación de aparatos eléctricos de uso doméstico,0.3900028883753999,exportaciones,completa,T1,1.2723454261216953,-1.1327249788660998,1.2109233154307117,0.8252147106093087,0.8668238627484194
3353,0.3612378839830181,0.015564393021296374,Fabricación de equipo de generación y distribución de energía eléctrica,0.8989208694711824,exportaciones,completa,T1,1.357247637657115,0.05871609951934842,1.2422136460278557,0.481150090244743,0.8668238627484194
3359,-0.23243475210614398,0.21962356218540283,Fabricación de otros equipos y accesorios eléctricos,0.7464127593691879,exportaciones,completa,T1,1.2307371495429438,-0.31488253633041324,1.1914595437733875,0.6042190815200882,0.8668238627484194
3361,-0.2461610832521507,0.7191732905325693,Fabricación de automóviles y camiones,0.6801529750236635,exportaciones,completa,T1,1.574666468209538,-0.471209594117064,1.2921225696167828,0.6423243743092149,0.8668238627484194
3362,-6.425000508930786,-1.1498466355630241,Fabricación de carrocerías y remolques,0.4826387565231524,exportaciones,completa,T1,2.180769847709657,-1.8486733141190683,1.347596998671117,0.914941738950253,0.8668238627484194
3363,-1.0778742059035435,0.4363272949205528,Fabricación de partes para vehículos automotores,0.5296068171162411,exportaciones,completa,T1,1.3559389491173488,-0.9572375668866184,1.2417996255755304,0.7796011996341027,0.8668238627484194
3364,2.3834864468563843,1.5814081198372687,Fabricación de equipo aeroespacial,0.9896704181454756,exportaciones,completa,T1,2.6734937239546746,0.12132776407747042,1.3648222500507894,0.4645821283004733,0.8668238627484194
3365,-2.2758019185996,3.868151602395754,Fabricación de equipo ferroviario,0.8018618332294466,exportaciones,completa,T1,2.5787060287554904,-0.6538613574271901,1.3623446415711749,0.6843695827415608,0.8668238627484194
3366,-4.548597774887864,-3.239708858472852,Fabricación de embarcaciones,0.5822911532336551,exportaciones,completa,T1,2.59810602523132,-1.1952199678849877,1.3628763282136607,0.8097521830428658,0.8668238627484194
3369,-3.775698532554952,-4.045268606283332,Fabricación de otro equipo de transporte,0.6740711386128929,exportaciones,completa,T1,1.9819373193839864,-1.2939564865061355,1.3360046650933524,0.8336093599611385,0.8668238627484194
3371,-3.9296039741326116,-2.2729149727524782,"Fabricación de muebles, excepto de oficina y estantería",0.3642278188643361,exportaciones,completa,T1,1.5110808285047166,-2.2268290268833804,1.2806204125518563,0.9589709510256264,0.8668238627484194
3372,0.16058191035791738,0.5499848669289698,Fabricación de muebles de oficina y estantería,0.2214380514733216,exportaciones,completa,T1,1.5655783465375175,-0.7237455611183925,1.2905952637063276,0.7125277044924252,0.8668238627484194
3379,-2.8542343283814473,-3.5382239946718803,"Fabricación de colchones, persianas y cortineros",0.3523025337449802,exportaciones,completa,T1,2.5730504994615626,-1.2849035365745585,1.3621871177067901,0.82722733297421,0.8668238627484194
3391,0.9864114659218662,0.3966595482664376,"Fabricación de equipo no electrónico y material desechable de uso médico, dental y para laboratorio, y artículos oftálmicos",0.7835186733412709,exportaciones,completa,T1,1.4572879114028774,0.1890881745069367,1.2691742150036391,0.4407826555781201,0.8668238627484194
3399,-1.6332169390599984,-0.6764995065112519,Otras industrias manufactureras,0.618987370047973,exportaciones,completa,T1,1.233838848069548,-1.3472145882906919,1.193027708472576,0.8706016942289574,0.8668238627484194
3111,0.8985318296718013,-0.2495710923157797,Elaboración de alimentos para animales,0.02886946578166,exportaciones,sin pandemia,T1,1.2575317730661726,0.14731517195483412,0.8350489070571567,0.4299839516445204,0.0
3112,-0.16403522160349396,0.30727960469028265,Molienda de granos y de semillas y obtención de aceites y grasas,0.0609807080676099,exportaciones,sin pandemia,T1,0.9391901763762062,0.16424636241659502,0.8350489070571567,0.422034790214179,0.0
3113,0.973729059735342,2.1795159654675604,"Elaboración de azúcares, chocolates, dulces y similares",0.2016423568218791,exportaciones,sin pandemia,T1,1.2315725839933096,0.2384125732568987,0.8350489070571567,0.3876277496087037,0.0
3114,-0.29411705964105317,0.27507071886406775,"Conservación de frutas, verduras, guisos y otros alimentos preparados",0.3156513149608729,exportaciones,sin pandemia,T1,1.0077280353550775,0.2985257064520856,0.8350489070571567,0.3603606803009047,0.0
3115,0.6771873190328535,-0.12449893290836245,Elaboración de productos lácteos,0.0498313429839448,exportaciones,sin pandemia,T1,1.2284519219431254,0.1583676728885403,0.8350489070571567,0.4247913980066105,0.0
3116,-1.2715953477909576,0.7771962956840293,"Matanza, empacado y procesamiento de carne de ganado, aves y otros animales comestibles",0.044361709007407,exportaciones,sin pandemia,T1,1.891722066249378,0.15548371674046568,0.8350489070571567,0.4261450840567347,0.0
3117,1.1935303192751472,0.7986480451462166,Preparación y envasado de pescados y mariscos,0.7478643561015712,exportaciones,sin pandemia,T1,1.4260955943731781,0.5264172733508206,0.8350489070571567,0.26421549886153306,0.0
3118,0.4315236631257807,0.8226263413804329,Elaboración de productos de panadería y tortillas,0.043199849411286,exportaciones,sin pandemia,T1,0.9631488712649725,0.15487110680352917,0.8350489070571567,0.4264327466924005,0.0
3119,-0.1990091027490511,1.2684826427108609,Otras industrias alimentarias,0.1089707298904361,exportaciones,sin pandemia,T1,0.9689334605529502,0.18954990540975558,0.8350489070571567,0.41021475614557085,0.0
3121,0.11298959962775229,0.31451191442161597,Industria de las bebidas,0.2419442465750293,exportaciones,sin pandemia,T1,0.9542246597868992,0.2596624198154056,0.8350489070571567,0.37791751280254327,0.0
3122,-0.8259122851312624,2.1846544861307575,Industria del tabaco,0.1071479040489181,exportaciones,sin pandemia,T1,1.702654292726249,0.18858878994662498,0.8350489070571567,0.4106623062958943,0.0
3131,0.08970205294235531,0.7523172269167019,"Preparación e hilado de fibras textiles, y fabricación de hilos",0.2001267979454507,exportaciones,sin pandemia,T1,1.1966549044066779,0.2376134694488206,0.8350489070571567,0.3879943221956941,0.0
3132,-0.8706930834185561,-0.8161390111723543,Fabricación de telas,0.1336042055792961,exportaciones,sin pandemia,T1,1.2490426445473988,0.2025383181565814,0.8350489070571567,0.4041783056497777,0.0
3133,-1.3194256728969604,-0.4348525319867046,Acabado de productos textiles y fabricación de telas recubiertas,0.3062290364360683,exportaciones,sin pandemia,T1,1.5317273855840676,0.29355765224643976,0.8350489070571567,0.3625895868810261,0.0
3141,0.7825118155201933,-0.29479909285669487,"Confección de alfombras, blancos y similares",0.5072465584471345,exportaciones,sin pandemia,T1,1.1955349773186985,0.39954750841621284,0.8350489070571567,0.3161571544946584,0.0
3149,-1.2638225677884083,-0.35670536598190067,"Fabricación de otros productos textiles, excepto prendas de vestir",0.3944218335152466,exportaciones,sin pandemia,T1,1.0751967055808072,0.34005878201918416,0.8350489070571567,0.34191873644774046,0.0
3151,1.0483234763535365,-0.09632249312352324,Fabricación de prendas de vestir de tejido de punto,0.3365154443339868,exportaciones,sin pandemia,T1,1.9918934611760974,0.3095266682052712,0.8350489070571567,0.3554420747441952,0.0
3152,0.37271324130762573,0.11380909295158032,Confección de prendas de vestir,0.4259861529321015,exportaciones,sin pandemia,T1,1.226621417014395,0.35670159823549913,0.8350489070571567,0.3346304779210715,0.0
3159,0.6731906522017934,-0.1667773130252347,Confección de accesorios de vestir y otras prendas de vestir no clasificados en otra parte,0.6664841032423205,exportaciones,sin pandemia,T1,1.0249439845772874,0.48350817165003995,0.8350489070571567,0.28128858513655297,0.0
3161,-0.20211532096668933,0.14507071356055173,Curtido y acabado de cuero y piel,0.262669438610518,exportaciones,sin pandemia,T1,1.106785592915992,0.27059012452968145,0.8350489070571567,0.3729534780949366,0.0
3162,0.4910748897776562,0.21092142578365433,Fabricación de calzado,0.1604241815757467,exportaciones,sin pandemia,T1,1.1446065704632502,0.21667959982149057,0.8350489070571567,0.3976319432240679,0.0
3169,1.6188518402418153,-0.4796458366903368,"Fabricación de otros productos de cuero, piel y materiales sucedáneos",0.6136094363212712,exportaciones,sin pandemia,T1,1.7780737959402946,0.45562911769533965,0.8350489070571567,0.2926595799691184,0.0
3211,1.9500620858013424,1.5578285808850683,Aserrado y conservación de la madera,0.0034917286527276,exportaciones,sin pandemia,T1,2.164930728816361,0.13393433489495943,0.8350489070571567,0.43628653673867046,0.0
3212,0.7405724551045791,0.07257821294006103,Fabricación de laminados y aglutinados de madera,0.0775332943220637,exportaciones,sin pandemia,T1,1.996082112442137,0.1729739908282652,0.8350489070571567,0.41794934538204515,0.0
3219,-0.22619565646826534,1.032828409733674,Fabricación de otros productos de madera,0.1827036170504173,exportaciones,sin pandemia,T1,1.173805619961509,0.22842680542764704,0.8350489070571567,0.39221561024433405,0.0
3221,2.869047808393782,2.7252825457003023,"Fabricación de pulpa, papel y cartón",0.0619018679380005,exportaciones,sin pandemia,T1,2.9197511552209483,0.16473205939064628,0.8350489070571567,0.421807208240912,0.0
3222,-0.8314650951732526,1.3429997066100623,Fabricación de productos de cartón y papel,0.1574973850413846,exportaciones,sin pandemia,T1,1.0363395176218475,0.21513639731550133,0.8350489070571567,0.39834496749677656,0.0
3231,0.1541918392757488,0.9990849032737595,Impresión e industrias conexas,0.1024504665734745,exportaciones,sin pandemia,T1,1.0780408585141945,0.18611198734052498,0.8350489070571567,0.41181618167649736,0.0
3241,1.179466365021742,1.5315307302638228,Fabricación de productos derivados del petróleo y del carbón,0.0588949583065286,exportaciones,sin pandemia,T1,1.3649333045729994,0.1631466159120541,0.8350489070571567,0.42255019214704764,0.0
3251,1.0778438551316996,0.8344829653191862,Fabricación de productos químicos básicos,0.135778270214786,exportaciones,sin pandemia,T1,1.3521418078606675,0.2036846301582122,0.8350489070571567,0.40364662111301575,0.0
3252,-0.610764182661729,1.5955347139267106,"Fabricación de resinas y hules sintéticos, y fibras químicas",0.3119319594154858,exportaciones,sin pandemia,T1,1.696755990008107,0.2965646139296232,0.8350489070571567,0.3612399582498752,0.0
3253,0.008881424388935112,0.7366727381671413,"Fabricación de fertilizantes, pesticidas y otros agroquímicos",0.1679807884786191,exportaciones,sin pandemia,T1,1.8301053072913531,0.2206639474084779,0.8350489070571567,0.3957925937179291,0.0
3254,0.777385648184315,0.46582768147450226,Fabricación de productos farmacéuticos,0.1290966945098601,exportaciones,sin pandemia,T1,1.1560743189062535,0.20016165742992653,0.8350489070571567,0.40528121581132326,0.0
3255,0.9872189913420547,0.7952573316711546,"Fabricación de pinturas, recubrimientos y adhesivos",0.0704773870608603,exportaciones,sin pandemia,T1,1.1665940713284677,0.1692536455156758,0.8350489070571567,0.4196898013447423,0.0
3256,0.19168910629285887,0.17841442631645613,"Fabricación de jabones, limpiadores y preparaciones de tocador",0.2434658656862863,exportaciones,sin pandemia,T1,0.8635320203462139,0.2604647189838255,0.8350489070571567,0.3775523614029155,0.0
3259,-0.6239943241986502,-0.16072181322423462,Fabricación de otros productos químicos,0.3514735701280596,exportaciones,sin pandemia,T1,1.4544935623611506,0.31741359062686914,0.8350489070571567,0.351930481231378,0.0
3261,-0.1320113990169932,0.7093250015963696,Fabricación de productos de plástico,0.2303591490643638,exportaciones,sin pandemia,T1,0.9948900496718783,0.25355398306529664,0.8350489070571567,0.3807012087807188,0.0
3262,0.4115474834227543,-0.036768240743982675,Fabricación de productos de hule,0.4171737487232005,exportaciones,sin pandemia,T1,0.9861779812461868,0.35205511048026805,0.8350489070571567,0.33665916264147977,0.0
3271,0.4428867666968246,0.5278238755446238,Fabricación de productos a base de arcillas y minerales refractarios,0.3488287256548686,exportaciones,sin pandemia,T1,0.9329671733869813,0.31601905206873543,0.8350489070571567,0.35255048094518326,0.0
3272,0.36724992696804115,0.22382673792240496,Fabricación de vidrio y productos de vidrio,0.272472982882299,exportaciones,sin pandemia,T1,1.0172676283032378,0.275759207487847,0.8350489070571567,0.3706126346808867,0.0
3273,0.5243390900608894,-0.15987032444349958,Fabricación de cemento y productos de concreto,0.0343074151008847,exportaciones,sin pandemia,T1,0.9506824088579949,0.15018242183652064,0.8350489070571567,0.42863569303522353,0.0
3274,0.6192102534350599,-1.1461601806607733,"Fabricación de cal, yeso y productos de yeso",0.1199075903205221,exportaciones,sin pandemia,T1,1.4263693664552453,0.19531654829907485,0.8350489070571567,0.4075319532485755,0.0
3279,-0.49901853687938447,0.015615207688173864,Fabricación de otros productos a base de minerales no metálicos,0.2243733059375072,exportaciones,sin pandemia,T1,1.2806370061435002,0.25039784699455436,0.8350489070571567,0.3821419358991819,0.0
3311,1.4325850663228616,1.4225111889863322,Industria básica del hierro y del acero,0.279574215702268,exportaciones,sin pandemia,T1,1.140271123569687,0.2795034514606443,0.8350489070571567,0.3689200170358008,0.0
3312,2.229286366526876,1.2447556647719413,Fabricación de productos de hierro y acero,0.0669975578374552,exportaciones,sin pandemia,T1,1.9315933369979972,0.16741884725931394,0.8350489070571567,0.4205487396617833,0.0
3313,0.15264303194676176,1.3590149773330353,Industria básica del aluminio,0.2650002880058719,exportaciones,sin pandemia,T1,1.3042079570625957,0.27181910392259906,0.8350489070571567,0.37239650012495984,0.0
3314,0.3979502379433215,0.4994939948848345,"Industrias de metales no ferrosos, excepto aluminio",0.4934732886739018,exportaciones,sin pandemia,T1,1.3151149300451308,0.39228532118174847,0.8350489070571567,0.31925779423461154,0.0
3315,0.926644272932207,-0.10805996151904862,Moldeo por fundición de piezas metálicas,0.0974402319506194,exportaciones,sin pandemia,T1,1.9898225525706674,0.1834702571980949,0.8350489070571567,0.4130477330421084,0.0
3321,-0.09103607200933536,-0.15413579984999431,Fabricación de productos metálicos forjados y troquelados,0.4526204884780047,exportaciones,sin pandemia,T1,1.0989734600146088,0.3707449978627831,0.8350489070571567,0.3285285287718156,0.0
3322,0.029907481465708905,0.5867491890559395,Fabricación de herramientas de mano sin motor y utensilios de cocina metálicos,0.4783144421423179,exportaciones,sin pandemia,T1,1.0698784316689511,0.3842925653885804,0.8350489070571567,0.3226850211831434,0.0
3323,0.48395274853769343,0.08287961087248526,Fabricación de estructuras metálicas y productos de herrería,0.2249299265714363,exportaciones,sin pandemia,T1,0.9750969052374964,0.25069133454897774,0.8350489070571567,0.3820078942010326,0.0
3324,0.31789594837988483,1.166328977182409,"Fabricación de calderas, tanques y envases metálicos",0.2575554192946691,exportaciones,sin pandemia,T1,1.056718852618921,0.2678936721691433,0.8350489070571567,0.37417644965943686,0.0
3325,0.5668795012573885,-0.11571086263340771,Fabricación de herrajes y cerraduras,0.8134327973740351,exportaciones,sin pandemia,T1,1.1413413055876218,0.5609893324938144,0.8350489070571567,0.2508541889126896,0.0
3326,1.4739436244573796,0.8875870319623353,"Fabricación de alambre, productos de alambre y resortes",0.3138914060002775,exportaciones,sin pandemia,T1,1.1035589474586947,0.29759776496848134,0.8350489070571567,0.3607766416164566,0.0
3327,0.6962945488613517,0.8267724237423903,Maquinado de piezas y fabricación de tornillos,0.1233232283296124,exportaciones,sin pandemia,T1,0.9454588232965183,0.19711750066228012,0.8350489070571567,0.40669498164669093,0.0
3328,0.4544673170631238,-0.6038087602931383,Recubrimientos y terminados metálicos,0.1588822707072484,exportaciones,sin pandemia,T1,2.500497753075078,0.21586660148411307,0.8350489070571567,0.3980075400870334,0.0
3329,0.1822576010643464,0.09701573875739489,Fabricación de otros productos metálicos,0.6293046757254936,exportaciones,sin pandemia,T1,0.9042542902830942,0.4639046956169106,0.8350489070571567,0.2892620134522466,0.0
3331,0.12169862274852739,-0.651244413157268,"Fabricación de maquinaria y equipo agropecuario, para la construcción y para la industria extractiva",0.519899184727109,exportaciones,sin pandemia,T1,1.694251020134614,0.40621881759447726,0.8350489070571567,0.3133201363668656,0.0
3332,0.4883092860059924,0.8662040352352718,"Fabricación de maquinaria y equipo para las industrias manufactureras, excepto la metalmecánica",0.6992566972513394,exportaciones,sin pandemia,T1,1.1308865745055732,0.5007880708875555,0.8350489070571567,0.2743494057431164,0.0
3333,0.7465919115647298,1.1613669642842008,Fabricación de maquinaria y equipo para el comercio y los servicios,0.8664849575372038,exportaciones,sin pandemia,T1,3.038926582534965,0.5889619727340044,0.8350489070571567,0.24031104312235108,0.0
3334,1.0511009382346825,-0.13161137474408754,"Fabricación de equipo de aire acondicionado, calefacción, y de refrigeración industrial y comercial",0.8482017522901368,exportaciones,sin pandemia,T1,0.982890809672897,0.5793218464650496,0.8350489070571567,0.24391699791665,0.0
3335,-0.2459368826298961,0.5835029769973399,Fabricación de maquinaria y equipo para la industria metalmecánica,0.6052735791408839,exportaciones,sin pandemia,T1,1.1833156754492886,0.4512338973445864,0.8350489070571567,0.2944715575514947,0.0
3336,0.3830511735180935,-0.31496057995372057,"Fabricación de motores de combustión interna, turbinas y transmisiones",0.8385248456652771,exportaciones,sin pandemia,T1,1.0165072089205514,0.5742195353278108,0.8350489070571567,0.24583730286372957,0.0
3339,-0.06975479496347295,0.27291867628365823,Fabricación de otra maquinaria y equipo para la industria en general,0.6417221502759753,exportaciones,sin pandemia,T1,0.9775083845656376,0.47045201710625284,0.8350489070571567,0.2865871944659713,0.0
3341,2.0586382490891437,1.3651265608935372,Fabricación de computadoras y equipo periférico,0.7847307234340066,exportaciones,sin pandemia,T1,4.55466706203227,0.5458556831569654,0.8350489070571567,0.256658643055405,0.0
3342,0.7152647517809367,0.6536578925415399,Fabricación de equipo de comunicación,0.895054776922478,exportaciones,sin pandemia,T1,1.0771313387156132,0.6040258886411705,0.8350489070571567,0.23473491889242015,0.0
3343,-0.02449634220886912,-0.08221686055119644,Fabricación de equipo de audio y de video,0.9478363435009872,exportaciones,sin pandemia,T1,1.390772546379666,0.6318558538805367,0.8350489070571567,0.22462401238225843,0.0
3344,0.6336169685174491,1.5365259646052376,Fabricación de componentes electrónicos,0.4744887481943934,exportaciones,sin pandemia,T1,1.4502766631321473,0.3822754041618702,0.8350489070571567,0.32355236385031705,0.0
3345,-0.5995640610626191,-1.3588570904525172,"Fabricación de instrumentos de medición, control, navegación, y equipo médico electrónico",0.9203173609236356,exportaciones,sin pandemia,T1,1.6132929655848687,0.617346009285241,0.8350489070571567,0.22986447764634255,0.0
3346,0.7139453668419087,0.32225108533580415,Fabricación y reproducción de medios magnéticos y ópticos,0.6054992436078728,exportaciones,sin pandemia,T1,1.4330605233750027,0.4513528827154113,0.8350489070571567,0.2944224364066418,0.0
3351,0.6839232196194021,0.6701513212962189,Fabricación de accesorios de iluminación,0.831395116765869,exportaciones,sin pandemia,T1,1.0039665142910252,0.5704602663197283,0.8350489070571567,0.24725731596788242,0.0
3352,-0.27424993924570695,0.46032915515629685,Fabricación de aparatos eléctricos de uso doméstico,0.3900028883753999,exportaciones,sin pandemia,T1,1.0759247141908708,0.33772881916266917,0.8350489070571567,0.34294387383839037,0.0
3353,0.8658862650892489,0.12291644322347574,Fabricación de equipo de generación y distribución de energía eléctrica,0.8989208694711824,exportaciones,sin pandemia,T1,0.9207636612220959,0.6060643507069483,0.8350489070571567,0.23398588679082133,0.0
3359,0.5405091623394458,0.7573959124602373,Fabricación de otros equipos y accesorios eléctricos,0.7464127593691879,exportaciones,sin pandemia,T1,0.9210957745488644,0.5256518946547617,0.8350489070571567,0.26451534876980076,0.0
3361,0.5233808383792633,-0.9012421816682868,Fabricación de automóviles y camiones,0.6801529750236635,exportaciones,sin pandemia,T1,1.275142379145122,0.4907153132942786,0.8350489070571567,0.27838409451921103,0.0
3362,-0.7620951135711351,-2.0660178221828174,Fabricación de carrocerías y remolques,0.4826387565231524,exportaciones,sin pandemia,T1,1.711670659105127,0.38657263259203695,0.8350489070571567,0.32170579418556844,0.0
3363,0.366018142792549,0.015544656687727011,Fabricación de partes para vehículos automotores,0.5296068171162411,exportaciones,sin pandemia,T1,1.0803759891321165,0.4113373294056839,0.8350489070571567,0.3111509087025201,0.0
3364,1.2165467251433832,2.8254852521556453,Fabricación de equipo aeroespacial,0.9896704181454756,exportaciones,sin pandemia,T1,2.0590226883832816,0.653913570592022,0.8350489070571567,0.21678884660346792,0.0
3365,1.2965339340568798,0.9913985938328365,Fabricación de equipo ferroviario,0.8018618332294466,exportaciones,sin pandemia,T1,1.6793382601858555,0.5548883477977489,0.8350489070571567,0.25318580694754683,0.0
3366,1.0478070688063814,5.330967643199169,Fabricación de embarcaciones,0.5822911532336551,exportaciones,sin pandemia,T1,2.8803333224515737,0.43911602825551493,0.8350489070571567,0.2994939021679659,0.0
3369,-0.011285961177613844,-1.6247424996688384,Fabricación de otro equipo de transporte,0.6740711386128929,exportaciones,sin pandemia,T1,1.7938316619855963,0.4875085631563967,0.8350489070571567,0.2796746143668728,0.0
3371,-0.34055264818992553,0.5429407184734806,"Fabricación de muebles, excepto de oficina y estantería",0.3642278188643361,exportaciones,sin pandemia,T1,1.0031221883982595,0.3241384819477215,0.8350489070571567,0.3489462028114585,0.0
3372,1.3620893834148355,0.22531784029779228,Fabricación de muebles de oficina y estantería,0.2214380514733216,exportaciones,sin pandemia,T1,1.2428329677268315,0.2488501849033682,0.8350489070571567,0.38284901777928493,0.0
3379,1.1168333741511378,-0.8639922646516777,"Fabricación de colchones, persianas y cortineros",0.3523025337449802,exportaciones,sin pandemia,T1,2.2060781908460685,0.31785067558169494,0.8350489070571567,0.35173623797594944,0.0
3391,0.46905437607843176,0.6325752408723538,"Fabricación de equipo no electrónico y material desechable de uso médico, dental y para laboratorio, y artículos oftálmicos",0.7835186733412709,exportaciones,sin pandemia,T1,1.0056872603438405,0.5452166094398367,0.8350489070571567,0.2569052872582993,0.0
3399,0.8849320336412151,0.8351729836759166,Otras industrias manufactureras,0.618987370047973,exportaciones,sin pandemia,T1,0.8789567116046128,0.4584647233504144,0.8350489070571567,0.29149332601880196,0.0
3111,-0.27530444762697137,-0.27700410742397763,Elaboración de alimentos para animales,0.02886946578166,horas,completa,E2,0.6243178653848186,-0.08532962960561213,0.46037740120069565,0.573521612652206,0.0
3112,-0.316773176238479,-0.028303347156843624,Molienda de granos y de semillas y obtención de aceites y grasas,0.0609807080676099,horas,completa,E2,0.7258866863480634,-0.0921504765840076,0.46037740120069565,0.5793234099908786,0.0
3113,-0.3018025303276111,-0.14724697092309816,"Elaboración de azúcares, chocolates, dulces y similares",0.2016423568218791,horas,completa,E2,0.5675186502986648,-0.12202884669930755,0.46037740120069565,0.6045193941855014,0.0
3114,-0.20130503938494654,-0.3068940941074811,"Conservación de frutas, verduras, guisos y otros alimentos preparados",0.3156513149608729,horas,completa,E2,0.6749620976780861,-0.14624583745623698,0.46037740120069565,0.6246305099636916,0.0
3115,-0.2839257059167513,0.0573294468229797,Elaboración de productos lácteos,0.0498313429839448,horas,completa,E2,0.6848275557414043,-0.08978220591840277,0.46037740120069565,0.5773108489827116,0.0
3116,-0.12376245952638634,0.1745368115531995,"Matanza, empacado y procesamiento de carne de ganado, aves y otros animales comestibles",0.044361709007407,horas,completa,E2,0.6527239441004158,-0.08862038427196584,0.46037740120069565,0.5763227889377232,0.0
3117,0.7747319569709619,-0.03066617557324906,Preparación y envasado de pescados y mariscos,0.7478643561015712,horas,completa,E2,0.828025189902286,-0.23805352865158994,0.46037740120069565,0.6974510421834303,0.0
3118,0.17682137244403234,0.0017467308975905372,Elaboración de productos de panadería y tortillas,0.043199849411286,horas,completa,E2,0.6126586784379827,-0.08837359012912482,0.46037740120069565,0.5761128432043614,0.0
3119,0.034555268459920276,0.0730106606369742,Otras industrias alimentarias,0.1089707298904361,horas,completa,E2,0.6178907571258725,-0.10234418358632372,0.46037740120069565,0.5879617576435506,0.0
3121,0.0690039605547143,0.24641197304014428,Industria de las bebidas,0.2419442465750293,horas,completa,E2,0.6087616471440632,-0.13058949410430315,0.46037740120069565,0.6116635591229698,0.0
3122,0.06679736166233756,-0.264018177138917,Industria del tabaco,0.1071479040489181,horas,completa,E2,0.7183335293270091,-0.10195699158600988,0.46037740120069565,0.5876343930656461,0.0
3131,-0.8746099083424035,0.2177837505184467,"Preparación e hilado de fibras textiles, y fabricación de hilos",0.2001267979454507,horas,completa,E2,1.7975246042343391,-0.12170692221283602,0.46037740120069565,0.6042500336795255,0.0
3132,-0.39453904436052767,0.7555883692351186,Fabricación de telas,0.1336042055792961,horas,completa,E2,0.7875792873177853,-0.10757665533947215,0.46037740120069565,0.5923796362024613,0.0
3133,-0.33627399009029046,-0.14194241056452356,Acabado de productos textiles y fabricación de telas recubiertas,0.3062290364360683,horas,completa,E2,1.3519086015666588,-0.14424442251771766,0.46037740120069565,0.6229803760886601,0.0
3141,-0.6723208940368622,0.32230688450840933,"Confección de alfombras, blancos y similares",0.5072465584471345,horas,completa,E2,1.0506278248372025,-0.18694316787935839,0.46037740120069565,0.6576525939575121,0.0
3149,0.6837122797070775,0.7428927959564965,"Fabricación de otros productos textiles, excepto prendas de vestir",0.3944218335152466,horas,completa,E2,0.7272258194223051,-0.16297772371226418,0.46037740120069565,0.6383339147462506,0.0
3151,0.26150889481790796,-0.1067199034695426,Fabricación de prendas de vestir de tejido de punto,0.3365154443339868,horas,completa,E2,0.959806554242036,-0.15067765085430423,0.46037740120069565,0.6282763230084105,0.0
3152,0.16001428146302865,-0.3170993766913814,Confección de prendas de vestir,0.4259861529321015,horas,completa,E2,0.49983857795255443,-0.16968239713481081,0.46037740120069565,0.6437767592228407,0.0
3159,-0.2373651072284186,1.2659085859940133,Confección de accesorios de vestir y otras prendas de vestir no clasificados en otra parte,0.6664841032423205,horas,completa,E2,0.7209494336741119,-0.22076730076687953,0.46037740120069565,0.6842211351925835,0.0
3161,0.26630934378349475,0.5134374821422921,Curtido y acabado de cuero y piel,0.262669438610518,horas,completa,E2,0.9228436230242903,-0.13499179539844464,0.46037740120069565,0.615322946152289,0.0
3162,-1.0034198758143051,-0.4679848810243817,Fabricación de calzado,0.1604241815757467,horas,completa,E2,1.2656380005252779,-0.11327356829621787,0.46037740120069565,0.5971763099140248,0.0
3169,-0.07132751889182813,-0.5455909286146085,"Fabricación de otros productos de cuero, piel y materiales sucedáneos",0.6136094363212712,horas,completa,E2,0.617672774469933,-0.20953603139117222,0.46037740120069565,0.6754956300920488,0.0
3211,-0.7249264494038237,-0.9120727057692753,Aserrado y conservación de la madera,0.0034917286527276,horas,completa,E2,0.5593874121272098,-0.07993906700847056,0.46037740120069565,0.5689250646706853,0.0
3212,-1.0545095726410318,0.17583224350335896,Fabricación de laminados y aglutinados de madera,0.0775332943220637,horas,completa,E2,0.6608672993233159,-0.09566646194928641,0.46037740120069565,0.5823074659017159,0.0
3219,0.23196968446930286,-0.4700674539418959,Fabricación de otros productos de madera,0.1827036170504173,horas,completa,E2,0.5506969898951445,-0.11800601118287178,0.46037740120069565,0.601149862977481,0.0
3221,-0.16657390998578947,0.11197186399174812,"Fabricación de pulpa, papel y cartón",0.0619018679380005,horas,completa,E2,0.607582165635922,-0.09234614296348373,0.46037740120069565,0.5794895957276904,0.0
3222,-0.21125757710074586,-0.052588461765997546,Fabricación de productos de cartón y papel,0.1574973850413846,horas,completa,E2,0.5426398600628171,-0.11265187851168665,0.46037740120069565,0.5966535574052739,0.0
3231,0.3657214406574571,-0.2633204601731831,Impresión e industrias conexas,0.1024504665734745,horas,completa,E2,0.5856493923037119,-0.10095919455513636,0.46037740120069565,0.586790491281359,0.0
3241,0.35185206197776936,-0.21121415829488424,Fabricación de productos derivados del petróleo y del carbón,0.0588949583065286,horas,completa,E2,0.6805289184472915,-0.09170743611148793,0.46037740120069565,0.5789470692919239,0.0
3251,0.046145844131205344,0.10061062251825074,Fabricación de productos químicos básicos,0.135778270214786,horas,completa,E2,0.631533997641227,-0.10803845504400449,0.46037740120069565,0.5927689879149177,0.0
3252,-0.20320554445736452,-0.8808455843520446,"Fabricación de resinas y hules sintéticos, y fibras químicas",0.3119319594154858,horas,completa,E2,0.6328114645192675,-0.145455797793261,0.46037740120069565,0.6239794056703707,0.0
3253,-0.812510669881569,-0.2441164745872095,"Fabricación de fertilizantes, pesticidas y otros agroquímicos",0.1679807884786191,horas,completa,E2,0.7121601847510579,-0.11487869023143904,0.46037740120069565,0.598525183532102,0.0
3254,0.1664891229999359,-0.17786268874992,Fabricación de productos farmacéuticos,0.1290966945098601,horas,completa,E2,0.6851870287694151,-0.10661920115615958,0.46037740120069565,0.5915720988366524,0.0
3255,-0.19851787528045267,-0.2649433688033556,"Fabricación de pinturas, recubrimientos y adhesivos",0.0704773870608603,horas,completa,E2,0.5196887851358928,-0.09416769515310189,0.46037740120069565,0.5810360147935814,0.0
3256,-0.21870727839139806,-0.21860277847906037,"Fabricación de jabones, limpiadores y preparaciones de tocador",0.2434658656862863,horas,completa,E2,0.6951289483872558,-0.13091270586375062,0.46037740120069565,0.6119325688206455,0.0
3259,-0.10881557757956148,0.4755497026179979,Fabricación de otros productos químicos,0.3514735701280596,horas,completa,E2,0.5606319995501376,-0.15385495200685423,0.46037740120069565,0.6308830757346464,0.0
3261,-0.2513992824660499,-0.3151061758528305,Fabricación de productos de plástico,0.2303591490643638,horas,completa,E2,0.5180089837325875,-0.12812866818401122,0.46037740120069565,0.6096136615128158,0.0
3262,-0.7267507831161371,0.38219773906834903,Fabricación de productos de hule,0.4171737487232005,horas,completa,E2,0.6643216532990984,-0.16781052746108654,0.46037740120069565,0.6422600670744016,0.0
3271,-0.05098041019210533,-0.2474085260314004,Fabricación de productos a base de arcillas y minerales refractarios,0.3488287256548686,horas,completa,E2,0.5583487397094207,-0.15329315252016218,0.46037740120069565,0.6304225925643792,0.0
3272,-0.1412351189099236,-0.24623621500824838,Fabricación de vidrio y productos de vidrio,0.272472982882299,horas,completa,E2,0.5702315354820034,-0.13707419615791328,0.46037740120069565,0.6170503785867802,0.0
3273,0.03121441217888811,0.2698689519953525,Fabricación de cemento y productos de concreto,0.0343074151008847,horas,completa,E2,0.6305789000648937,-0.08648472101728669,0.46037740120069565,0.5745052866915477,0.0
3274,0.03923278225477072,-0.14204271287365852,"Fabricación de cal, yeso y productos de yeso",0.1199075903205221,horas,completa,E2,0.5656426999480562,-0.1046673154898915,0.46037740120069565,0.5899246352390218,0.0
3279,-0.01078184486007915,0.7542130548851815,Fabricación de otros productos a base de minerales no metálicos,0.2243733059375072,horas,completa,E2,0.5931337695467007,-0.12685719697646988,0.46037740120069565,0.6085533115171017,0.0
3311,-0.768173087890293,-0.4210359063879536,Industria básica del hierro y del acero,0.279574215702268,horas,completa,E2,1.133379713600719,-0.13858259069437012,0.46037740120069565,0.6183002004421182,0.0
3312,0.20405975745644506,0.310651951931722,Fabricación de productos de hierro y acero,0.0669975578374552,horas,completa,E2,0.6251000198718107,-0.09342853400721934,0.46037740120069565,0.5804086484494454,0.0
3313,-0.9390411690882514,-0.1695766932320002,Industria básica del aluminio,0.2650002880058719,horas,completa,E2,0.6417640114940615,-0.1354868982323313,0.46037740120069565,0.6157338621639393,0.0
3314,-0.12468793076713623,0.09728836894975049,"Industrias de metales no ferrosos, excepto aluminio",0.4934732886739018,horas,completa,E2,0.5523996453255057,-0.18401754561040976,0.46037740120069565,0.6553150127400151,0.0
3315,-0.41280392745862876,0.44148059783285615,Moldeo por fundición de piezas metálicas,0.0974402319506194,horas,completa,E2,0.6181784436924246,-0.09989495532751524,0.46037740120069565,0.5858899529496632,0.0
3321,-0.03187680320401955,-0.12224440389184803,Fabricación de productos metálicos forjados y troquelados,0.4526204884780047,horas,completa,E2,0.5661294964485303,-0.17533987763687575,0.46037740120069565,0.6483468682695439,0.0
3322,0.03204514919786525,-0.4428853150396604,Fabricación de herramientas de mano sin motor y utensilios de cocina metálicos,0.4783144421423179,horas,completa,E2,0.7625817324138117,-0.18079760875339956,0.46037740120069565,0.6527354039405242,0.0
3323,0.5473232379736283,-0.9656871459343531,Fabricación de estructuras metálicas y productos de herrería,0.2249299265714363,horas,completa,E2,0.5518567086917407,-0.12697543046414497,0.46037740120069565,0.6086519471038011,0.0
3324,0.25411886052218985,0.10476360177989498,"Fabricación de calderas, tanques y envases metálicos",0.2575554192946691,horas,completa,E2,0.5595094196133948,-0.13390551094743086,0.46037740120069565,0.614420918992281,0.0
3325,-0.3866494925254262,-0.2510077387921072,Fabricación de herrajes y cerraduras,0.8134327973740351,horas,completa,E2,0.6890222526534602,-0.2519811213790463,0.46037740120069565,0.7079260393336457,0.0
3326,-0.19961258087838069,0.11839959675125386,"Fabricación de alambre, productos de alambre y resortes",0.3138914060002775,horas,completa,E2,0.6313724005133686,-0.14587200982262405,0.46037740120069565,0.6243224673041902,0.0
3327,-0.46983731325835226,-0.03878465238316977,Maquinado de piezas y fabricación de tornillos,0.1233232283296124,horas,completa,E2,0.5897059588834411,-0.10539284158402801,0.46037740120069565,0.5905371930818153,0.0
3329,-0.5214851385156297,-0.23646370310268788,Fabricación de otros productos metálicos,0.6293046757254936,horas,completa,E2,0.6030794459307194,-0.2128699050953461,0.46037740120069565,0.6780960494743105,0.0
3331,-0.818601442653152,0.5076729505515492,"Fabricación de maquinaria y equipo agropecuario, para la construcción y para la industria extractiva",0.519899184727109,horas,completa,E2,0.8326686697885043,-0.18963075084366782,0.46037740120069565,0.6597946739331999,0.0
3332,-0.7286089969355667,-0.12417100035300516,"Fabricación de maquinaria y equipo para las industrias manufactureras, excepto la metalmecánica",0.6992566972513394,horas,completa,E2,0.6349358081339957,-0.2277286274832366,0.46037740120069565,0.6895786581671187,0.0
3333,0.08212091808530257,0.2447884235182529,Fabricación de maquinaria y equipo para el comercio y los servicios,0.8664849575372038,horas,completa,E2,1.1512196888215847,-0.26325009263602667,0.46037740120069565,0.7162758933324169,0.0
3334,-0.7346850499536937,-0.7191112047584957,"Fabricación de equipo de aire acondicionado, calefacción, y de refrigeración industrial y comercial",0.8482017522901368,horas,completa,E2,0.6388994552996512,-0.25936650120862786,0.46037740120069565,0.713411243904823,0.0
3335,-0.7928365024482261,0.6038599294083412,Fabricación de maquinaria y equipo para la industria metalmecánica,0.6052735791408839,horas,completa,E2,0.8569133750804744,-0.20776538652620982,0.46037740120069565,0.6741110307626015,0.0
3336,-1.1430463718910973,-0.03685390755005945,"Fabricación de motores de combustión interna, turbinas y transmisiones",0.8385248456652771,horas,completa,E2,1.0830223841803968,-0.2573109999382435,0.46037740120069565,0.7118895149748198,0.0
3339,0.007806729438557152,-0.3213204691911976,Fabricación de otra maquinaria y equipo para la industria en general,0.6417221502759753,horas,completa,E2,0.6177256085579316,-0.21550753876310408,0.46037740120069565,0.6801472481934702,0.0
3341,0.3771654629709922,-0.5320469100345602,Fabricación de computadoras y equipo periférico,0.7847307234340066,horas,completa,E2,0.9408656018114999,-0.24588442625388807,0.46037740120069565,0.7033614630246853,0.0
3342,-0.6697838315288267,-0.5557542575197559,Fabricación de equipo de comunicación,0.895054776922478,horas,completa,E2,1.2556519491589413,-0.2693186951675649,0.46037740120069565,0.7207246193448645,0.0
3344,-0.11482878290704875,-0.1330641972573885,Fabricación de componentes electrónicos,0.4744887481943934,horas,completa,E2,0.5998851427217066,-0.17998498142579275,0.46037740120069565,0.652083253086291,0.0
3345,-0.04029616811697128,-0.11714280578662606,"Fabricación de instrumentos de medición, control, navegación, y equipo médico electrónico",0.9203173609236356,horas,completa,E2,0.6412218488753987,-0.27468479773738513,0.46037740120069565,0.7246299098970166,0.0
3346,1.280763846599148,-0.7412050117627533,Fabricación y reproducción de medios magnéticos y ópticos,0.6054992436078728,horas,completa,E2,1.1519684546496853,-0.2078133206043774,0.46037740120069565,0.6741485457451057,0.0
3351,-0.23380329763717586,0.5903188545955913,Fabricación de accesorios de iluminación,0.831395116765869,horas,completa,E2,0.6614081763949384,-0.25579655246258215,0.46037740120069565,0.7107659052386237,0.0
3352,-1.070875156062041,0.22744034091747392,Fabricación de aparatos eléctricos de uso doméstico,0.3900028883753999,horas,completa,E2,0.8134859824144688,-0.16203908208836143,0.46037740120069565,0.6375696586417164,0.0
3353,-1.218616962776482,-0.08668143704437033,Fabricación de equipo de generación y distribución de energía eléctrica,0.8989208694711824,horas,completa,E2,0.6780843701007712,-0.2701399036852611,0.46037740120069565,0.7213240109367465,0.0
3359,-0.3149649365236935,-0.7856671325983224,Fabricación de otros equipos y accesorios eléctricos,0.7464127593691879,horas,completa,E2,0.6797494857519214,-0.23774519055934934,0.46037740120069565,0.6972172453542301,0.0
3361,-1.278071582554833,1.1892206725416377,Fabricación de automóviles y camiones,0.6801529750236635,horas,completa,E2,1.8873005209282194,-0.22367074753974517,0.46037740120069565,0.6864604573453015,0.0
3362,-1.7508394848869342,0.6239628981258498,Fabricación de carrocerías y remolques,0.4826387565231524,horas,completa,E2,1.1582956801429174,-0.18171614956896473,0.46037740120069565,0.6534720084503569,0.0
3363,-0.3255128750737123,0.4223534325466908,Fabricación de partes para vehículos automotores,0.5296068171162411,horas,completa,E2,0.769076066132663,-0.19169277866741719,0.46037740120069565,0.661434684051398,0.0
3364,1.556097115367707,0.504170455932075,Fabricación de equipo aeroespacial,0.9896704181454756,horas,completa,E2,1.215368692943099,-0.28941629228940546,0.46037740120069565,0.7352109183968651,0.0
3365,1.255199105640224,-0.4000329530463386,Fabricación de equipo ferroviario,0.8018618332294466,horas,completa,E2,1.8939614997298275,-0.24952329757017824,0.46037740120069565,0.7060898089294513,0.0
3366,2.1102450895557605,0.042055785618820146,Fabricación de embarcaciones,0.5822911532336551,horas,completa,E2,1.8537167437505855,-0.20288361929622917,0.46037740120069565,0.6702812046816924,0.0
3369,-1.6714039490815464,0.9772267315543938,Fabricación de otro equipo de transporte,0.6740711386128929,horas,completa,E2,1.304259087164546,-0.2223788861057934,0.46037740120069565,0.6854649338650378,0.0
3371,-0.8063582106960716,-0.8996684890070448,"Fabricación de muebles, excepto de oficina y estantería",0.3642278188643361,horas,completa,E2,0.779426332017686,-0.1565641209072614,0.46037740120069565,0.6331010197196999,0.0
3372,0.23705418033895245,0.13828622293456375,Fabricación de muebles de oficina y estantería,0.2214380514733216,horas,completa,E2,0.881990277855979,-0.126233710617251,0.46037740120069565,0.6080330563967874,0.0
3379,0.13253400991400907,0.5852177159156875,"Fabricación de colchones, persianas y cortineros",0.3523025337449802,horas,completa,E2,0.6882125946384927,-0.15403103469874518,0.46037740120069565,0.6310273646190284,0.0
3391,-0.4473763636751136,-0.4008596076099596,"Fabricación de equipo no electrónico y material desechable de uso médico, dental y para laboratorio, y artículos oftálmicos",0.7835186733412709,horas,completa,E2,0.8048747182979952,-0.24562697099447825,0.46037740120069565,0.7031679900874049,0.0
3399,-0.17096089522967003,-0.03158047374740721,Otras industrias manufactureras,0.618987370047973,horas,completa,E2,0.6310341368032133,-0.21067837470766967,0.46037740120069565,0.6763876294467518,0.0
3111,0.09406493362825878,-0.1621357438576157,Elaboración de alimentos para animales,0.02886946578166,horas,sin pandemia,E2,0.2207971725047522,-0.03776223803976371,0.08732857754262344,0.6672803039272717,0.0
3112,-0.08309062725597977,-0.07767962151629192,Molienda de granos y de semillas y obtención de aceites y grasas,0.0609807080676099,horas,sin pandemia,E2,0.15603356187215445,-0.03637983056069907,0.08732857754262344,0.6615092393008362,0.0
3113,-0.18962268242949423,0.1044087053934954,"Elaboración de azúcares, chocolates, dulces y similares",0.2016423568218791,horas,sin pandemia,E2,0.16293067033540742,-0.030324265549421164,0.08732857754262344,0.6357957372606725,0.0
3114,0.22535969938885891,-0.12295350268859043,"Conservación de frutas, verduras, guisos y otros alimentos preparados",0.3156513149608729,horas,sin pandemia,E2,0.2067563057990629,-0.025416114223221202,0.08732857754262344,0.61448965825707,0.0
3115,-0.09321533462686277,0.08882347930092302,Elaboración de productos lácteos,0.0498313429839448,horas,sin pandemia,E2,0.14636023903124998,-0.036859817150480575,0.08732857754262344,0.6635174023956332,0.0
3116,-0.09464763098260727,0.2033965635457081,"Matanza, empacado y procesamiento de carne de ganado, aves y otros animales comestibles",0.044361709007407,horas,sin pandemia,E2,0.16327614880202168,-0.037095288044118976,0.08732857754262344,0.6645008648932681,0.0
3117,0.40651794962318816,0.10784626932830224,Preparación y envasado de pescados y mariscos,0.7478643561015712,horas,sin pandemia,E2,0.40233986752912104,-0.006809093812690181,0.08732857754262344,0.5310744269759564,0.0
3118,-0.037088744150220725,-0.278836748997109,Elaboración de productos de panadería y tortillas,0.043199849411286,horas,sin pandemia,E2,0.1610926051905369,-0.03714530676905643,0.08732857754262344,0.6647096272179418,0.0
3119,0.04106061244366184,0.08119364528130738,Otras industrias alimentarias,0.1089707298904361,horas,sin pandemia,E2,0.286802712451204,-0.03431383247511961,0.08732857754262344,0.6528136239369179,0.0
3121,0.004994174638147285,0.008843838084673988,Industria de las bebidas,0.2419442465750293,horas,sin pandemia,E2,0.17258196364876668,-0.028589245978422786,0.08732857754262344,0.6283080927154977,0.0
3122,0.5214447148387906,-0.5391972462168062,Industria del tabaco,0.1071479040489181,horas,sin pandemia,E2,0.37183805111573676,-0.03439230617769104,0.08732857754262344,0.6531454230574422,0.0
3131,0.3974993845620515,-0.300219624353743,"Preparación e hilado de fibras textiles, y fabricación de hilos",0.2001267979454507,horas,sin pandemia,E2,0.35665198517228913,-0.030389511232135027,0.08732857754262344,0.6360763232107762,0.0
3132,0.024742645098855695,0.4102318394871188,Fabricación de telas,0.1336042055792961,horas,sin pandemia,E2,0.19478028714047405,-0.03325334715585382,0.08732857754262344,0.6483183275295648,0.0
3133,-0.10832980764325681,-0.9597884348765353,Acabado de productos textiles y fabricación de telas recubiertas,0.3062290364360683,horas,sin pandemia,E2,0.8067065383365394,-0.025821748741703204,0.08732857754262344,0.616264665772277,0.0
3141,-0.1901531201530621,-0.23991251766664018,"Confección de alfombras, blancos y similares",0.5072465584471345,horas,sin pandemia,E2,0.3614477484150303,-0.017167828616889834,0.08732857754262344,0.577925369482294,0.0
3149,0.11871412840989655,0.7502464061164483,"Fabricación de otros productos textiles, excepto prendas de vestir",0.3944218335152466,horas,sin pandemia,E2,0.4397039315358726,-0.022024998021310443,0.08732857754262344,0.5995599948089821,0.0
3151,-0.302260663028668,-0.35215138083894576,Fabricación de prendas de vestir de tejido de punto,0.3365154443339868,horas,sin pandemia,E2,0.2321833533164138,-0.024517901434294477,0.08732857754262344,0.6105506931869116,0.0
3152,-0.0305740940734967,-0.37541817997759286,Confección de prendas de vestir,0.4259861529321015,horas,sin pandemia,E2,0.1519689357161093,-0.020666135886831832,0.08732857754262344,0.5935350723255153,0.0
3159,-0.1025007700723639,1.466289236989926,Confección de accesorios de vestir y otras prendas de vestir no clasificados en otra parte,0.6664841032423205,horas,sin pandemia,E2,0.487789662069607,-0.01031256057984245,0.08732857754262344,0.5470015038332082,0.0
3161,0.5049452818944222,-0.09380022577100576,Curtido y acabado de cuero y piel,0.262669438610518,horas,sin pandemia,E2,0.3079931131845299,-0.027697014521919888,0.08732857754262344,0.6244383913476255,0.0
3162,-0.10514858219102569,-0.4089659874028574,Fabricación de calzado,0.1604241815757467,horas,sin pandemia,E2,0.3305780498320009,-0.032098731738746444,0.08732857754262344,0.6434003511721749,0.0
3169,-0.04019447978222089,0.2899376915664953,"Fabricación de otros productos de cuero, piel y materiales sucedáneos",0.6136094363212712,horas,sin pandemia,E2,0.2756115950436446,-0.01258884545084829,0.08732857754262344,0.5573109372273335,0.0
3211,-0.1728404785480892,-0.9781321103467583,Aserrado y conservación de la madera,0.0034917286527276,horas,sin pandemia,E2,0.3295479508417275,-0.038854764242779005,0.08732857754262344,0.6718134232610161,0.0
3212,-0.15309278742666999,0.43292922417738505,Fabricación de laminados y aglutinados de madera,0.0775332943220637,horas,sin pandemia,E2,0.2083664716246983,-0.03566723218682577,0.08732857754262344,0.6585194021439048,0.0
3219,0.003384590463570355,-0.45129536055456265,Fabricación de otros productos de madera,0.1827036170504173,horas,sin pandemia,E2,0.2551679369025678,-0.031139589206817725,0.08732857754262344,0.6392967239788888,0.0
3221,-0.014216036645466851,0.0006887913444894458,"Fabricación de pulpa, papel y cartón",0.0619018679380005,horas,sin pandemia,E2,0.17146913521171095,-0.03634017409761668,0.08732857754262344,0.6613431184257987,0.0
3222,-0.004270560760061224,0.05461119220011964,Fabricación de productos de cartón y papel,0.1574973850413846,horas,sin pandemia,E2,0.1602297167238692,-0.032224732015620594,0.08732857754262344,0.643938215530175,0.0
3231,0.04340002394960781,-0.4429865940978085,Impresión e industrias conexas,0.1024504665734745,horas,sin pandemia,E2,0.19943544093509208,-0.03459453356711015,0.08732857754262344,0.6539999305256659,0.0
3241,0.1372002811169307,-0.13793532845083428,Fabricación de productos derivados del petróleo y del carbón,0.0588949583065286,horas,sin pandemia,E2,0.32783506638848814,-0.036469623289472994,0.08732857754262344,0.6618852647615778,0.0
3251,0.1742932933968369,0.1611298108408515,Fabricación de productos químicos básicos,0.135778270214786,horas,sin pandemia,E2,0.3686432250574301,-0.03315975242086014,0.08732857754262344,0.6479205795192091,0.0
3252,0.2925383384465135,-0.8215637637512991,"Fabricación de resinas y hules sintéticos, y fibras químicas",0.3119319594154858,horas,sin pandemia,E2,0.3106898106614804,-0.025576234622097627,0.08732857754262344,0.6151906145183984,0.0
3253,-0.21690363476764857,-0.7006359118034146,"Fabricación de fertilizantes, pesticidas y otros agroquímicos",0.1679807884786191,horas,sin pandemia,E2,0.5015613648030155,-0.03177341545836532,0.08732857754262344,0.6420103386041245,0.0
3254,0.13056551434186836,-0.2019922832733685,Fabricación de productos farmacéuticos,0.1290966945098601,horas,sin pandemia,E2,0.20687573830267114,-0.03344739810408141,0.08732857754262344,0.6491424651650397,0.0
3255,-0.04758397587268246,0.21247800918734822,"Fabricación de pinturas, recubrimientos y adhesivos",0.0704773870608603,horas,sin pandemia,E2,0.18303730313766434,-0.035970993059189826,0.08732857754262344,0.6597951167239449,0.0
3256,-0.11729038984470866,-0.27369947050749405,"Fabricación de jabones, limpiadores y preparaciones de tocador",0.2434658656862863,horas,sin pandemia,E2,0.24403144561182313,-0.028523739399108357,0.08732857754262344,0.6280244189477199,0.0
3259,-0.23266598426630683,0.3885403075549136,Fabricación de otros productos químicos,0.3514735701280596,horas,sin pandemia,E2,0.34222414945327856,-0.023873945501777856,0.08732857754262344,0.6077196969619119,0.0
3261,-0.1370360450547911,-0.07643873673589494,Fabricación de productos de plástico,0.2303591490643638,horas,sin pandemia,E2,0.13061470245235948,-0.029087991100203534,0.08732857754262344,0.6304655953641998,0.0
3262,-0.25303448222534053,0.18922095829839855,Fabricación de productos de hule,0.4171737487232005,horas,sin pandemia,E2,0.22580437028171157,-0.021045514964677596,0.08732857754262344,0.5952194587234331,0.0
3271,0.1648475185391769,-0.31697250854113757,Fabricación de productos a base de arcillas y minerales refractarios,0.3488287256548686,horas,sin pandemia,E2,0.2747627559493407,-0.023987807579991555,0.08732857754262344,0.6082206838188051,0.0
3272,0.14684682298738172,-0.2460677215406337,Fabricación de vidrio y productos de vidrio,0.272472982882299,horas,sin pandemia,E2,0.13933486656766206,-0.027274966293390865,0.08732857754262344,0.6226035260115892,0.0
3273,0.08885516343321997,0.510695933635944,Fabricación de cemento y productos de concreto,0.0343074151008847,horas,sin pandemia,E2,0.30800056269500137,-0.037528131188875546,0.08732857754262344,0.666305726990388,0.0
3274,-0.31643647675927195,0.1377880529589204,"Fabricación de cal, yeso y productos de yeso",0.1199075903205221,horas,sin pandemia,E2,0.30009094518785906,-0.03384299433309443,0.08732857754262344,0.6508203937602266,0.0
3279,0.30937718291176053,0.30562305220917324,Fabricación de otros productos a base de minerales no metálicos,0.2243733059375072,horas,sin pandemia,E2,0.3208787124382654,-0.029345685095141093,0.08732857754262344,0.6315787414077771,0.0
3311,-0.1358930333172378,-0.3691836476803749,Industria básica del hierro y del acero,0.279574215702268,horas,sin pandemia,E2,1.0657708962989245,-0.02696925412961077,0.08732857754262344,0.6212727014547169,0.0
3312,-0.11021357513230612,0.41931446523075067,Fabricación de productos de hierro y acero,0.0669975578374552,horas,sin pandemia,E2,0.2893148748789596,-0.03612080171191853,0.08732857754262344,0.6604236013597972,0.0
3313,-0.30226793894688386,-0.47339379482699057,Industria básica del aluminio,0.2650002880058719,horas,sin pandemia,E2,0.4796888986926829,-0.02759667011269345,0.08732857754262344,0.6240023947056277,0.0
3314,0.23133199976854418,0.06592032855736236,"Industrias de metales no ferrosos, excepto aluminio",0.4934732886739018,horas,sin pandemia,E2,0.2765755957736283,-0.01776077581513706,0.08732857754262344,0.5805804910838284,0.0
3315,0.005626159723342794,0.2841431089813214,Moldeo por fundición de piezas metálicas,0.0974402319506194,horas,sin pandemia,E2,0.26109935468788853,-0.03481022705392159,0.08732857754262344,0.6549104750834933,0.0
3321,0.3041333517988692,-0.10118894522016192,Fabricación de productos metálicos forjados y troquelados,0.4526204884780047,horas,sin pandemia,E2,0.3767019811356993,-0.019519512398064348,0.08732857754262344,0.5884338274137135,0.0
3322,-0.16133621680851942,-0.27290412366730127,Fabricación de herramientas de mano sin motor y utensilios de cocina metálicos,0.4783144421423179,horas,sin pandemia,E2,0.3454011816459156,-0.0184133728910348,0.08732857754262344,0.5834984752844709,0.0
3323,-0.2161345395128947,-0.324287561828635,Fabricación de estructuras metálicas y productos de herrería,0.2249299265714363,horas,sin pandemia,E2,0.20907421033473586,-0.029321722256192256,0.08732857754262344,0.631475276893093,0.0
3324,-0.10835787011595104,0.3518455067465007,"Fabricación de calderas, tanques y envases metálicos",0.2575554192946691,horas,sin pandemia,E2,0.22746692900165155,-0.027917175999553026,0.08732857754262344,0.6253944360049695,0.0
3325,-0.22170964558686015,-0.008151280536213935,Fabricación de herrajes y cerraduras,0.8134327973740351,horas,sin pandemia,E2,0.2969426264660966,-0.0039863346432224556,0.08732857754262344,0.5182044109747883,0.0
3326,-0.09709342369568613,-0.06852544805095696,"Fabricación de alambre, productos de alambre y resortes",0.3138914060002775,horas,sin pandemia,E2,0.19250013614014325,-0.02549187931782374,0.08732857754262344,0.614821380549233,0.0
3327,-0.31310174663287443,-0.1002263655119574,Maquinado de piezas y fabricación de tornillos,0.1233232283296124,horas,sin pandemia,E2,0.2758700562343923,-0.03369594914912129,0.08732857754262344,0.6501970410404011,0.0
3329,-0.10642922585988414,0.1620892143541882,Fabricación de otros productos metálicos,0.6293046757254936,horas,sin pandemia,E2,0.22307902553865494,-0.011913156352778079,0.08732857754262344,0.554254425827872,0.0
3331,-0.2726467132331427,0.4915969469594542,"Fabricación de maquinaria y equipo agropecuario, para la construcción y para la industria extractiva",0.519899184727109,horas,sin pandemia,E2,0.39003660211608454,-0.016623125766608023,0.08732857754262344,0.5754831501048606,0.0
3332,-0.14218896389881666,-0.12347818152022422,"Fabricación de maquinaria y equipo para las industrias manufactureras, excepto la metalmecánica",0.6992566972513394,horas,sin pandemia,E2,0.3266522730778124,-0.008901681528107976,0.08732857754262344,0.540595152055199,0.0
3333,0.09455277005173493,0.3019361947305299,Fabricación de maquinaria y equipo para el comercio y los servicios,0.8664849575372038,horas,sin pandemia,E2,0.958067059969499,-0.0017024085858930171,0.08732857754262344,0.5077766038135284,0.0
3334,0.32487873611401424,-0.7002246996354735,"Fabricación de equipo de aire acondicionado, calefacción, y de refrigeración industrial y comercial",0.8482017522901368,horas,sin pandemia,E2,0.4793197536278232,-0.0024895111043738427,0.08732857754262344,0.5113712688443325,0.0
3335,-0.3669012585042077,0.0788381534534442,Fabricación de maquinaria y equipo para la industria metalmecánica,0.6052735791408839,horas,sin pandemia,E2,0.7272247619091193,-0.012947708904587171,0.08732857754262344,0.5589328989552175,0.0
3336,0.10807228494769877,-0.05918839339927221,"Fabricación de motores de combustión interna, turbinas y transmisiones",0.8385248456652771,horas,sin pandemia,E2,0.4598664856020396,-0.002906107509249453,0.08732857754262344,0.5132734923790462,0.0
3339,-0.13858442593732764,-0.05030861562796636,Fabricación de otra maquinaria y equipo para la industria en general,0.6417221502759753,horas,sin pandemia,E2,0.29507523190277457,-0.01137857691991722,0.08732857754262344,0.5518339346698183,0.0
3341,0.41172647998934775,0.24222495479100672,Fabricación de computadoras y equipo periférico,0.7847307234340066,horas,sin pandemia,E2,0.49238905280601786,-0.005221975461040411,0.08732857754262344,0.5238412901246644,0.0
3342,0.7214522378962832,-0.6948141971461885,Fabricación de equipo de comunicación,0.895054776922478,horas,sin pandemia,E2,1.406864659892156,-0.00047246140284646493,0.08732857754262344,0.5021583302428054,0.0
3344,0.24956950898123842,-0.23412868124950154,Fabricación de componentes electrónicos,0.4744887481943934,horas,sin pandemia,E2,0.33611913268013033,-0.018578071219399916,0.08732857754262344,0.5842341778067193,0.0
3345,0.16986501470610813,-0.39108813330293524,"Fabricación de instrumentos de medición, control, navegación, y equipo médico electrónico",0.9203173609236356,horas,sin pandemia,E2,0.375172095165731,0.0006151073916806638,0.08732857754262344,0.4971900341976194,0.0
3346,1.2392961824586883,-0.5269242572332326,Fabricación y reproducción de medios magnéticos y ópticos,0.6054992436078728,horas,sin pandemia,E2,1.2241552793751522,-0.012937993919282444,0.08732857754262344,0.5588890028474816,0.0
3351,0.22052403922141758,0.5255255492431248,Fabricación de accesorios de iluminación,0.831395116765869,horas,sin pandemia,E2,0.5366329321520361,-0.0032130464456654254,0.08732857754262344,0.5146748174728965,0.0
3352,-0.09518719441113216,-0.1549934095715273,Fabricación de aparatos eléctricos de uso doméstico,0.3900028883753999,horas,sin pandemia,E2,0.4058567062539587,-0.02221523615524814,0.08732857754262344,0.6004016206914621,0.0
3353,-0.2831709061062664,0.04135365897595666,Fabricación de equipo de generación y distribución de energía eléctrica,0.8989208694711824,horas,sin pandemia,E2,0.24040672957684647,-0.00030602389144493425,0.08732857754262344,0.5013980030670078,0.0
3359,-0.11305298918905808,-0.3825406162245902,Fabricación de otros equipos y accesorios eléctricos,0.7464127593691879,horas,sin pandemia,E2,0.38355254568380936,-0.00687158588825558,0.08732857754262344,0.531359034472636,0.0
3361,-0.1554280910437372,-0.11847927471603029,Fabricación de automóviles y camiones,0.6801529750236635,horas,sin pandemia,E2,0.4433409387102848,-0.009724107775287705,0.08732857754262344,0.5443309170153635,0.0
3362,-0.44749332993656843,0.09069849198105258,Fabricación de carrocerías y remolques,0.4826387565231524,horas,sin pandemia,E2,0.6487662265053831,-0.01822720866578749,0.08732857754262344,0.5826665330632417,0.0
3363,-0.17311417100830856,0.05125462988138744,Fabricación de partes para vehículos automotores,0.5296068171162411,horas,sin pandemia,E2,0.2877354253448733,-0.01620520659987998,0.08732857754262344,0.5736074038477824,0.0
3364,-0.1349802257373255,0.14094519271144046,Fabricación de equipo aeroespacial,0.9896704181454756,horas,sin pandemia,E2,0.468120586946665,0.003600796458011774,0.08732857754262344,0.48355517689584504,0.0
3365,0.8591766399680052,-1.6492811528201934,Fabricación de equipo ferroviario,0.8018618332294466,horas,sin pandemia,E2,0.8724653770615206,-0.004484471315451627,0.08732857754262344,0.5204773659387809,0.0
3366,0.3511422908158585,-1.8706056194800005,Fabricación de embarcaciones,0.5822911532336551,horas,sin pandemia,E2,1.4517482665278885,-0.01393711557961648,0.08732857754262344,0.5633995407208449,0.0
3369,0.36465021007796955,-0.522877445891638,Fabricación de otro equipo de transporte,0.6740711386128929,horas,sin pandemia,E2,0.7290159807892702,-0.0099859343363976,0.08732857754262344,0.5455194242480575,0.0
3371,-0.27628255422248027,-0.13345812385961595,"Fabricación de muebles, excepto de oficina y estantería",0.3642278188643361,horas,sin pandemia,E2,0.37588302430422205,-0.023324867746209545,0.08732857754262344,0.6053012919286561,0.0
3372,-0.022920254502051304,-0.0845218642258111,Fabricación de muebles de oficina y estantería,0.2214380514733216,horas,sin pandemia,E2,0.23488037561733643,-0.029472049490766594,0.08732857754262344,0.6321241878695102,0.0
3379,0.4809923157940503,-0.5547882098766078,"Fabricación de colchones, persianas y cortineros",0.3523025337449802,horas,sin pandemia,E2,0.379497702869752,-0.023838258140519798,0.08732857754262344,0.6075626377433183,0.0
3391,0.21527912819944675,-0.3910489138478662,"Fabricación de equipo no electrónico y material desechable de uso médico, dental y para laboratorio, y artículos oftálmicos",0.7835186733412709,horas,sin pandemia,E2,0.256085624965525,-0.005274154915770879,0.08732857754262344,0.5240792309621899,0.0
3399,0.0359738465703477,-0.04209604017275965,Otras industrias manufactureras,0.618987370047973,horas,sin pandemia,E2,0.3501060139659617,-0.012357322305792028,0.08732857754262344,0.5562640060907248,0.0
3111,-0.5648620669776144,2.059187662687452,Elaboración de alimentos para animales,0.02886946578166,importaciones_eeuu,completa,T1,2.392256178803676,-0.9455662235480192,0.6536647598883009,0.9259901010149768,0.0
3112,-0.8689058329840189,-0.07206335344548584,Molienda de granos y de semillas y obtención de aceites y grasas,0.0609807080676099,importaciones_eeuu,completa,T1,0.9639997991300209,-0.9198568163850473,0.6536647598883009,0.9203204361857735,0.0
3113,0.8030030358533434,0.0021280584137711943,"Elaboración de azúcares, chocolates, dulces y similares",0.2016423568218791,importaciones_eeuu,completa,T1,1.303648174403169,-0.8072380778188115,0.6536647598883009,0.8915739579978122,0.0
3114,-0.9301120353191515,-0.3193048519963144,"Conservación de frutas, verduras, guisos y otros alimentos preparados",0.3156513149608729,importaciones_eeuu,completa,T1,0.8199193484637695,-0.71595843504074,0.6536647598883009,0.8633071931266747,0.0
3115,-0.8329299379408035,-0.6581868100901551,Elaboración de productos lácteos,0.0498313429839448,importaciones_eeuu,completa,T1,1.549505744317177,-0.9287833961788782,0.6536647598883009,0.9223251127143495,0.0
3116,-1.2749385189173317,-0.8053465944451188,"Matanza, empacado y procesamiento de carne de ganado, aves y otros animales comestibles",0.044361709007407,importaciones_eeuu,completa,T1,1.1728318816905705,-0.9331625804434734,0.6536647598883009,0.9232944546964008,0.0
3117,-1.5767088373164964,-1.4522358456757638,Preparación y envasado de pescados y mariscos,0.7478643561015712,importaciones_eeuu,completa,T1,1.8465312229998507,-0.3699132413705306,0.6536647598883009,0.7142713832188864,0.0
3118,-1.1160133735229645,0.16006718644895523,Elaboración de productos de panadería y tortillas,0.043199849411286,importaciones_eeuu,completa,T1,0.9984207113489747,-0.9340928067223848,0.6536647598883009,0.9234991726739428,0.0
3119,-0.8422253655162967,-0.22197142233969458,Otras industrias alimentarias,0.1089707298904361,importaciones_eeuu,completa,T1,0.8544475748461088,-0.8814342913448752,0.6536647598883009,0.9112431655108633,0.0
3121,-1.869943015184133,-0.49907355055030184,Industria de las bebidas,0.2419442465750293,importaciones_eeuu,completa,T1,0.9700085189619988,-0.7749709458320089,0.6536647598883009,0.882105619707489,0.0
3122,-0.4431656763161454,-1.6509753640064813,Industria del tabaco,0.1071479040489181,importaciones_eeuu,completa,T1,3.188976780982184,-0.882893710800823,0.6536647598883009,0.9116014586786811,0.0
3131,-0.6004402232022702,0.6949612509941707,"Preparación e hilado de fibras textiles, y fabricación de hilos",0.2001267979454507,importaciones_eeuu,completa,T1,1.2096045596935472,-0.8084514883709969,0.6536647598883009,0.8919190202923304,0.0
3132,-0.1473360838765058,-0.49235111817416505,Fabricación de telas,0.1336042055792961,importaciones_eeuu,completa,T1,0.7762050785660776,-0.8617118511264481,0.6536647598883009,0.9062946931759351,0.0
3133,-0.2775644568052758,0.6769491708210814,Acabado de productos textiles y fabricación de telas recubiertas,0.3062290364360683,importaciones_eeuu,completa,T1,1.117345381164852,-0.7235022476668593,0.6536647598883009,0.8658184263859529,0.0
3141,-1.937112922807071,-0.5083771441170981,"Confección de alfombras, blancos y similares",0.5072465584471345,importaciones_eeuu,completa,T1,0.9044407064775132,-0.5625604418577637,0.6536647598883009,0.805277781459659,0.0
3149,-0.4892323809264653,-0.5833433138146328,"Fabricación de otros productos textiles, excepto prendas de vestir",0.3944218335152466,importaciones_eeuu,completa,T1,1.1851539699601301,-0.6528919452450799,0.6536647598883009,0.8410584998565984,0.0
3151,-0.40383872442869273,-1.1382740203181905,Fabricación de prendas de vestir de tejido de punto,0.3365154443339868,importaciones_eeuu,completa,T1,1.796928306732247,-0.6992538680738927,0.6536647598883009,0.8576326925060281,0.0
3152,-0.42190462429672243,-0.9492103901684825,Confección de prendas de vestir,0.4259861529321015,importaciones_eeuu,completa,T1,0.9844117100962837,-0.6276204240599561,0.6536647598883009,0.8315117549902105,0.0
3159,-0.2370055694296735,-1.2824122540610148,Confección de accesorios de vestir y otras prendas de vestir no clasificados en otra parte,0.6664841032423205,importaciones_eeuu,completa,T1,1.5949425311930137,-0.4350691776358657,0.6536647598883009,0.7471616639407308,0.0
3161,-1.9809151834036889,-1.7194580278332543,Curtido y acabado de cuero y piel,0.262669438610518,importaciones_eeuu,completa,T1,1.2506090339174045,-0.7583776170586682,0.6536647598883009,0.877014987158842,0.0
3162,-1.2147618059628504,-1.1000592318441795,Fabricación de calzado,0.1604241815757467,importaciones_eeuu,completa,T1,1.4713021831403525,-0.8402388206888939,0.6536647598883009,0.9006785751554989,0.0
3169,-0.49425873961950184,-2.9666469314346258,"Fabricación de otros productos de cuero, piel y materiales sucedáneos",0.6136094363212712,importaciones_eeuu,completa,T1,1.1546413701075218,-0.47740252395658933,0.6536647598883009,0.7674111468395028,0.0
3211,-3.620567794940041,-5.523431117626396,Aserrado y conservación de la madera,0.0034917286527276,importaciones_eeuu,completa,T1,2.745495354810412,-0.9658845460505425,0.6536647598883009,0.9302486053361212,0.0
3212,-2.4730207494473313,-0.2029369635013383,Fabricación de laminados y aglutinados de madera,0.0775332943220637,importaciones_eeuu,completa,T1,2.1989809512601406,-0.906604224790291,0.6536647598883009,0.9172724015575304,0.0
3219,-1.7109253139345475,-1.643346669570006,Fabricación de otros productos de madera,0.1827036170504173,importaciones_eeuu,completa,T1,1.16991401467477,-0.8224011091211265,0.6536647598883009,0.8958292494404188,0.0
3221,0.1028350363257351,0.6715637620819073,"Fabricación de pulpa, papel y cartón",0.0619018679380005,importaciones_eeuu,completa,T1,1.4642678597636924,-0.9191193029011662,0.6536647598883009,0.9201530754147929,0.0
3222,-1.0213019229119527,-0.5017754523496119,Fabricación de productos de cartón y papel,0.1574973850413846,importaciones_eeuu,completa,T1,0.8373535786842246,-0.8425821185007638,0.6536647598883009,0.901303148719484,0.0
3231,-0.4470028291027172,-0.14202556248360004,Impresión e industrias conexas,0.1024504665734745,importaciones_eeuu,completa,T1,1.1024986782612416,-0.886654646973997,0.6536647598883009,0.91251981432664,0.0
3241,-0.09820136792803259,0.26369218389019533,Fabricación de productos derivados del petróleo y del carbón,0.0588949583065286,importaciones_eeuu,completa,T1,2.9243169937923064,-0.9215267421191624,0.6536647598883009,0.9206984043624244,0.0
3251,-0.2166863429468409,-0.7916383447929773,Fabricación de productos químicos básicos,0.135778270214786,importaciones_eeuu,completa,T1,1.1079892767992239,-0.8599712173504424,0.6536647598883009,0.9058483657453269,0.0
3252,-0.3152505306245309,-1.7440339113325418,"Fabricación de resinas y hules sintéticos, y fibras químicas",0.3119319594154858,importaciones_eeuu,completa,T1,1.1795321149674816,-0.7189362838965612,0.6536647598883009,0.8643022911056127,0.0
3253,0.8788133674180201,-0.7640933365661088,"Fabricación de fertilizantes, pesticidas y otros agroquímicos",0.1679807884786191,importaciones_eeuu,completa,T1,1.546647156045721,-0.8341887313804066,0.6536647598883009,0.8990526561140153,0.0
3254,-0.8024414501080573,-0.2581729782266452,Fabricación de productos farmacéuticos,0.1290966945098601,importaciones_eeuu,completa,T1,1.0766603357211446,-0.8653207254373133,0.6536647598883009,0.9072150881906105,0.0
3255,-0.6433000120231148,-0.7254853925842724,"Fabricación de pinturas, recubrimientos y adhesivos",0.0704773870608603,importaciones_eeuu,completa,T1,1.061448925774652,-0.9122534360872896,0.6536647598883009,0.9185822546061752,0.0
3256,-0.8355362975634733,-0.44191085796605695,"Fabricación de jabones, limpiadores y preparaciones de tocador",0.2434658656862863,importaciones_eeuu,completa,T1,1.062480838125088,-0.7737526832394283,0.6536647598883009,0.8817370207285965,0.0
3259,-0.4864533032027104,-0.18354809625829607,Fabricación de otros productos químicos,0.3514735701280596,importaciones_eeuu,completa,T1,0.8891110889255063,-0.6872778584567552,0.6536647598883009,0.853467714651994,0.0
3261,-0.6670099399106092,-0.5608445736355011,Fabricación de productos de plástico,0.2303591490643638,importaciones_eeuu,completa,T1,0.7175918177284627,-0.7842463885654951,0.6536647598883009,0.8848853694894403,0.0
3262,-0.8661093568798977,-0.9780346535012472,Fabricación de productos de hule,0.4171737487232005,importaciones_eeuu,completa,T1,0.8778783109517453,-0.6346759495321194,0.6536647598883009,0.8342134686030033,0.0
3271,-1.208452130852749,-0.5406866141389345,Fabricación de productos a base de arcillas y minerales refractarios,0.3488287256548686,importaciones_eeuu,completa,T1,0.743741237245309,-0.6893954153808531,0.6536647598883009,0.8542100428401374,0.0
3272,-0.7662406332091511,-0.6024994353257175,Fabricación de vidrio y productos de vidrio,0.272472982882299,importaciones_eeuu,completa,T1,0.7387720458818116,-0.7505285494617501,0.6536647598883009,0.8745540505216813,0.0
3273,-1.1704106335884503,-0.6591820174756523,Fabricación de cemento y productos de concreto,0.0343074151008847,importaciones_eeuu,completa,T1,1.539138619947048,-0.9412124071514258,0.6536647598883009,0.9250522658678467,0.0
3274,-1.8176820451133318,-1.3497639806469417,"Fabricación de cal, yeso y productos de yeso",0.1199075903205221,importaciones_eeuu,completa,T1,1.2591870685140643,-0.8726778503645551,0.6536647598883009,0.9090706878654423,0.0
3279,-0.4163474872100121,0.3013226372911623,Fabricación de otros productos a base de minerales no metálicos,0.2243733059375072,importaciones_eeuu,completa,T1,0.8719930991262537,-0.7890388683079985,0.6536647598883009,0.886303222801055,0.0
3311,-1.1211445662013164,-0.4419577653492433,Industria básica del hierro y del acero,0.279574215702268,importaciones_eeuu,completa,T1,2.555178965394282,-0.7448430489039743,0.6536647598883009,0.8727501325126656,0.0
3312,-2.782850983988923,-2.138097876714455,Fabricación de productos de hierro y acero,0.0669975578374552,importaciones_eeuu,completa,T1,1.6757705825288176,-0.91503951161702,0.6536647598883009,0.9192224595362997,0.0
3313,-3.9388665258528506,-2.6548871223580144,Industria básica del aluminio,0.2650002880058719,importaciones_eeuu,completa,T1,1.8722881272238012,-0.7565114558056376,0.6536647598883009,0.8764329748199617,0.0
3314,0.6197354635578737,0.25713416867594235,"Industrias de metales no ferrosos, excepto aluminio",0.4934732886739018,importaciones_eeuu,completa,T1,1.1256748445579803,-0.5735878134372316,0.6536647598883009,0.8098911891585807,0.0
3315,0.9003842370952351,-0.15277724285737082,Moldeo por fundición de piezas metálicas,0.0974402319506194,importaciones_eeuu,completa,T1,1.2054197784091767,-0.8906660197123654,0.6536647598883009,0.9134914546424007,0.0
3321,-1.7768572068704531,-2.1400517294379515,Fabricación de productos metálicos forjados y troquelados,0.4526204884780047,importaciones_eeuu,completa,T1,1.534527645069746,-0.6062960239957316,0.6536647598883009,0.8231752210161445,0.0
3322,-0.41017332060872164,0.1665880499146932,Fabricación de herramientas de mano sin motor y utensilios de cocina metálicos,0.4783144421423179,importaciones_eeuu,completa,T1,1.0997058163185125,-0.5857245272439103,0.6536647598883009,0.814890327834938,0.0
3323,-1.031304687439621,-1.4914315702854155,Fabricación de estructuras metálicas y productos de herrería,0.2249299265714363,importaciones_eeuu,completa,T1,1.0796193563428036,-0.7885932179533482,0.6536647598883009,0.886171904679439,0.0
3324,0.28897982691783136,0.3681103570162165,"Fabricación de calderas, tanques y envases metálicos",0.2575554192946691,importaciones_eeuu,completa,T1,1.1843465739570438,-0.7624720835280641,0.6536647598883009,0.8782852147287165,0.0
3325,-0.5353922042643672,-0.5265472875384586,Fabricación de herrajes y cerraduras,0.8134327973740351,importaciones_eeuu,completa,T1,0.8443033155905428,-0.31741680605034484,0.6536647598883009,0.6863730822132369,0.0
3326,-0.2943613761849714,-0.6031812987166179,"Fabricación de alambre, productos de alambre y resortes",0.3138914060002775,importaciones_eeuu,completa,T1,0.8747966671453123,-0.7173674809952625,0.6536647598883009,0.8637786695570886,0.0
3327,0.040580149765568826,-0.44780824575388545,Maquinado de piezas y fabricación de tornillos,0.1233232283296124,importaciones_eeuu,completa,T1,1.1255357562902097,-0.8699431686130662,0.6536647598883009,0.908384193007234,0.0
3329,-0.25266238059000906,-0.25428398318724565,Fabricación de otros productos metálicos,0.6293046757254936,importaciones_eeuu,completa,T1,0.75316456781584,-0.4648363548632176,0.6536647598883009,0.7614961376012656,0.0
3331,-0.12143115778773879,-0.2822140147584157,"Fabricación de maquinaria y equipo agropecuario, para la construcción y para la industria extractiva",0.519899184727109,importaciones_eeuu,completa,T1,0.9247421622085686,-0.5524302974735611,0.6536647598883009,0.8009802716883059,0.0
3332,1.6392366846581468,-3.1941142440311965,"Fabricación de maquinaria y equipo para las industrias manufactureras, excepto la metalmecánica",0.6992566972513394,importaciones_eeuu,completa,T1,2.080380983854043,-0.4088302686686689,0.6536647598883009,0.7341599366740312,0.0
3333,-0.19345706574022914,0.29616431529154097,Fabricación de maquinaria y equipo para el comercio y los servicios,0.8664849575372038,importaciones_eeuu,completa,T1,1.4278666016317312,-0.27494135230226957,0.6536647598883009,0.662981964090238,0.0
3334,-0.3360439532494782,-0.6696020830864515,"Fabricación de equipo de aire acondicionado, calefacción, y de refrigeración industrial y comercial",0.8482017522901368,importaciones_eeuu,completa,T1,0.7783563345191837,-0.2895795392573316,0.6536647598883009,0.6711204802930912,0.0
3335,-1.4674787191036054,0.3130495910681565,Fabricación de maquinaria y equipo para la industria metalmecánica,0.6052735791408839,importaciones_eeuu,completa,T1,1.2335233477325849,-0.4840765088617679,0.6536647598883009,0.7705191856148375,0.0
3336,0.27233494302179495,-0.35570155168758255,"Fabricación de motores de combustión interna, turbinas y transmisiones",0.8385248456652771,importaciones_eeuu,completa,T1,0.9770208360902063,-0.29732721623230296,0.6536647598883009,0.6753957146475071,0.0
3339,-0.42085550110104225,-0.23782563116701994,Fabricación de otra maquinaria y equipo para la industria en general,0.6417221502759753,importaciones_eeuu,completa,T1,0.7700005220869358,-0.4548944813501564,0.6536647598883009,0.7567586667247834,0.0
3341,0.5012017841692801,-0.02309403296870437,Fabricación de computadoras y equipo periférico,0.7847307234340066,importaciones_eeuu,completa,T1,1.7221046647212988,-0.3403967113051716,0.6536647598883009,0.6987299505834458,0.0
3342,-0.24987708411171178,-0.45393097055872406,Fabricación de equipo de comunicación,0.895054776922478,importaciones_eeuu,completa,T1,1.4536479282213826,-0.25206733476636234,0.6536647598883009,0.6501115808135857,0.0
3343,-0.1342829411599005,-0.5187442495120457,Fabricación de equipo de audio y de video,0.9478363435009872,importaciones_eeuu,completa,T1,0.9538213683647224,-0.20980852790418913,0.6536647598883009,0.6258844516061823,0.0
3344,-0.7165857685825782,0.2518257584101903,Fabricación de componentes electrónicos,0.4744887481943934,importaciones_eeuu,completa,T1,1.1155093157310556,-0.5887875144218042,0.6536647598883009,0.8161389571003335,0.0
3345,-0.16774243743949974,-0.19257104734419425,"Fabricación de instrumentos de medición, control, navegación, y equipo médico electrónico",0.9203173609236356,importaciones_eeuu,completa,T1,0.9094146414217117,-0.2318412079696821,0.6536647598883009,0.6385849830522589,0.0
3346,1.1585524798263964,-0.695605419883509,Fabricación y reproducción de medios magnéticos y ópticos,0.6054992436078728,importaciones_eeuu,completa,T1,2.710008510459245,-0.48389583383174667,0.6536647598883009,0.7704353538854882,0.0
3351,0.08612957138451643,-0.8046264092684337,Fabricación de accesorios de iluminación,0.831395116765869,importaciones_eeuu,completa,T1,0.8987070740465674,-0.30303553176878073,0.6536647598883009,0.6785309312629998,0.0
3352,-0.7258720740828564,-0.2875550707961883,Fabricación de aparatos eléctricos de uso doméstico,0.3900028883753999,importaciones_eeuu,completa,T1,0.7917567450606979,-0.6564299105103123,0.6536647598883009,0.8423661722684423,0.0
3353,-0.06997517388750939,-0.2196605864826864,Fabricación de equipo de generación y distribución de energía eléctrica,0.8989208694711824,importaciones_eeuu,completa,T1,0.8519372455600361,-0.2489720030261804,0.6536647598883009,0.6483562197330072,0.0
3359,0.0034892539985444757,-0.45348136950875373,Fabricación de otros equipos y accesorios eléctricos,0.7464127593691879,importaciones_eeuu,completa,T1,0.7865263567228247,-0.3710754415463118,0.6536647598883009,0.7148754372039791,0.0
3361,0.02290535387036153,-0.24211738837667343,Fabricación de automóviles y camiones,0.6801529750236635,importaciones_eeuu,completa,T1,1.1623456495265907,-0.4241253908164202,0.6536647598883009,0.7417798655029709,0.0
3362,-3.8072479225409808,-1.0201555376523705,Fabricación de carrocerías y remolques,0.4826387565231524,importaciones_eeuu,completa,T1,1.4952798177396873,-0.582262326743302,0.6536647598883009,0.813472633666796,0.0
3363,-0.6466494531609347,-0.670466983297656,Fabricación de partes para vehículos automotores,0.5296068171162411,importaciones_eeuu,completa,T1,1.066230611232011,-0.5446580203545954,0.6536647598883009,0.7976446143367244,0.0
3364,1.13817616983332,-0.8374072223532344,Fabricación de equipo aeroespacial,0.9896704181454756,importaciones_eeuu,completa,T1,1.3125346727954406,-0.1763146739840029,0.6536647598883009,0.6063169981968697,0.0
3365,0.5684014317249367,-1.7427733690473073,Fabricación de equipo ferroviario,0.8018618332294466,importaciones_eeuu,completa,T1,1.962685383744636,-0.32668093310629287,0.6536647598883009,0.6913808869384561,0.0
3366,-4.074314200079883,-1.8694733595093795,Fabricación de embarcaciones,0.5822911532336551,importaciones_eeuu,completa,T1,1.9706165842486951,-0.502477059671361,0.6536647598883009,0.7789665397735916,0.0
3369,-7.312503466921935,-4.065233584665101,Fabricación de otro equipo de transporte,0.6740711386128929,importaciones_eeuu,completa,T1,2.3653885280962057,-0.42899472620963547,0.6536647598883009,0.7441817566478565,0.0
3371,-1.555333586459957,-0.8338554742397195,"Fabricación de muebles, excepto de oficina y estantería",0.3642278188643361,importaciones_eeuu,completa,T1,0.9001100520842893,-0.6770663515054272,0.6536647598883009,0.8498524115561664,0.0
3372,-0.3478853750673481,-0.5202322344208035,Fabricación de muebles de oficina y estantería,0.2214380514733216,importaciones_eeuu,completa,T1,1.0284079680552467,-0.7913889378404905,0.6536647598883009,0.8869939228172327,0.0
3379,-2.2977765302896085,-2.2706473100218356,"Fabricación de colchones, persianas y cortineros",0.3523025337449802,importaciones_eeuu,completa,T1,1.098789166838265,-0.6866141605854328,0.6536647598883009,0.8532345282502234,0.0
3391,-0.8813874945700464,-0.345048682578038,"Fabricación de equipo no electrónico y material desechable de uso médico, dental y para laboratorio, y artículos oftálmicos",0.7835186733412709,importaciones_eeuu,completa,T1,0.9145909927704289,-0.3413671218878134,0.6536647598883009,0.6992469095958405,0.0
3399,-0.39135931696316567,-0.5237594720803266,Otras industrias manufactureras,0.618987370047973,importaciones_eeuu,completa,T1,0.8845332382591782,-0.47309675818633284,0.6536647598883009,0.765393619958164,0.0
3111,1.826342042011838,0.22978060792160884,Elaboración de alimentos para animales,0.02886946578166,importaciones_eeuu,sin pandemia,T2,2.435790447649068,-0.1601137531573692,0.2715908093718229,0.722250588849304,0.0
3112,-0.6227182118236857,-0.5724001373292457,Molienda de granos y de semillas y obtención de aceites y grasas,0.0609807080676099,importaciones_eeuu,sin pandemia,T2,0.5426424560066968,-0.14872211010278608,0.2715908093718229,0.7080154192675109,0.0
3113,0.8346361597361706,-0.5443820131187748,"Elaboración de azúcares, chocolates, dulces y similares",0.2016423568218791,importaciones_eeuu,sin pandemia,T2,1.0374336672364324,-0.09882160236755926,0.2715908093718229,0.6420195065302731,0.0
3114,-0.599291554943739,-0.38772732040639557,"Conservación de frutas, verduras, guisos y otros alimentos preparados",0.3156513149608729,importaciones_eeuu,sin pandemia,T2,0.5213783806844909,-0.05837628590863827,0.2715908093718229,0.5850937509119267,0.0
3115,0.2985758207427798,-3.051470562040111,Elaboración de productos lácteos,0.0498313429839448,importaciones_eeuu,sin pandemia,T2,1.0903001081122468,-0.1526774098133151,0.2715908093718229,0.7129963943161621,0.0
3116,-0.582670574709796,-1.016805070900303,"Matanza, empacado y procesamiento de carne de ganado, aves y otros animales comestibles",0.044361709007407,importaciones_eeuu,sin pandemia,T2,1.0048439273722813,-0.15461779310166895,0.2715908093718229,0.7154251472794805,0.0
3117,-0.8351465006637339,-0.7191633068707692,Preparación y envasado de pescados y mariscos,0.7478643561015712,importaciones_eeuu,sin pandemia,T2,1.6375024458447711,0.09495371124207914,0.2715908093718229,0.36331176658622766,0.0
3118,-1.025330428436384,0.5108432844423716,Elaboración de productos de panadería y tortillas,0.043199849411286,importaciones_eeuu,sin pandemia,T2,0.7584191607072078,-0.1550299693009169,0.2715908093718229,0.715939796281337,0.0
3119,-0.3289349783628913,0.1993467615658779,Otras industrias alimentarias,0.1089707298904361,importaciones_eeuu,sin pandemia,T2,0.4780117288829447,-0.13169738107115683,0.2715908093718229,0.6861302736126983,0.0
3121,-1.643076173608381,-0.5987058509094665,Industria de las bebidas,0.2419442465750293,importaciones_eeuu,sin pandemia,T2,0.7975524565807662,-0.08452428124853398,0.2715908093718229,0.6221830156422141,0.0
3122,-0.025548931226805415,-0.8075279502040319,Industria del tabaco,0.1071479040489181,importaciones_eeuu,sin pandemia,T2,3.557175731504641,-0.13234403874800196,0.2715908093718229,0.6869743050301773,0.0
3131,-0.058441162761970075,0.5553934346355414,"Preparación e hilado de fibras textiles, y fabricación de hilos",0.2001267979454507,importaciones_eeuu,sin pandemia,T2,0.7728889069360062,-0.0993592553675502,0.2715908093718229,0.6427584156647647,0.0
3132,0.31734458931600734,0.05453677204097354,Fabricación de telas,0.1336042055792961,importaciones_eeuu,sin pandemia,T2,0.43044320119541235,-0.12295851759953004,0.2715908093718229,0.6746300176552384,0.0
3133,-0.894133462417938,0.3500215568148685,Acabado de productos textiles y fabricación de telas recubiertas,0.3062290364360683,importaciones_eeuu,sin pandemia,T2,0.6790466851539629,-0.06171889198907641,0.2715908093718229,0.5898851539347806,0.0
3141,-0.7283797361606235,0.1329366636470996,"Confección de alfombras, blancos y similares",0.5072465584471345,importaciones_eeuu,sin pandemia,T2,0.6901749314026381,0.009593199834565651,0.2715908093718229,0.48591138872396683,0.0
3149,0.08621392533192146,-0.3928083889104641,"Fabricación de otros productos textiles, excepto prendas de vestir",0.3944218335152466,importaciones_eeuu,sin pandemia,T2,0.3734074156280112,-0.030432003261296907,0.2715908093718229,0.5446084884682894,0.0
3151,0.8856632604742543,-0.7028779855070232,Fabricación de prendas de vestir de tejido de punto,0.3365154443339868,importaciones_eeuu,sin pandemia,T2,1.984476113929219,-0.050974619154463795,0.2715908093718229,0.5744397900581725,0.0
3152,0.5092047176732927,-0.43049371015644866,Confección de prendas de vestir,0.4259861529321015,importaciones_eeuu,sin pandemia,T2,0.4323703711448895,-0.01923438415781592,0.2715908093718229,0.5282299662794985,0.0
3159,-0.1751593665287434,-0.11162018555480946,Confección de accesorios de vestir y otras prendas de vestir no clasificados en otra parte,0.6664841032423205,importaciones_eeuu,sin pandemia,T2,0.5399745015580971,0.06608361073307671,0.2715908093718229,0.4038785635484755,0.0
3161,-0.8631016946392813,-0.148972095535743,Curtido y acabado de cuero y piel,0.262669438610518,importaciones_eeuu,sin pandemia,T2,1.1649035358974518,-0.0771719032930639,0.2715908093718229,0.6118514025166819,0.0
3162,1.1753970865262056,-0.19945371337246545,Fabricación de calzado,0.1604241815757467,importaciones_eeuu,sin pandemia,T2,0.8176071768567564,-0.11344398089729434,0.2715908093718229,0.6619174367044701,0.0
3169,-0.5773095977823559,-0.4030607452395213,"Fabricación de otros productos de cuero, piel y materiales sucedáneos",0.6136094363212712,importaciones_eeuu,sin pandemia,T2,0.7607617737930118,0.047326026494172474,0.2715908093718229,0.43083257484624654,0.0
3211,-0.5957857467921602,-0.8629353010617761,Aserrado y conservación de la madera,0.0034917286527276,importaciones_eeuu,sin pandemia,T2,2.4898715892641805,-0.16911664754343694,0.2715908093718229,0.7332555897100255,0.0
3212,-0.6315441212294992,-1.1586936314953313,Fabricación de laminados y aglutinados de madera,0.0775332943220637,importaciones_eeuu,sin pandemia,T2,1.8786898132811218,-0.14284998741871785,0.2715908093718229,0.7005472260977623,0.0
3219,-0.33367592959096387,-0.09851326489096726,Fabricación de otros productos de madera,0.1827036170504173,importaciones_eeuu,sin pandemia,T2,0.8282824888392762,-0.10554022637652598,0.2715908093718229,0.6512140181728991,0.0
3221,1.7501771758211542,-1.1221494652734774,"Fabricación de pulpa, papel y cartón",0.0619018679380005,importaciones_eeuu,sin pandemia,T2,1.2387675731865835,-0.14839532347938947,0.2715908093718229,0.707602097656272,0.0
3222,-0.4990172233348584,-0.24086611928473364,Fabricación de productos de cartón y papel,0.1574973850413846,importaciones_eeuu,sin pandemia,T2,0.5307253097431969,-0.11448227836071674,0.2715908093718229,0.6633140696806155,0.0
3231,-0.9917712315196567,-0.007738839274937953,Impresión e industrias conexas,0.1024504665734745,importaciones_eeuu,sin pandemia,T2,0.9389107317552124,-0.1340104810025543,0.2715908093718229,0.6891448613811357,0.0
3241,1.0200231435258582,0.7676389748396655,Fabricación de productos derivados del petróleo y del carbón,0.0588949583065286,importaciones_eeuu,sin pandemia,T2,3.030078955267986,-0.14946204151272147,0.2715908093718229,0.7089502820519356,0.0
3251,0.41532948192599983,-0.6273824915160893,Fabricación de productos químicos básicos,0.135778270214786,importaciones_eeuu,sin pandemia,T2,1.0804667115162818,-0.12218725599325049,0.2715908093718229,0.6736068024308081,0.0
3252,0.6631404533700853,-0.6941967491310455,"Fabricación de resinas y hules sintéticos, y fibras químicas",0.3119319594154858,importaciones_eeuu,sin pandemia,T2,0.8239962175383354,-0.05969574812030964,0.2715908093718229,0.586986666678488,0.0
3253,3.5859473829493034,-0.4199790466090454,"Fabricación de fertilizantes, pesticidas y otros agroquímicos",0.1679807884786191,importaciones_eeuu,sin pandemia,T2,1.354699874175266,-0.11076323227428057,0.2715908093718229,0.6583012329324027,0.0
3254,-0.23187906923062845,0.44984474857752915,Fabricación de productos farmacéuticos,0.1290966945098601,importaciones_eeuu,sin pandemia,T2,0.9225756330875221,-0.12455758239778185,0.2715908093718229,0.6767472645837532,0.0
3255,0.056687458748474605,0.14972626913072165,"Fabricación de pinturas, recubrimientos y adhesivos",0.0704773870608603,importaciones_eeuu,sin pandemia,T2,0.6747266728125343,-0.14535311003945306,0.2715908093718229,0.7037413004445632,0.0
3256,-0.31929838453936465,-0.08866103906635417,"Fabricación de jabones, limpiadores y preparaciones de tocador",0.2434658656862863,importaciones_eeuu,sin pandemia,T2,0.45180068777116467,-0.08398447834629447,0.2715908093718229,0.62142734607189,0.0
3259,-0.41303740850834436,0.19402655931581972,Fabricación de otros productos químicos,0.3514735701280596,importaciones_eeuu,sin pandemia,T2,0.6116411917823301,-0.04566814024921799,0.2715908093718229,0.5667675734568568,0.0
3261,0.21793485461122147,-0.13362308630338285,Fabricación de productos de plástico,0.2303591490643638,importaciones_eeuu,sin pandemia,T2,0.38994241054785367,-0.08863415947805939,0.2715908093718229,0.627920913466393,0.0
3262,-0.22066750741484248,0.038958699373684194,Fabricación de productos de hule,0.4171737487232005,importaciones_eeuu,sin pandemia,T2,0.5590572005782054,-0.02236063390880829,0.2715908093718229,0.5328086741520974,0.0
3271,-0.7813107009540056,-0.330406529757352,Fabricación de productos a base de arcillas y minerales refractarios,0.3488287256548686,importaciones_eeuu,sin pandemia,T2,0.46329339978465345,-0.04660641363973896,0.2715908093718229,0.5681260672003208,0.0
3272,0.03255060775579201,-0.03864878315851058,Fabricación de vidrio y productos de vidrio,0.272472982882299,importaciones_eeuu,sin pandemia,T2,0.4536274353114752,-0.07369404105343337,0.2715908093718229,0.6069360642962148,0.0
3273,-0.7791062380217512,-0.1411786507521774,Fabricación de cemento y productos de concreto,0.0343074151008847,importaciones_eeuu,sin pandemia,T2,1.0761320923543058,-0.15818461017866153,0.2715908093718229,0.7198639090274599,0.0
3274,-1.0044729277647537,-0.04572320850014852,"Fabricación de cal, yeso y productos de yeso",0.1199075903205221,importaciones_eeuu,sin pandemia,T2,1.1285284715789403,-0.1278174685767141,0.2715908093718229,0.6810457819884002,0.0
3279,-0.09636749348176538,0.4157330993250238,Fabricación de otros productos a base de minerales no metálicos,0.2243733059375072,importaciones_eeuu,sin pandemia,T2,0.5951608796950002,-0.09075767085375337,0.2715908093718229,0.6308745959972573,0.0
3311,0.2399205160687046,-0.6736750798543925,Industria básica del hierro y del acero,0.279574215702268,importaciones_eeuu,sin pandemia,T2,2.0701580294021555,-0.07117483893685962,0.2715908093718229,0.6033648935024107,0.0
3312,-1.0963804083930364,-0.7754240157952931,Fabricación de productos de hierro y acero,0.0669975578374552,importaciones_eeuu,sin pandemia,T2,1.374812241165411,-0.14658759894682502,0.2715908093718229,0.7053107778543926,0.0
3313,-2.010608588781514,-0.2729608591856584,Industria básica del aluminio,0.2650002880058719,importaciones_eeuu,sin pandemia,T2,1.477718617340032,-0.07634502141507812,0.2715908093718229,0.6106843424203661,0.0
3314,-0.15403121989253668,0.3239516339343176,"Industrias de metales no ferrosos, excepto aluminio",0.4934732886739018,importaciones_eeuu,sin pandemia,T2,0.8643954035921873,0.00470705523903882,0.2715908093718229,0.49308610866077035,0.0
3315,1.4167324447581422,-0.15099070693431907,Moldeo por fundición de piezas metálicas,0.0974402319506194,importaciones_eeuu,sin pandemia,T2,0.8616034910372458,-0.13578788979711384,0.2715908093718229,0.6914527195964955,0.0
3321,-0.14924623562151165,-0.45204167728563033,Fabricación de productos metálicos forjados y troquelados,0.4526204884780047,importaciones_eeuu,sin pandemia,T2,1.2156428968012096,-0.009785704445175849,0.2715908093718229,0.5143712031912686,0.0
3322,-0.01903394593375573,0.054953992239565944,Fabricación de herramientas de mano sin motor y utensilios de cocina metálicos,0.4783144421423179,importaciones_eeuu,sin pandemia,T2,0.8988478417917806,-0.0006706304720669864,0.2715908093718229,0.500985094372565,0.0
3323,0.1993042252898208,-0.8243372767798789,Fabricación de estructuras metálicas y productos de herrería,0.2249299265714363,importaciones_eeuu,sin pandemia,T2,0.8185210244466689,-0.09056020656625956,0.2715908093718229,0.6306002570632843,0.0
3324,1.02098097893192,0.7509574965277404,"Fabricación de calderas, tanques y envases metálicos",0.2575554192946691,importaciones_eeuu,sin pandemia,T2,0.8639657883909906,-0.07898613028875645,0.2715908093718229,0.614408450277877,0.0
3325,-0.08159422328015398,-0.09806545904552177,Fabricación de herrajes y cerraduras,0.8134327973740351,importaciones_eeuu,sin pandemia,T2,0.48551059084717046,0.11821448302941427,0.2715908093718229,0.3316843627458196,0.0
3326,0.4121083132384521,0.0219091996669937,"Fabricación de alambre, productos de alambre y resortes",0.3138914060002775,importaciones_eeuu,sin pandemia,T2,0.5477791804568779,-0.05900062346958145,0.2715908093718229,0.5859896819154996,0.0
3327,0.8919312230617513,0.4833108994087995,Maquinado de piezas y fabricación de tornillos,0.1233232283296124,importaciones_eeuu,sin pandemia,T2,0.9626904101216449,-0.12660575186215248,0.2715908093718229,0.6794508022731716,0.0
3329,0.0942734606941062,-0.2862621727377724,Fabricación de otros productos metálicos,0.6293046757254936,importaciones_eeuu,sin pandemia,T2,0.3945975286156805,0.05289400058115948,0.2715908093718229,0.4227918969754175,0.0
3331,0.4428545992891682,-0.2409559810826497,"Fabricación de maquinaria y equipo agropecuario, para la construcción y para la industria extractiva",0.519899184727109,importaciones_eeuu,sin pandemia,T2,0.579398251595354,0.014081789874184682,0.2715908093718229,0.4793243914185299,0.0
3332,3.8318336565191973,-1.6188807336832267,"Fabricación de maquinaria y equipo para las industrias manufactureras, excepto la metalmecánica",0.6992566972513394,importaciones_eeuu,sin pandemia,T2,2.287676087603922,0.07770987201562023,0.2715908093718229,0.38738985032820483,0.0
3333,-0.49444984793118857,-0.010727034440608813,Fabricación de maquinaria y equipo para el comercio y los servicios,0.8664849575372038,importaciones_eeuu,sin pandemia,T2,0.9646293970486987,0.13703503399009212,0.2715908093718229,0.3069324352248154,0.0
3334,0.29980709752959067,-0.16392324863041566,"Fabricación de equipo de aire acondicionado, calefacción, y de refrigeración industrial y comercial",0.8482017522901368,importaciones_eeuu,sin pandemia,T2,0.5584539456343847,0.13054896452527423,0.2715908093718229,0.31537106530474746,0.0
3335,-0.2495056201411969,0.46281961535112076,Fabricación de maquinaria y equipo para la industria metalmecánica,0.6052735791408839,importaciones_eeuu,sin pandemia,T2,0.9859867585081086,0.04436883447066409,0.2715908093718229,0.4351149467711251,0.0
3336,0.6916808189509585,0.08180909157398494,"Fabricación de motores de combustión interna, turbinas y transmisiones",0.8385248456652771,importaciones_eeuu,sin pandemia,T2,0.8069201686867236,0.12711602770018085,0.2715908093718229,0.31987711671073726,0.0
3339,0.045493493037558015,-0.006677629678443595,Fabricación de otra maquinaria y equipo para la industria en general,0.6417221502759753,importaciones_eeuu,sin pandemia,T2,0.44955930964413726,0.057299169227666535,0.2715908093718229,0.4164529612794395,0.0
3341,0.7064204492028313,-0.12163805418206296,Fabricación de computadoras y equipo periférico,0.7847307234340066,importaciones_eeuu,sin pandemia,T2,1.8600657308948205,0.10803226154014732,0.2715908093718229,0.3453977149730508,0.0
3342,-0.3924934784476714,-0.1867719395320539,Fabricación de equipo de comunicación,0.895054776922478,importaciones_eeuu,sin pandemia,T2,1.5657152776812002,0.14717033743530814,0.2715908093718229,0.29394968762356044,0.0
3343,0.5960717501000833,-0.03746406746107703,Fabricación de equipo de audio y de video,0.9478363435009872,importaciones_eeuu,sin pandemia,T2,0.8367050678204532,0.16589489380624536,0.2715908093718229,0.27065718696109986,0.0
3344,-0.03930923542834778,0.7627927087061216,Fabricación de componentes electrónicos,0.4744887481943934,importaciones_eeuu,sin pandemia,T2,1.0956548097038301,-0.0020278168276351514,0.2715908093718229,0.5029786514311779,0.0
3345,-0.006947604645163891,-0.17775236989249915,"Fabricación de instrumentos de medición, control, navegación, y equipo médico electrónico",0.9203173609236356,importaciones_eeuu,sin pandemia,T2,0.45546285795719504,0.15613238060433018,0.2715908093718229,0.282685909586864,0.0
3346,3.92405241015504,-0.7152316440005819,Fabricación y reproducción de medios magnéticos y ópticos,0.6054992436078728,importaciones_eeuu,sin pandemia,T2,3.1545010750310793,0.04444889020426507,0.2715908093718229,0.43499891374524574,0.0
3351,0.522206192676503,-0.4707627567830713,Fabricación de accesorios de iluminación,0.831395116765869,importaciones_eeuu,sin pandemia,T2,0.7204837737735085,0.12458671643982082,0.2715908093718229,0.32321421317633614,0.0
3352,0.0790865265286962,-0.1585360900487951,Fabricación de aparatos eléctricos de uso doméstico,0.3900028883753999,importaciones_eeuu,sin pandemia,T2,0.5864202408401907,-0.031999648799973066,0.2715908093718229,0.5468960545419125,0.0
3353,0.18185584635087337,0.0401936233038446,Fabricación de equipo de generación y distribución de energía eléctrica,0.8989208694711824,importaciones_eeuu,sin pandemia,T2,0.45787508891602857,0.14854185542077375,0.2715908093718229,0.2922125342557779,0.0
3359,0.7022971934447078,0.2191531663294674,Fabricación de otros equipos y accesorios eléctricos,0.7464127593691879,importaciones_eeuu,sin pandemia,T2,0.5112339530113247,0.09443874917093735,0.2715908093718229,0.36402358801122264,0.0
3361,0.17901037185908145,-0.06141086333588239,Fabricación de automóviles y camiones,0.6801529750236635,importaciones_eeuu,sin pandemia,T2,0.5642352204194553,0.0709327195562521,0.2715908093718229,0.3969787924717374,0.0
3362,-1.4242534070226232,0.16820892688330472,Fabricación de carrocerías y remolques,0.4826387565231524,importaciones_eeuu,sin pandemia,T2,1.3834611791174096,0.0008634442748269248,0.2715908093718229,0.4987316807644389,0.0
3363,-0.2508072561231805,-0.16481253333465726,Fabricación de partes para vehículos automotores,0.5296068171162411,importaciones_eeuu,sin pandemia,T2,0.49280820787982504,0.017525626836247317,0.2715908093718229,0.47427429793434,0.0
3364,0.27635368870637367,-0.36741690912914327,Fabricación de equipo aeroespacial,0.9896704181454756,importaciones_eeuu,sin pandemia,T2,0.5464275836883227,0.18073576609717243,0.2715908093718229,0.2528746917992158,0.0
3365,2.549241006452903,-0.7293786497262558,Fabricación de equipo ferroviario,0.8018618332294466,importaciones_eeuu,sin pandemia,T2,1.3263147991311253,0.11410961869066506,0.2715908093718229,0.3371869438311572,0.0
3366,-2.7248656311498305,-1.9397700127426203,Fabricación de embarcaciones,0.5822911532336551,importaciones_eeuu,sin pandemia,T2,2.0564725424276133,0.03621569015652751,0.2715908093718229,0.44695966796065423,0.0
3369,-5.12894999725433,-1.9213784612523777,Fabricación de otro equipo de transporte,0.6740711386128929,importaciones_eeuu,sin pandemia,T2,2.3192225728196814,0.06877515402543553,0.2715908093718229,0.40004493906431215,0.0
3371,-0.3992435032914821,-0.3775927045372035,"Fabricación de muebles, excepto de oficina y estantería",0.3642278188643361,importaciones_eeuu,sin pandemia,T2,0.6215216458049677,-0.04114349907404297,0.2715908093718229,0.5602057017982353,0.0
3372,-0.03948445701392522,-0.21540889202425378,Fabricación de muebles de oficina y estantería,0.2214380514733216,importaciones_eeuu,sin pandemia,T2,1.0484314455637649,-0.09179896881515315,0.2715908093718229,0.6323201753293753,0.0
3379,-0.9619242472738216,-0.8343490990527573,"Fabricación de colchones, persianas y cortineros",0.3523025337449802,importaciones_eeuu,sin pandemia,T2,0.8452919693525696,-0.04537406076312698,0.2715908093718229,0.5663416226670616,0.0
3391,-0.9925714839628823,-0.1901952335617875,"Fabricación de equipo no electrónico y material desechable de uso médico, dental y para laboratorio, y artículos oftálmicos",0.7835186733412709,importaciones_eeuu,sin pandemia,T2,0.6880754419123519,0.10760227998111056,0.2715908093718229,0.3459814599361072,0.0
3399,0.591655877367095,-0.23246496156869106,Otras industrias manufactureras,0.618987370047973,importaciones_eeuu,sin pandemia,T2,0.6327631243075194,0.04923387860528798,0.2715908093718229,0.42807405110550945,0.0
3111,-0.2421422690234622,-0.19318831233488337,Elaboración de alimentos para animales,0.02886946578166,produccion,completa,E1,1.1641754715336385,-0.696870915887148,0.802536840964673,0.8073945464951316,0.0
3112,-0.7232765809558337,0.10039921909545382,Molienda de granos y de semillas y obtención de aceites y grasas,0.0609807080676099,produccion,completa,E1,1.2847894319596698,-0.6854776122201482,0.802536840964673,0.8034858725029779,0.0
3113,-0.6409763148397607,-1.053004229105744,"Elaboración de azúcares, chocolates, dulces y similares",0.2016423568218791,produccion,completa,E1,1.1199045808323929,-0.6355698302574595,0.802536840964673,0.785805367508186,0.0
3114,0.14575236634149283,0.25516234314169534,"Conservación de frutas, verduras, guisos y otros alimentos preparados",0.3156513149608729,produccion,completa,E1,1.1988820226790413,-0.5951186178979748,0.802536840964673,0.7708190135444444,0.0
3115,0.3332153168475504,-0.17876157883037144,Elaboración de productos lácteos,0.0498313429839448,produccion,completa,E1,1.1907983647403224,-0.6894334885129824,0.802536840964673,0.8048484204218546,0.0
3116,0.30413293164814614,-0.24820865385820545,"Matanza, empacado y procesamiento de carne de ganado, aves y otros animales comestibles",0.044361709007407,produccion,completa,E1,1.1805371347587754,-0.6913741546599692,0.802536840964673,0.8055147519964581,0.0
3117,0.509978035411685,0.7226891069890578,Preparación y envasado de pescados y mariscos,0.7478643561015712,produccion,completa,E1,1.2441831133447758,-0.4417662691254679,0.802536840964673,0.7089988333528809,0.0
3118,-0.024074369953299233,-0.44312480784093905,Elaboración de productos de panadería y tortillas,0.043199849411286,produccion,completa,E1,1.1580694339789728,-0.6917863909440451,0.802536840964673,0.8056561156143989,0.0
3119,0.21650333333807242,-0.05598778484435671,Otras industrias alimentarias,0.1089707298904361,produccion,completa,E1,1.1396495046857964,-0.6684504014151449,0.802536840964673,0.7975555729152928,0.0
3121,-0.6476740906283757,-0.6239659497551981,Industria de las bebidas,0.2419442465750293,produccion,completa,E1,0.9187701055605842,-0.6212704249519072,0.802536840964673,0.7805739914265878,0.0
3122,-0.7362756892428239,0.5080555635930388,Industria del tabaco,0.1071479040489181,produccion,completa,E1,2.726037988613571,-0.6690971533582659,0.802536840964673,0.7977827629371842,0.0
3131,-0.31438800213999435,-0.1209251916466208,"Preparación e hilado de fibras textiles, y fabricación de hilos",0.2001267979454507,produccion,completa,E1,1.9324670897103162,-0.6361075616336114,0.802536840964673,0.7860006680410652,0.0
3132,-1.3343973464605974,-1.230559734290804,Fabricación de telas,0.1336042055792961,produccion,completa,E1,1.3057457119743112,-0.6597102640390322,0.802536840964673,0.794470409275962,0.0
3133,-1.7989815846764887,-0.3893156637779126,Acabado de productos textiles y fabricación de telas recubiertas,0.3062290364360683,produccion,completa,E1,1.2520350075107982,-0.598461711245538,0.802536840964673,0.7720794306303482,0.0
3141,-1.124454590752668,-1.3914699955772754,"Confección de alfombras, blancos y similares",0.5072465584471345,produccion,completa,E1,1.5400968689730528,-0.5271392239289391,0.802536840964673,0.7443584700578315,0.0
3149,-0.5738509934550519,-0.5023770887440672,"Fabricación de otros productos textiles, excepto prendas de vestir",0.3944218335152466,produccion,completa,E1,0.9287518898189798,-0.5671702616835004,0.802536840964673,0.7601303028891113,0.0
3151,-0.14641247754145734,-2.3109687562627346,Fabricación de prendas de vestir de tejido de punto,0.3365154443339868,produccion,completa,E1,1.5048866360299216,-0.5877158721686554,0.802536840964673,0.7680141582055954,0.0
3152,-0.24446944549932412,-0.3277717736497391,Confección de prendas de vestir,0.4259861529321015,produccion,completa,E1,0.8741026058756841,-0.5559710102513701,0.802536840964673,0.7557720960767865,0.0
3159,-2.3187356881127537,-1.519776136523871,Confección de accesorios de vestir y otras prendas de vestir no clasificados en otra parte,0.6664841032423205,produccion,completa,E1,1.3890345001538393,-0.4706405781623487,0.802536840964673,0.7212104301084066,0.0
3161,-0.25870808946364465,-2.3375233747231174,Curtido y acabado de cuero y piel,0.262669438610518,produccion,completa,E1,1.4501273621184705,-0.613916975206348,0.802536840964673,0.7778554320500042,0.0
3162,-1.048157620600891,-0.8534562638268326,Fabricación de calzado,0.1604241815757467,produccion,completa,E1,1.0447136830123638,-0.6501943403588417,0.802536840964673,0.7910798598697819,0.0
3169,-0.5018473223244081,-0.6339458153920331,"Fabricación de otros productos de cuero, piel y materiales sucedáneos",0.6136094363212712,produccion,completa,E1,1.0753313461259422,-0.48940089678093324,0.802536840964673,0.7290085994354739,0.0
3211,-1.3421663257325216,-0.44701919293427705,Aserrado y conservación de la madera,0.0034917286527276,produccion,completa,E1,1.0316468203022577,-0.7058751226667074,0.802536840964673,0.8104497302674876,0.0
3212,-2.047089359736078,-1.007641800410643,Fabricación de laminados y aglutinados de madera,0.0775332943220637,produccion,completa,E1,1.3198150760872023,-0.6796046335296378,0.802536840964673,0.801452404657695,0.0
3219,-0.8297093250793329,-0.7047751546587165,Fabricación de otros productos de madera,0.1827036170504173,produccion,completa,E1,1.054537131741873,-0.6422894336712759,0.802536840964673,0.788238427288064,0.0
3221,-0.8828955976412898,-0.24122018378347582,"Fabricación de pulpa, papel y cartón",0.0619018679380005,produccion,completa,E1,0.9614640419045687,-0.6851507779595564,0.802536840964673,0.8033730416531666,0.0
3222,-0.5701200496821195,-0.5741311897692915,Fabricación de productos de cartón y papel,0.1574973850413846,produccion,completa,E1,1.0406550335015825,-0.6512327891796803,0.802536840964673,0.7914514558295143,0.0
3231,-0.2151435464072317,0.2989595621525573,Impresión e industrias conexas,0.1024504665734745,produccion,completa,E1,0.9072425823642397,-0.6707638385378016,0.802536840964673,0.7983675301107866,0.0
3241,-0.5564708104064721,0.8688607493475529,Fabricación de productos derivados del petróleo y del carbón,0.0588949583065286,produccion,completa,E1,1.2767177076790914,-0.6862176514933024,0.802536840964673,0.8037412063840966,0.0
3251,-2.27123285529083,0.6662546873292937,Fabricación de productos químicos básicos,0.135778270214786,produccion,completa,E1,1.6503970841079392,-0.6589388900023865,0.802536840964673,0.794196789431939,0.0
3252,-1.8361626117239152,-0.18129495962111744,"Fabricación de resinas y hules sintéticos, y fibras químicas",0.3119319594154858,produccion,completa,E1,1.0876499394371228,-0.5964382724537463,0.802536840964673,0.7713170176760982,0.0
3253,-2.4774982357209763,0.32549358925708105,"Fabricación de fertilizantes, pesticidas y otros agroquímicos",0.1679807884786191,produccion,completa,E1,2.0401103617439236,-0.647513200950721,0.802536840964673,0.7901186458606315,0.0
3254,0.15456248726406496,0.12358567823364978,Fabricación de productos farmacéuticos,0.1290966945098601,produccion,completa,E1,1.4021009065787644,-0.6613095619403444,0.802536840964673,0.7950370195807889,0.0
3255,-0.28708843078648194,-0.795755982526193,"Fabricación de pinturas, recubrimientos y adhesivos",0.0704773870608603,produccion,completa,E1,0.9311618257066682,-0.6821081210421174,0.802536840964673,0.8023207629598634,0.0
3256,0.009490298134292313,0.12984378758945136,"Fabricación de jabones, limpiadores y preparaciones de tocador",0.2434658656862863,produccion,completa,E1,1.168353626626023,-0.6207305433601058,0.802536840964673,0.7803750504798526,0.0
3259,-0.06402918300334982,1.340002594616408,Fabricación de otros productos químicos,0.3514735701280596,produccion,completa,E1,1.428411174669313,-0.5824086197134732,0.802536840964673,0.7659915655217854,0.0
3261,-0.944926761635693,-0.5956993063377014,Fabricación de productos de plástico,0.2303591490643638,produccion,completa,E1,0.8503769031976922,-0.6253809022973623,0.802536840964673,0.7820852621249295,0.0
3262,-0.9222623227602558,-0.26502765134226863,Fabricación de productos de hule,0.4171737487232005,produccion,completa,E1,1.1443257705943777,-0.5590977157302262,0.802536840964673,0.7569931374689922,0.0
3271,-1.3052351310311672,-1.591045262972283,Fabricación de productos a base de arcillas y minerales refractarios,0.3488287256548686,produccion,completa,E1,0.9479054431335109,-0.5833470298804395,0.802536840964673,0.7663499027358368,0.0
3272,0.04429530634568303,-0.7924406008040994,Fabricación de vidrio y productos de vidrio,0.272472982882299,produccion,completa,E1,0.8538719124311728,-0.6104386059826774,0.802536840964673,0.7765628164639782,0.0
3273,-0.5727160253458823,-0.09844117697904935,Fabricación de cemento y productos de concreto,0.0343074151008847,produccion,completa,E1,1.0580090697119273,-0.6949414916883593,0.802536840964673,0.8067359862720307,0.0
3274,-1.2568828852825313,-0.43614610024748124,"Fabricación de cal, yeso y productos de yeso",0.1199075903205221,produccion,completa,E1,0.8734606257046343,-0.6645699233279397,0.802536840964673,0.7961892426741297,0.0
3279,-0.5301156846699147,-0.821154858694466,Fabricación de otros productos a base de minerales no metálicos,0.2243733059375072,produccion,completa,E1,0.9606738654165766,-0.6275047232271163,0.802536840964673,0.7828637549143288,0.0
3311,-3.181106594825975,-3.0809508190632195,Industria básica del hierro y del acero,0.279574215702268,produccion,completa,E1,2.0994697119413592,-0.607919036630377,0.802536840964673,0.7756238393394062,0.0
3312,-2.227449407664432,0.00784355452560992,Fabricación de productos de hierro y acero,0.0669975578374552,produccion,completa,E1,1.6220779037233362,-0.6833427899066384,0.802536840964673,0.8027481730676792,0.0
3313,-2.0763687942375326,-0.9017898612294359,Industria básica del aluminio,0.2650002880058719,produccion,completa,E1,1.0362647398125286,-0.6130899727899721,0.802536840964673,0.7775484925394831,0.0
3314,-0.06731111507961653,-1.3614245109074394,"Industrias de metales no ferrosos, excepto aluminio",0.4934732886739018,produccion,completa,E1,0.9953578426677067,-0.5320260808003286,0.802536840964673,0.7463124393111579,0.0
3315,-0.5916578294046128,0.13472758026369847,Moldeo por fundición de piezas metálicas,0.0974402319506194,produccion,completa,E1,1.3035962626265443,-0.6725415064334496,0.802536840964673,0.7989901185754329,0.0
3321,-0.6612148281255185,-1.2040685331267649,Fabricación de productos metálicos forjados y troquelados,0.4526204884780047,produccion,completa,E1,0.917393217988003,-0.5465209531610526,0.802536840964673,0.7520616389037631,0.0
3322,-0.11242223299074187,-0.4721756216522135,Fabricación de herramientas de mano sin motor y utensilios de cocina metálicos,0.4783144421423179,produccion,completa,E1,1.3204654011407433,-0.5374045504415157,0.802536840964673,0.748453874850555,0.0
3323,0.1309952258821103,-0.1335668398473687,Fabricación de estructuras metálicas y productos de herrería,0.2249299265714363,produccion,completa,E1,0.9906793976685058,-0.6273072301543413,0.802536840964673,0.782791431078819,0.0
3324,-0.3170536868317214,-0.5793046284013502,"Fabricación de calderas, tanques y envases metálicos",0.2575554192946691,produccion,completa,E1,0.9816190931204497,-0.6157314666702881,0.802536840964673,0.7785280275442157,0.0
3325,0.5459169843772167,0.2367415178447956,Fabricación de herrajes y cerraduras,0.8134327973740351,produccion,completa,E1,1.2273998858189514,-0.418502106508007,0.802536840964673,0.6989816977161596,0.0
3326,-1.096355284376766,-0.8924802057106119,"Fabricación de alambre, productos de alambre y resortes",0.3138914060002775,produccion,completa,E1,1.1329750037293744,-0.5957430464714875,0.802536840964673,0.7710547328086794,0.0
3327,-0.1610700292384592,-0.47830126740048123,Maquinado de piezas y fabricación de tornillos,0.1233232283296124,produccion,completa,E1,0.9652659877685296,-0.6633580299758367,0.802536840964673,0.7957614068853561,0.0
3329,-1.1530385643654837,-0.4806094323245467,Fabricación de otros productos metálicos,0.6293046757254936,produccion,completa,E1,0.9539675676123928,-0.48383211102464974,0.802536840964673,0.7267052003873749,0.0
3331,-0.5658123395663973,-0.7233200985022326,"Fabricación de maquinaria y equipo agropecuario, para la construcción y para la industria extractiva",0.519899184727109,produccion,completa,E1,1.106874861287965,-0.5226499795668209,0.802536840964673,0.7425565808123732,0.0
3332,-0.4594464586372978,-0.3324546836269484,"Fabricación de maquinaria y equipo para las industrias manufactureras, excepto la metalmecánica",0.6992566972513394,produccion,completa,E1,1.1098936562966368,-0.4590126220660059,0.802536840964673,0.7163227829474376,0.0
3333,-1.122168998255672,-0.4876307851634474,Fabricación de maquinaria y equipo para el comercio y los servicios,0.8664849575372038,produccion,completa,E1,1.3792630975024631,-0.39967881198869903,0.802536840964673,0.6907647700811326,0.0
3334,-0.5894736124563086,-0.4388271032385083,"Fabricación de equipo de aire acondicionado, calefacción, y de refrigeración industrial y comercial",0.8482017522901368,produccion,completa,E1,0.8595548952394292,-0.40616582695781656,0.802536840964673,0.6936076195600733,0.0
3335,-0.12917304817731654,-0.5764236307875349,Fabricación de maquinaria y equipo para la industria metalmecánica,0.6052735791408839,produccion,completa,E1,1.4027360324538634,-0.49235851988797974,0.802536840964673,0.7302280014359609,0.0
3336,-1.9249019952297157,-0.8793144520912932,"Fabricación de motores de combustión interna, turbinas y transmisiones",0.8385248456652771,produccion,completa,E1,1.710656186474156,-0.4095992642179649,0.802536840964673,0.6951075902563608,0.0
3339,-0.2837993540337283,-0.18087423846421896,Fabricación de otra maquinaria y equipo para la industria en general,0.6417221502759753,produccion,completa,E1,0.9800413455975948,-0.47942630021636523,0.802536840964673,0.7248759936286334,0.0
3341,0.18427900462998686,0.15081628068271508,Fabricación de computadoras y equipo periférico,0.7847307234340066,produccion,completa,E1,2.476126884192941,-0.42868581230672376,0.802536840964673,0.703385757622349,0.0
3342,-0.23772798153469102,-2.750622894332624,Fabricación de equipo de comunicación,0.895054776922478,produccion,completa,E1,1.5567933661570983,-0.38954203107349317,0.802536840964673,0.6862995517580783,0.0
3344,-0.5349518752057673,-1.0427543325128767,Fabricación de componentes electrónicos,0.4744887481943934,produccion,completa,E1,0.9781180051890888,-0.5387619346404067,0.802536840964673,0.7489928035787232,0.0
3345,-0.6782463688824408,0.028012272970398648,"Fabricación de instrumentos de medición, control, navegación, y equipo médico electrónico",0.9203173609236356,produccion,completa,E1,1.4284243996960082,-0.38057868146605,0.802536840964673,0.6823283329221801,0.0
3346,0.004208141109308202,-0.11448268448175682,Fabricación y reproducción de medios magnéticos y ópticos,0.6054992436078728,produccion,completa,E1,1.3734985894731164,-0.49227845248428476,0.802536840964673,0.7301950265701118,0.0
3351,1.5039174669588884,1.7016533055452292,Fabricación de accesorios de iluminación,0.831395116765869,produccion,completa,E1,1.6287726467628738,-0.4121289441877081,0.802536840964673,0.6962106431056606,0.0
3352,-1.7504113807928003,-1.194290498619056,Fabricación de aparatos eléctricos de uso doméstico,0.3900028883753999,produccion,completa,E1,1.2151814591149974,-0.5687381357451063,0.802536840964673,0.760737040320888,0.0
3353,-0.5672467117156138,0.12578100270753406,Fabricación de equipo de generación y distribución de energía eléctrica,0.8989208694711824,produccion,completa,E1,1.3185476056139347,-0.38817031315551687,0.802536840964673,0.6856931931283161,0.0
3359,-1.1528003695789761,-1.1444498387444884,Fabricación de otros equipos y accesorios eléctricos,0.7464127593691879,produccion,completa,E1,0.9894017068734738,-0.44228130626500894,0.802536840964673,0.7092188266182642,0.0
3361,-0.2268677322295858,1.6809158617536468,Fabricación de automóviles y camiones,0.6801529750236635,produccion,completa,E1,2.140521176552656,-0.4657907624621861,0.802536840964673,0.7191768669437429,0.0
3362,-1.8580465769059875,1.055608366702869,Fabricación de carrocerías y remolques,0.4826387565231524,produccion,completa,E1,1.7251278499671523,-0.5358702520654612,0.802536840964673,0.7478439697669161,0.0
3363,-0.23761080802162976,0.6992791451457165,Fabricación de partes para vehículos automotores,0.5296068171162411,produccion,completa,E1,1.1423988265314637,-0.51920564058074,0.802536840964673,0.7411696347989366,0.0
3364,3.5398591685708416,-0.3709564853440526,Fabricación de equipo aeroespacial,0.9896704181454756,produccion,completa,E1,3.0023812577887194,-0.35597170942408185,0.802536840964673,0.6713189445269272,0.0
3365,2.2409298693831756,1.4720451559132846,Fabricación de equipo ferroviario,0.8018618332294466,produccion,completa,E1,2.563076955225362,-0.4226075692317879,0.802536840964673,0.7007606987321361,0.0
3366,6.84517902940717,1.633306330046437,Fabricación de embarcaciones,0.5822911532336551,produccion,completa,E1,5.074415862475546,-0.5005128527236157,0.802536840964673,0.733575666999486,0.0
3369,-0.5589012408564237,-2.220054082951851,Fabricación de otro equipo de transporte,0.6740711386128929,produccion,completa,E1,1.5993752721700194,-0.46794864251129414,0.802536840964673,0.7200825670464281,0.0
3371,-0.683474966641683,-0.6363917565829902,"Fabricación de muebles, excepto de oficina y estantería",0.3642278188643361,produccion,completa,E1,0.9887291021633388,-0.5778833189604586,0.802536840964673,0.764259287506778,0.0
3372,-0.8075853417392763,0.6735448980414753,Fabricación de muebles de oficina y estantería,0.2214380514733216,produccion,completa,E1,0.937399170561787,-0.6285461729833288,0.802536840964673,0.7832449134856623,0.0
3379,-0.9929083044501217,-2.213856498686367,"Fabricación de colchones, persianas y cortineros",0.3523025337449802,produccion,completa,E1,1.6399484636759813,-0.5821144973580574,0.802536840964673,0.7658791906159479,0.0
3391,3.2271274058596213,1.1156318375954721,"Fabricación de equipo no electrónico y material desechable de uso médico, dental y para laboratorio, y artículos oftálmicos",0.7835186733412709,produccion,completa,E1,1.658745778107577,-0.4291158565461581,0.802536840964673,0.7035710840299836,0.0
3399,-0.3059809662809378,-0.16051958830319688,Otras industrias manufactureras,0.618987370047973,produccion,completa,E1,0.8372628948435228,-0.48749276655340473,0.802536840964673,0.7282204374889784,0.0
3111,-0.028185341470646913,0.06591733433038025,Elaboración de alimentos para animales,0.02886946578166,produccion,sin pandemia,E1,0.38270070763036546,0.024524517364406338,0.12549209460527555,0.42252942231420476,0.0
3112,0.4087365375275885,0.2019506305439836,Molienda de granos y de semillas y obtención de aceites y grasas,0.0609807080676099,produccion,sin pandemia,E1,0.5306249158236526,0.020372690996997397,0.12549209460527555,0.4355181035977362,0.0
3113,-0.5736136567001852,-0.17017850584220076,"Elaboración de azúcares, chocolates, dulces y similares",0.2016423568218791,produccion,sin pandemia,E1,0.5410766580110102,0.002185828683149229,0.12549209460527555,0.49305155124962163,0.0
3114,0.23579539024855084,0.4105180689091042,"Conservación de frutas, verduras, guisos y otros alimentos preparados",0.3156513149608729,produccion,sin pandemia,E1,0.48883137623832973,-0.012554971261840957,0.12549209460527555,0.5398460627793222,0.0
3115,-0.14597492260505188,-0.23888529917008378,Elaboración de productos lácteos,0.0498313429839448,produccion,sin pandemia,E1,0.30592157734940423,0.021814249299912488,0.12549209460527555,0.4309996633282461,0.0
3116,-0.18102110198116528,-0.2507339839466093,"Matanza, empacado y procesamiento de carne de ganado, aves y otros animales comestibles",0.044361709007407,produccion,sin pandemia,E1,0.2967991145673453,0.02252144618633758,0.12549209460527555,0.4287862753080209,0.0
3117,0.1625189830857679,1.02016422383449,Preparación y envasado de pescados y mariscos,0.7478643561015712,produccion,sin pandemia,E1,0.6135951061203915,-0.06843800078048151,0.12549209460527555,0.7072460192246981,0.0
3118,0.05358906377695334,-0.2902793154440317,Elaboración de productos de panadería y tortillas,0.043199849411286,produccion,sin pandemia,E1,0.24810817835417498,0.02267166894207671,0.12549209460527555,0.4283163932586326,0.0
3119,-0.05511316543266097,-0.1571417598567048,Otras industrias alimentarias,0.1089707298904361,produccion,sin pandemia,E1,0.24795763569440415,0.014167816199496353,0.12549209460527555,0.45505568033224725,0.0
3121,0.16566690463114458,-0.08281736440206895,Industria de las bebidas,0.2419442465750293,produccion,sin pandemia,E1,0.28209455965197283,-0.0030250082892574748,0.12549209460527555,0.5096156403189607,0.0
3122,0.015010216364385483,0.44320404915506084,Industria del tabaco,0.1071479040489181,produccion,sin pandemia,E1,0.5023048218666579,0.014403498653778737,0.12549209460527555,0.4543112794144118,0.0
3131,0.24383199370465805,0.6088030104955586,"Preparación e hilado de fibras textiles, y fabricación de hilos",0.2001267979454507,produccion,sin pandemia,E1,0.3232568943116211,0.002381783023641039,0.12549209460527555,0.4924287110677152,0.0
3132,-0.09619354468155168,0.3554413012452378,Fabricación de telas,0.1336042055792961,produccion,sin pandemia,E1,0.5144779074324498,0.010982828431810848,0.12549209460527555,0.465129853424491,0.0
3133,0.01600199377111007,0.3824156668698939,Acabado de productos textiles y fabricación de telas recubiertas,0.3062290364360683,produccion,sin pandemia,E1,0.47746251316121696,-0.011336716792829916,0.12549209460527555,0.5359907258588714,0.0
3141,-0.04315820699829191,-0.019304055099140995,"Confección de alfombras, blancos y similares",0.5072465584471345,produccion,sin pandemia,E1,0.4193375483936548,-0.03732729793462282,0.12549209460527555,0.6169375219078747,0.0
3149,-0.015666039006454795,0.13032151300628955,"Fabricación de otros productos textiles, excepto prendas de vestir",0.3944218335152466,produccion,sin pandemia,E1,0.2351614055295474,-0.022739613543700587,0.12549209460527555,0.5718960974605913,0.0
3151,0.17939929996120965,-1.4352966319432108,Fabricación de prendas de vestir de tejido de punto,0.3365154443339868,produccion,sin pandemia,E1,0.8498568420105711,-0.015252601010728856,0.12549209460527555,0.5483692538633295,0.0
3152,-0.22432201402006244,0.06710297712733136,Confección de prendas de vestir,0.4259861529321015,produccion,sin pandemia,E1,0.2571809034485464,-0.026820725462611186,0.12549209460527555,0.58461901756465,0.0
3159,-0.046051806808923755,-0.8690421895934072,Confección de accesorios de vestir y otras prendas de vestir no clasificados en otra parte,0.6664841032423205,produccion,sin pandemia,E1,0.5978868317334378,-0.05791593263379757,0.12549209460527555,0.6777838430650605,0.0
3161,0.3718822741738734,-0.6360866491461779,Curtido y acabado de cuero y piel,0.262669438610518,produccion,sin pandemia,E1,0.4839735877896837,-0.005704674120815958,0.12549209460527555,0.5181290473211553,0.0
3162,0.33165586308790146,0.1181723264084393,Fabricación de calzado,0.1604241815757467,produccion,sin pandemia,E1,0.5377988967813901,0.007515136882422863,0.12549209460527555,0.47612347755038914,0.0
3169,-0.21448847996549833,-0.1653042511430617,"Fabricación de otros productos de cuero, piel y materiales sucedáneos",0.6136094363212712,produccion,sin pandemia,E1,0.3559282588919975,-0.0510794971469391,0.12549209460527555,0.6580083392584207,0.0
3211,0.0680250795760977,0.6403811396550566,Aserrado y conservación de la madera,0.0034917286527276,produccion,sin pandemia,E1,0.3294061486339202,0.02780573449138046,0.12549209460527555,0.41232292001982973,0.0
3212,-0.20462488366433484,0.4173375339494395,Fabricación de laminados y aglutinados de madera,0.0775332943220637,produccion,sin pandemia,E1,0.5435409049534935,0.018232522658193463,0.12549209460527555,0.4422416587892739,0.0
3219,-0.283681670463042,-0.5591994686305214,Fabricación de otros productos de madera,0.1827036170504173,produccion,sin pandemia,E1,0.4412832312022715,0.004634514985860594,0.12549209460527555,0.4852701177028292,0.0
3221,0.3513057848532993,-0.37067119597119635,"Fabricación de pulpa, papel y cartón",0.0619018679380005,produccion,sin pandemia,E1,0.4120957201269127,0.020253589537003115,0.12549209460527555,0.4358918020041581,0.0
3222,0.21677442458427673,-0.10659941677355822,Fabricación de productos de cartón y papel,0.1574973850413846,produccion,sin pandemia,E1,0.49506092153608533,0.007893557340753199,0.12549209460527555,0.4749227355859328,0.0
3231,0.20045485396770288,0.2275882996947449,Impresión e industrias conexas,0.1024504665734745,produccion,sin pandemia,E1,0.29057633693450985,0.015010854314333012,0.12549209460527555,0.45239369776569943,0.0
3241,-0.008412345115362211,0.75324427770385,Fabricación de productos derivados del petróleo y del carbón,0.0588949583065286,produccion,sin pandemia,E1,0.9183198150957262,0.02064236822644745,0.12549209460527555,0.4346721647709717,0.0
3251,0.1717237622568459,0.884306176573438,Fabricación de productos químicos básicos,0.135778270214786,produccion,sin pandemia,E1,1.16346695298731,0.010701732521609084,0.12549209460527555,0.46602013463906783,0.0
3252,-0.16655474790926195,0.6629083599371374,"Fabricación de resinas y hules sintéticos, y fibras químicas",0.3119319594154858,produccion,sin pandemia,E1,0.2861332493054754,-0.012074076804828204,0.12549209460527555,0.5383246320205186,0.0
3253,0.5330314424906464,-0.028932235347011247,"Fabricación de fertilizantes, pesticidas y otros agroquímicos",0.1679807884786191,produccion,sin pandemia,E1,1.0775334639669032,0.006538104617270744,0.12549209460527555,0.47922461287374957,0.0
3254,0.46215102418144216,0.279916890435755,Fabricación de productos farmacéuticos,0.1290966945098601,produccion,sin pandemia,E1,0.7901955741742591,0.011565627538205444,0.12549209460527555,0.46328458505397807,0.0
3255,0.03360742724946812,-0.047168772831630006,"Fabricación de pinturas, recubrimientos y adhesivos",0.0704773870608603,produccion,sin pandemia,E1,0.34112812572501,0.019144816911781843,0.12549209460527555,0.4393734432009184,0.0
3256,-0.41533248810255985,0.3909444275100168,"Fabricación de jabones, limpiadores y preparaciones de tocador",0.2434658656862863,produccion,sin pandemia,E1,0.42505791256756925,-0.0032217461884335025,0.12549209460527555,0.5102408809140723,0.0
3259,-0.3358155116517855,1.8972100183520062,Fabricación de otros productos químicos,0.3514735701280596,produccion,sin pandemia,E1,1.598863700663467,-0.017186613420645005,0.12549209460527555,0.554466325127448,0.0
3261,-0.1172838632067444,0.22128522275285736,Fabricación de productos de plástico,0.2303591490643638,produccion,sin pandemia,E1,0.29452226418382654,-0.001527111917467766,0.12549209460527555,0.5048546044020763,0.0
3262,0.28410372748852136,0.5645014762652172,Fabricación de productos de hule,0.4171737487232005,produccion,sin pandemia,E1,0.4523018867440796,-0.025681324755875232,0.12549209460527555,0.5810752373786126,0.0
3271,0.3042364086675482,-1.319358816522426,Fabricación de productos a base de arcillas y minerales refractarios,0.3488287256548686,produccion,sin pandemia,E1,0.47893000330544244,-0.016844647983004658,0.12549209460527555,0.5533891569110233,0.0
3272,0.06232679983122148,-0.3690356887021885,Fabricación de vidrio y productos de vidrio,0.272472982882299,produccion,sin pandemia,E1,0.24666265226224077,-0.006972224383717196,0.12549209460527555,0.5221534652402744,0.0
3273,-0.05243632207461323,0.5708431050119545,Fabricación de cemento y productos de concreto,0.0343074151008847,produccion,sin pandemia,E1,0.4531914282507565,0.023821417149000806,0.12549209460527555,0.42472350621382565,0.0
3274,-0.13137138914519475,-0.1879335159055545,"Fabricación de cal, yeso y productos de yeso",0.1199075903205221,produccion,sin pandemia,E1,0.2896376401116847,0.012753733707578232,0.12549209460527555,0.4595252712213673,0.0
3279,-0.05776731920474713,-0.019664197896209646,Fabricación de otros productos a base de minerales no metálicos,0.2243733059375072,produccion,sin pandemia,E1,0.49695716113349014,-0.0007531717159660993,0.12549209460527555,0.5023943359856602,0.0
3311,-0.6286930540892821,-1.5329163529983483,Industria básica del hierro y del acero,0.279574215702268,produccion,sin pandemia,E1,1.5281398679247975,-0.007890379010078604,0.12549209460527555,0.5250671803876075,0.0
3312,-0.5797677185318738,1.5635976552871067,Fabricación de productos de hierro y acero,0.0669975578374552,produccion,sin pandemia,E1,0.948449372210773,0.01959474178840784,0.12549209460527555,0.43796005930744125,0.0
3313,-0.22445612680137123,0.6929297590739786,Industria básica del aluminio,0.2650002880058719,produccion,sin pandemia,E1,0.6615966221521433,-0.006006041532637445,0.12549209460527555,0.519086058774049,0.0
3314,0.5725737649160596,-0.7651937768979158,"Industrias de metales no ferrosos, excepto aluminio",0.4934732886739018,produccion,sin pandemia,E1,0.5333044397822443,-0.0355464816055403,0.12549209460527555,0.6115099818400308,0.0
3315,0.5423892415000154,0.6979637481991691,Moldeo por fundición de piezas metálicas,0.0974402319506194,produccion,sin pandemia,E1,1.013106894976857,0.01565865311416882,0.12549209460527555,0.4503496506720632,0.0
3321,0.3303424483785039,-0.5001891108413047,Fabricación de productos metálicos forjados y troquelados,0.4526204884780047,produccion,sin pandemia,E1,0.5066309584853061,-0.030264414610890637,0.12549209460527555,0.5952867326620632,0.0
3322,-0.15649863126197802,0.1533370131526629,Fabricación de herramientas de mano sin motor y utensilios de cocina metálicos,0.4783144421423179,produccion,sin pandemia,E1,0.6235061209388894,-0.03358651698726475,0.12549209460527555,0.6055112066570543,0.0
3323,0.09490886744889054,-0.22732656592397396,Fabricación de estructuras metálicas y productos de herrería,0.2249299265714363,produccion,sin pandemia,E1,0.4113500421311657,-0.0008251400379640887,0.12549209460527555,0.5026231204242579,0.0
3324,-0.2582300275325288,-0.4434016864926677,"Fabricación de calderas, tanques y envases metálicos",0.2575554192946691,produccion,sin pandemia,E1,0.6002384476446619,-0.005043456468446575,0.12549209460527555,0.5160289500460818,0.0
3325,-0.5513708597436159,-0.15602756799428902,Fabricación de herrajes y cerraduras,0.8134327973740351,produccion,sin pandemia,E1,0.5222299138350837,-0.07691567912505408,0.12549209460527555,0.7300329161881535,0.0
3326,-0.19863591485371712,0.6257945155775778,"Fabricación de alambre, productos de alambre y resortes",0.3138914060002775,produccion,sin pandemia,E1,0.45492774498178395,-0.012327423652135544,0.12549209460527555,0.5391262299273529,0.0
3327,0.2564810320165173,-0.5015053149051515,Maquinado de piezas y fabricación de tornillos,0.1233232283296124,produccion,sin pandemia,E1,0.3463257660011797,0.012312108440595954,0.12549209460527555,0.46092222343314515,0.0
3329,-0.15594160087299608,0.6812868498780306,Fabricación de otros productos metálicos,0.6293046757254936,produccion,sin pandemia,E1,0.418683471128685,-0.05310881473674031,0.12549209460527555,0.663926955234598,0.0
3331,0.3982120041268251,0.23534607061385152,"Fabricación de maquinaria y equipo agropecuario, para la construcción y para la industria extractiva",0.519899184727109,produccion,sin pandemia,E1,0.568730485503598,-0.03896322054821645,0.12549209460527555,0.6219033347353883,0.0
3332,-0.14424029018005186,0.4669799014668927,"Fabricación de maquinaria y equipo para las industrias manufactureras, excepto la metalmecánica",0.6992566972513394,produccion,sin pandemia,E1,0.5588755989651104,-0.06215326854012493,0.12549209460527555,0.6897974741850228,0.0
3333,-0.10856452160386018,-0.11959486932692058,Fabricación de maquinaria y equipo para el comercio y los servicios,0.8664849575372038,produccion,sin pandemia,E1,1.2144653119765019,-0.0837750636188711,0.12549209460527555,0.7477967221032995,0.0
3334,0.10535196239217627,0.12130201787874967,"Fabricación de equipo de aire acondicionado, calefacción, y de refrigeración industrial y comercial",0.8482017522901368,produccion,sin pandemia,E1,0.4436072272824178,-0.08141113471977848,0.12549209460527555,0.7417452146382015,0.0
3335,-0.42617395203762254,-0.44676397769523746,Fabricación de maquinaria y equipo para la industria metalmecánica,0.6052735791408839,produccion,sin pandemia,E1,1.382740091874383,-0.050001711637169835,0.12549209460527555,0.6548489447552344,0.0
3336,1.0059247034159466,-0.397715802865266,"Fabricación de motores de combustión interna, turbinas y transmisiones",0.8385248456652771,produccion,sin pandemia,E1,0.8827986920699792,-0.08015995808443459,0.12549209460527555,0.738512090527541,0.0
3339,0.04262181625403315,-0.08213725765095074,Fabricación de otra maquinaria y equipo para la industria en general,0.6417221502759753,produccion,sin pandemia,E1,0.6480593933170504,-0.05471433338333212,0.12549209460527555,0.6685809996345751,0.0
3341,0.030743338543576654,1.5871872994969565,Fabricación de computadoras y equipo periférico,0.7847307234340066,produccion,sin pandemia,E1,1.0917457510215889,-0.07320464152886393,0.12549209460527555,0.7201680026505375,0.0
3342,-0.7886778367251215,-1.8874969928772383,Fabricación de equipo de comunicación,0.895054776922478,produccion,sin pandemia,E1,1.874962245195459,-0.0874690013488291,0.12549209460527555,0.7571011249914935,0.0
3344,0.12984706731145412,-0.19321913534248533,Fabricación de componentes electrónicos,0.4744887481943934,produccion,sin pandemia,E1,0.5015656304748168,-0.03309187349558086,0.12549209460527555,0.6039932490943891,0.0
3345,-0.16716529941467304,0.6753668500071904,"Fabricación de instrumentos de medición, control, navegación, y equipo médico electrónico",0.9203173609236356,produccion,sin pandemia,E1,1.1621085252047587,-0.09073532974032772,0.12549209460527555,0.7651711840585735,0.0
3346,1.414963157512185,-0.23510874061281598,Fabricación y reproducción de medios magnéticos y ópticos,0.6054992436078728,produccion,sin pandemia,E1,1.296355573457023,-0.05003088894759242,0.12549209460527555,0.654934617930164,0.0
3351,0.3378388629965313,0.7741295448206943,Fabricación de accesorios de iluminación,0.831395116765869,produccion,sin pandemia,E1,1.3391347581592234,-0.07923811905455713,0.12549209460527555,0.7361167701551894,0.0
3352,-0.5297896972360567,-0.05919106793240801,Fabricación de aparatos eléctricos de uso doméstico,0.3900028883753999,produccion,sin pandemia,E1,0.791857326993898,-0.02216826557826305,0.12549209460527555,0.5701086138473259,0.0
3353,-0.6909601121500195,-0.04651798119606466,Fabricación de equipo de generación y distribución de energía eléctrica,0.8989208694711824,produccion,sin pandemia,E1,0.6361995743416277,-0.08796886818174753,0.12549209460527555,0.7583457817692105,0.0
3359,-0.19252703273192118,-0.05545214581737548,Fabricación de otros equipos y accesorios eléctricos,0.7464127593691879,produccion,sin pandemia,E1,0.6148582121089893,-0.06825031643196938,0.12549209460527555,0.7067316013925115,0.0
3361,-0.15261678363206824,-0.06054105973973622,Fabricación de automóviles y camiones,0.6801529750236635,produccion,sin pandemia,E1,0.5743178092305687,-0.059683250813802796,0.12549209460527555,0.6828180711947978,0.0
3362,-0.504808721641931,0.397993626559691,Fabricación de carrocerías y remolques,0.4826387565231524,produccion,sin pandemia,E1,1.0118945284597443,-0.03414562965900246,0.12549209460527555,0.6072250785346578,0.0
3363,-0.01895644414844278,-0.4284318961587504,Fabricación de partes para vehículos automotores,0.5296068171162411,produccion,sin pandemia,E1,0.36504088699680587,-0.04021836987440576,0.12549209460527555,0.6256997587758948,0.0
3364,0.09967081639523474,-0.5738825583470802,Fabricación de equipo aeroespacial,0.9896704181454756,produccion,sin pandemia,E1,2.5649024577739175,-0.09970234039254541,0.12549209460527555,0.7865451783550372,0.0
3365,1.0912689928428005,-1.3230466670877945,Fabricación de equipo ferroviario,0.8018618332294466,produccion,sin pandemia,E1,1.2732665705038206,-0.07541961012828201,0.12549209460527555,0.7260769849390615,0.0
3366,-1.5050290394794972,-5.966481917115315,Fabricación de embarcaciones,0.5822911532336551,produccion,sin pandemia,E1,4.715834005909705,-0.047030196520471745,0.12549209460527555,0.6460828263868279,0.0
3369,1.090712140748735,-1.4862197780652056,Fabricación de otro equipo de transporte,0.6740711386128929,produccion,sin pandemia,E1,1.6122558625971186,-0.05889689915080429,0.12549209460527555,0.6805822423558675,0.0
3371,-0.08723769859944876,-0.09827016447628799,"Fabricación de muebles, excepto de oficina y estantería",0.3642278188643361,produccion,sin pandemia,E1,0.2770293115308401,-0.018835675320157206,0.12549209460527555,0.5596549770869876,0.0
3372,-0.085041769613406,0.3417728897676273,Fabricación de muebles de oficina y estantería,0.2214380514733216,produccion,sin pandemia,E1,0.5206275569226405,-0.00037365768873107164,0.12549209460527555,0.5011878647068159,0.0
3379,-0.49780397573676305,-1.0403426284859414,"Fabricación de colchones, persianas y cortineros",0.3523025337449802,produccion,sin pandemia,E1,0.7380934056953203,-0.017293794356583434,0.12549209460527555,0.5548038555359064,0.0
3391,1.2809101175846038,0.03659005452546025,"Fabricación de equipo no electrónico y material desechable de uso médico, dental y para laboratorio, y artículos oftálmicos",0.7835186733412709,produccion,sin pandemia,E1,1.6596448097025318,-0.0730479293877132,0.12549209460527555,0.7197476031556174,0.0
3399,-0.0806335945952391,0.21982125354127846,Otras industrias manufactureras,0.618987370047973,produccion,sin pandemia,E1,0.21254975423066746,-0.05177483764014912,0.12549209460527555,0.6600408047930444,0.0
