rama,sens,pre,rama_nombre,coef_exportacion,variable,muestra,especificacion,ee,sens_post,sd_post,prob_negativo,tau
3111,-0.42203677674061424,0.5395848470443649,Elaboración de alimentos para animales,0.02886946578166,empleo,completa,E0,0.5493079648920669,-0.25839038693162597,0.3694209253647827,0.7578636624125841,0.0
3112,-0.1459221054250889,-0.17590259078702802,Molienda de granos y de semillas y obtención de aceites y grasas,0.0609807080676099,empleo,completa,E0,0.6023757744036566,-0.289106769393241,0.3694209253647827,0.7830673519414517,0.0
3113,-0.7285672795645115,-0.3992596646092603,"Elaboración de azúcares, chocolates, dulces y similares",0.2016423568218791,empleo,completa,E0,0.6195113333978407,-0.42365830627688106,0.3694209253647827,0.8742714300971932,0.0
3114,-0.007772468389222577,0.22486316179122223,"Conservación de frutas, verduras, guisos y otros alimentos preparados",0.3156513149608729,empleo,completa,E0,0.5908508595971861,-0.5327149018163145,0.3694209253647827,0.9253526036310874,0.0
3115,-0.21495247021037198,0.0395189404553354,Elaboración de productos lácteos,0.0498313429839448,empleo,completa,E0,0.5389234061392052,-0.2784417144861663,0.3694209253647827,0.774492757579917,0.0
3116,-0.24255712647299849,-0.11635880525119148,"Matanza, empacado y procesamiento de carne de ganado, aves y otros animales comestibles",0.044361709007407,empleo,completa,E0,0.5135958024273177,-0.2732096724601283,0.3694209253647827,0.7702170919120426,0.0
3117,0.7788486888574567,0.4266822920766279,Preparación y envasado de pescados y mariscos,0.7478643561015712,empleo,completa,E0,1.0128641616171872,-0.9461533156388872,0.3694209253647827,0.9947841284575768,0.0
3118,0.02032658881202799,0.03950813146413553,Elaboración de productos de panadería y tortillas,0.043199849411286,empleo,completa,E0,0.5146904770248018,-0.2720982821438226,0.3694209253647827,0.7693030446428495,0.0
3119,-0.8418424813667981,-0.11674278819017313,Otras industrias alimentarias,0.1089707298904361,empleo,completa,E0,0.5329259401804451,-0.3350121831895847,0.3694209253647827,0.8177589540421372,0.0
3121,-0.11755595510999015,0.1379084685676145,Industria de las bebidas,0.2419442465750293,empleo,completa,E0,0.5106560415158837,-0.4622095478812974,0.3694209253647827,0.8945643465017934,0.0
3122,0.10074157184832729,-0.09239935736892267,Industria del tabaco,0.1071479040489181,empleo,completa,E0,0.6882846284243707,-0.333268537920106,0.3694209253647827,0.8165081335063864,0.0
3131,-0.4815651258195309,-0.573517940563686,"Preparación e hilado de fibras textiles, y fabricación de hilos",0.2001267979454507,empleo,completa,E0,0.6151304165069278,-0.42220858079828005,0.3694209253647827,0.8734584854001525,0.0
3132,-0.6596310066795886,-0.7625167099607629,Fabricación de telas,0.1336042055792961,empleo,completa,E0,0.5073997003528894,-0.35857562099993034,0.3694209253647827,0.8341368128821494,0.0
3133,0.9454876798927089,-0.2484838490125916,Acabado de productos textiles y fabricación de telas recubiertas,0.3062290364360683,empleo,completa,E0,1.3806754050672292,-0.5237019116538507,0.3694209253647827,0.9218504830140154,0.0
3141,-2.0357163882044804,-0.6824381182863384,"Confección de alfombras, blancos y similares",0.5072465584471345,empleo,completa,E0,1.3510597963058706,-0.7159875614145783,0.3694209253647827,0.9736966122966292,0.0
3149,-0.1444039613896847,-0.0989099431316462,"Fabricación de otros productos textiles, excepto prendas de vestir",0.3944218335152466,empleo,completa,E0,0.723278997392359,-0.608063757929382,0.3694209253647827,0.9501172607720142,0.0
3151,-0.6248428357085074,-0.5654769856907913,Fabricación de prendas de vestir de tejido de punto,0.3365154443339868,empleo,completa,E0,0.6850314060770732,-0.5526727275474478,0.3694209253647827,0.9326798817003749,0.0
3152,-0.3990081541492761,0.0970989889565242,Confección de prendas de vestir,0.4259861529321015,empleo,completa,E0,0.5169187405913158,-0.6382569749564578,0.3694209253647827,0.9579810377887044,0.0
3159,0.41734544272784696,-1.232191610763912,Confección de accesorios de vestir y otras prendas de vestir no clasificados en otra parte,0.6664841032423205,empleo,completa,E0,1.4463624397265604,-0.868308087809087,0.3694209253647827,0.9906248189948031,0.0
3161,-0.10719062840170854,-1.3297346900983926,Curtido y acabado de cuero y piel,0.262669438610518,empleo,completa,E0,0.8386793334473102,-0.4820344714854219,0.3694209253647827,0.9040259963331649,0.0
3162,-0.4582440339082786,-0.10810640475834912,Fabricación de calzado,0.1604241815757467,empleo,completa,E0,0.536854243407451,-0.384230581122067,0.3694209253647827,0.8508506855965491,0.0
3169,-0.12974488593639313,-0.8269164596934492,"Fabricación de otros productos de cuero, piel y materiales sucedáneos",0.6136094363212712,empleo,completa,E0,0.7111134397304477,-0.8177302099053074,0.3694209253647827,0.9865699870717958,0.0
3211,-0.5633965776593105,0.22626984290639585,Aserrado y conservación de la madera,0.0034917286527276,empleo,completa,E0,0.7131703021437421,-0.23411501718040062,0.3694209253647827,0.7368731518781962,0.0
3212,-0.7518704246610804,-0.005683272162558561,Fabricación de laminados y aglutinados de madera,0.0775332943220637,empleo,completa,E0,0.5952563104439221,-0.3049403383842214,0.3694209253647827,0.7954433308099926,0.0
3219,-0.05776791509447144,-0.5214065292971948,Fabricación de otros productos de madera,0.1827036170504173,empleo,completa,E0,0.7537154081794866,-0.40554223437343573,0.3694209253647827,0.8638493210979465,0.0
3221,-0.13851467473310458,-0.16365632087588416,"Fabricación de pulpa, papel y cartón",0.0619018679380005,empleo,completa,E0,0.5177949417476019,-0.28998791558606796,0.3694209253647827,0.783767255402134,0.0
3222,-0.5245275099699239,-0.131286105806187,Fabricación de productos de cartón y papel,0.1574973850413846,empleo,completa,E0,0.5144621320420422,-0.3814309198403192,0.3694209253647827,0.8490834434238173,0.0
3231,-0.5436835857584328,-0.14133233903829145,Impresión e industrias conexas,0.1024504665734745,empleo,completa,E0,0.5496061712522573,-0.3287751494426262,0.3694209253647827,0.8132601715397081,0.0
3241,0.48702288392648546,0.40110291004818655,Fabricación de productos derivados del petróleo y del carbón,0.0588949583065286,empleo,completa,E0,0.769518342082995,-0.2871116211890674,0.3694209253647827,0.7814777549834875,0.0
3251,0.44158953921628363,0.3932707787507668,Fabricación de productos químicos básicos,0.135778270214786,empleo,completa,E0,0.7167031922831246,-0.3606552478248694,0.3694209253647827,0.8355351154317314,0.0
3252,0.10879115443307617,0.07418823832137528,"Fabricación de resinas y hules sintéticos, y fibras químicas",0.3119319594154858,empleo,completa,E0,0.5910031734435056,-0.5291571089901919,0.3694209253647827,0.9239847592576413,0.0
3253,-1.6417047600056918,0.034601913647845386,"Fabricación de fertilizantes, pesticidas y otros agroquímicos",0.1679807884786191,empleo,completa,E0,0.7893881700451075,-0.3914589413852346,0.3694209253647827,0.8553493387593398,0.0
3254,-0.08041868802582444,-0.040057050426881013,Fabricación de productos farmacéuticos,0.1290966945098601,empleo,completa,E0,0.5641650689548526,-0.3542639088361397,0.3694209253647827,0.831213291669115,0.0
3255,-0.28486845026137725,0.050219386223918736,"Fabricación de pinturas, recubrimientos y adhesivos",0.0704773870608603,empleo,completa,E0,0.508087907167645,-0.29819092818953574,0.3694209253647827,0.7902199676983976,0.0
3256,-0.30957398576104045,-0.18114242134007927,"Fabricación de jabones, limpiadores y preparaciones de tocador",0.2434658656862863,empleo,completa,E0,0.6435196633310695,-0.46366507034804183,0.3694209253647827,0.8952811607216489,0.0
3259,-0.7039730599412566,-0.016964162886818006,Fabricación de otros productos químicos,0.3514735701280596,empleo,completa,E0,0.8303046784533108,-0.5669810968315824,0.3694209253647827,0.9375814768235287,0.0
3261,-0.8646738820808963,-0.11566173622692642,Fabricación de productos de plástico,0.2303591490643638,empleo,completa,E0,0.43223980826883707,-0.45112768805090375,0.3694209253647827,0.8889901620228013,0.0
3262,-1.2031503236704812,-0.6509042542464805,Fabricación de productos de hule,0.4171737487232005,empleo,completa,E0,0.5143006009231507,-0.6298273671674939,0.3694209253647827,0.9558938737127397,0.0
3271,-0.37877427822868276,0.14123296749591882,Fabricación de productos a base de arcillas y minerales refractarios,0.3488287256548686,empleo,completa,E0,0.5743792968097475,-0.5644511400747997,0.3694209253647827,0.9367356541684146,0.0
3272,-0.12402783303596912,0.018265817192484376,Fabricación de vidrio y productos de vidrio,0.272472982882299,empleo,completa,E0,0.5168585125960925,-0.4914121658346423,0.3694209253647827,0.908277575455327,0.0
3273,-0.18158920950917362,0.06156193611977659,Fabricación de cemento y productos de concreto,0.0343074151008847,empleo,completa,E0,0.6656803360277367,-0.2635921206300219,0.3694209253647827,0.7622404087281331,0.0
3274,0.167168407416258,0.35612609335349915,"Fabricación de cal, yeso y productos de yeso",0.1199075903205221,empleo,completa,E0,0.5958029340762984,-0.34547396429753074,0.3694209253647827,0.8251514632966426,0.0
3279,0.13256867067498104,-0.49313948955234266,Fabricación de otros productos a base de minerales no metálicos,0.2243733059375072,empleo,completa,E0,0.5241536045326756,-0.44540186015541294,0.3694209253647827,0.8860287352241385,0.0
3311,-0.09974116158663084,-1.3422691632149402,Industria básica del hierro y del acero,0.279574215702268,empleo,completa,E0,2.1859396612844337,-0.4982049327199827,0.3694209253647827,0.9112689441804674,0.0
3312,-0.39556297036328614,0.07499852434156337,Fabricación de productos de hierro y acero,0.0669975578374552,empleo,completa,E0,0.6784353408477504,-0.29486225705388236,0.3694209253647827,0.787615300715135,0.0
3313,-1.5397417317561495,-0.5051434318112548,Industria básica del aluminio,0.2650002880058719,empleo,completa,E0,0.717699017112745,-0.48426407259678844,0.3694209253647827,0.9050497342041275,0.0
3314,-0.2858463483570125,0.4206306068233779,"Industrias de metales no ferrosos, excepto aluminio",0.4934732886739018,empleo,completa,E0,0.543870981816834,-0.7028125799444056,0.3694209253647827,0.9714451936169254,0.0
3315,-0.8294224423954474,-0.35715186570748525,Moldeo por fundición de piezas metálicas,0.0974402319506194,empleo,completa,E0,0.7685779734684026,-0.3239825512140183,0.3694209253647827,0.8097569747788376,0.0
3321,-0.8347019948313085,0.22302694898547987,Fabricación de productos metálicos forjados y troquelados,0.4526204884780047,empleo,completa,E0,0.7410383421232332,-0.663734358545473,0.3694209253647827,0.9638074636849423,0.0
3322,-1.3966832474472084,0.2474507209137392,Fabricación de herramientas de mano sin motor y utensilios de cocina metálicos,0.4783144421423179,empleo,completa,E0,0.9767195201629081,-0.6883122089031772,0.3694209253647827,0.9687842927918555,0.0
3323,-0.21700129424641398,0.03769988028496081,Fabricación de estructuras metálicas y productos de herrería,0.2249299265714363,empleo,completa,E0,0.5377386209677648,-0.4459343020997495,0.3694209253647827,0.8863064675463979,0.0
3324,0.08012158109153783,-0.18400660187244633,"Fabricación de calderas, tanques y envases metálicos",0.2575554192946691,empleo,completa,E0,0.6603320734001741,-0.47714259680107085,0.3694209253647827,0.9017514584098749,0.0
3325,-1.497143879899217,0.3631564165533332,Fabricación de herrajes y cerraduras,0.8134327973740351,empleo,completa,E0,0.9222506239275718,-1.0088735711058696,0.3694209253647827,0.9968424880458935,0.0
3326,-1.7336211234544177,-0.2651627397666575,"Fabricación de alambre, productos de alambre y resortes",0.3138914060002775,empleo,completa,E0,0.7029642455222967,-0.531031440421396,0.3694209253647827,0.9247077324361098,0.0
3327,0.1895339748330401,-0.13318153814637482,Maquinado de piezas y fabricación de tornillos,0.1233232283296124,empleo,completa,E0,0.585203992820612,-0.3487412325801892,0.3694209253647827,0.8274206252728211,0.0
3329,-1.8176479750331902,0.39823977084884576,Fabricación de otros productos metálicos,0.6293046757254936,empleo,completa,E0,0.6573528408604848,-0.8327436737904356,0.3694209253647827,0.9879077820791956,0.0
3331,-2.151633410668009,-0.650144857582488,"Fabricación de maquinaria y equipo agropecuario, para la construcción y para la industria extractiva",0.519899184727109,empleo,completa,E0,1.1278539815647093,-0.7280905783112379,0.3694209253647827,0.9756321684648798,0.0
3332,-1.038142289699784,-0.09362614706627186,"Fabricación de maquinaria y equipo para las industrias manufactureras, excepto la metalmecánica",0.6992566972513394,empleo,completa,E0,0.6205207296768047,-0.8996570939570278,0.3694209253647827,0.9925606276459225,0.0
3333,-1.0858968158134314,0.7865600083696361,Fabricación de maquinaria y equipo para el comercio y los servicios,0.8664849575372038,empleo,completa,E0,1.3897436608231368,-1.0596212322357461,0.3694209253647827,0.9979367774939379,0.0
3334,-1.9137117944904543,0.7889971892240025,"Fabricación de equipo de aire acondicionado, calefacción, y de refrigeración industrial y comercial",0.8482017522901368,empleo,completa,E0,0.7658299605141351,-1.0421322195095448,0.3694209253647827,0.9976062047994724,0.0
3335,-0.1130342582857063,-1.3421922609539638,Fabricación de maquinaria y equipo para la industria metalmecánica,0.6052735791408839,empleo,completa,E0,1.2711977498479816,-0.8097564487216671,0.3694209253647827,0.9858088569431591,0.0
3336,-1.09145348220398,0.13071041760964872,"Fabricación de motores de combustión interna, turbinas y transmisiones",0.8385248456652771,empleo,completa,E0,0.8399394429788343,-1.0328756618750683,0.3694209253647827,0.9974124829129419,0.0
3339,-1.9514193017482306,-0.00961315082855025,Fabricación de otra maquinaria y equipo para la industria en general,0.6417221502759753,empleo,completa,E0,0.6705005077078404,-0.8446217535639751,0.3694209253647827,0.9888828055258274,0.0
3341,1.5671742152833155,1.2344521477575052,Fabricación de computadoras y equipo periférico,0.7847307234340066,empleo,completa,E0,1.3842850130867297,-0.9814182682953266,0.3694209253647827,0.9960538119473172,0.0
3342,1.53401894195717,0.3590867164204261,Fabricación de equipo de comunicación,0.895054776922478,empleo,completa,E0,1.7348428768135629,-1.086950025412998,0.3694209253647827,0.9983711196477271,0.0
3343,-0.913864873782733,-0.17454842861417186,Fabricación de equipo de audio y de video,0.9478363435009872,empleo,completa,E0,1.0325076054146123,-1.1374388471007861,0.3694209253647827,0.9989614393837182,0.0
3344,-0.9892539339986673,-0.4330491212335803,Fabricación de componentes electrónicos,0.4744887481943934,empleo,completa,E0,0.7118951189528195,-0.6846526968407319,0.3694209253647827,0.9680812636393084,0.0
3345,-0.777573501610604,-0.7783132329296099,"Fabricación de instrumentos de medición, control, navegación, y equipo médico electrónico",0.9203173609236356,empleo,completa,E0,0.6417983745779865,-1.111115244099905,0.3694209253647827,0.9986839286602082,0.0
3346,1.0829525071828339,1.3901134615326982,Fabricación y reproducción de medios magnéticos y ópticos,0.6054992436078728,empleo,completa,E0,1.3433956161907978,-0.8099723106934433,0.3694209253647827,0.9858299412959635,0.0
3351,-1.2494182519939927,0.9011964688060169,Fabricación de accesorios de iluminación,0.831395116765869,empleo,completa,E0,0.7633689230664875,-1.0260556367333544,0.3694209253647827,0.99726080740678,0.0
3352,-0.7060336663188129,0.08333777758097946,Fabricación de aparatos eléctricos de uso doméstico,0.3900028883753999,empleo,completa,E0,0.7632188634839941,-0.6038367645361113,0.3694209253647827,0.948928232389034,0.0
3353,-0.8427210551592365,0.19361900741227472,Fabricación de equipo de generación y distribución de energía eléctrica,0.8989208694711824,empleo,completa,E0,0.7383798638445194,-1.0906481812271056,0.3694209253647827,0.9984230121676146,0.0
3359,-0.5438706141166001,0.1263621772060186,Fabricación de otros equipos y accesorios eléctricos,0.7464127593691879,empleo,completa,E0,0.8795709870654761,-0.9447647738934493,0.3694209253647827,0.9947274222357034,0.0
3361,-1.0339463196973617,-0.21869801829414395,Fabricación de automóviles y camiones,0.6801529750236635,empleo,completa,E0,0.6457884570631277,-0.8813832061653212,0.3694209253647827,0.9914801684947164,0.0
3362,-2.6629271353288617,-0.9706769991388374,Fabricación de carrocerías y remolques,0.4826387565231524,empleo,completa,E0,1.4033314232085707,-0.692448682142772,0.3694209253647827,0.9695634802627173,0.0
3363,-1.3130659688357713,-0.4462002532205871,Fabricación de partes para vehículos automotores,0.5296068171162411,empleo,completa,E0,0.5945919840195828,-0.7373765270330602,0.3694209253647827,0.9770348594533911,0.0
3364,1.3008002565898773,-0.29426264372330624,Fabricación de equipo aeroespacial,0.9896704181454756,empleo,completa,E0,1.7618237921614899,-1.1774557179918292,0.3694209253647827,0.9992819640193807,0.0
3365,-1.2227635316170555,0.8103655173632701,Fabricación de equipo ferroviario,0.8018618332294466,empleo,completa,E0,3.4122255228301164,-0.9978052307112557,0.3694209253647827,0.9965434136993767,0.0
3366,-0.9212532268344906,2.471374116008378,Fabricación de embarcaciones,0.5822911532336551,empleo,completa,E0,3.5031345162653493,-0.7877723417918941,0.3694209253647827,0.9835151412813813,0.0
3369,-2.3270161981417363,-2.2540548234958635,Fabricación de otro equipo de transporte,0.6740711386128929,empleo,completa,E0,1.4393356013255563,-0.875565554777105,0.3694209253647827,0.9911084290174137,0.0
3371,0.02046646975107793,-0.3781510636583237,"Fabricación de muebles, excepto de oficina y estantería",0.3642278188643361,empleo,completa,E0,0.7466721335075768,-0.5791813218713172,0.3694209253647827,0.9415371020754583,0.0
3372,-1.3919354674281685,-0.09563595973779518,Fabricación de muebles de oficina y estantería,0.2214380514733216,empleo,completa,E0,0.8646066420577113,-0.44259410834247426,0.3694209253647827,0.8845561599436533,0.0
3379,-1.1486362786612898,-0.5568421893193107,"Fabricación de colchones, persianas y cortineros",0.3523025337449802,empleo,completa,E0,0.9084199048355046,-0.5677740516253381,0.3694209253647827,0.9378447569872661,0.0
3391,-0.9195318839140164,0.2697698557960457,"Fabricación de equipo no electrónico y material desechable de uso médico, dental y para laboratorio, y artículos oftálmicos",0.7835186733412709,empleo,completa,E0,0.699976069790521,-0.9802588676754572,0.3694209253647827,0.9960169255990696,0.0
3399,-0.2553155921123086,0.0062605283304213504,Otras industrias manufactureras,0.618987370047973,empleo,completa,E0,0.6895589729434628,-0.8228745349903219,0.3694209253647827,0.987042106437239,0.0
3111,-0.15210629690221292,0.3804953729497125,Elaboración de alimentos para animales,0.02886946578166,empleo,sin pandemia,E0,0.39244857205427264,-0.19394055132310944,0.2277915054583,0.8027250189363007,0.0
3112,-0.1870806030886294,-0.14987545728733415,Molienda de granos y de semillas y obtención de aceites y grasas,0.0609807080676099,empleo,sin pandemia,E0,0.44202729368088906,-0.20449105047287358,0.2277915054583,0.8153303073731373,0.0
3113,-0.8094921984748528,0.4795112932874769,"Elaboración de azúcares, chocolates, dulces y similares",0.2016423568218791,empleo,sin pandemia,E0,0.8258033446531464,-0.2507069705039612,0.2277915054583,0.8644642627761301,0.0
3114,0.16326873045840884,0.4010532792916261,"Conservación de frutas, verduras, guisos y otros alimentos preparados",0.3156513149608729,empleo,sin pandemia,E0,0.5063311900268231,-0.2881658581172022,0.2277915054583,0.8970718924780154,0.0
3115,-0.061680715941409156,-0.16778421851849906,Elaboración de productos lácteos,0.0498313429839448,empleo,sin pandemia,E0,0.3188365863768061,-0.2008278048784455,0.2277915054583,0.8110115129624957,0.0
3116,-0.2804035814804092,-0.20613519264421953,"Matanza, empacado y procesamiento de carne de ganado, aves y otros animales comestibles",0.044361709007407,empleo,sin pandemia,E0,0.355403106786628,-0.19903069693397235,0.2277915054583,0.808870244612151,0.0
3117,0.04488871208551061,0.6795505224312844,Preparación y envasado de pescados y mariscos,0.7478643561015712,empleo,sin pandemia,E0,0.9730768446102679,-0.4301741704230497,0.2277915054583,0.9705176011606096,0.0
3118,0.10363529226800347,0.02989949185536679,Elaboración de productos de panadería y tortillas,0.043199849411286,empleo,sin pandemia,E0,0.3541888272625137,-0.19864895528187865,0.2277915054583,0.8084134881017954,0.0
3119,-0.8575886930228847,-0.007473969368505611,Otras industrias alimentarias,0.1089707298904361,empleo,sin pandemia,E0,0.5153331472258561,-0.22025869595759617,0.2277915054583,0.8332107663464692,0.0
3121,-0.22297529556824758,0.1487348335955806,Industria de las bebidas,0.2419442465750293,empleo,sin pandemia,E0,0.375202521489608,-0.2639485962806302,0.2277915054583,0.8767166427453645,0.0
3122,0.5382861321765889,-0.054194688015771035,Industria del tabaco,0.1071479040489181,empleo,sin pandemia,E0,0.6608298570478457,-0.2196597866310791,0.2277915054583,0.8325527113274522,0.0
3131,-0.24681410182055005,-0.5255029521417172,"Preparación e hilado de fibras textiles, y fabricación de hilos",0.2001267979454507,empleo,sin pandemia,E0,0.6606390488160585,-0.25020901709266724,0.2277915054583,0.8639877776687207,0.0
3132,-0.3833010702452415,-0.6773782460989993,Fabricación de telas,0.1336042055792961,empleo,sin pandemia,E0,0.47589369085394695,-0.2283522932714805,0.2277915054583,0.8419397076942553,0.0
3133,1.2494712978688194,0.5179627538530938,Acabado de productos textiles y fabricación de telas recubiertas,0.3062290364360683,empleo,sin pandemia,E0,1.4887756894273003,-0.28507006566297227,0.2277915054583,0.8946151366163149,0.0
3141,-0.47364089398555953,-0.1883498658421371,"Confección de alfombras, blancos y similares",0.5072465584471345,empleo,sin pandemia,E0,1.0754899471631694,-0.3511165666416469,0.2277915054583,0.9383895953468419,0.0
3149,-0.18857168640402103,0.11806678507287377,"Fabricación de otros productos textiles, excepto prendas de vestir",0.3944218335152466,empleo,sin pandemia,E0,0.6781559428141762,-0.3140467717745984,0.2277915054583,0.9160000165670104,0.0
3151,-1.0104794667513608,-0.4382488919514467,Fabricación de prendas de vestir de tejido de punto,0.3365154443339868,empleo,sin pandemia,E0,0.6470381172101601,-0.2950209955563389,0.2277915054583,0.9023633533844493,0.0
3152,0.2303813683441726,-0.1546578790961509,Confección de prendas de vestir,0.4259861529321015,empleo,sin pandemia,E0,0.374328538780939,-0.3244175734460156,0.2277915054583,0.9228037455745149,0.0
3159,0.7080085676576198,-0.7802016747271546,Confección de accesorios de vestir y otras prendas de vestir no clasificados en otra parte,0.6664841032423205,empleo,sin pandemia,E0,1.8672489455124095,-0.40343580007433255,0.2277915054583,0.961725869898093,0.0
3161,0.6855915824794884,-1.0840634853728877,Curtido y acabado de cuero y piel,0.262669438610518,empleo,sin pandemia,E0,0.8720746999593217,-0.27075808434097837,0.2277915054583,0.8827058540327462,0.0
3162,-0.062124391776756445,-0.17543866997581223,Fabricación de calzado,0.1604241815757467,empleo,sin pandemia,E0,0.5650062184710717,-0.2371642891272452,0.2277915054583,0.8510961791661805,0.0
3169,-0.24015969848051236,-0.6476521119873854,"Fabricación de otros productos de cuero, piel y materiales sucedáneos",0.6136094363212712,empleo,sin pandemia,E0,0.7456566462467761,-0.38606325112630635,0.2277915054583,0.9549442358141483,0.0
3211,-0.3460997237913967,0.2245161587888248,Aserrado y conservación de la madera,0.0034917286527276,empleo,sin pandemia,E0,0.7402116955343856,-0.18560241878941763,0.2277915054583,0.7924039607656115,0.0
3212,0.15274667134033215,0.09233025769965976,Fabricación de laminados y aglutinados de madera,0.0775332943220637,empleo,sin pandemia,E0,0.5521940948586451,-0.20992958335954498,0.2277915054583,0.8216278567043283,0.0
3219,-0.44813622193787245,-0.4853127442442951,Fabricación de otros productos de madera,0.1827036170504173,empleo,sin pandemia,E0,0.7058189204127023,-0.24448444083422494,0.2277915054583,0.8584276151148225,0.0
3221,-0.3110840726748612,-0.14301596663490782,"Fabricación de pulpa, papel y cartón",0.0619018679380005,empleo,sin pandemia,E0,0.3706421907347717,-0.20479370760282228,0.2277915054583,0.8156843605078767,0.0
3222,-0.4601658523079789,-0.09001226367573054,Fabricación de productos de cartón y papel,0.1574973850413846,empleo,sin pandemia,E0,0.4431199222484472,-0.23620265817966796,0.2277915054583,0.8501145443644824,0.0
3231,-0.5746738523958622,-0.2639926442986267,Impresión e industrias conexas,0.1024504665734745,empleo,sin pandemia,E0,0.5379809667888646,-0.21811639227562551,0.2277915054583,0.8308491994712617,0.0
3241,0.47747719723424564,0.5476278764019205,Fabricación de productos derivados del petróleo y del carbón,0.0588949583065286,empleo,sin pandemia,E0,0.726564848625716,-0.2038057546227489,0.2277915054583,0.8145270759898182,0.0
3251,0.39812201055901103,0.4740269454715394,Fabricación de productos químicos básicos,0.135778270214786,empleo,sin pandemia,E0,0.7665924232078463,-0.22906660593755584,0.2277915054583,0.8426954261449537,0.0
3252,0.34731029482588155,0.1305170273950814,"Fabricación de resinas y hules sintéticos, y fibras químicas",0.3119319594154858,empleo,sin pandemia,E0,0.6015342067543918,-0.2869438232557092,0.2277915054583,0.896107128755635,0.0
3253,-0.9224365686274528,-0.20386664569644009,"Fabricación de fertilizantes, pesticidas y otros agroquímicos",0.1679807884786191,empleo,sin pandemia,E0,0.7375273260384325,-0.23964709480613794,0.2277915054583,0.8536107296262847,0.0
3254,-0.214377222335097,-0.028147628141922804,Fabricación de productos farmacéuticos,0.1290966945098601,empleo,sin pandemia,E0,0.34472420983033936,-0.22687130130978223,0.2277915054583,0.8403652880984633,0.0
3255,-0.4570618296372394,0.11159397169338259,"Fabricación de pinturas, recubrimientos y adhesivos",0.0704773870608603,empleo,sin pandemia,E0,0.49112419024179244,-0.20761128801309828,0.2277915054583,0.8189601125003148,0.0
3256,-0.3249547675354713,-0.21524595801594792,"Fabricación de jabones, limpiadores y preparaciones de tocador",0.2434658656862863,empleo,sin pandemia,E0,0.49518083877874686,-0.26444854084822506,0.2277915054583,0.8771635203810458,0.0
3259,-1.2735119195277953,-0.10031186669244813,Fabricación de otros productos químicos,0.3514735701280596,empleo,sin pandemia,E0,0.9267410812738013,-0.29993565105509185,0.2277915054583,0.9060322940895734,0.0
3261,-0.5308360333672405,-0.1320401428905859,Fabricación de productos de plástico,0.2303591490643638,empleo,sin pandemia,E0,0.3134504757449141,-0.2601421860412577,0.2277915054583,0.8732769013252966,0.0
3262,-0.6994976265615467,-0.38469302895526064,Fabricación de productos de hule,0.4171737487232005,empleo,sin pandemia,E0,0.3901289584954737,-0.3215221618551016,0.2277915054583,0.920947793843367,0.0
3271,0.6216052099271434,0.11283576826327205,Fabricación de productos a base de arcillas y minerales refractarios,0.3488287256548686,empleo,sin pandemia,E0,0.6022128463784665,-0.2990666585347411,0.2277915054583,0.9053910781202509,0.0
3272,0.015192471415566679,0.15866853873011594,Fabricación de vidrio y productos de vidrio,0.272472982882299,empleo,sin pandemia,E0,0.4905444524932085,-0.2739791458179227,0.2277915054583,0.8854659353347294,0.0
3273,-0.16808059165963213,-0.1969953792971465,Fabricación de cemento y productos de concreto,0.0343074151008847,empleo,sin pandemia,E0,0.5751428386314471,-0.19572724892758186,0.2277915054583,0.8048955478786175,0.0
3274,-0.016345333778037048,0.3700105988613931,"Fabricación de cal, yeso y productos de yeso",0.1199075903205221,empleo,sin pandemia,E0,0.5418902390197283,-0.22385212082858597,0.2277915054583,0.8371239665962866,0.0
3279,0.030517491679556245,-0.3826015033113652,Fabricación de otros productos a base de minerales no metálicos,0.2243733059375072,empleo,sin pandemia,E0,0.47076797246888225,-0.25817547194598417,0.2277915054583,0.8714736915801965,0.0
3311,-0.11215318927297355,-1.282669222258042,Industria básica del hierro y del acero,0.279574215702268,empleo,sin pandemia,E0,2.836841205105447,-0.2763123333714339,0.2277915054583,0.8874361280487281,0.0
3312,-0.5289542227699141,0.03482718055140377,Fabricación de productos de hierro y acero,0.0669975578374552,empleo,sin pandemia,E0,0.7298035280499616,-0.20646795213914101,0.2277915054583,0.8176352791102729,0.0
3313,-1.2391654245269021,-0.540407238198836,Industria básica del aluminio,0.2650002880058719,empleo,sin pandemia,E0,0.7114692274972716,-0.2715239103512249,0.2277915054583,0.8833663097809586,0.0
3314,-0.07826609235319745,0.517608957612995,"Industrias de metales no ferrosos, excepto aluminio",0.4934732886739018,empleo,sin pandemia,E0,0.5541479353900549,-0.34659120852133696,0.2277915054583,0.9359363350236729,0.0
3315,-0.9874393823246067,-0.2575158177308662,Moldeo por fundición de piezas metálicas,0.0974402319506194,empleo,sin pandemia,E0,0.6901586836717862,-0.2164702250031846,0.2277915054583,0.8290200330107542,0.0
3321,0.10569620595207796,-0.17556307587415082,Fabricación de productos metálicos forjados y troquelados,0.4526204884780047,empleo,sin pandemia,E0,0.7711709621527005,-0.33316857510547293,0.2277915054583,0.9282120005975376,0.0
3322,-0.9241254704286883,0.22243624483158,Fabricación de herramientas de mano sin motor y utensilios de cocina metálicos,0.4783144421423179,empleo,sin pandemia,E0,0.649564877288265,-0.3416106040333923,0.2277915054583,0.9331492037445083,0.0
3323,-0.018992485628902964,0.17043306877433692,Fabricación de estructuras metálicas y productos de herrería,0.2249299265714363,empleo,sin pandemia,E0,0.3691410031489221,-0.2583583557308192,0.2277915054583,0.8716421183531142,0.0
3324,-0.20729906450575128,-0.5154544035424048,"Fabricación de calderas, tanques y envases metálicos",0.2575554192946691,empleo,sin pandemia,E0,0.640395443416692,-0.2690778174748363,0.2277915054583,0.8812475050351678,0.0
3325,-0.863314535954362,0.382560347807297,Fabricación de herrajes y cerraduras,0.8134327973740351,empleo,sin pandemia,E0,0.6333795041563903,-0.4517173974877707,0.2277915054583,0.9763179627491374,0.0
3326,-1.6784226769338686,-0.0911462658824055,"Fabricación de alambre, productos de alambre y resortes",0.3138914060002775,empleo,sin pandemia,E0,0.7400730866031128,-0.2875876208186549,0.2277915054583,0.8966162039767115,0.0
3327,-0.07292334312333214,0.02310129506710671,Maquinado de piezas y fabricación de tornillos,0.1233232283296124,empleo,sin pandemia,E0,0.5773086199433946,-0.22497436597842796,0.2277915054583,0.8383337456718043,0.0
3329,-0.9397046500749487,0.7627967391685967,Fabricación de otros productos metálicos,0.6293046757254936,empleo,sin pandemia,E0,0.49711386978381134,-0.3912200933473265,0.2277915054583,0.9570513372671733,0.0
3331,-0.6654232765469592,-0.3267749040183965,"Fabricación de maquinaria y equipo agropecuario, para la construcción y para la industria extractiva",0.519899184727109,empleo,sin pandemia,E0,1.2111248763123166,-0.3552737251103357,0.2277915054583,0.9405780202490059,0.0
3332,-0.7424274732320221,-0.10305436204780831,"Fabricación de maquinaria y equipo para las industrias manufactureras, excepto la metalmecánica",0.6992566972513394,empleo,sin pandemia,E0,0.6178063316295065,-0.41420359355141667,0.2277915054583,0.9654943067956006,0.0
3333,-0.9595357553955993,1.4551337699189317,Fabricación de maquinaria y equipo para el comercio y los servicios,0.8664849575372038,empleo,sin pandemia,E0,1.2382586594248086,-0.4691482637778478,0.2277915054583,0.9802792662481247,0.0
3334,-1.1180764065528561,1.3033874167891788,"Fabricación de equipo de aire acondicionado, calefacción, y de refrigeración industrial y comercial",0.8482017522901368,empleo,sin pandemia,E0,0.8412902713030734,-0.46314111713131195,0.2277915054583,0.9789828260200384,0.0
3335,-0.36842264345220266,-1.4345747454688944,Fabricación de maquinaria y equipo para la industria metalmecánica,0.6052735791408839,empleo,sin pandemia,E0,1.2052588696246473,-0.3833244142631585,0.2277915054583,0.95379176154286,0.0
3336,0.10376090535896387,0.557049136273976,"Fabricación de motores de combustión interna, turbinas y transmisiones",0.8385248456652771,empleo,sin pandemia,E0,0.6885675353127182,-0.45996166383552334,0.2277915054583,0.9782679348217626,0.0
3339,-1.8693859634239745,0.11318027129886782,Fabricación de otra maquinaria y equipo para la industria en general,0.6417221502759753,empleo,sin pandemia,E0,0.6686729813889492,-0.39529999014859096,0.2277915054583,0.958661362268514,0.0
3341,1.2300968542076955,0.5464386822361044,Fabricación de computadoras y equipo periférico,0.7847307234340066,empleo,sin pandemia,E0,0.9636156884514927,-0.44228701780939755,0.2277915054583,0.9739090982054807,0.0
3342,4.315417583943335,0.6068029137244487,Fabricación de equipo de comunicación,0.895054776922478,empleo,sin pandemia,E0,2.083359587525309,-0.47853518977868764,0.2277915054583,0.9821689623335321,0.0
3344,-0.32856174128591537,-0.4588463799762724,Fabricación de componentes electrónicos,0.4744887481943934,empleo,sin pandemia,E0,0.8333178372987218,-0.3403536305290537,0.2277915054583,0.9324311903467448,0.0
3345,-0.3459170118382493,-0.5495571413367524,"Fabricación de instrumentos de medición, control, navegación, y equipo médico electrónico",0.9203173609236356,empleo,sin pandemia,E0,0.6008429981940528,-0.48683548749534367,0.2277915054583,0.9837090435424853,0.0
3346,1.035192579484966,0.4745828306754523,Fabricación y reproducción de medios magnéticos y ópticos,0.6054992436078728,empleo,sin pandemia,E0,1.6403772663387173,-0.38339855878693296,0.2277915054583,0.9538232696075735,0.0
3351,-0.6741052335862449,1.053456957721993,Fabricación de accesorios de iluminación,0.831395116765869,empleo,sin pandemia,E0,0.8274704342169741,-0.45761911358407553,0.2277915054583,0.9777281691268516,0.0
3352,0.745087306857634,0.20266388341707847,Fabricación de aparatos eléctricos de uso doméstico,0.3900028883753999,empleo,sin pandemia,E0,0.6834814415520709,-0.3125948791157708,0.2277915054583,0.9150126422419691,0.0
3353,0.014811382939611782,0.27166659769089935,Fabricación de equipo de generación y distribución de energía eléctrica,0.8989208694711824,empleo,sin pandemia,E0,0.5344581970833169,-0.47980543668426634,0.2277915054583,0.9824124096080739,0.0
3359,0.7457493197761551,0.3208104341261146,Fabricación de otros equipos y accesorios eléctricos,0.7464127593691879,empleo,sin pandemia,E0,0.747477468576001,-0.42969723247233355,0.2277915054583,0.970376903014855,0.0
3361,-1.110527822554471,-0.19470289236428032,Fabricación de automóviles y camiones,0.6801529750236635,empleo,sin pandemia,E0,0.6843090330383345,-0.40792685709489485,0.2277915054583,0.9633365374199101,0.0
3362,-2.162296319279186,-0.5699134161126794,Fabricación de carrocerías y remolques,0.4826387565231524,empleo,sin pandemia,E0,1.2380584671217714,-0.34303140472344434,0.2277915054583,0.933953676268921,0.0
3363,-1.4122841681755813,-0.5030228388981801,Fabricación de partes para vehículos automotores,0.5296068171162411,empleo,sin pandemia,E0,0.5675173202595366,-0.3584632736913501,0.2277915054583,0.9422153856033408,0.0
3364,-0.6735861970526626,-0.8165744836236728,Fabricación de equipo aeroespacial,0.9896704181454756,empleo,sin pandemia,E0,0.8296246159638094,-0.5096221914396106,0.2277915054583,0.9873643731323668,0.0
3365,-2.988887525483685,-0.447907166420425,Fabricación de equipo ferroviario,0.8018618332294466,empleo,sin pandemia,E0,2.6763779695623877,-0.44791563092008957,0.2277915054583,0.9753703461950721,0.0
3366,-2.979682030529598,0.7691062688097061,Fabricación de embarcaciones,0.5822911532336551,empleo,sin pandemia,E0,4.170154678259576,-0.3757732873763663,0.2277915054583,0.9504913949457322,0.0
3369,-1.2527350003031346,-2.495640512884346,Fabricación de otro equipo de transporte,0.6740711386128929,empleo,sin pandemia,E0,1.5239791220630905,-0.4059286033584172,0.2277915054583,0.9626268662274505,0.0
3371,0.22186928429994537,-0.01699282569561515,"Fabricación de muebles, excepto de oficina y estantería",0.3642278188643361,empleo,sin pandemia,E0,1.0137914234224863,-0.3041261986910157,0.2277915054583,0.9090794542955232,0.0
3372,-1.4902332466148835,-0.341338130136769,Fabricación de muebles de oficina y estantería,0.2214380514733216,empleo,sin pandemia,E0,0.6564818701468779,-0.25721106205324445,0.2277915054583,0.870582981645653,0.0
3379,0.47107771478260857,-0.5396847847032943,"Fabricación de colchones, persianas y cortineros",0.3523025337449802,empleo,sin pandemia,E0,0.7103308180883462,-0.30020801609963366,0.2277915054583,0.9062326063752921,0.0
3391,-0.5923576949950532,0.3950321350334364,"Fabricación de equipo no electrónico y material desechable de uso médico, dental y para laboratorio, y artículos oftálmicos",0.7835186733412709,empleo,sin pandemia,E0,0.4466843853186235,-0.4418887855218079,0.2277915054583,0.9738030224588958,0.0
3399,0.636468580870607,-0.16718902659892196,Otras industrias manufactureras,0.618987370047973,empleo,sin pandemia,E0,0.6622174986468599,-0.3878302299527805,0.2277915054583,0.9556754061242934,0.0
3111,-3.0266120768206046,3.854908683307881,Elaboración de alimentos para animales,0.02886946578166,exportaciones,completa,T1,3.3101611530910113,-4.256114647137316,2.59886618884205,0.949255906796407,2.10284943913071
3112,-2.734119845226589,0.18055540941544693,Molienda de granos y de semillas y obtención de aceites y grasas,0.0609807080676099,exportaciones,completa,T1,2.7036561955571523,-3.6972434136487187,2.4357477166848325,0.9354813312951871,2.10284943913071
3113,-0.38552353413183127,9.374249603529444,"Elaboración de azúcares, chocolates, dulces y similares",0.2016423568218791,exportaciones,completa,T1,3.2433882905679283,-3.033858608068069,2.5854669982514547,0.8796878339046795,2.10284943913071
3114,-4.15207446265502,2.776304994856418,"Conservación de frutas, verduras, guisos y otros alimentos preparados",0.3156513149608729,exportaciones,completa,T1,2.704390442105617,-4.3912525050869355,2.4360183418183894,0.9642772404978793,2.10284943913071
3115,-3.0639310894875567,2.891745573543199,Elaboración de productos lácteos,0.0498313429839448,exportaciones,completa,T1,3.327064032054882,-4.2635814821191484,2.602125685089345,0.9493412247861647,2.10284943913071
3116,3.4095165831639234,1.4166246876972348,"Matanza, empacado y procesamiento de carne de ganado, aves y otros animales comestibles",0.044361709007407,exportaciones,completa,T1,3.537374142992951,-2.12928198918427,2.638720683071776,0.7901486793396489,2.10284943913071
3117,-1.706084493049216,2.219501537481913,Preparación y envasado de pescados y mariscos,0.7478643561015712,exportaciones,completa,T1,3.932112133968342,-3.5188025962110605,2.6918075043884095,0.904432132122446,2.10284943913071
3118,-1.7125714351121064,3.752847416437616,Elaboración de productos de panadería y tortillas,0.043199849411286,exportaciones,completa,T1,2.7887238881576546,-3.2267637997576335,2.465596940640591,0.9046845524765792,2.10284943913071
3119,-3.3639691044468734,2.206474601031994,Otras industrias alimentarias,0.1089707298904361,exportaciones,completa,T1,2.771808800061798,-4.079482552059366,2.459894798109106,0.9513813354760385,2.10284943913071
3121,-5.743600658914621,3.1889498468572426,Industria de las bebidas,0.2419442465750293,exportaciones,completa,T1,2.3836466667587164,-5.4905032631354205,2.2904992333474623,0.9917367771022791,2.10284943913071
3122,-2.8883773935592765,9.91749279285294,Industria del tabaco,0.1071479040489181,exportaciones,completa,T1,4.219021775927334,-4.451685050882223,2.721202021223938,0.9490724587995237,2.10284943913071
3131,-7.061348433160791,1.811252779589639,"Preparación e hilado de fibras textiles, y fabricación de hilos",0.2001267979454507,exportaciones,completa,T1,3.403573014304023,-5.6675174803967865,2.616254438350966,0.9848547776749309,2.10284943913071
3132,-12.188825833168664,1.995713489718217,Fabricación de telas,0.1336042055792961,exportaciones,completa,T1,2.9181902648117006,-8.542645231613903,2.505812376754452,0.9996741503450715,2.10284943913071
3133,-7.26724139268759,1.5350458555971904,Acabado de productos textiles y fabricación de telas recubiertas,0.3062290364360683,exportaciones,completa,T1,2.926057733677369,-5.985718137971305,2.5080755846819933,0.9914970014334188,2.10284943913071
3141,-6.624316273357754,3.9425815625827565,"Confección de alfombras, blancos y similares",0.5072465584471345,exportaciones,completa,T1,2.7615344165755036,-5.674600794895741,2.456376503749785,0.9895601039099818,2.10284943913071
3149,0.11915617268756523,3.5623941898132063,"Fabricación de otros productos textiles, excepto prendas de vestir",0.3944218335152466,exportaciones,completa,T1,3.9716190717178765,-3.3257419965105672,2.6962455539524846,0.8913000447475443,2.10284943913071
3151,-10.299215954534773,2.2149283693420885,Fabricación de prendas de vestir de tejido de punto,0.3365154443339868,exportaciones,completa,T1,4.654912276748596,-5.817794538854871,2.75571533172206,0.9826213203020231,2.10284943913071
3152,-7.265724386882863,4.176200255793486,Confección de prendas de vestir,0.4259861529321015,exportaciones,completa,T1,2.6835606597951274,-6.15428795571326,2.4282480908514548,0.9943688965970467,2.10284943913071
3159,-1.6713963803175813,2.22471631711549,Confección de accesorios de vestir y otras prendas de vestir no clasificados en otra parte,0.6664841032423205,exportaciones,completa,T1,3.0091748616763425,-3.0736620863890045,2.5308535482627987,0.8877170853370597,2.10284943913071
3161,-8.336942197240091,2.34368007670666,Curtido y acabado de cuero y piel,0.262669438610518,exportaciones,completa,T1,2.911022555091333,-6.558417278256605,2.50373354473893,0.9955964800422502,2.10284943913071
3162,-9.717940673667028,2.4268365252649113,Fabricación de calzado,0.1604241815757467,exportaciones,completa,T1,3.1686395194365273,-6.944470117976219,2.56940642516408,0.9965616053905197,2.10284943913071
3169,-2.8417089990055393,6.018562742364374,"Fabricación de otros productos de cuero, piel y materiales sucedáneos",0.6136094363212712,exportaciones,completa,T1,3.869234234852332,-3.9331059005668196,2.6844544453004846,0.9285588565205983,2.10284943913071
3211,-9.031625161454683,5.178821231246056,Aserrado y conservación de la madera,0.0034917286527276,exportaciones,completa,T1,5.180793866162784,-5.71679968481295,2.786167967945818,0.9799078952234224,2.10284943913071
3212,-6.649856468762956,-0.5438893735082311,Fabricación de laminados y aglutinados de madera,0.0775332943220637,exportaciones,completa,T1,4.23186368323439,-5.3907075931730075,2.7223767535245824,0.9761565229189617,2.10284943913071
3219,-4.744783479334652,1.6138659256042136,Fabricación de otros productos de madera,0.1827036170504173,exportaciones,completa,T1,2.9784954987067636,-4.80917703558733,2.522679789613507,0.9716993011851197,2.10284943913071
3221,-0.9940192784682343,1.986904395674424,"Fabricación de pulpa, papel y cartón",0.0619018679380005,exportaciones,completa,T1,4.260835824218882,-4.048337043537516,2.7249873204791424,0.9313121785227305,2.10284943913071
3222,-3.048342911288958,1.8411927597732383,Fabricación de productos de cartón y papel,0.1574973850413846,exportaciones,completa,T1,2.428826620214681,-3.5915249813793864,2.3148917862907266,0.9396075140544027,2.10284943913071
3231,-3.0182703326485325,0.2052773409512928,Impresión e industrias conexas,0.1024504665734745,exportaciones,completa,T1,2.738142093957498,-3.8676443260851077,2.4482076005608215,0.942922069522623,2.10284943913071
3241,-3.500760931784494,-2.2153322679822987,Fabricación de productos derivados del petróleo y del carbón,0.0588949583065286,exportaciones,completa,T1,5.041995575374376,-4.7511548579982,2.779060195335481,0.9563325157294297,2.10284943913071
3251,-3.470596161247571,1.0375605143616085,Fabricación de productos químicos básicos,0.135778270214786,exportaciones,completa,T1,2.675444676425027,-4.068593794811279,2.425167579099834,0.9532927364693855,2.10284943913071
3252,-7.660953079182669,3.657223281013206,"Fabricación de resinas y hules sintéticos, y fibras químicas",0.3119319594154858,exportaciones,completa,T1,3.358512217985441,-5.837381626091124,2.6080545722288853,0.9873964155715578,2.10284943913071
3253,-13.185082929578556,6.337015724735648,"Fabricación de fertilizantes, pesticidas y otros agroquímicos",0.1679807884786191,exportaciones,completa,T1,5.286514235993167,-6.181640857104207,2.7912058149627113,0.9866091436671272,2.10284943913071
3254,-3.479899950084927,3.9784706890690815,Fabricación de productos farmacéuticos,0.1290966945098601,exportaciones,completa,T1,3.4227399572158084,-4.398868329552985,2.619640954604682,0.9534422457390069,2.10284943913071
3255,-5.458177912852912,1.7241766518985797,"Fabricación de pinturas, recubrimientos y adhesivos",0.0704773870608603,exportaciones,completa,T1,2.4677350496058934,-5.312986443440488,2.334723588273479,0.9885661668247563,2.10284943913071
3256,-2.284466076078058,0.7830389352657406,"Fabricación de jabones, limpiadores y preparaciones de tocador",0.2434658656862863,exportaciones,completa,T1,2.451478929292693,-3.053983932951907,2.3265643373112623,0.9053509385293088,2.10284943913071
3259,-4.263248902464619,1.1170959850538837,Fabricación de otros productos químicos,0.3514735701280596,exportaciones,completa,T1,2.9712389574175,-4.477038605613528,2.5207073301496083,0.9621421191031083,2.10284943913071
3261,-3.143715345771266,1.7983826009653887,Fabricación de productos de plástico,0.2303591490643638,exportaciones,completa,T1,2.2386574915993447,-3.4395821925217485,2.200666802727116,0.9409704950046102,2.10284943913071
3262,-8.501990107520188,3.700241212089037,Fabricación de productos de hule,0.4171737487232005,exportaciones,completa,T1,2.9392782663915438,-6.516855134907517,2.511835521756556,0.9952630090888065,2.10284943913071
3271,-8.378946007008128,3.9466329165932774,Fabricación de productos a base de arcillas y minerales refractarios,0.3488287256548686,exportaciones,completa,T1,2.359170135359721,-7.438747072319997,2.2766277255653695,0.9994573778317788,2.10284943913071
3272,-5.890550716221836,1.91797856117125,Fabricación de vidrio y productos de vidrio,0.272472982882299,exportaciones,completa,T1,2.1926981679035937,-5.727733244121807,2.1678578454398214,0.9958805159188939,2.10284943913071
3273,-2.9719268147176936,1.6322869366541297,Fabricación de cemento y productos de concreto,0.0343074151008847,exportaciones,completa,T1,2.732774318679208,-3.8713084304656715,2.4463013612327793,0.943233966775121,2.10284943913071
3274,-6.32607444553136,0.16297311777195292,"Fabricación de cal, yeso y productos de yeso",0.1199075903205221,exportaciones,completa,T1,2.7447267974670435,-5.716329812353056,2.4505296747345717,0.9901678294271671,2.10284943913071
3279,-4.8679996960059455,2.4543006659414672,Fabricación de otros productos a base de minerales no metálicos,0.2243733059375072,exportaciones,completa,T1,2.5142687454373545,-4.851987112420442,2.3571275027595,0.9802256675129186,2.10284943913071
3311,-7.355339309387837,1.6785638127763787,Industria básica del hierro y del acero,0.279574215702268,exportaciones,completa,T1,4.361868117179072,-5.350028060009434,2.7336796541306434,0.9748309313524304,2.10284943913071
3312,-7.435541920341359,2.098038075267317,Fabricación de productos de hierro y acero,0.0669975578374552,exportaciones,completa,T1,5.787007557381528,-5.318772205860014,2.811389968471896,0.9707455605121663,2.10284943913071
3313,-10.431778293108692,1.1968636067747624,Industria básica del aluminio,0.2650002880058719,exportaciones,completa,T1,3.7081302548044923,-6.5469195223938375,2.663829319307872,0.9930086951179762,2.10284943913071
3314,0.6055461567279588,-0.8242495413039573,"Industrias de metales no ferrosos, excepto aluminio",0.4934732886739018,exportaciones,completa,T1,3.591207262026302,-2.8058427968910706,2.64703640744092,0.8554263430093243,2.10284943913071
3315,-7.014564671966081,1.0653549477308064,Moldeo por fundición de piezas metálicas,0.0974402319506194,exportaciones,completa,T1,4.034816621764135,-5.510243638270315,2.703069313001173,0.9792507034840527,2.10284943913071
3321,-4.142591695904956,-3.0077732216711786,Fabricación de productos metálicos forjados y troquelados,0.4526204884780047,exportaciones,completa,T1,2.795194640932645,-4.334036944489634,2.4677491168676364,0.9604789521589288,2.10284943913071
3322,-1.176311031004549,1.2462422247408598,Fabricación de herramientas de mano sin motor y utensilios de cocina metálicos,0.4783144421423179,exportaciones,completa,T1,2.5747869029580026,-2.40906140754317,2.3843053541618,0.8438440663111503,2.10284943913071
3323,-3.382721250809908,2.151728647255319,Fabricación de estructuras metálicas y productos de herrería,0.2249299265714363,exportaciones,completa,T1,2.554682763973561,-3.897417697105513,2.3755098876578287,0.9495665902220212,2.10284943913071
3324,-1.539819986470203,4.428150923389084,"Fabricación de calderas, tanques y envases metálicos",0.2575554192946691,exportaciones,completa,T1,3.040101185017522,-3.2896886602289586,2.5388310269678556,0.9024690739029928,2.10284943913071
3325,-4.87908332568251,3.2013994340855034,Fabricación de herrajes y cerraduras,0.8134327973740351,exportaciones,completa,T1,3.0003993308726207,-4.492585177056185,2.5285424684006697,0.9621952227568649,2.10284943913071
3326,-5.707579984311004,3.1757953584429357,"Fabricación de alambre, productos de alambre y resortes",0.3138914060002775,exportaciones,completa,T1,2.5255592562412654,-5.367256011160213,2.3623601149991007,0.9884564102819582,2.10284943913071
3327,-2.905289841532987,4.586239119348597,Maquinado de piezas y fabricación de tornillos,0.1233232283296124,exportaciones,completa,T1,2.831691986489049,-3.8646775866139347,2.4795954680514067,0.9404535076534545,2.10284943913071
3328,-16.447334977564434,2.849892215298295,Recubrimientos y terminados metálicos,0.1588822707072484,exportaciones,completa,T1,8.30695257937885,-5.631989240657653,2.8635044114818484,0.9753978457110443,2.10284943913071
3329,-3.328694447311701,2.7999386191436897,Fabricación de otros productos metálicos,0.6293046757254936,exportaciones,completa,T1,2.4755181491131766,-3.6565704445892866,2.338567628647347,0.9410435342087232,2.10284943913071
3331,-7.53883823467927,-0.5913845421881024,"Fabricación de maquinaria y equipo agropecuario, para la construcción y para la industria extractiva",0.519899184727109,exportaciones,completa,T1,3.2317071128076655,-5.733224605791707,2.583033591750209,0.9867760243842703,2.10284943913071
3332,-1.1296652249172403,0.16474172217856203,"Fabricación de maquinaria y equipo para las industrias manufactureras, excepto la metalmecánica",0.6992566972513394,exportaciones,completa,T1,2.894120438740756,-2.6845253030306075,2.498766565483366,0.8586648769202534,2.10284943913071
3333,-0.6942033143935277,0.023129660341981384,Fabricación de maquinaria y equipo para el comercio y los servicios,0.8664849575372038,exportaciones,completa,T1,4.405340162503973,-3.327427823292464,2.7372335966462535,0.8879345814979456,2.10284943913071
3334,-4.186968183793693,2.4182587933266166,"Fabricación de equipo de aire acondicionado, calefacción, y de refrigeración industrial y comercial",0.8482017522901368,exportaciones,completa,T1,2.758194990608666,-4.151385907438475,2.4552239152838733,0.9545661268331862,2.10284943913071
3335,-2.058799571839702,-0.7287467143220288,Fabricación de maquinaria y equipo para la industria metalmecánica,0.6052735791408839,exportaciones,completa,T1,3.1068374207629135,-3.357853072054053,2.555201716539481,0.905597837731553,2.10284943913071
3336,-7.371100866659458,2.7868394826028675,"Fabricación de motores de combustión interna, turbinas y transmisiones",0.8385248456652771,exportaciones,completa,T1,2.9442126317053305,-5.710953674222802,2.5132251676593382,0.9884676281981248,2.10284943913071
3339,-6.350884602573371,2.230262207397999,Fabricación de otra maquinaria y equipo para la industria en general,0.6417221502759753,exportaciones,completa,T1,2.420285805904636,-5.770490195689383,2.3103964106280204,0.9937484770718099,2.10284943913071
3341,7.769631509752328,3.73644752387641,Fabricación de computadoras y equipo periférico,0.7847307234340066,exportaciones,completa,T1,7.04272104832279,-3.122063450416219,2.8443227307972303,0.8638207567744757,2.10284943913071
3342,0.7112100015998188,1.633632997206157,Fabricación de equipo de comunicación,0.895054776922478,exportaciones,completa,T1,3.0584548226187724,-1.885061826418157,2.5434455948343504,0.7706972174172061,2.10284943913071
3343,-5.570132151372461,2.775546439301579,Fabricación de equipo de audio y de video,0.9478363435009872,exportaciones,completa,T1,3.6868851962166658,-4.492774126605075,2.660899925973686,0.9543367546442144,2.10284943913071
3344,1.7180421617689727,0.21886688048394823,Fabricación de componentes electrónicos,0.4744887481943934,exportaciones,completa,T1,3.6689524652358827,-2.5344417449654264,2.6583863627545843,0.8298002003526126,2.10284943913071
3345,-3.4919911447392455,1.8779973966513719,"Fabricación de instrumentos de medición, control, navegación, y equipo médico electrónico",0.9203173609236356,exportaciones,completa,T1,2.7752771314468876,-3.7325326208920617,2.461073061748092,0.9353196997183183,2.10284943913071
3346,-0.708789642611364,-2.662834035643235,Fabricación y reproducción de medios magnéticos y ópticos,0.6054992436078728,exportaciones,completa,T1,4.303408949307787,-3.523815176859414,2.728726268335635,0.9017135619838859,2.10284943913071
3351,-2.227177371478781,3.514985772964697,Fabricación de accesorios de iluminación,0.831395116765869,exportaciones,completa,T1,2.753008124541567,-3.0688127332215522,2.4534247920546473,0.894501404385353,2.10284943913071
3352,-6.459203154339976,4.19218803499128,Fabricación de aparatos eléctricos de uso doméstico,0.3900028883753999,exportaciones,completa,T1,2.727530946384142,-5.6672914268820165,2.444427649945395,0.989787651738563,2.10284943913071
3353,-4.524282642257569,3.3349603388438176,Fabricación de equipo de generación y distribución de energía eléctrica,0.8989208694711824,exportaciones,completa,T1,2.3772269916617,-4.39849310917797,2.2869072032248985,0.9727811260622921,2.10284943913071
3359,-4.406436047893684,3.557966268536662,Fabricación de otros equipos y accesorios eléctricos,0.7464127593691879,exportaciones,completa,T1,2.258090460818494,-4.371616737700278,2.2138550510287347,0.975846774208209,2.10284943913071
3361,-11.83394056533988,9.148526550175525,Fabricación de automóviles y camiones,0.6801529750236635,exportaciones,completa,T1,4.691312141088155,-5.78863749694035,2.7581632843113484,0.9820796052341263,2.10284943913071
3362,-9.483058456101933,2.035417533416911,Fabricación de carrocerías y remolques,0.4826387565231524,exportaciones,completa,T1,3.8799353187569348,-5.947324789797614,2.685731789867028,0.986599878372198,2.10284943913071
3363,-11.412005555965116,5.235672473903287,Fabricación de partes para vehículos automotores,0.5296068171162411,exportaciones,completa,T1,3.6168584517635853,-6.754348895975606,2.650864722756151,0.9945825576692482,2.10284943913071
3364,5.454363181784056,4.963925625770333,Fabricación de equipo aeroespacial,0.9896704181454756,exportaciones,completa,T1,5.568505686171459,-2.6202499370277197,2.8032529327887534,0.8250330805628149,2.10284943913071
3365,-11.367654015678898,5.699750565967732,Fabricación de equipo ferroviario,0.8018618332294466,exportaciones,completa,T1,6.64259784935782,-4.876489644694635,2.835841684539952,0.9572466512961106,2.10284943913071
3366,1.8515051252007906,-9.825724150491048,Fabricación de embarcaciones,0.5822911532336551,exportaciones,completa,T1,8.310369867853327,-4.0123319949401015,2.863544671356653,0.9194193759224901,2.10284943913071
3369,-7.8597081086343845,3.1974019189024734,Fabricación de otro equipo de transporte,0.6740711386128929,exportaciones,completa,T1,4.509345146383366,-5.06546422809146,2.745315565737782,0.9674906880686206,2.10284943913071
3371,-9.489345982272999,2.3585634580197046,"Fabricación de muebles, excepto de oficina y estantería",0.3642278188643361,exportaciones,completa,T1,2.6704355203405554,-7.510070320889362,2.423251196034364,0.999029685771365,2.10284943913071
3372,-2.9869471665425653,2.725990492666082,Fabricación de muebles de oficina y estantería,0.2214380514733216,exportaciones,completa,T1,2.806204844251635,-3.837833500673202,2.4713747180258525,0.9397782124232215,2.10284943913071
3379,-7.116189441160661,-0.03316706543244121,"Fabricación de colchones, persianas y cortineros",0.3523025337449802,exportaciones,completa,T1,4.498724900277326,-5.198478123310065,2.7445163683066496,0.9708962990215055,2.10284943913071
3391,-2.2388766860323353,3.8493343034244636,"Fabricación de equipo no electrónico y material desechable de uso médico, dental y para laboratorio, y artículos oftálmicos",0.7835186733412709,exportaciones,completa,T1,2.585394946198376,-2.962279127304324,2.3888567564550938,0.892519792743774,2.10284943913071
3399,-7.100588280947076,4.009098806439701,Otras industrias manufactureras,0.618987370047973,exportaciones,completa,T1,2.6580949616906517,-5.995276971060145,2.4184801104583786,0.9934114019747111,2.10284943913071
3111,-5.129770669925359,6.013338416252488,Elaboración de alimentos para animales,0.02886946578166,exportaciones,sin pandemia,T0,3.9233528519136054,-3.692832969927555,2.4208158413678484,0.9364265235714685,1.1944581389585447
3112,-3.592200666517442,0.16027444427519622,Molienda de granos y de semillas y obtención de aceites y grasas,0.0609807080676099,exportaciones,sin pandemia,T0,2.5587457440054737,-3.502482291025135,2.328857164563915,0.9337027443139887,1.1944581389585447
3113,2.566911720751131,10.89835767910939,"Elaboración de azúcares, chocolates, dulces y similares",0.2016423568218791,exportaciones,sin pandemia,T0,3.7951482726939147,-2.421069501364315,2.417782020230508,0.8416735322777238,1.1944581389585447
3114,-3.084788049347802,4.313790371175797,"Conservación de frutas, verduras, guisos y otros alimentos preparados",0.3156513149608729,exportaciones,sin pandemia,T0,3.0451033434248416,-2.952578274746786,2.3860412459798637,0.8920377537322526,1.1944581389585447
3115,-6.8381410063303045,1.1715893969750923,Elaboración de productos lácteos,0.0498313429839448,exportaciones,sin pandemia,T0,3.4967237306036894,-3.9920992663177888,2.40875523533025,0.9512734845619967,1.1944581389585447
3116,5.594763403873902,0.7143943451440112,"Matanza, empacado y procesamiento de carne de ganado, aves y otros animales comestibles",0.044361709007407,exportaciones,sin pandemia,T0,3.6767056556981883,-2.22062901661329,2.414572968997906,0.8211294063670289,1.1944581389585447
3117,2.353056632234611,0.9701426706819569,Preparación y envasado de pescados y mariscos,0.7478643561015712,exportaciones,sin pandemia,T0,5.402720774393428,-1.7820744905436254,2.438994288693187,0.767506438368439,1.1944581389585447
3118,-1.9454616081721054,4.273821001166173,Elaboración de productos de panadería y tortillas,0.043199849411286,exportaciones,sin pandemia,T0,2.6646103887147676,-2.9182079841776813,2.3470285765068915,0.8931329109970556,1.1944581389585447
3119,-4.755229495861835,2.468218817948887,Otras industrias alimentarias,0.1089707298904361,exportaciones,sin pandemia,T0,2.7512643664307492,-3.7978958352479077,2.3587890632937674,0.9463124289788067,1.1944581389585447
3121,-3.772039110638366,2.6315685182389315,Industria de las bebidas,0.2419442465750293,exportaciones,sin pandemia,T0,2.6714193719769725,-3.318914144492756,2.3480408381055513,0.92124301771603,1.1944581389585447
3122,4.528443797383661,4.3692201454746105,Industria del tabaco,0.1071479040489181,exportaciones,sin pandemia,T0,5.281526468783547,-2.887441412270328,2.438153981760922,0.8818476136678526,1.1944581389585447
3131,-1.710162552856665,3.4415114158009183,"Preparación e hilado de fibras textiles, y fabricación de hilos",0.2001267979454507,exportaciones,sin pandemia,T0,3.944950281201075,-2.984318731467286,2.4212877386552147,0.891125106699965,1.1944581389585447
3132,-10.19088586287071,2.1667851595665897,Fabricación de telas,0.1336042055792961,exportaciones,sin pandemia,T0,3.2955315342752223,-4.568502754779551,2.4004442051775485,0.9714921578544832,1.1944581389585447
3133,-3.427392954755541,-0.056331064851671865,Acabado de productos textiles y fabricación de telas recubiertas,0.3062290364360683,exportaciones,sin pandemia,T0,3.5996283156749045,-3.003911466656795,2.412236092282754,0.8934857380277856,1.1944581389585447
3141,-0.6762264341647161,3.26107635689994,"Confección de alfombras, blancos y similares",0.5072465584471345,exportaciones,sin pandemia,T0,2.9108459548554855,-2.021864007280541,2.3754653230117864,0.8026554280588203,1.1944581389585447
3149,-0.8025470842673385,3.946953737159456,"Fabricación de otros productos textiles, excepto prendas de vestir",0.3944218335152466,exportaciones,sin pandemia,T0,3.498103557680133,-2.4434076527968775,2.408804934916712,0.8447957139290188,1.1944581389585447
3151,-0.6780634299871962,1.9852279649226823,Fabricación de prendas de vestir de tejido de punto,0.3365154443339868,exportaciones,sin pandemia,T0,5.345204028693859,-2.7461453388559067,2.438603841228818,0.8699413146018259,1.1944581389585447
3152,-3.3702387631095356,2.3624349919707037,Confección de prendas de vestir,0.4259861529321015,exportaciones,sin pandemia,T0,3.2208937633647,-2.8207385557158395,2.396715704822303,0.880385939998213,1.1944581389585447
3159,1.065300181879799,0.5555714704196181,Confección de accesorios de vestir y otras prendas de vestir no clasificados en otra parte,0.6664841032423205,exportaciones,sin pandemia,T0,3.4077608551870875,-1.639353608983032,2.405356034053053,0.7522360214726566,1.1944581389585447
3161,-3.2208185667078046,2.3131284643637127,Curtido y acabado de cuero y piel,0.262669438610518,exportaciones,sin pandemia,T0,3.3070464176462,-3.05799407030785,2.4009843278456646,0.89860480951992,1.1944581389585447
3162,-4.172598265705878,-1.464706767625777,Fabricación de calzado,0.1604241815757467,exportaciones,sin pandemia,T0,3.3683941788704224,-3.3961384355733735,2.403718974865966,0.9211527800612767,1.1944581389585447
3169,1.7657636522715132,3.1041490645916276,"Fabricación de otros productos de cuero, piel y materiales sucedáneos",0.6136094363212712,exportaciones,sin pandemia,T0,5.26300925098786,-2.06209203870561,2.4380195450399964,0.8011695659733065,1.1944581389585447
3211,-2.648081647472404,8.773014378758228,Aserrado y conservación de la madera,0.0034917286527276,exportaciones,sin pandemia,T0,5.910922013291636,-3.5144035267767535,2.4418958232271737,0.9249546365692213,1.1944581389585447
3212,-1.5762581892199077,-0.7515792946015589,Fabricación de laminados y aglutinados de madera,0.0775332943220637,exportaciones,sin pandemia,T0,5.244940550942449,-3.2955702375526044,2.437886743721012,0.9117826407732259,1.1944581389585447
3219,-1.5375736260191102,2.0918838015009924,Fabricación de otros productos de madera,0.1827036170504173,exportaciones,sin pandemia,T0,2.8503826313982024,-2.7110153990985024,2.3697704609454036,0.87368800577778,1.1944581389585447
3221,-3.956927851379742,2.6663411210242978,"Fabricación de pulpa, papel y cartón",0.0619018679380005,exportaciones,sin pandemia,T0,5.093701965782843,-3.4675497954629035,2.436708551738469,0.9226386751298747,1.1944581389585447
3222,-3.160242866415472,2.1978014130368106,Fabricación de productos de cartón y papel,0.1574973850413846,exportaciones,sin pandemia,T0,2.534732493864099,-3.203850456270535,2.323979017936723,0.9159918033605191,1.1944581389585447
3231,-0.7178532701025108,-1.4988420523837,Impresión e industrias conexas,0.1024504665734745,exportaciones,sin pandemia,T0,3.201111863195833,-2.8201620674480474,2.395656316299778,0.8804417768791586,1.1944581389585447
3241,-1.5283313056899546,-2.4068119462108606,Fabricación de productos derivados del petróleo y del carbón,0.0588949583065286,exportaciones,sin pandemia,T0,6.6057201772454635,-3.3735894656560466,2.444714326199624,0.9161993534301796,1.1944581389585447
3251,-1.7160105594097825,1.651990857322737,Fabricación de productos químicos básicos,0.135778270214786,exportaciones,sin pandemia,T0,3.0386352735298052,-2.913823316855673,2.385587063212345,0.889038032636847,1.1944581389585447
3252,-6.484054436080072,5.0401557608387435,"Fabricación de resinas y hules sintéticos, y fibras químicas",0.3119319594154858,exportaciones,sin pandemia,T0,4.140662549344133,-3.283830335068704,2.4251275143885094,0.9121454710160024,1.1944581389585447
3253,-7.055405226857436,5.585290521540824,"Fabricación de fertilizantes, pesticidas y otros agroquímicos",0.1679807884786191,exportaciones,sin pandemia,T0,6.767479199654247,-3.344854364661494,2.4452364429347067,0.9143292981224499,1.1944581389585447
3254,-5.092577681083897,3.338899838383086,Fabricación de productos farmacéuticos,0.1290966945098601,exportaciones,sin pandemia,T0,3.291014113384711,-3.6311040588828813,2.4002298695577484,0.934836687565217,1.1944581389585447
3255,-1.0038972413594711,0.20811901367254731,"Fabricación de pinturas, recubrimientos y adhesivos",0.0704773870608603,exportaciones,sin pandemia,T0,2.8942637468909256,-2.7554612087584682,2.3739691633411852,0.8771176278704649,1.1944581389585447
3256,-2.728224605231951,0.6057639169932316,"Fabricación de jabones, limpiadores y preparaciones de tocador",0.2434658656862863,exportaciones,sin pandemia,T0,2.344235964715265,-2.856481732367788,2.2694234851640585,0.8959273318415153,1.1944581389585447
3259,-5.0059775536567654,0.8342742822322894,Fabricación de otros productos químicos,0.3514735701280596,exportaciones,sin pandemia,T0,3.1343711596931776,-3.303409821177752,2.3918348603747126,0.9163788931132433,1.1944581389585447
3261,-1.1647235285862825,1.344212181750964,Fabricación de productos de plástico,0.2303591490643638,exportaciones,sin pandemia,T0,2.4199723377233484,-2.0651290255802195,2.295253588391093,0.8158704016897114,1.1944581389585447
3262,-1.696585007969438,1.3561440804201488,Fabricación de productos de hule,0.4171737487232005,exportaciones,sin pandemia,T0,2.5589437092285756,-2.277580364216402,2.3288960534646757,0.835954345577079,1.1944581389585447
3271,-7.394209673680545,4.813031340824399,Fabricación de productos a base de arcillas y minerales refractarios,0.3488287256548686,exportaciones,sin pandemia,T0,2.612255081621891,-4.622336893084843,2.3386555564484013,0.9759505295691611,1.1944581389585447
3272,-4.3981589168037205,2.0118473271094275,Fabricación de vidrio y productos de vidrio,0.272472982882299,exportaciones,sin pandemia,T0,2.4720660083974373,-3.6796344087142234,2.309547893360739,0.9444453787267432,1.1944581389585447
3273,-1.7404714864430813,0.8894313322667574,Fabricación de cemento y productos de concreto,0.0343074151008847,exportaciones,sin pandemia,T0,2.6366675350485997,-2.8304418406261904,2.342695074255436,0.8865146363858547,1.1944581389585447
3274,-4.9617885370869885,-0.24051159269094027,"Fabricación de cal, yeso y productos de yeso",0.1199075903205221,exportaciones,sin pandemia,T0,3.320538911508637,-3.614509013908316,2.401606074609371,0.9338428790051919,1.1944581389585447
3279,-2.9868549025365945,2.34327881218605,Fabricación de otros productos a base de minerales no metálicos,0.2243733059375072,exportaciones,sin pandemia,T0,2.960488548021166,-3.0712820346424716,2.3796762903128377,0.9015840268404856,1.1944581389585447
3311,-5.616905903267583,4.614801439823505,Industria básica del hierro y del acero,0.279574215702268,exportaciones,sin pandemia,T0,3.990650883918527,-3.280813794646093,2.4222524750945467,0.9122031730016555,1.1944581389585447
3312,-9.019068339098062,2.686445849389021,Fabricación de productos de hierro y acero,0.0669975578374552,exportaciones,sin pandemia,T0,5.905253164169247,-3.676159505658424,2.441868096052162,0.9338983759876781,1.1944581389585447
3313,-8.089621255793311,3.9149205804808935,Industria básica del aluminio,0.2650002880058719,exportaciones,sin pandemia,T0,3.287348736445493,-3.964749747605912,2.4000549365477624,0.9507267358426393,1.1944581389585447
3314,4.751239265083123,-1.0566386111178596,"Industrias de metales no ferrosos, excepto aluminio",0.4934732886739018,exportaciones,sin pandemia,T0,4.582240951474396,-1.9618338461456724,2.431610417678337,0.7901103917779014,1.1944581389585447
3315,-10.898761799313785,2.181545462654583,Moldeo por fundición de piezas metálicas,0.0974402319506194,exportaciones,sin pandemia,T0,4.336803108090262,-4.049450459367196,2.428320077828271,0.9523017622473343,1.1944581389585447
3321,-5.170980773978172,-3.400123913328142,Fabricación de productos metálicos forjados y troquelados,0.4526204884780047,exportaciones,sin pandemia,T0,3.2283045501094167,-3.1302270795665716,2.397104527715561,0.9041959526524292,1.1944581389585447
3322,0.36392086437937887,2.5862926427803625,Fabricación de herramientas de mano sin motor y utensilios de cocina metálicos,0.4783144421423179,exportaciones,sin pandemia,T0,2.9260723920844565,-1.7984451508784662,2.37679842830937,0.7753753320063531,1.1944581389585447
3323,-2.3592514555398143,2.2289275750275195,Fabricación de estructuras metálicas y productos de herrería,0.2249299265714363,exportaciones,sin pandemia,T0,3.153571321943782,-2.9431868850816167,2.3929752963376023,0.8906379319731501,1.1944581389585447
3324,-3.478161657621088,3.7451780344101544,"Fabricación de calderas, tanques y envases metálicos",0.2575554192946691,exportaciones,sin pandemia,T0,3.0394099862236557,-3.136859473486906,2.385641727041068,0.905726775950976,1.1944581389585447
3325,-1.2217199728539736,1.8243300168057308,Fabricación de herrajes y cerraduras,0.8134327973740351,exportaciones,sin pandemia,T0,2.911838846376477,-1.7080600176453609,2.3755534219731214,0.7639343523722255,1.1944581389585447
3326,-1.9821440624820472,1.4090877182806818,"Fabricación de alambre, productos de alambre y resortes",0.3138914060002775,exportaciones,sin pandemia,T0,2.884845059328327,-2.657110882162253,2.3730979568024173,0.8685749750792413,1.1944581389585447
3327,-1.590593254683323,4.9345814825301,Maquinado de piezas y fabricación de tornillos,0.1233232283296124,exportaciones,sin pandemia,T0,3.0631357043286926,-2.913645107011835,2.387281514721307,0.8888597675021327,1.1944581389585447
3328,-11.447283159921549,2.657420542140586,Recubrimientos y terminados metálicos,0.1588822707072484,exportaciones,sin pandemia,T0,8.43998087799475,-3.407246693744131,2.448882926876203,0.9179399342820702,1.1944581389585447
3329,-1.6504705074980413,2.7420254060313747,Fabricación de otros productos metálicos,0.6293046757254936,exportaciones,sin pandemia,T0,2.4385915654443036,-1.9494292563642457,2.3006388541315803,0.8015978994879002,1.1944581389585447
3331,-1.7463653112218112,-0.11044749354130233,"Fabricación de maquinaria y equipo agropecuario, para la construcción y para la industria extractiva",0.519899184727109,exportaciones,sin pandemia,T0,3.804966265495597,-2.3974830408460983,2.4180294469745105,0.8392799445355994,1.1944581389585447
3332,0.23995338345304842,1.1677979336521584,"Fabricación de maquinaria y equipo para las industrias manufactureras, excepto la metalmecánica",0.6992566972513394,exportaciones,sin pandemia,T0,3.2580624819572273,-1.6692484708596629,2.3986234186785693,0.7567603333957247,1.1944581389585447
3333,3.1625600227588335,0.7443074730929009,Fabricación de maquinaria y equipo para el comercio y los servicios,0.8664849575372038,exportaciones,sin pandemia,T0,5.668650639126307,-1.5343072981205341,2.4406244359144664,0.7352120639872337,1.1944581389585447
3334,-4.08746278933679,2.71146138509244,"Fabricación de equipo de aire acondicionado, calefacción, y de refrigeración industrial y comercial",0.8482017522901368,exportaciones,sin pandemia,T0,3.4024577321636995,-2.20111442813143,2.40514054251934,0.819949018013012,1.1944581389585447
3335,-6.617194868524394,2.0762415708655926,Fabricación de maquinaria y equipo para la industria metalmecánica,0.6052735791408839,exportaciones,sin pandemia,T0,4.060255046763285,-2.776703434055504,2.423639129320167,0.8740352317186258,1.1944581389585447
3336,-2.206344556583829,1.3958480975786336,"Fabricación de motores de combustión interna, turbinas y transmisiones",0.8385248456652771,exportaciones,sin pandemia,T0,2.7106461679690783,-1.9621098149220682,2.3535664299783683,0.7977679637020816,1.1944581389585447
3339,-4.933530939554199,3.1139302582143427,Fabricación de otra maquinaria y equipo para la industria en general,0.6417221502759753,exportaciones,sin pandemia,T0,2.7845928215259153,-3.0794091834765895,2.3627394018060026,0.903767496851554,1.1944581389585447
3341,8.304005546294078,3.360967409627316,Fabricación de computadoras y equipo periférico,0.7847307234340066,exportaciones,sin pandemia,T0,9.17190849347828,-1.7654194946187285,2.449855145105803,0.7644289403401754,1.1944581389585447
3342,1.6330001105472822,1.7396285354835783,Fabricación de equipo de comunicación,0.895054776922478,exportaciones,sin pandemia,T0,3.0878140229885727,-0.9670639648594642,2.388919390378607,0.6571922584079067,1.1944581389585447
3343,0.6030577433273714,-0.4703190121832682,Fabricación de equipo de audio y de video,0.9478363435009872,exportaciones,sin pandemia,T0,4.361551391873897,-1.410912092905715,2.4286841578158915,0.7193584879246216,1.1944581389585447
3344,4.504210629473559,0.9114430132956572,Fabricación de componentes electrónicos,0.4744887481943934,exportaciones,sin pandemia,T0,4.65815861996004,-2.0390688371987533,2.4324995463304497,0.7990578560981396,1.1944581389585447
3345,-3.21005672090626,2.4209864091966216,"Fabricación de instrumentos de medición, control, navegación, y equipo médico electrónico",0.9203173609236356,exportaciones,sin pandemia,T0,3.127571631334164,-2.000004190216392,2.391422584005941,0.7985136829748678,1.1944581389585447
3346,1.9573989746650633,-7.111107774702813,Fabricación y reproducción de medios magnéticos y ópticos,0.6054992436078728,exportaciones,sin pandemia,T0,6.066592432681622,-2.1339634778750805,2.442623185823687,0.8088417347181458,1.1944581389585447
3351,-0.7104437279926472,2.6018954184895398,Fabricación de accesorios de iluminación,0.831395116765869,exportaciones,sin pandemia,T0,3.1548029242732594,-1.6101467167953991,2.393047278431887,0.7494766244883616,1.1944581389585447
3352,-4.902317645766573,4.8448731268506355,Fabricación de aparatos eléctricos de uso doméstico,0.3900028883753999,exportaciones,sin pandemia,T0,3.319023075047127,-3.1489794859058104,2.4015368132906327,0.9051108350038507,1.1944581389585447
3353,-3.013873128567318,3.1890230129787387,Fabricación de equipo de generación y distribución de energía eléctrica,0.8989208694711824,exportaciones,sin pandemia,T0,2.3670056984115253,-2.476149595174675,2.2779366532518934,0.8614847432394966,1.1944581389585447
3359,-2.070248720880756,3.721206004851042,Fabricación de otros equipos y accesorios eléctricos,0.7464127593691879,exportaciones,sin pandemia,T0,2.3417561683768455,-2.0529411926605206,2.26845182223108,0.8172664065190853,1.1944581389585447
3361,-2.6149050268458756,1.937506015839387,Fabricación de automóviles y camiones,0.6801529750236635,exportaciones,sin pandemia,T0,3.282236803208432,-2.2465941050857947,2.399809419780787,0.8254033612615923,1.1944581389585447
3362,-4.4709104146943,0.14601287157569137,Fabricación de carrocerías y remolques,0.4826387565231524,exportaciones,sin pandemia,T0,4.417610554511364,-2.7343851104716355,2.429480301189267,0.8698118299438766,1.1944581389585447
3363,-3.0889723580180455,1.2578834913303822,Fabricación de partes para vehículos automotores,0.5296068171162411,exportaciones,sin pandemia,T0,2.7359769829656004,-2.6758262350947404,2.356878841705081,0.871880660031738,1.1944581389585447
3364,1.0505215015796414,1.7657436953448742,Fabricación de equipo aeroespacial,0.9896704181454756,exportaciones,sin pandemia,T0,4.704707873128823,-1.3302517791603705,2.433018659545103,0.707724585282614,1.1944581389585447
3365,-17.363580909125442,4.843652785017845,Fabricación de equipo ferroviario,0.8018618332294466,exportaciones,sin pandemia,T0,6.27977213966011,-2.5187803828484983,2.4435223149083116,0.8486824586609701,1.1944581389585447
3366,14.953248173018851,-12.202471637363118,Fabricación de embarcaciones,0.5822911532336551,exportaciones,sin pandemia,T0,10.757947996846909,-2.143537834105699,2.4512959351234866,0.809063614477997,1.1944581389585447
3369,-1.7489473609788166,3.3542669311172015,Fabricación de otro equipo de transporte,0.6740711386128929,exportaciones,sin pandemia,T0,5.079450961900066,-2.1471925639580505,2.436591029333547,0.8109028224586974,1.1944581389585447
3371,-5.038228534501182,2.573187765503086,"Fabricación de muebles, excepto de oficina y estantería",0.3642278188643361,exportaciones,sin pandemia,T0,2.691668564524468,-3.5921951158241354,2.3509563237284454,0.9367402380746864,1.1944581389585447
3372,-6.0413980689699205,1.0638465255330256,Fabricación de muebles de oficina y estantería,0.2214380514733216,exportaciones,sin pandemia,T0,3.3495608996328308,-3.6267127164457595,2.4029041547099856,0.9343894362849852,1.1944581389585447
3379,0.5529784474289761,-1.4359731931763293,"Fabricación de colchones, persianas y cortineros",0.3523025337449802,exportaciones,sin pandemia,T0,4.89214573290814,-2.6037586272890514,2.4349296037814647,0.8575409216212623,1.1944581389585447
3391,-2.3399811610473784,4.564945019665243,"Fabricación de equipo no electrónico y material desechable de uso médico, dental y para laboratorio, y artículos oftálmicos",0.7835186733412709,exportaciones,sin pandemia,T0,2.8163460191334573,-2.0659307355625227,2.36625175252729,0.8086906838412165,1.1944581389585447
3399,-1.9052498476209014,2.9331412502913885,Otras industrias manufactureras,0.618987370047973,exportaciones,sin pandemia,T0,2.7658012110181898,-2.165625266065661,2.360547058857667,0.8205400535561888,1.1944581389585447
3111,-0.3689813558498647,-0.00986288575791756,Elaboración de alimentos para animales,0.02886946578166,horas,completa,E1,1.224080171135798,-0.7328785165407308,1.0726409526533018,0.7527745530323002,0.7088393625912714
3112,-0.05941142509627842,-0.6555547114057839,Molienda de granos y de semillas y obtención de aceites y grasas,0.0609807080676099,horas,completa,E1,1.3258687108755645,-0.705444286046863,1.091947124505425,0.7408740946904651,0.7088393625912714
3113,-1.697898028760519,-0.3367376051887554,"Elaboración de azúcares, chocolates, dulces y similares",0.2016423568218791,horas,completa,E1,1.4051567425002576,-1.4093762807645536,1.1031192473577298,0.8993097273394355,0.7088393625912714
3114,-0.3182343608072021,-0.09075513519425674,"Conservación de frutas, verduras, guisos y otros alimentos preparados",0.3156513149608729,horas,completa,E1,1.2858523037419471,-1.004166987022681,1.0851512058142494,0.8226134083665756,0.7088393625912714
3115,-0.23683341152075416,-0.4596579118214434,Elaboración de productos lácteos,0.0498313429839448,horas,completa,E1,1.3032179056344728,-0.7459388045098814,1.0882110392800697,0.7534771141548027,0.7088393625912714
3116,-0.2225108852472916,-0.5120116572832945,"Matanza, empacado y procesamiento de carne de ganado, aves y otros animales comestibles",0.044361709007407,horas,completa,E1,1.3000866764171952,-0.7336132109585245,1.0876723639738288,0.7499968884309175,0.7088393625912714
3117,-0.12956921281262068,0.1967046032432912,Preparación y envasado de pescados y mariscos,0.7478643561015712,horas,completa,E1,1.7703785325663222,-1.7244701130500653,1.1326252967996486,0.9360633934079888,0.7088393625912714
3118,0.19834328830215311,0.2449702171110104,Elaboración de productos de panadería y tortillas,0.043199849411286,horas,completa,E1,1.2430541890923144,-0.5141201414515494,1.0767818014335095,0.6834826688897548,0.7088393625912714
3119,-1.0914763808773864,-0.5082883304714993,Otras industrias alimentarias,0.1089707298904361,horas,completa,E1,1.2031823954404763,-1.118494885903662,1.067727454007204,0.8525763584842467,0.7088393625912714
3121,-0.0548512688219896,-0.009720745746452838,Industria de las bebidas,0.2419442465750293,horas,completa,E1,1.251224676780854,-0.7985000553467665,1.0784786717261376,0.7704697788629951,0.7088393625912714
3122,-1.4152650099366255,-0.5681066995585475,Industria del tabaco,0.1071479040489181,horas,completa,E1,1.3902651061790037,-1.2280429771485954,1.1012197390611307,0.8676103857221144,0.7088393625912714
3131,-6.511066340989682,1.8141826042640812,"Preparación e hilado de fibras textiles, y fabricación de hilos",0.2001267979454507,horas,completa,E1,3.4599377417528503,-1.502428240134687,1.1629209993994283,0.9018116461901358,0.7088393625912714
3132,-3.2628167421396452,-1.017164004659135,Fabricación de telas,0.1336042055792961,horas,completa,E1,1.4453046605733588,-1.787268261479397,1.1078530002495688,0.9466572900647794,0.7088393625912714
3133,-1.504237198931092,0.5312955682773169,Acabado de productos textiles y fabricación de telas recubiertas,0.3062290364360683,horas,completa,E1,2.049694728457514,-1.4408093357266025,1.1437935440470672,0.8961068760531637,0.7088393625912714
3141,-4.266311589831688,-0.48226370946373254,"Confección de alfombras, blancos y similares",0.5072465584471345,horas,completa,E1,1.8602464111388612,-2.138833385441927,1.1368716313524507,0.9700366389328791,0.7088393625912714
3149,-0.7431602115861393,-0.45062684797854197,"Fabricación de otros productos textiles, excepto prendas de vestir",0.3944218335152466,horas,completa,E1,1.3879205756035884,-1.2967704945594505,1.10091302930301,0.8805826746242352,0.7088393625912714
3151,-3.5722948383389754,1.2523830000278031,Fabricación de prendas de vestir de tejido de punto,0.3365154443339868,horas,completa,E1,1.983189491936571,-1.7712399045466714,1.1416240562260025,0.9396101141066272,0.7088393625912714
3152,-2.7158453785607226,-0.035103810807650966,Confección de prendas de vestir,0.4259861529321015,horas,completa,E1,1.2150609273729462,-2.1101186785697843,1.070568005031857,0.9756396187776022,0.7088393625912714
3159,-2.153329545224981,-0.9622263733556611,Confección de accesorios de vestir y otras prendas de vestir no clasificados en otra parte,0.6664841032423205,horas,completa,E1,1.6538376535896262,-2.0005502383250606,1.1258062329036966,0.9622153366009077,0.7088393625912714
3161,-3.0865905533051103,0.3731749649147703,Curtido y acabado de cuero y piel,0.262669438610518,horas,completa,E1,2.1551884361008007,-1.5694165431489737,1.1467775832610454,0.9144292016440787,0.7088393625912714
3162,-6.552288282599237,1.1521166086090955,Fabricación de calzado,0.1604241815757467,horas,completa,E1,2.5000251292770903,-1.6732899184355812,1.1537835953859472,0.9265074350506438,0.7088393625912714
3169,-0.9614790230190015,-0.20718058007525914,"Fabricación de otros productos de cuero, piel y materiales sucedáneos",0.6136094363212712,horas,completa,E1,1.303183446200413,-1.5338956214083688,1.088205141508216,0.9206658809553938,0.7088393625912714
3211,-2.3001404076330583,0.5136298901103488,Aserrado y conservación de la madera,0.0034917286527276,horas,completa,E1,1.1778580840510504,-1.6352765067130248,1.061214870749554,0.9383352300310315,0.7088393625912714
3212,-2.527970017124655,0.2707221140031876,Fabricación de laminados y aglutinados de madera,0.0775332943220637,horas,completa,E1,1.1477717448032163,-1.8548414735447223,1.0525577202799279,0.9609841902351111,0.7088393625912714
3219,-1.7098164589006446,-0.3618143257382632,Fabricación de otros productos de madera,0.1827036170504173,horas,completa,E1,1.1832068803611284,-1.4742253429846506,1.06264536246498,0.9173273483992107,0.7088393625912714
3221,-0.06448572388573597,-0.5335484325083591,"Fabricación de pulpa, papel y cartón",0.0619018679380005,horas,completa,E1,1.2602575441669552,-0.6573470934337825,1.0802978827725387,0.7285676991094273,0.7088393625912714
3222,-1.0034789327263878,-0.4009875410446673,Fabricación de productos de cartón y papel,0.1574973850413846,horas,completa,E1,1.0998574192096502,-1.087821671845473,1.0362232560766544,0.8530937414259963,0.7088393625912714
3231,-1.4526391253214852,-0.7002922742273472,Impresión e industrias conexas,0.1024504665734745,horas,completa,E1,1.1422481225532117,-1.3044501066090217,1.0508460548785548,0.8927586594087571,0.7088393625912714
3241,0.4008434578388984,0.21502081826989708,Fabricación de productos derivados del petróleo y del carbón,0.0588949583065286,horas,completa,E1,1.3853652436851764,-0.5922977236382523,1.1005763058904743,0.7047703350383521,0.7088393625912714
3251,0.4115075786532793,-0.14070052640406888,Fabricación de productos químicos básicos,0.135778270214786,horas,completa,E1,1.3446668890200326,-0.6251412521186476,1.0948475705961764,0.7159950054431691,0.7088393625912714
3252,0.23528852213508525,-0.7373825278180519,"Fabricación de resinas y hules sintéticos, y fibras químicas",0.3119319594154858,horas,completa,E1,1.2561355189652255,-0.7433162722417573,1.0794749413442117,0.7544595235641984,0.7088393625912714
3253,-1.3597017880532494,-0.5106871469958869,"Fabricación de fertilizantes, pesticidas y otros agroquímicos",0.1679807884786191,horas,completa,E1,1.3229968987629337,-1.276278229920947,1.0914885156515886,0.8788587391471684,0.7088393625912714
3254,-0.4996472164245237,-0.7490016806666494,Fabricación de productos farmacéuticos,0.1290966945098601,horas,completa,E1,1.288249299227045,-0.9099269255176943,1.0855842634293713,0.799038270801379,0.7088393625912714
3255,-1.7336469341130332,-0.3194791659021162,"Fabricación de pinturas, recubrimientos y adhesivos",0.0704773870608603,horas,completa,E1,1.0144317340346127,-1.5790869449033984,0.9957582234261207,0.9436092015171245,0.7088393625912714
3256,-0.5055616465588189,-0.6031444925891352,"Fabricación de jabones, limpiadores y preparaciones de tocador",0.2434658656862863,horas,completa,E1,1.2610991543933256,-0.9962042947587584,1.080464438502029,0.8217395941695873,0.7088393625912714
3259,-1.30801921728203,0.2057588684961228,Fabricación de otros productos químicos,0.3514735701280596,horas,completa,E1,1.3356926702906664,-1.43025074819308,1.0934844507518173,0.9045591712512926,0.7088393625912714
3261,-1.749862129253681,-0.011699619811599938,Fabricación de productos de plástico,0.2303591490643638,horas,completa,E1,1.0021453567341359,-1.6601078628485326,0.9882343119225528,0.9535089588513597,0.7088393625912714
3262,-3.3649862466875096,-0.26073355748820337,Fabricación de productos de hule,0.4171737487232005,horas,completa,E1,1.1658265880330476,-2.492845112493829,1.057881624327204,0.9907747233665413,0.7088393625912714
3271,-0.8531251731891052,-0.05081368205539248,Fabricación de productos a base de arcillas y minerales refractarios,0.3488287256548686,horas,completa,E1,1.1065263288116,-1.1173226217224648,1.0387141967912286,0.8589644868713235,0.7088393625912714
3272,-0.31117578104241406,-0.6325855240484171,Fabricación de vidrio y productos de vidrio,0.272472982882299,horas,completa,E1,1.1936815276944768,-0.8721883372739451,1.065359946767498,0.7935153491416087,0.7088393625912714
3273,-0.7774714999428498,-0.2998607493514844,Fabricación de cemento y productos de concreto,0.0343074151008847,horas,completa,E1,1.1854367188056723,-0.9088731155256794,1.0632327278995584,0.8036747319542578,0.7088393625912714
3274,-0.000200969275226167,0.13189373498916912,"Fabricación de cal, yeso y productos de yeso",0.1199075903205221,horas,completa,E1,1.1704649870990154,-0.5767447083631884,1.0591860803647546,0.7069570848873685,0.7088393625912714
3279,-2.7590185905442923,-0.43528824143553924,Fabricación de otros productos a base de minerales no metálicos,0.2243733059375072,horas,completa,E1,1.7774327083034658,-1.5719694241066302,1.13298679705597,0.9173486331673828,0.7088393625912714
3311,0.2008629327096418,-0.3742458976635483,Industria básica del hierro y del acero,0.279574215702268,horas,completa,E1,2.019245266351365,-1.1763060952656308,1.1428308730662784,0.8483286401220869,0.7088393625912714
3312,-0.26090064009280806,-0.26238557865826123,Fabricación de productos de hierro y acero,0.0669975578374552,horas,completa,E1,1.2883391613078086,-0.7614314019048121,1.0856004302586777,0.7584707775895814,0.7088393625912714
3313,-1.1564954083374697,-1.2495774952803391,Industria básica del aluminio,0.2650002880058719,horas,completa,E1,1.2161407592535642,-1.273770659603337,1.0708199141985584,0.8828840916267306,0.7088393625912714
3314,0.29602608724502344,0.05281689313482782,"Industrias de metales no ferrosos, excepto aluminio",0.4934732886739018,horas,completa,E1,1.2312203021434995,-0.8285868175432972,1.0742332123572385,0.779743912742487,0.7088393625912714
3315,-2.0605585422909143,-0.5742467826333879,Moldeo por fundición de piezas metálicas,0.0974402319506194,horas,completa,E1,1.193328210026233,-1.570740360926942,1.0652701995653644,0.9298264219030354,0.7088393625912714
3321,-1.152140411580191,0.4026548975277555,Fabricación de productos metálicos forjados y troquelados,0.4526204884780047,horas,completa,E1,1.2873683160291272,-1.4532585754269491,1.0854255076190538,0.9096957399354704,0.7088393625912714
3322,-1.327540208540749,-0.8109000650850992,Fabricación de herramientas de mano sin motor y utensilios de cocina metálicos,0.4783144421423179,horas,completa,E1,1.3977900402907124,-1.5706339889779688,1.1021899391269343,0.9229231468627604,0.7088393625912714
3323,-1.6593348153815062,0.027907084707072597,Fabricación de estructuras metálicas y productos de herrería,0.2249299265714363,horas,completa,E1,1.0688826608196886,-1.5377097046574675,1.0235542078207245,0.9334932295591564,0.7088393625912714
3324,-0.40423674269100834,-0.6244373095472299,"Fabricación de calderas, tanques y envases metálicos",0.2575554192946691,horas,completa,E1,1.12839869011221,-0.8287509961378288,1.0463699551357837,0.7858269036759332,0.7088393625912714
3325,-3.3223407422417064,0.6854355549229024,Fabricación de herrajes y cerraduras,0.8134327973740351,horas,completa,E1,1.5125614061125472,-2.4753064925709616,1.1147019459873857,0.986810947367549,0.7088393625912714
3326,-2.3940610742821193,-0.8489091508662715,"Fabricación de alambre, productos de alambre y resortes",0.3138914060002775,horas,completa,E1,1.169159283189403,-1.921705037913794,1.0588213837795348,0.9652339975850528,0.7088393625912714
3327,-0.8629801541057185,-0.48294157714979635,Maquinado de piezas y fabricación de tornillos,0.1233232283296124,horas,completa,E1,1.2337681891433634,-1.0323109240032136,1.074791296895529,0.8315920725910995,0.7088393625912714
3329,-3.0199138621941555,0.38120444210378657,Fabricación de otros productos metálicos,0.6293046757254936,horas,completa,E1,1.1479398690552056,-2.495522333302471,1.0526091873878411,0.9911251031172409,0.7088393625912714
3331,-3.651309266961391,-0.4316995721531329,"Fabricación de maquinaria y equipo agropecuario, para la construcción y para la industria extractiva",0.519899184727109,horas,completa,E1,1.5074092384340108,-2.2479246157339037,1.114219270349826,0.9781777224309397,0.7088393625912714
3332,-1.7931874307155864,-0.3811562743614115,"Fabricación de maquinaria y equipo para las industrias manufactureras, excepto la metalmecánica",0.6992566972513394,horas,completa,E1,1.2123140134105062,-1.9095940950441945,1.0699225249097328,0.9628528432560769,0.7088393625912714
3333,-2.5337034772828777,1.0991184978637711,Fabricación de maquinaria y equipo para el comercio y los servicios,0.8664849575372038,horas,completa,E1,1.7463352501476257,-2.3052517527780485,1.1313531211064032,0.9792053173872186,0.7088393625912714
3334,-2.606635101288356,0.3550656521613039,"Fabricación de equipo de aire acondicionado, calefacción, y de refrigeración industrial y comercial",0.8482017522901368,horas,completa,E1,1.29023431873318,-2.3734762231562727,1.0859402414265595,0.9855790836035642,0.7088393625912714
3335,-2.0418363448196413,-0.37521829057794565,Fabricación de maquinaria y equipo para la industria metalmecánica,0.6052735791408839,horas,completa,E1,1.6570878818402,-1.9060312102272186,1.1260207891632903,0.9547450451831891,0.7088393625912714
3336,-3.9399375215927326,1.119883774991953,"Fabricación de motores de combustión interna, turbinas y transmisiones",0.8385248456652771,horas,completa,E1,1.562394849235811,-2.6307190291545415,1.1190588037081572,0.9906342506545145,0.7088393625912714
3339,-3.110712290997366,-0.505092998097483,Fabricación de otra maquinaria y equipo para la industria en general,0.6417221502759753,horas,completa,E1,1.2716911018546604,-2.401230185107949,1.0825191459346293,0.986728966699575,0.7088393625912714
3341,0.6001026054198402,0.4875841857456628,Fabricación de computadoras y equipo periférico,0.7847307234340066,horas,completa,E1,1.733351261142012,-1.6116508946773471,1.1306392557441587,0.9229840123307119,0.7088393625912714
3342,0.8560042348691809,0.7683110791904397,Fabricación de equipo de comunicación,0.895054776922478,horas,completa,E1,2.003854453413575,-1.8602944637445855,1.142324925874131,0.9482922444469851,0.7088393625912714
3343,-3.401550909866141,0.39024608820445184,Fabricación de equipo de audio y de video,0.9478363435009872,horas,completa,E1,1.665074150004501,-2.587099292753704,1.1265413946143512,0.9891762688684712,0.7088393625912714
3344,-1.4932623676363475,-0.37643375737873186,Fabricación de componentes electrónicos,0.4744887481943934,horas,completa,E1,1.1609353179472968,-1.5830925172750412,1.0564787655481274,0.9329932765856193,0.7088393625912714
3345,-1.1511791110903171,-0.6326805131119574,"Fabricación de instrumentos de medición, control, navegación, y equipo médico electrónico",0.9203173609236356,horas,completa,E1,1.1147883295174437,-1.6525538819127714,1.0416955921663953,0.943676569687707,0.7088393625912714
3346,0.45632574635907536,1.8638816340611715,Fabricación y reproducción de medios magnéticos y ópticos,0.6054992436078728,horas,completa,E1,1.7836842207965067,-1.4543339221222524,1.1333028635475202,0.9003013054659209,0.7088393625912714
3351,-1.977158671353945,1.3540767919052499,Fabricación de accesorios de iluminación,0.831395116765869,horas,completa,E1,1.4992327353092345,-2.1412062785082053,1.1134399048442962,0.9727634343017801,0.7088393625912714
3352,-2.8540629832858864,0.3609472037728426,Fabricación de aparatos eléctricos de uso doméstico,0.3900028883753999,horas,completa,E1,1.624931490426057,-1.8416513197417435,1.1238268547990222,0.9493654836460185,0.7088393625912714
3353,-2.409741607228226,0.15714864867245376,Fabricación de equipo de generación y distribución de energía eléctrica,0.8989208694711824,horas,completa,E1,1.253457499695938,-2.3459341628733226,1.0789338082398823,0.9851589853700056,0.7088393625912714
3359,-1.882601046083829,0.13231741673960912,Fabricación de otros equipos y accesorios eléctricos,0.7464127593691879,horas,completa,E1,1.294867755285695,-2.0020016393403206,1.0867619600286176,0.9672749478688298,0.7088393625912714
3361,-6.47356453189516,2.5680435082488478,Fabricación de automóviles y camiones,0.6801529750236635,horas,completa,E1,3.9719790902055263,-2.1259545566164877,1.1652294846944868,0.9659613115877722,0.7088393625912714
3362,-4.0336864542352835,-0.5504182311808838,Fabricación de carrocerías y remolques,0.4826387565231524,horas,completa,E1,1.7517941200324858,-2.126094513846153,1.1316475276706202,0.9698613889010214,0.7088393625912714
3363,-5.085025747397881,1.0402148946186665,Fabricación de partes para vehículos automotores,0.5296068171162411,horas,completa,E1,1.7371236869312938,-2.389778549152479,1.1308486693608317,0.9827107886222817,0.7088393625912714
3364,-1.0881829345728888,0.7211381663848905,Fabricación de equipo aeroespacial,0.9896704181454756,horas,completa,E1,2.2300689384826873,-2.2863527111190365,1.148612301713149,0.9767339705180101,0.7088393625912714
3365,-1.936191881749235,-0.28103087609791555,Fabricación de equipo ferroviario,0.8018618332294466,horas,completa,E1,3.7548677206409304,-2.1497037927927676,1.1643700712315983,0.9675711423430147,0.7088393625912714
3366,-2.3478226652798457,3.5906987990917947,Fabricación de embarcaciones,0.5822911532336551,horas,completa,E1,3.745606440151438,-1.8547612526849708,1.1643299187501976,0.9444183334161552,0.7088393625912714
3369,-4.2957550710523424,-0.8074026317918817,Fabricación de otro equipo de transporte,0.6740711386128929,horas,completa,E1,2.0821754559624748,-2.2650521931534926,1.1447676322226774,0.9760702062097845,0.7088393625912714
3371,-2.6473965468799854,-0.3465172404346403,"Fabricación de muebles, excepto de oficina y estantería",0.3642278188643361,horas,completa,E1,1.3829193232022985,-1.8845432590077689,1.100251594631386,0.9566280335187348,0.7088393625912714
3372,-4.0236812498019825,0.25455797144801706,Fabricación de muebles de oficina y estantería,0.2214380514733216,horas,completa,E1,1.495143092180989,-2.0383846512608033,1.1130438091430193,0.966476635885424,0.7088393625912714
3379,-2.3848841123274784,-1.1284439421606305,"Fabricación de colchones, persianas y cortineros",0.3523025337449802,horas,completa,E1,1.4767529679697993,-1.7445488465256909,1.1112089142961865,0.9417872992217975,0.7088393625912714
3391,-1.230604084446656,0.12798295328029263,"Fabricación de equipo no electrónico y material desechable de uso médico, dental y para laboratorio, y artículos oftálmicos",0.7835186733412709,horas,completa,E1,1.3968787727825802,-1.8449823306211957,1.1020735867493268,0.9529446098232626,0.7088393625912714
3399,-1.3334442281867913,0.3424709464195883,Otras industrias manufactureras,0.618987370047973,horas,completa,E1,1.1245087093666026,-1.5775281719793939,1.0450629150669626,0.9344151689448047,0.7088393625912714
3111,-0.49159739803845953,-0.7397031661543202,Elaboración de alimentos para animales,0.02886946578166,horas,sin pandemia,E1,0.8736075077776707,-0.6653626612579655,0.7398001395294227,0.8157752918545278,0.0
3112,-0.6639482720062433,-1.0291400044748558,Molienda de granos y de semillas y obtención de aceites y grasas,0.0609807080676099,horas,sin pandemia,E1,0.9250560374454116,-0.6838397205587914,0.7398001395294227,0.8223498621465539,0.0
3113,-1.7806389598393888,0.9558606335430259,"Elaboración de azúcares, chocolates, dulces y similares",0.2016423568218791,horas,sin pandemia,E1,1.500464033819827,-0.7647775305083542,0.7398001395294227,0.8493763615334581,0.0
3114,-0.13891327519587035,-0.4050891921060459,"Conservación de frutas, verduras, guisos y otros alimentos preparados",0.3156513149608729,horas,sin pandemia,E1,0.971685528071091,-0.8303791743688059,0.7398001395294227,0.8691616959167836,0.0
3115,-0.45092566744777607,-0.9432549074285413,Elaboración de productos lácteos,0.0498313429839448,horas,sin pandemia,E1,0.90579271865207,-0.6774242889170335,0.7398001395294227,0.8200840738436608,0.0
3116,-0.893688107060929,-0.9564747935412439,"Matanza, empacado y procesamiento de carne de ganado, aves y otros animales comestibles",0.044361709007407,horas,sin pandemia,E1,0.9177052886070498,-0.6742770188600753,0.7398001395294227,0.8189659216685801,0.0
3117,-0.9175063195103502,0.02664676640101605,Preparación y envasado de pescados y mariscos,0.7478643561015712,horas,sin pandemia,E1,1.7865032903298912,-1.0790779297963162,0.7398001395294227,0.927663396892331,0.0
3118,0.13844683180869818,-0.036021955734382195,Elaboración de productos de panadería y tortillas,0.043199849411286,horas,sin pandemia,E1,1.0234367170915235,-0.6736084757851737,0.7398001395294227,0.8187278443011704,0.0
3119,-1.749511611934261,-0.7758073366350023,Otras industrias alimentarias,0.1089707298904361,horas,sin pandemia,E1,1.014805610805187,-0.7114535534703965,0.7398001395294227,0.8318956818774463,0.0
3121,-0.6137118939855821,-0.4838655504010152,Industria de las bebidas,0.2419442465750293,horas,sin pandemia,E1,0.9417966518848757,-0.787967552254418,0.7398001395294227,0.8565866247811815,0.0
3122,-0.8560333819210508,-1.7465567582818957,Industria del tabaco,0.1071479040489181,horas,sin pandemia,E1,1.3978164122937637,-0.7104046852619079,0.7398001395294227,0.831539241287988,0.0
3131,0.7982250087077845,-1.3946059580859498,"Preparación e hilado de fibras textiles, y fabricación de hilos",0.2001267979454507,horas,sin pandemia,E1,1.3093909444464882,-0.7639054661084691,0.7398001395294227,0.849100588888632,0.0
3132,-0.0008909516374307983,-2.0024020402553786,Fabricación de telas,0.1336042055792961,horas,sin pandemia,E1,1.1787687302659635,-0.7256278475396007,0.7398001395294227,0.8366649348898716,0.0
3133,1.9305060608710278,-1.6202167790536242,Acabado de productos textiles y fabricación de telas recubiertas,0.3062290364360683,horas,sin pandemia,E1,1.9156076993673048,-0.824957521805464,0.7398001395294227,0.8675980636215322,0.0
3141,-1.3053991345469684,-0.771744097385664,"Confección de alfombras, blancos y similares",0.5072465584471345,horas,sin pandemia,E1,1.4477712328937413,-0.940624572043775,0.7398001395294227,0.898217063790635,0.0
3149,-0.923233247710802,-0.3947773679958648,"Fabricación de otros productos textiles, excepto prendas de vestir",0.3944218335152466,horas,sin pandemia,E1,1.3264867643365592,-0.8757043452085149,0.7398001395294227,0.881734862012137,0.0
3151,-0.6809979462069868,-0.7142169632469472,Fabricación de prendas de vestir de tejido de punto,0.3365154443339868,horas,sin pandemia,E1,1.1611082293040922,-0.8423845571644695,0.7398001395294227,0.8725785557225663,0.0
3152,-0.15564025789333874,-1.0219391865214447,Confección de prendas de vestir,0.4259861529321015,horas,sin pandemia,E1,1.3175349042186828,-0.8938667008240939,0.7398001395294227,0.886525269754138,0.0
3159,0.2725278303825697,-1.9471193557522293,Confección de accesorios de vestir y otras prendas de vestir no clasificados en otra parte,0.6664841032423205,horas,sin pandemia,E1,1.8430106749410569,-1.0322510974798815,0.7398001395294227,0.9185389261508468,0.0
3161,1.4585493150286661,-2.1233821774482213,Curtido y acabado de cuero y piel,0.262669438610518,horas,sin pandemia,E1,1.434143118082499,-0.7998929894222065,0.7398001395294227,0.8602022565634497,0.0
3162,-1.0304251002986797,-1.6432115274247463,Fabricación de calzado,0.1604241815757467,horas,sin pandemia,E1,1.4416354593282765,-0.7410602709419793,0.7398001395294227,0.8417565535389671,0.0
3169,0.5179618750487271,-1.328136335066795,"Fabricación de otros productos de cuero, piel y materiales sucedáneos",0.6136094363212712,horas,sin pandemia,E1,1.0855377253713552,-1.0018266016752109,0.7398001395294227,0.9121613937246014,0.0
3211,-1.188297569004069,-0.26258273622172307,Aserrado y conservación de la madera,0.0034917286527276,horas,sin pandemia,E1,1.130290050348907,-0.6507601133503992,0.7398001395294227,0.810473667933304,0.0
3212,-0.2313394784333068,-1.214156423587488,Fabricación de laminados y aglutinados de madera,0.0775332943220637,horas,sin pandemia,E1,1.0381453280423003,-0.6933642078110146,0.7398001395294227,0.8256803292403365,0.0
3219,-1.164784636774062,-0.8592351531852709,Fabricación de otros productos de madera,0.1827036170504173,horas,sin pandemia,E1,1.085529611734022,-0.7538800319088272,0.7398001395294227,0.8459061177485045,0.0
3221,-0.5069671663909746,-0.7599924554809612,"Fabricación de pulpa, papel y cartón",0.0619018679380005,horas,sin pandemia,E1,0.9489994852736267,-0.6843697631338865,0.7398001395294227,0.8225362527560972,0.0
3222,-1.0986950029353544,-0.9211688403385331,Fabricación de productos de cartón y papel,0.1574973850413846,horas,sin pandemia,E1,0.844685477832808,-0.7393761693851075,0.7398001395294227,0.8412060359581237,0.0
3231,-0.7274741705902847,-1.6173930125409144,Impresión e industrias conexas,0.1024504665734745,horas,sin pandemia,E1,1.0101337808045177,-0.7077017430953363,0.7398001395294227,0.830618452903222,0.0
3241,0.12241224676248119,0.027355351468515306,Fabricación de productos derivados del petróleo y del carbón,0.0588949583065286,horas,sin pandemia,E1,1.1783802228430988,-0.6826395638760011,0.7398001395294227,0.8219273681560917,0.0
3251,0.2795660319392039,-0.2962611091349975,Fabricación de productos químicos básicos,0.135778270214786,horas,sin pandemia,E1,1.2380665260658714,-0.7268788212900418,0.7398001395294227,0.8370815896582887,0.0
3252,0.28292520455739073,-1.0201401574081692,"Fabricación de resinas y hules sintéticos, y fibras químicas",0.3119319594154858,horas,sin pandemia,E1,1.091366018594663,-0.8282390281744918,0.7398001395294227,0.8685459982296582,0.0
3253,-0.9066089003768689,-1.1940170961358514,"Fabricación de fertilizantes, pesticidas y otros agroquímicos",0.1679807884786191,horas,sin pandemia,E1,1.0464900044147372,-0.7454084015005562,0.7398001395294227,0.8431721201075917,0.0
3254,-0.9329702438458088,-1.3195389891470748,Fabricación de productos farmacéuticos,0.1290966945098601,horas,sin pandemia,E1,0.8247923516605223,-0.7230341905086007,0.7398001395294227,0.8357988767438614,0.0
3255,-1.264662674377572,-0.7157946289438318,"Fabricación de pinturas, recubrimientos y adhesivos",0.0704773870608603,horas,sin pandemia,E1,0.8818880299831451,-0.6893041837320513,0.7398001395294227,0.8242655242432165,0.0
3256,-0.7366064949845311,-1.1846625090698388,"Fabricación de jabones, limpiadores y preparaciones de tocador",0.2434658656862863,horas,sin pandemia,E1,0.8921790625449514,-0.7888431037606973,0.7398001395294227,0.8568542083599199,0.0
3259,-1.7836077794095246,-0.4880364724107413,Fabricación de otros productos químicos,0.3514735701280596,horas,sin pandemia,E1,1.2668925736438164,-0.8509915794299153,0.7398001395294227,0.8749896895874065,0.0
3261,-0.7934892193433897,-0.9511595484037418,Fabricación de productos de plástico,0.2303591490643638,horas,sin pandemia,E1,0.7981507848185175,-0.7813013967751553,0.7398001395294227,0.8545382622336912,0.0
3262,-1.3482108175442753,-1.3403964969971527,Fabricación de productos de hule,0.4171737487232005,horas,sin pandemia,E1,1.0305614145481223,-0.8887959746995566,0.7398001395294227,0.8852019847474514,0.0
3271,0.20667620692167832,-0.8034683239616546,Fabricación de productos a base de arcillas y minerales refractarios,0.3488287256548686,horas,sin pandemia,E1,0.9999060719822822,-0.8494697152884587,0.7398001395294227,0.8745656968193052,0.0
3272,-0.45874919120316177,-0.9427603729288845,Fabricación de vidrio y productos de vidrio,0.272472982882299,horas,sin pandemia,E1,0.911651313017118,-0.8055340252704902,0.7398001395294227,0.8618907687796409,0.0
3273,-0.6629672814737692,-1.147949321689979,Fabricación de cemento y productos de concreto,0.0343074151008847,horas,sin pandemia,E1,1.0458902261798395,-0.668491699715944,0.7398001395294227,0.8168992026581047,0.0
3274,-0.19855328004568967,-0.2768601087252544,"Fabricación de cal, yeso y productos de yeso",0.1199075903205221,horas,sin pandemia,E1,1.0783307413096157,-0.7177467082768044,0.7398001395294227,0.8340241065004688,0.0
3279,-2.7587039758419394,-0.42730900353372575,Fabricación de otros productos a base de minerales no metálicos,0.2243733059375072,horas,sin pandemia,E1,2.211672419970838,-0.7778570959463218,0.7398001395294227,0.85347223163822,0.0
3311,-0.2498896812528178,-0.4568512206637076,Industria básica del hierro y del acero,0.279574215702268,horas,sin pandemia,E1,2.273763740457489,-0.8096201300295375,0.7398001395294227,0.8631051287722492,0.0
3312,-0.6933306041929637,-0.820209567921226,Fabricación de productos de hierro y acero,0.0669975578374552,horas,sin pandemia,E1,1.0772306103440363,-0.6873018628518734,0.7398001395294227,0.8235651004152291,0.0
3313,-0.7894067306255147,-1.8576661278491786,Industria básica del aluminio,0.2650002880058719,horas,sin pandemia,E1,1.1111196517931834,-0.8012341783465008,0.7398001395294227,0.8606049761228178,0.0
3314,-0.08909728069356071,-0.34470685849474225,"Industrias de metales no ferrosos, excepto aluminio",0.4934732886739018,horas,sin pandemia,E1,1.011452889175414,-0.9326993251754019,0.7398001395294227,0.8962996319102283,0.0
3315,-1.5839022795441935,-1.2940641514775526,Moldeo por fundición de piezas metálicas,0.0974402319506194,horas,sin pandemia,E1,1.0596196033598861,-0.704818815010114,0.7398001395294227,0.8296327972463535,0.0
3321,0.6402587555034132,-1.3068309367976647,Fabricación de productos metálicos forjados y troquelados,0.4526204884780047,horas,sin pandemia,E1,1.4189678198367888,-0.909192305263106,0.7398001395294227,0.890458505295855,0.0
3322,-1.2264674241134925,-1.3719879418395942,Fabricación de herramientas de mano sin motor y utensilios de cocina metálicos,0.4783144421423179,horas,sin pandemia,E1,1.0999148577240254,-0.9239768066318341,0.7398001395294227,0.8941591649711451,0.0
3323,-0.7875651488297115,-0.48657618672651587,Fabricación de estructuras metálicas y productos de herrería,0.2249299265714363,horas,sin pandemia,E1,0.9142360071787538,-0.7781773798011035,0.7398001395294227,0.8535715818736056,0.0
3324,-0.8028926589699072,-1.6845355587438475,"Fabricación de calderas, tanques y envases metálicos",0.2575554192946691,horas,sin pandemia,E1,0.99915599244321,-0.7969503428150444,0.7398001395294227,0.8593158973471344,0.0
3325,-1.8467644371477125,-0.614258907906231,Fabricación de herrajes y cerraduras,0.8134327973740351,horas,sin pandemia,E1,1.1533073536688951,-1.1168065223828485,0.7398001395294227,0.9344279695452257,0.0
3326,-2.090165582781893,-1.1724464362546114,"Fabricación de alambre, productos de alambre y resortes",0.3138914060002775,horas,sin pandemia,E1,1.059644559535508,-0.8293665090243946,0.7398001395294227,0.8688706115429645,0.0
3327,-1.195559793511006,-0.6843979880051141,Maquinado de piezas y fabricación de tornillos,0.1233232283296124,horas,sin pandemia,E1,1.0743557493425608,-0.7197120930315304,0.7398001395294227,0.8346852401627085,0.0
3329,-1.7155703908320823,0.3723678944867567,Fabricación de otros productos metálicos,0.6293046757254936,horas,sin pandemia,E1,0.9592564653133849,-1.0108577648619235,0.7398001395294227,0.9140921845968413,0.0
3331,-1.8939448382028483,-0.7396983971660325,"Fabricación de maquinaria y equipo agropecuario, para la construcción y para la industria extractiva",0.519899184727109,horas,sin pandemia,E1,1.632963363668351,-0.9479049919043473,0.7398001395294227,0.8999556236015351,0.0
3332,-1.6111532780066662,-0.9179915913675906,"Fabricación de maquinaria y equipo para las industrias manufactureras, excepto la metalmecánica",0.6992566972513394,horas,sin pandemia,E1,1.0562274186583198,-1.051108703721154,0.7398001395294227,0.922312675437333,0.0
3333,-1.3341051064976552,1.3751189528760017,Fabricación de maquinaria y equipo para el comercio y los servicios,0.8664849575372038,horas,sin pandemia,E1,1.670829774398911,-1.1473331491836025,0.7398001395294227,0.9395334671505671,0.0
3334,-1.875951997208534,0.25903798089189883,"Fabricación de equipo de aire acondicionado, calefacción, y de refrigeración industrial y comercial",0.8482017522901368,horas,sin pandemia,E1,1.3161801413860126,-1.1368128502630268,0.7398001395294227,0.9378103080594378,0.0
3335,-1.5898443126284307,-1.2500730881624127,Fabricación de maquinaria y equipo para la industria metalmecánica,0.6052735791408839,horas,sin pandemia,E1,1.5675712072489216,-0.9970300844282709,0.7398001395294227,0.9111228663186777,0.0
3336,-1.1778288767271037,0.26435157096407585,"Fabricación de motores de combustión interna, turbinas y transmisiones",0.8385248456652771,horas,sin pandemia,E1,1.4360085691024653,-1.131244682704641,0.7398001395294227,0.9368829011048155,0.0
3339,-3.1366197415844574,-0.9717744059711076,Fabricación de otra maquinaria y equipo para la industria en general,0.6417221502759753,horas,sin pandemia,E1,1.1728134104255978,-1.0180028765830025,0.7398001395294227,0.9155971102333422,0.0
3341,-0.5390867607018887,-0.13221799950979607,Fabricación de computadoras y equipo periférico,0.7847307234340066,horas,sin pandemia,E1,1.3379680035091222,-1.1002911251420935,0.7398001395294227,0.9315297721457927,0.0
3342,3.749590494178951,0.4298274712031277,Fabricación de equipo de comunicación,0.895054776922478,horas,sin pandemia,E1,2.3401117109160894,-1.1637724461218768,0.7398001395294227,0.9421510482214968,0.0
3344,-0.711765930199947,-1.0227798648272013,Fabricación de componentes electrónicos,0.4744887481943934,horas,sin pandemia,E1,1.1338958282898277,-0.9217754724911884,0.7398001395294227,0.8936139560775536,0.0
3345,-1.2199867243029483,-1.1309543432771156,"Fabricación de instrumentos de medición, control, navegación, y equipo médico electrónico",0.9203173609236356,horas,sin pandemia,E1,1.0088096514667113,-1.1783087340214489,0.7398001395294227,0.9443906529772147,0.0
3346,0.6380421036628487,0.6327489808709265,Fabricación y reproducción de medios magnéticos y ópticos,0.6054992436078728,horas,sin pandemia,E1,2.0202214499734836,-0.9971599335229123,0.7398001395294227,0.9111511007190337,0.0
3351,-2.395914415631578,1.6341312424291563,Fabricación de accesorios de iluminación,0.831395116765869,horas,sin pandemia,E1,1.5950447539417294,-1.1271421810791957,0.7398001395294227,0.9361927438383935,0.0
3352,0.9747143313084714,-1.2441754143144739,Fabricación de aparatos eléctricos de uso doméstico,0.3900028883753999,horas,sin pandemia,E1,1.5934848561147195,-0.873161649704275,0.7398001395294227,0.8810529694608025,0.0
3353,-1.694929067219728,-0.5114437573162753,Fabricación de equipo de generación y distribución de energía eléctrica,0.8989208694711824,horas,sin pandemia,E1,0.9900889406934207,-1.1659970259325478,0.7398001395294227,0.9424983130544178,0.0
3359,-0.1289118221027684,-0.7401435989186577,Fabricación de otros equipos y accesorios eléctricos,0.7464127593691879,horas,sin pandemia,E1,1.1489366365289373,-1.078242669713063,0.7398001395294227,0.9275078051683155,0.0
3361,-0.4846257682498004,-2.405184059659398,Fabricación de automóviles y camiones,0.6801529750236635,horas,sin pandemia,E1,1.5530335663585424,-1.040116272929346,0.7398001395294227,0.920129363029851,0.0
3362,-1.7968817309701395,-2.1024613820189764,Fabricación de carrocerías y remolques,0.4826387565231524,horas,sin pandemia,E1,1.7018372166626594,-0.9264650508591543,0.7398001395294227,0.8947729986096635,0.0
3363,-2.9246467875176636,-1.2660662431883598,Fabricación de partes para vehículos automotores,0.5296068171162411,horas,sin pandemia,E1,1.1244791526730151,-0.953490839307177,0.7398001395294227,0.9012747461733132,0.0
3364,-2.4856291956725927,-1.2829031094971122,Fabricación de equipo aeroespacial,0.9896704181454756,horas,sin pandemia,E1,1.5659184743782981,-1.2182150241478262,0.7398001395294227,0.9501882107146725,0.0
3365,-3.8141508246270135,-2.1474567460694516,Fabricación de equipo ferroviario,0.8018618332294466,horas,sin pandemia,E1,3.057325059929387,-1.1101484993526765,0.7398001395294227,0.9332712456854638,0.0
3366,-2.1958695126256704,0.7721819436613814,Fabricación de embarcaciones,0.5822911532336551,horas,sin pandemia,E1,4.519120685586792,-0.9838058172827264,0.7398001395294227,0.9082122758230129,0.0
3369,-1.42450333516125,-2.9341234348755,Fabricación de otro equipo de transporte,0.6740711386128929,horas,sin pandemia,E1,1.6879653205277438,-1.0366167368161356,0.7398001395294227,0.9194246370825325,0.0
3371,-0.8128287026018064,-1.025989123700889,"Fabricación de muebles, excepto de oficina y estantería",0.3642278188643361,horas,sin pandemia,E1,1.2766824750295789,-0.8583304736445679,0.7398001395294227,0.8770202547287593,0.0
3372,-2.2037701490443684,-1.2815428385897198,Fabricación de muebles de oficina y estantería,0.2214380514733216,horas,sin pandemia,E1,1.0644816807546187,-0.7761681276306518,0.7398001395294227,0.8529475749786446,0.0
3379,-0.39924520058303903,-2.207962936455931,"Fabricación de colchones, persianas y cortineros",0.3523025337449802,horas,sin pandemia,E1,1.3383171473654973,-0.8514685715615704,0.7398001395294227,0.8751223737463822,0.0
3391,-0.6577263753139997,-0.23104768548720275,"Fabricación de equipo no electrónico y material desechable de uso médico, dental y para laboratorio, y artículos oftálmicos",0.7835186733412709,horas,sin pandemia,E1,0.9704925405938319,-1.09959370206392,0.7398001395294227,0.9314052446399407,0.0
3399,0.6346977408467694,-0.7872903404174821,Otras industrias manufactureras,0.618987370047973,horas,sin pandemia,E1,1.0279398065993963,-1.0049211066930894,0.7398001395294227,0.9128265865698759,0.0
3111,-2.055639740608273,2.726243922012286,Elaboración de alimentos para animales,0.02886946578166,importaciones_eeuu,completa,T0,4.238541512678124,-2.4669326128057496,1.3173156121039677,0.9694448610267428,0.7085550914802801
3112,-1.040421558593635,-0.5056764955101454,Molienda de granos y de semillas y obtención de aceites y grasas,0.0609807080676099,importaciones_eeuu,completa,T0,1.787456044430782,-2.1498326490115947,1.2833716549336378,0.9530470336722527,0.7085550914802801
3113,1.0245426425657218,-0.8289226613681384,"Elaboración de azúcares, chocolates, dulces y similares",0.2016423568218791,importaciones_eeuu,completa,T0,2.7095737393901023,-1.9968811704622653,1.3083365901636403,0.936529279382038,0.7085550914802801
3114,-1.5246595313749125,0.825915099218896,"Conservación de frutas, verduras, guisos y otros alimentos preparados",0.3156513149608729,importaciones_eeuu,completa,T0,1.605735773821295,-1.9363762069666741,1.2698085254817768,0.9363624175074121,0.7085550914802801
3115,-4.628836106385676,0.1644019899054203,Elaboración de productos lácteos,0.0498313429839448,importaciones_eeuu,completa,T0,2.9904872219172582,-2.584345476482466,1.31118619737447,0.9756379522386216,0.7085550914802801
3116,1.2897799742067975,-1.3111391209811467,"Matanza, empacado y procesamiento de carne de ganado, aves y otros animales comestibles",0.044361709007407,importaciones_eeuu,completa,T0,2.071201281533166,-1.927383637880842,1.2956994747920447,0.9315617217894856,0.7085550914802801
3117,-2.3088387919618842,-0.9940539686794854,Preparación y envasado de pescados y mariscos,0.7478643561015712,importaciones_eeuu,completa,T0,3.8543203857103117,-1.5361623806766986,1.3160906637551129,0.8784384705718828,0.7085550914802801
3118,-1.3016174194026047,-0.10868351689988787,Elaboración de productos de panadería y tortillas,0.043199849411286,importaciones_eeuu,completa,T0,1.8284814585681097,-2.236038694714419,1.2856595272341977,0.9590015486439053,0.7085550914802801
3119,-3.0925300718459874,0.10529859001162326,Otras industrias alimentarias,0.1089707298904361,importaciones_eeuu,completa,T0,1.578693066585069,-2.578448807618326,1.2671351059882567,0.9790677679509701,0.7085550914802801
3121,-4.253202773284069,-1.0388305897592807,Industria de las bebidas,0.2419442465750293,importaciones_eeuu,completa,T0,1.6608505425457567,-2.7056884897435216,1.274644242394159,0.9831105385262888,0.7085550914802801
3122,1.3159647460993777,14.581567409661956,Industria del tabaco,0.1071479040489181,importaciones_eeuu,completa,T0,6.436684265809955,-2.327973470813108,1.3205161878778662,0.9610435878104473,0.7085550914802801
3131,-3.3339616219675765,-1.7914979089965144,"Preparación e hilado de fibras textiles, y fabricación de hilos",0.2001267979454507,importaciones_eeuu,completa,T0,2.344638892786743,-2.3626126753064676,1.302655217280565,0.9651372633628548,0.7085550914802801
3132,-1.8242924471416608,-0.32062350714177934,Fabricación de telas,0.1336042055792961,importaciones_eeuu,completa,T0,1.4019349185415553,-2.126377459627421,1.242289143956029,0.9565203890508993,0.7085550914802801
3133,2.2368874094720623,-2.021722767341025,Acabado de productos textiles y fabricación de telas recubiertas,0.3062290364360683,importaciones_eeuu,completa,T0,2.2263906382319076,-1.586871578657877,1.3000390176120753,0.8888876503769106,0.7085550914802801
3141,-1.1401138172600758,-2.9314933301592365,"Confección de alfombras, blancos y similares",0.5072465584471345,importaciones_eeuu,completa,T0,1.713495088025163,-1.6740338592107449,1.2786226161925676,0.9047747888962709,0.7085550914802801
3149,0.568484053680768,-1.2587136871849673,"Fabricación de otros productos textiles, excepto prendas de vestir",0.3944218335152466,importaciones_eeuu,completa,T0,2.0236139566024898,-1.6024679876471526,1.294101674442721,0.892194983721871,0.7085550914802801
3151,0.26727219731482854,-2.936928699776102,Fabricación de prendas de vestir de tejido de punto,0.3365154443339868,importaciones_eeuu,completa,T0,3.282701525626428,-1.946875061105384,1.3133274089482188,0.9308829021675255,0.7085550914802801
3152,-2.6530047164722648,0.08821506607044304,Confección de prendas de vestir,0.4259861529321015,importaciones_eeuu,completa,T0,1.7799121279327539,-2.0898696201697997,1.2829260981278983,0.9483420884547565,0.7085550914802801
3159,-1.6047052336266514,3.237193917952425,Confección de accesorios de vestir y otras prendas de vestir no clasificados en otra parte,0.6664841032423205,importaciones_eeuu,completa,T0,2.603657065225662,-1.6165545998311706,1.3069736638791647,0.8919320532646395,0.7085550914802801
3161,-4.132998208826059,-1.1201422872687175,Curtido y acabado de cuero y piel,0.262669438610518,importaciones_eeuu,completa,T0,2.3486760391431525,-2.370625899241233,1.302736087872326,0.9655998144105753,0.7085550914802801
3162,-5.666827694836909,-1.1225616678567996,Fabricación de calzado,0.1604241815757467,importaciones_eeuu,completa,T0,2.609191364314343,-2.580217640144541,1.3070497244360353,0.9758135425066727,0.7085550914802801
3169,-0.45743231609810425,0.3377371306523831,"Fabricación de otros productos de cuero, piel y materiales sucedáneos",0.6136094363212712,importaciones_eeuu,completa,T0,2.8474655858259874,-1.6050935430291613,1.3098557065839562,0.8897872032937244,0.7085550914802801
3211,-9.119776588576203,-0.39017402965517856,Aserrado y conservación de la madera,0.0034917286527276,importaciones_eeuu,completa,T0,4.857241480700462,-2.6587471746830422,1.3186834165797483,0.9781111670850619,0.7085550914802801
3212,-4.337623936779387,2.10746349449159,Fabricación de laminados y aglutinados de madera,0.0775332943220637,importaciones_eeuu,completa,T0,3.289216387927255,-2.5094202651054114,1.3133680726454466,0.9719768556493068,0.7085550914802801
3219,-2.7105035299657882,-1.4182860019612644,Fabricación de otros productos de madera,0.1827036170504173,importaciones_eeuu,completa,T0,1.8086582798470303,-2.3586922418016383,1.2845816418499987,0.9668327032597765,0.7085550914802801
3221,0.13201282884902876,0.6223990304967026,"Fabricación de pulpa, papel y cartón",0.0619018679380005,importaciones_eeuu,completa,T0,2.5753953762124158,-2.2157504559679126,1.3065762099221208,0.9550423610226211,0.7085550914802801
3222,-2.210826464894578,-1.1741697801129385,Fabricación de productos de cartón y papel,0.1574973850413846,importaciones_eeuu,completa,T0,1.52270269117099,-2.2752517929530347,1.2608315967703407,0.9644285621443951,0.7085550914802801
3231,-2.1183896332543894,-2.10956059492297,Impresión e industrias conexas,0.1024504665734745,importaciones_eeuu,completa,T0,2.1426165615681727,-2.3457093546924344,1.2978457295876993,0.96464901156051,0.7085550914802801
3241,-0.755642972575226,-3.239510037058831,Fabricación de productos derivados del petróleo y del carbón,0.0588949583065286,importaciones_eeuu,completa,T0,4.470918025131669,-2.3947981972936883,1.3178998180194785,0.965401563411003,0.7085550914802801
3251,-1.0828676069469145,-2.661962179350199,Fabricación de productos químicos básicos,0.135778270214786,importaciones_eeuu,completa,T0,2.0963244801425445,-2.162548118551667,1.296486783980242,0.9523427615372387,0.7085550914802801
3252,-4.19707176501539,-0.7814199362307351,"Fabricación de resinas y hules sintéticos, y fibras químicas",0.3119319594154858,importaciones_eeuu,completa,T0,2.191593361143846,-2.3566590772428357,1.2991664211568394,0.9651594299954802,0.7085550914802801
3253,0.27400975591853305,2.5837158422444784,"Fabricación de fertilizantes, pesticidas y otros agroquímicos",0.1679807884786191,importaciones_eeuu,completa,T0,4.2034232399861216,-2.21518876230059,1.3172182757812505,0.9536881641367381,0.7085550914802801
3254,-4.706621168137529,0.1348616622637449,Fabricación de productos farmacéuticos,0.1290966945098601,importaciones_eeuu,completa,T0,2.4365292864020915,-2.5723658759171046,1.304377435022792,0.9757010412267335,0.7085550914802801
3255,-5.533315375587772,-0.12211093860817397,"Fabricación de pinturas, recubrimientos y adhesivos",0.0704773870608603,importaciones_eeuu,completa,T0,2.014227496805638,-2.8946321083034094,1.2937688041090472,0.9873687294171946,0.7085550914802801
3256,0.497735169727148,-2.3004324230065385,"Fabricación de jabones, limpiadores y preparaciones de tocador",0.2434658656862863,importaciones_eeuu,completa,T0,1.813857717015531,-1.6590563943731107,1.284869208039731,0.9016873210070291,0.7085550914802801
3259,-3.207968795935216,-0.7218217300767003,Fabricación de otros productos químicos,0.3514735701280596,importaciones_eeuu,completa,T0,1.5779650923971174,-2.3785730547946837,1.2670600690156641,0.9697572454623032,0.7085550914802801
3261,-1.0553587074365327,-1.5383434350272034,Fabricación de productos de plástico,0.2303591490643638,importaciones_eeuu,completa,T0,1.2270565156674034,-1.4460431858295197,1.1908923849802873,0.8876742015109038,0.7085550914802801
3262,-3.23887733359689,-0.8972305416362266,Fabricación de productos de hule,0.4171737487232005,importaciones_eeuu,completa,T0,1.7345108376454919,-2.2395147417063925,1.2800630187093236,0.9599006868284953,0.7085550914802801
3271,-4.3092811125453645,-0.04961408466768952,Fabricación de productos a base de arcillas y minerales refractarios,0.3488287256548686,importaciones_eeuu,completa,T0,1.450624697530059,-2.8830191085826273,1.2507650413758815,0.9894168406425697,0.7085550914802801
3272,-2.6269511225442277,-1.763117214022835,Fabricación de vidrio y productos de vidrio,0.272472982882299,importaciones_eeuu,completa,T0,1.40145580883041,-2.346610303377817,1.242197427789381,0.9705594443185925,0.7085550914802801
3273,-0.7527782670007186,-3.56149912975951,Fabricación de cemento y productos de concreto,0.0343074151008847,importaciones_eeuu,completa,T0,2.547899687043394,-2.3217246054002256,1.3061744466550338,0.9622569647850391,0.7085550914802801
3274,-2.9643038364215517,-0.2323172575908187,"Fabricación de cal, yeso y productos de yeso",0.1199075903205221,importaciones_eeuu,completa,T0,2.0715119085466003,-2.442363440794871,1.2957094364894626,0.9702825361217476,0.7085550914802801
3279,-3.3000165237261214,-2.1807071361162276,Fabricación de otros productos a base de minerales no metálicos,0.2243733059375072,importaciones_eeuu,completa,T0,1.6497569291948382,-2.490761056742108,1.2737307399527333,0.9747370600807229,0.7085550914802801
3311,-0.8062124350414077,-2.8557370110865206,Industria básica del hierro y del acero,0.279574215702268,importaciones_eeuu,completa,T0,3.8502385894245514,-2.0929077545561467,1.31607550373606,0.9441123673758562,0.7085550914802801
3312,-2.8852732358831705,-0.8002956456687187,Fabricación de productos de hierro y acero,0.0669975578374552,importaciones_eeuu,completa,T0,2.682546410232294,-2.4633697760468847,1.3080065906722171,0.9701701881848163,0.7085550914802801
3313,-8.218639510051249,-2.5115992077917837,Industria básica del aluminio,0.2650002880058719,importaciones_eeuu,completa,T0,3.2266932193595292,-2.474869112003586,1.3129664992200614,0.9702813410747005,0.7085550914802801
3314,3.4085668230802875,1.8078808372836839,"Industrias de metales no ferrosos, excepto aluminio",0.4934732886739018,importaciones_eeuu,completa,T0,2.9887096291472677,-1.5288552184819983,1.311170973863161,0.8781973814592332,0.7085550914802801
3315,0.2075740405280002,0.12027209116332759,Moldeo por fundición de piezas metálicas,0.0974402319506194,importaciones_eeuu,completa,T0,2.1708664686036023,-2.0582910636382046,1.298621307827003,0.9435147587679551,0.7085550914802801
3321,-2.9276246549270617,-2.4714282262765295,Fabricación de productos metálicos forjados y troquelados,0.4526204884780047,importaciones_eeuu,completa,T0,2.6260971948553173,-1.989979508178482,1.3072785905719495,0.936024348173612,0.7085550914802801
3322,-0.16735375756512247,-0.47482975482337436,Fabricación de herramientas de mano sin motor y utensilios de cocina metálicos,0.4783144421423179,importaciones_eeuu,completa,T0,1.9467520685169688,-1.5907804214050671,1.2911832418116396,0.8910316298440157,0.7085550914802801
3323,-0.583533939754708,-1.1917170675294078,Fabricación de estructuras metálicas y productos de herrería,0.2249299265714363,importaciones_eeuu,completa,T0,1.9056102227408995,-1.9305890809249857,1.2894207732001968,0.9328362762955926,0.7085550914802801
3324,1.350094201423505,0.17234095288965978,"Fabricación de calderas, tanques y envases metálicos",0.2575554192946691,importaciones_eeuu,completa,T0,2.060505253456111,-1.6652515993770765,1.295352875032962,0.9007013656145921,0.7085550914802801
3325,-1.965708968715257,-1.3723643451162193,Fabricación de herrajes y cerraduras,0.8134327973740351,importaciones_eeuu,completa,T0,1.6222628174858835,-1.5645775439204883,1.271339712156766,0.8907735915609807,0.7085550914802801
3326,-3.878384237255568,0.02691690119048483,"Fabricación de alambre, productos de alambre y resortes",0.3138914060002775,importaciones_eeuu,completa,T0,1.7564991601748141,-2.4770246299286818,1.2814899488702929,0.9733773134110411,0.7085550914802801
3327,-3.1652592251080724,-0.5695415927405342,Maquinado de piezas y fabricación de tornillos,0.1233232283296124,importaciones_eeuu,completa,T0,2.008108121779036,-2.4759262550406067,1.2935484681576095,0.97219360076621,0.7085550914802801
3329,-1.7649041285860558,-1.0910362296612388,Fabricación de otros productos metálicos,0.6293046757254936,importaciones_eeuu,completa,T0,1.3044690914949504,-1.7188413975165457,1.2191155671928204,0.9207166483704039,0.7085550914802801
3331,-1.3842159474223328,0.29192695032554133,"Fabricación de maquinaria y equipo agropecuario, para la construcción y para la industria extractiva",0.519899184727109,importaciones_eeuu,completa,T0,1.5840300977845645,-1.6928614630589374,1.2676801570531422,0.9091274458344415,0.7085550914802801
3332,6.6297499284809325,-1.1581893253601823,"Fabricación de maquinaria y equipo para las industrias manufactureras, excepto la metalmecánica",0.6992566972513394,importaciones_eeuu,completa,T0,4.066610255286059,-1.3125452404064277,1.316813130503519,0.8405592299095962,0.7085550914802801
3333,-1.6354189543912316,1.296554684464819,Fabricación de maquinaria y equipo para el comercio y los servicios,0.8664849575372038,importaciones_eeuu,completa,T0,2.4787530191122653,-1.374144808960448,1.3050928363278673,0.8538087928227724,0.7085550914802801
3334,-1.4024369891936026,-2.2768556126473882,"Fabricación de equipo de aire acondicionado, calefacción, y de refrigeración industrial y comercial",0.8482017522901368,importaciones_eeuu,completa,T0,1.6040691591429614,-1.3804081260014982,1.2696499504538001,0.8615335623537994,0.7085550914802801
3335,0.19551918276967967,-6.083045021015752,Fabricación de maquinaria y equipo para la industria metalmecánica,0.6052735791408839,importaciones_eeuu,completa,T0,2.450013599894046,-1.5192804825284802,1.3046107288542466,0.877898791674831,0.7085550914802801
3336,-0.6766804711127804,0.045758970306752085,"Fabricación de motores de combustión interna, turbinas y transmisiones",0.8385248456652771,importaciones_eeuu,completa,T0,1.7811815008769236,-1.2385719839352238,1.2830016390670465,0.832820373919239,0.7085550914802801
3339,-2.7624766798722487,-0.9038402156480463,Fabricación de otra maquinaria y equipo para la industria en general,0.6417221502759753,importaciones_eeuu,completa,T0,1.3715557672680887,-2.1425636566766135,1.2361003048732633,0.9584810470308482,0.7085550914802801
3341,1.1428975950003757,0.9151999540956506,Fabricación de computadoras y equipo periférico,0.7847307234340066,importaciones_eeuu,completa,T0,3.144768805195138,-1.3150376052085344,1.3123994750681487,0.8418306565566137,0.7085550914802801
3342,-0.71749021912077,0.5461106784908586,Fabricación de equipo de comunicación,0.895054776922478,importaciones_eeuu,completa,T0,2.267714999196871,-1.2412314945255318,1.301011070941973,0.8299711993359161,0.7085550914802801
3343,-0.45494262970493016,-2.9558581220651137,Fabricación de equipo de audio y de video,0.9478363435009872,importaciones_eeuu,completa,T0,2.340154689167957,-1.1543735545686333,1.3025647912291918,0.8122535221528348,0.7085550914802801
3344,-2.7948258193890907,-2.992825608828419,Fabricación de componentes electrónicos,0.4744887481943934,importaciones_eeuu,completa,T0,2.1143701135681567,-2.0007885978362365,1.2970301584197723,0.9385351234076149,0.7085550914802801
3345,-0.7713549904881424,-1.0400895350867463,"Fabricación de instrumentos de medición, control, navegación, y equipo médico electrónico",0.9203173609236356,importaciones_eeuu,completa,T0,1.3921869244095453,-1.0627038825453345,1.240387474307077,0.8042088945044881,0.7085550914802801
3346,0.37683245696858764,-1.7951693881517818,Fabricación y reproducción de medios magnéticos y ópticos,0.6054992436078728,importaciones_eeuu,completa,T0,5.111952255367814,-1.6589700045536875,1.3191017636834979,0.8957410481018507,0.7085550914802801
3351,-1.4814739772324172,-0.74004708697804,Fabricación de accesorios de iluminación,0.831395116765869,importaciones_eeuu,completa,T0,1.527757931943654,-1.4221812609846727,1.2614485366191956,0.8702173509353994,0.7085550914802801
3352,-2.067147281099923,-1.8035338080782073,Fabricación de aparatos eléctricos de uso doméstico,0.3900028883753999,importaciones_eeuu,completa,T0,1.3931644660285993,-2.0231403033621653,1.2405816107869065,0.9485337203180149,0.7085550914802801
3353,-1.1790917807061476,-1.1277699765842422,Fabricación de equipo de generación y distribución de energía eléctrica,0.8989208694711824,importaciones_eeuu,completa,T0,1.3509400913644742,-1.2456351646799677,1.231420902733893,0.8441216885700323,0.7085550914802801
3359,-1.6982077828802769,-0.4105951449459719,Fabricación de otros equipos y accesorios eléctricos,0.7464127593691879,importaciones_eeuu,completa,T0,1.3114825574758586,-1.6068135678393087,1.2211509419630409,0.9058825937512689,0.7085550914802801
3361,-3.579114209390029,1.756256954261413,Fabricación de automóviles y camiones,0.6801529750236635,importaciones_eeuu,completa,T0,2.4543815097061,-1.787489752629114,1.3046853112193644,0.9146650277997495,0.7085550914802801
3362,-5.154887924461767,-3.1425417551532915,Fabricación de carrocerías y remolques,0.4826387565231524,importaciones_eeuu,completa,T0,2.8309399973031684,-2.093242994161323,1.3096869705083143,0.9450093648076848,0.7085550914802801
3363,-4.184318761882578,0.46255961727525097,Fabricación de partes para vehículos automotores,0.5296068171162411,importaciones_eeuu,completa,T0,2.4298739548656285,-2.0344056173542873,1.3042605644447471,0.9405982356666949,0.7085550914802801
3364,0.8308392563608747,-0.8252942913926288,Fabricación de equipo aeroespacial,0.9896704181454756,importaciones_eeuu,completa,T0,2.059627952452766,-0.8920047923025087,1.295324134329355,0.7544733245490356,0.7085550914802801
3365,0.21160551842412978,0.1900637747318964,Fabricación de equipo ferroviario,0.8018618332294466,importaciones_eeuu,completa,T0,3.9495568482896335,-1.3790383585168908,1.3164302055444261,0.8525790906926458,0.7085550914802801
3366,5.793090554324898,-2.226265023583339,Fabricación de embarcaciones,0.5822911532336551,importaciones_eeuu,completa,T0,5.279213952536802,-1.592133057426919,1.319342894108279,0.8862381202876877,0.7085550914802801
3369,-13.469145705486735,4.268352396524179,Fabricación de otro equipo de transporte,0.6740711386128929,importaciones_eeuu,completa,T0,4.267037453863661,-1.9484200518373105,1.3173927279485258,0.9304294578617552,0.7085550914802801
3371,-3.712879082234889,-0.7232490692400984,"Fabricación de muebles, excepto de oficina y estantería",0.3642278188643361,importaciones_eeuu,completa,T0,1.7404478538351642,-2.3969803055390604,1.2804561158632624,0.9693948860896457,0.7085550914802801
3372,-2.160439167491686,-0.9253989380964398,Fabricación de muebles de oficina y estantería,0.2214380514733216,importaciones_eeuu,completa,T0,1.965843163272899,-2.209617030994679,1.291951009032486,0.9563943091522193,0.7085550914802801
3379,-3.292974638779894,-1.0552447061209294,"Fabricación de colchones, persianas y cortineros",0.3523025337449802,importaciones_eeuu,completa,T0,2.029351950346915,-2.228407863770993,1.2943021768237417,0.9574386078633735,0.7085550914802801
3391,-1.4467774809262857,-1.3433903901642352,"Fabricación de equipo no electrónico y material desechable de uso médico, dental y para laboratorio, y artículos oftálmicos",0.7835186733412709,importaciones_eeuu,completa,T0,1.44597893098127,-1.4547340848212973,1.2500227103806745,0.8777405980217053,0.7085550914802801
3399,-2.160599456144732,-0.787510045297045,Otras industrias manufactureras,0.618987370047973,importaciones_eeuu,completa,T0,1.5327402713154537,-1.831727433687926,1.26204662382995,0.9266649693462137,0.7085550914802801
3111,1.5303921792195105,0.7425518712887358,Elaboración de alimentos para animales,0.02886946578166,importaciones_eeuu,sin pandemia,T1,4.72196657400366,-0.7978501254431702,0.7475448799998843,0.8570804396890896,0.0
3112,-0.7514064899940871,-0.4252308729938219,Molienda de granos y de semillas y obtención de aceites y grasas,0.0609807080676099,importaciones_eeuu,sin pandemia,T1,1.3483866736896435,-0.7649219035993777,0.7475448799998843,0.8469040977969222,0.0
3113,1.299321539945942,0.769681736868339,"Elaboración de azúcares, chocolates, dulces y similares",0.2016423568218791,importaciones_eeuu,sin pandemia,T1,2.854902775547331,-0.6206815178226868,0.7475448799998843,0.7968135171003439,0.0
3114,-0.39701535601615967,2.344259686026521,"Conservación de frutas, verduras, guisos y otros alimentos preparados",0.3156513149608729,importaciones_eeuu,sin pandemia,T1,1.4577959018695403,-0.5037719248411955,0.7475448799998843,0.749813162150348,0.0
3115,-5.188138583262224,0.21029492196488492,Elaboración de productos lácteos,0.0498313429839448,importaciones_eeuu,sin pandemia,T1,2.8647764993968106,-0.7763549326806909,0.7475448799998843,0.8504905367802118,0.0
3116,1.9369030374203486,-0.5337870771069392,"Matanza, empacado y procesamiento de carne de ganado, aves y otros animales comestibles",0.044361709007407,importaciones_eeuu,sin pandemia,T1,1.7680602459172543,-0.7819637259930128,0.7475448799998843,0.8522292979717963,0.0
3117,-3.659803358145707,-1.4721755795621918,Preparación y envasado de pescados y mariscos,0.7478643561015712,importaciones_eeuu,sin pandemia,T1,3.612727028685288,-0.06056244774512237,0.7475448799998843,0.5322850410942509,0.0
3118,-1.3093247303849964,0.3904423744536628,Elaboración de productos de panadería y tortillas,0.043199849411286,importaciones_eeuu,sin pandemia,T1,1.552564110372913,-0.7831551458138881,0.7475448799998843,0.8525968949044369,0.0
3119,-2.3538000537501462,-0.5690412280627396,Otras industrias alimentarias,0.1089707298904361,importaciones_eeuu,sin pandemia,T1,1.304321966037485,-0.7157109116732918,0.7475448799998843,0.8308211625754723,0.0
3121,-2.4932287243855744,-1.0890182029017277,Industria de las bebidas,0.2419442465750293,importaciones_eeuu,sin pandemia,T1,1.5500622851243169,-0.5793542606988957,0.7475448799998843,0.7808329283804176,0.0
3122,1.6773587651446482,12.853181727644913,Industria del tabaco,0.1071479040489181,importaciones_eeuu,sin pandemia,T1,7.202168759212293,-0.7175801141525233,0.7475448799998843,0.8314511940095604,0.0
3131,-1.6891932448413607,-1.798931419521869,"Preparación e hilado de fibras textiles, y fabricación de hilos",0.2001267979454507,importaciones_eeuu,sin pandemia,T1,2.1569894916580816,-0.6222356357996857,0.7475448799998843,0.7974005780707577,0.0
3132,0.5506718239214645,-0.8265206671273654,Fabricación de telas,0.1336042055792961,importaciones_eeuu,sin pandemia,T1,1.0854798474350735,-0.6904507070059264,0.7475448799998843,0.822159052754101,0.0
3133,1.4556037498283252,-2.604703030663439,Acabado de productos textiles y fabricación de telas recubiertas,0.3062290364360683,importaciones_eeuu,sin pandemia,T1,2.135204672129839,-0.5134339265406601,0.7475448799998843,0.7539040893578595,0.0
3141,2.0135294751613846,-4.025008795475858,"Confección de alfombras, blancos y similares",0.5072465584471345,importaciones_eeuu,sin pandemia,T1,1.458409417372533,-0.30730208335856,0.7475448799998843,0.6594937169349537,0.0
3149,-0.34264374086172034,-1.3866633862224942,"Fabricación de otros productos textiles, excepto prendas de vestir",0.3944218335152466,importaciones_eeuu,sin pandemia,T1,0.9785519162991465,-0.42299731367506543,0.7475448799998843,0.7142516882058366,0.0
3151,1.808608043894024,-3.378824867741331,Fabricación de prendas de vestir de tejido de punto,0.3365154443339868,importaciones_eeuu,sin pandemia,T1,3.503365694762988,-0.4823769668243864,0.7475448799998843,0.7406276473869076,0.0
3152,0.516074520438793,-1.036101299254875,Confección de prendas de vestir,0.4259861529321015,importaciones_eeuu,sin pandemia,T1,1.1249477536851316,-0.3906299296028119,0.7475448799998843,0.6993564426184214,0.0
3159,-2.06934539354296,1.3872949766490617,Confección de accesorios de vestir y otras prendas de vestir no clasificados en otra parte,0.6664841032423205,importaciones_eeuu,sin pandemia,T1,1.7761812352923858,-0.14401319050962247,0.7475448799998843,0.5763827609417737,0.0
3161,-0.7015055524686342,-1.6713666549405248,Curtido y acabado de cuero y piel,0.262669438610518,importaciones_eeuu,sin pandemia,T1,2.258138903307852,-0.5581017748865242,0.7475448799998843,0.7723413239139977,0.0
3162,-0.32365274399020316,-3.034995551382825,Fabricación de calzado,0.1604241815757467,importaciones_eeuu,sin pandemia,T1,2.000319470524852,-0.6629483727271082,0.7475448799998843,0.8124159166742639,0.0
3169,1.3754992630151224,-2.217493122382122,"Fabricación de otros productos de cuero, piel y materiales sucedáneos",0.6136094363212712,importaciones_eeuu,sin pandemia,T1,1.6154658245660307,-0.1982331034855446,0.7475448799998843,0.6045641625770302,0.0
3211,-3.1752452598875096,-1.282189977914405,Aserrado y conservación de la madera,0.0034917286527276,importaciones_eeuu,sin pandemia,T1,4.95890840596183,-0.8238735271737403,0.7475448799998843,0.8647921548587105,0.0
3212,-0.014324263209632149,0.5414331733007264,Fabricación de laminados y aglutinados de madera,0.0775332943220637,importaciones_eeuu,sin pandemia,T1,3.389522223355207,-0.7479481836971225,0.7475448799998843,0.8414752551067874,0.0
3219,0.011847082548123618,-1.673362126559541,Fabricación de otros productos de madera,0.1827036170504173,importaciones_eeuu,sin pandemia,T1,1.4851570800538638,-0.6401021001559155,0.7475448799998843,0.8040764571206047,0.0
3221,-1.344507175640694,0.6050682368154116,"Fabricación de pulpa, papel y cartón",0.0619018679380005,importaciones_eeuu,sin pandemia,T1,2.307961992555288,-0.7639773074266194,0.7475448799998843,0.8466052571247167,0.0
3222,-1.9447135566398575,-1.0534798402409824,Fabricación de productos de cartón y papel,0.1574973850413846,importaciones_eeuu,sin pandemia,T1,1.2202389665121898,-0.6659496333048494,0.7475448799998843,0.8134949169484882,0.0
3231,-0.8045017485058571,-3.8441879820814866,Impresión e industrias conexas,0.1024504665734745,importaciones_eeuu,sin pandemia,T1,2.163838830199841,-0.7223970646121582,0.7475448799998843,0.8330678281420074,0.0
3241,2.7707357738985174,-2.2234599704423825,Fabricación de productos derivados del petróleo y del carbón,0.0588949583065286,importaciones_eeuu,sin pandemia,T1,4.442469896380803,-0.7670607193521888,0.7475448799998843,0.847579325192059,0.0
3251,-0.49726262006957367,-3.0690789005188703,Fabricación de productos químicos básicos,0.135778270214786,importaciones_eeuu,sin pandemia,T1,1.9950590300506255,-0.6882213294570085,0.7475448799998843,0.8213813571870505,0.0
3252,-3.3824409726129177,0.597064880743383,"Fabricación de resinas y hules sintéticos, y fibras químicas",0.3119319594154858,importaciones_eeuu,sin pandemia,T1,1.9827957781195409,-0.5075859088479131,0.7475448799998843,0.75143231301031,0.0
3253,4.135856570825579,4.4877225308810464,"Fabricación de fertilizantes, pesticidas y otros agroquímicos",0.1679807884786191,importaciones_eeuu,sin pandemia,T1,4.356136837231312,-0.6551995093767484,0.7475448799998843,0.8096122921991193,0.0
3254,-2.540889946046106,-0.6728802284605496,Fabricación de productos farmacéuticos,0.1290966945098601,importaciones_eeuu,sin pandemia,T1,2.3540593479833496,-0.6950728989203974,0.7475448799998843,0.8237646405788106,0.0
3255,-1.54506522179742,-1.0585766834726376,"Fabricación de pinturas, recubrimientos y adhesivos",0.0704773870608603,importaciones_eeuu,sin pandemia,T1,1.6850658131705465,-0.755183608522396,0.7475448799998843,0.8438046722689221,0.0
3256,0.05934253824976445,-2.3129354133195954,"Fabricación de jabones, limpiadores y preparaciones de tocador",0.2434658656862863,importaciones_eeuu,sin pandemia,T1,1.1234076037423513,-0.5777939283015674,0.7475448799998843,0.7802157457166023,0.0
3259,-1.117201089687962,-1.6068716766986508,Fabricación de otros productos químicos,0.3514735701280596,importaciones_eeuu,sin pandemia,T1,1.3671942180023555,-0.46703827391028213,0.7475448799998843,0.7339366436452456,0.0
3261,0.38869164381999854,-1.7772820462000085,Fabricación de productos de plástico,0.2303591490643638,importaciones_eeuu,sin pandemia,T1,0.9223565515375715,-0.591234108183964,0.7475448799998843,0.7854991625014054,0.0
3262,0.24209058439524905,-2.351863667295141,Fabricación de productos de hule,0.4171737487232005,importaciones_eeuu,sin pandemia,T1,1.0746795347935219,-0.39966654046276695,0.7475448799998843,0.7035501956906562,0.0
3271,-1.7198155129329866,-0.7691847693465078,Fabricación de productos a base de arcillas y minerales refractarios,0.3488287256548686,importaciones_eeuu,sin pandemia,T1,1.1245579543829383,-0.46975040895569786,0.7475448799998843,0.7351260554910539,0.0
3272,-1.2321071078647285,-1.7610628598612996,Fabricación de vidrio y productos de vidrio,0.272472982882299,importaciones_eeuu,sin pandemia,T1,1.1649096833120378,-0.5480488072136449,0.7475448799998843,0.7682609293368232,0.0
3273,-0.9776193164312879,-3.6110450308868107,Fabricación de cemento y productos de concreto,0.0343074151008847,importaciones_eeuu,sin pandemia,T1,2.320902838528532,-0.7922738229144737,0.7475448799998843,0.8553900413119158,0.0
3274,-1.6525039224830573,0.29037168444482453,"Fabricación de cal, yeso y productos de yeso",0.1199075903205221,importaciones_eeuu,sin pandemia,T1,1.9598586611015552,-0.7044957938242373,0.7475448799998843,0.8270093079406879,0.0
3279,-1.8835755760480404,-1.7209826973912716,Fabricación de otros productos a base de minerales no metálicos,0.2243733059375072,importaciones_eeuu,sin pandemia,T1,1.4049403635085176,-0.597372244125516,0.7475448799998843,0.7878873259958641,0.0
3311,0.06411376877604423,-1.0397134000853343,Industria básica del hierro y del acero,0.279574215702268,importaciones_eeuu,sin pandemia,T1,3.3532818245042804,-0.5407669036492142,0.7475448799998843,0.7652800130313877,0.0
3312,-1.1449539839005434,-0.44939808032185635,Fabricación de productos de hierro y acero,0.0669975578374552,importaciones_eeuu,sin pandemia,T1,2.5840114506182332,-0.7587519721386778,0.7475448799998843,0.8449451474009673,0.0
3313,-5.003051519454633,-2.4537398059228113,Industria básica del aluminio,0.2650002880058719,importaciones_eeuu,sin pandemia,T1,3.1503873690702644,-0.5557116236338502,0.7475448799998843,0.7713748678595264,0.0
3314,4.672841602868916,1.488089579037978,"Industrias de metales no ferrosos, excepto aluminio",0.4934732886739018,importaciones_eeuu,sin pandemia,T1,3.1847942716142623,-0.3214257749482139,0.7475448799998843,0.6663931668791481,0.0
3315,3.0198230644738118,-1.163990144196498,Moldeo por fundición de piezas metálicas,0.0974402319506194,importaciones_eeuu,sin pandemia,T1,2.087165827629958,-0.7275347704561643,0.7475448799998843,0.8347810520844269,0.0
3321,-1.1064946160704878,-3.001582744183175,Fabricación de productos metálicos forjados y troquelados,0.4526204884780047,importaciones_eeuu,sin pandemia,T1,2.547714799990301,-0.3633179588697068,0.7475448799998843,0.6865217032743063,0.0
3322,0.9386436229794842,0.8029016484335384,Fabricación de herramientas de mano sin motor y utensilios de cocina metálicos,0.4783144421423179,importaciones_eeuu,sin pandemia,T1,1.8997643204216994,-0.3369702953701598,0.7475448799998843,0.6739220913875168,0.0
3323,0.27722918062409974,-0.555597078871368,Fabricación de estructuras metálicas y productos de herrería,0.2249299265714363,importaciones_eeuu,sin pandemia,T1,1.757115780917871,-0.5968014618569999,0.7475448799998843,0.78766590960416,0.0
3324,0.35851432557533175,-0.3063011483168341,"Fabricación de calderas, tanques y envases metálicos",0.2575554192946691,importaciones_eeuu,sin pandemia,T1,1.7990725408463166,-0.5633459059309152,0.7475448799998843,0.774453704733932,0.0
3325,-0.327854493914483,-2.071117633800734,Fabricación de herrajes y cerraduras,0.8134327973740351,importaciones_eeuu,sin pandemia,T1,1.0662806789418557,0.006674196696879076,0.7475448799998843,0.4964382287298126,0.0
3326,-1.4816718265574866,-0.9725151819730625,"Fabricación de alambre, productos de alambre y resortes",0.3138914060002775,importaciones_eeuu,sin pandemia,T1,1.2612243396291103,-0.5055766096977736,0.7475448799998843,0.7505800016009059,0.0
3327,-1.5186629365564275,-1.1964646671487322,Maquinado de piezas y fabricación de tornillos,0.1233232283296124,importaciones_eeuu,sin pandemia,T1,1.8557762593172726,-0.7009932545858029,0.7475448799998843,0.8258077191367224,0.0
3329,-0.6443568644871885,-1.3265160261844233,Fabricación de otros productos metálicos,0.6293046757254936,importaciones_eeuu,sin pandemia,T1,0.9688197760485622,-0.18213854319443426,0.7475448799998843,0.5962486524427358,0.0
3331,1.0676672369017524,-0.39962285582220236,"Fabricación de maquinaria y equipo agropecuario, para la construcción y para la industria extractiva",0.519899184727109,importaciones_eeuu,sin pandemia,T1,1.2126169494159527,-0.29432754685998624,0.7475448799998843,0.6531081758716003,0.0
3332,8.840459383759269,-2.360273552645962,"Fabricación de maquinaria y equipo para las industrias manufactureras, excepto la metalmecánica",0.6992566972513394,importaciones_eeuu,sin pandemia,T1,4.369667174648235,-0.11040679072241472,0.7475448799998843,0.5587072843551781,0.0
3333,0.4803489663494415,-0.511069727922563,Fabricación de maquinaria y equipo para el comercio y los servicios,0.8664849575372038,importaciones_eeuu,sin pandemia,T1,2.162294017955743,0.061076118727456774,0.7475448799998843,0.46744173388390325,0.0
3334,0.7026183070877098,-2.0056980029882854,"Fabricación de equipo de aire acondicionado, calefacción, y de refrigeración industrial y comercial",0.8482017522901368,importaciones_eeuu,sin pandemia,T1,1.503487852995637,0.04232774913683429,0.7475448799998843,0.4774230144964958,0.0
3335,1.7834223251554853,-4.6955713917601605,Fabricación de maquinaria y equipo para la industria metalmecánica,0.6052735791408839,importaciones_eeuu,sin pandemia,T1,2.4356808682335767,-0.20678104292836286,0.7475448799998843,0.6089615703699215,0.0
3336,1.9158695369815828,-0.9797778964329897,"Fabricación de motores de combustión interna, turbinas y transmisiones",0.8385248456652771,importaciones_eeuu,sin pandemia,T1,1.5271340429508253,0.032404641046915594,0.7475448799998843,0.4827120293754587,0.0
3339,-1.471391359806231,-1.2915490392286162,Fabricación de otra maquinaria y equipo para la industria en general,0.6417221502759753,importaciones_eeuu,sin pandemia,T1,1.0611926002470518,-0.16940514119469863,0.7475448799998843,0.5896385706058686,0.0
3341,1.2283917998315457,0.1568357396869357,Fabricación de computadoras y equipo periférico,0.7847307234340066,importaciones_eeuu,sin pandemia,T1,3.467657483756862,-0.022758120173892393,0.7475448799998843,0.5121434502838915,0.0
3342,-0.011746205800687234,0.05188449794726891,Fabricación de equipo de comunicación,0.895054776922478,importaciones_eeuu,sin pandemia,T1,2.377398069224506,0.09037281620113302,0.7475448799998843,0.4518879606181106,0.0
3343,1.7037058585219822,-4.877131222924879,Fabricación de equipo de audio y de video,0.9478363435009872,importaciones_eeuu,sin pandemia,T1,2.2531514162415887,0.1444972601601422,0.7475448799998843,0.42336367104273764,0.0
3344,-2.826761785522996,-2.3508738299034477,Fabricación de componentes electrónicos,0.4744887481943934,importaciones_eeuu,sin pandemia,T1,2.1529482183113218,-0.3408933232587081,0.7475448799998843,0.6758111951996472,0.0
3345,0.14894113837986286,-0.9569013320223996,"Fabricación de instrumentos de medición, control, navegación, y equipo médico electrónico",0.9203173609236356,importaciones_eeuu,sin pandemia,T1,1.0281026911426043,0.11627813505893181,0.7475448799998843,0.43819517249891554,0.0
3346,1.37166051920255,-0.024161247103423295,Fabricación y reproducción de medios magnéticos y ópticos,0.6054992436078728,importaciones_eeuu,sin pandemia,T1,5.890981976013579,-0.20654963706853655,0.7475448799998843,0.6088427062715723,0.0
3351,-0.7821178271694311,-1.3059262273813164,Fabricación de accesorios de iluminación,0.831395116765869,importaciones_eeuu,sin pandemia,T1,1.369031862392721,0.025093516401061222,0.7475448799998843,0.4866108574959992,0.0
3352,-0.2294218283430593,-2.899322594954558,Fabricación de aparatos eléctricos de uso doméstico,0.3900028883753999,importaciones_eeuu,sin pandemia,T1,1.1600163036170612,-0.4275286863508615,0.7475448799998843,0.7163086587774752,0.0
3353,0.12410570477700547,-1.4220531451911782,Fabricación de equipo de generación y distribución de energía eléctrica,0.8989208694711824,importaciones_eeuu,sin pandemia,T1,0.9914418915090876,0.09433727051836993,0.7475448799998843,0.44978833752394776,0.0
3359,0.00854622670731376,-1.1298963846004813,Fabricación de otros equipos y accesorios eléctricos,0.7464127593691879,importaciones_eeuu,sin pandemia,T1,1.0387622579597169,-0.06205097624258743,0.7475448799998843,0.5330767570473097,0.0
3361,0.03383396949483408,-1.0733708689191175,Fabricación de automóviles y camiones,0.6801529750236635,importaciones_eeuu,sin pandemia,T1,1.4106420156502388,-0.12999655302290175,0.7475448799998843,0.5690271843476999,0.0
3362,-2.2183069579595593,-5.378665598085257,Fabricación de carrocerías y remolques,0.4826387565231524,importaciones_eeuu,sin pandemia,T1,3.1293523240321246,-0.3325359610648587,0.7475448799998843,0.6717813872777696,0.0
3363,-1.2627230297065755,-1.3390938687360658,Fabricación de partes para vehículos automotores,0.5296068171162411,importaciones_eeuu,sin pandemia,T1,1.1068387117278058,-0.28437293127579905,0.7475448799998843,0.6481791476015689,0.0
3364,0.2650757495205027,-1.0837298023362687,Fabricación de equipo aeroespacial,0.9896704181454756,importaciones_eeuu,sin pandemia,T1,1.179181875780188,0.18739568427767372,0.7475448799998843,0.40103017602819535,0.0
3365,1.607465221289589,-2.7415501853014272,Fabricación de equipo ferroviario,0.8018618332294466,importaciones_eeuu,sin pandemia,T1,3.8128556180494986,-0.005191157838665861,0.7475448799998843,0.5027703429678542,0.0
3366,3.5501977927977193,1.1363459942637897,Fabricación de embarcaciones,0.5822911532336551,importaciones_eeuu,sin pandemia,T1,6.162967906183163,-0.23034819153142005,0.7475448799998843,0.6210119508144285,0.0
3369,-10.951498335252088,1.3924685521634217,Fabricación de otro equipo de transporte,0.6740711386128929,importaciones_eeuu,sin pandemia,T1,4.428916771229484,-0.1362331245254354,0.7475448799998843,0.572303094823048,0.0
3371,-1.9209345047171227,-0.7292187110058916,"Fabricación de muebles, excepto de oficina y estantería",0.3642278188643361,importaciones_eeuu,sin pandemia,T1,1.5787787132560693,-0.4539595294600003,0.7475448799998843,0.7281632182273793,0.0
3372,-2.2578563708468464,-1.2893140564507293,Fabricación de muebles de oficina y estantería,0.2214380514733216,importaciones_eeuu,sin pandemia,T1,1.9455128646440245,-0.6003821778211358,0.7475448799998843,0.7890526966984446,0.0
3379,-0.37970871676147444,-2.5819156817301154,"Fabricación de colchones, persianas y cortineros",0.3523025337449802,importaciones_eeuu,sin pandemia,T1,1.542872901081396,-0.4661882196633825,0.7475448799998843,0.7335632947793578,0.0
3391,-0.5539706883501007,-1.1126527500595214,"Fabricación de equipo no electrónico y material desechable de uso médico, dental y para laboratorio, y artículos oftálmicos",0.7835186733412709,importaciones_eeuu,sin pandemia,T1,1.1627822657748688,-0.02400100744633077,0.7475448799998843,0.5128064175507412,0.0
3399,0.9582863154318833,-1.8360280391849135,Otras industrias manufactureras,0.618987370047973,importaciones_eeuu,sin pandemia,T1,1.2421845897627062,-0.19271834347604055,0.7475448799998843,0.6017200251260281,0.0
3111,-0.058350032536435247,-0.34604448989474834,Elaboración de alimentos para animales,0.02886946578166,produccion,completa,E1,1.9619400397860634,-0.7971201171106657,1.7424822800910618,0.6763306371851899,1.82412741025175
3112,-0.9156255988167571,-0.7274107777609146,Molienda de granos y de semillas y obtención de aceites y grasas,0.0609807080676099,produccion,completa,E1,2.019209954111821,-1.3700656144720824,1.7659179779993597,0.7810775680689171,1.82412741025175
3113,-1.4974830928407699,1.6514977580342403,"Elaboración de azúcares, chocolates, dulces y similares",0.2016423568218791,produccion,completa,E1,3.9581356133404455,-2.102878850987871,2.105697263179557,0.8410206588162559,1.82412741025175
3114,0.18658432664643443,0.4832940504867638,"Conservación de frutas, verduras, guisos y otros alimentos preparados",0.3156513149608729,produccion,completa,E1,2.0752667653627483,-0.9518353817974401,1.7874012309786915,0.7028186953726411,1.82412741025175
3115,0.18559437545306495,0.05140293498983296,Elaboración de productos lácteos,0.0498313429839448,produccion,completa,E1,1.9483146760633387,-0.6474541964471816,1.736670829900594,0.6453563440228145,1.82412741025175
3116,0.9072090224418917,0.2148108740907766,"Matanza, empacado y procesamiento de carne de ganado, aves y otros animales comestibles",0.044361709007407,produccion,completa,E1,1.9977838857848633,-0.2602515492142645,1.7573329394612964,0.5588659513280695,1.82412741025175
3117,-0.4612157550667864,2.5513684193349166,Preparación y envasado de pescados y mariscos,0.7478643561015712,produccion,completa,E1,2.379680040315307,-1.9057848836359668,1.8833698282838327,0.8442074404130313,1.82412741025175
3118,0.7424147500910224,-0.7026641965815489,Elaboración de productos de panadería y tortillas,0.043199849411286,produccion,completa,E1,1.8802030018065279,-0.2123704658924337,1.706162142200079,0.5495294596659394,1.82412741025175
3119,-0.28042201918698884,0.4130732497618033,Otras industrias alimentarias,0.1089707298904361,produccion,completa,E1,1.8562002572003808,-0.894048730029751,1.6947994192742468,0.7010854015518003,1.82412741025175
3121,-1.8546072387613128,0.5215287809310744,Industria de las bebidas,0.2419442465750293,produccion,completa,E1,1.5375142113038176,-1.9261546668627032,1.5059518607271285,0.8995564102216949,1.82412741025175
3122,-17.34598599948293,10.308962755919449,Industria del tabaco,0.1071479040489181,produccion,completa,E1,6.310932053427427,-3.3199317827974903,2.192846007648386,0.9349849362852287,1.82412741025175
3131,-5.805017515461728,2.9167476426606274,"Preparación e hilado de fibras textiles, y fabricación de hilos",0.2001267979454507,produccion,completa,E1,3.2835562159779244,-3.20345370888346,2.044561562649244,0.9414212576962145,1.82412741025175
3132,-4.61949709989821,0.6637249804890144,Fabricación de telas,0.1336042055792961,produccion,completa,E1,2.0603609634457256,-3.5554296026819143,1.7818225973063533,0.9769997771272995,1.82412741025175
3133,-7.416098748594882,1.5698328795260907,Acabado de productos textiles y fabricación de telas recubiertas,0.3062290364360683,produccion,completa,E1,2.139804780258247,-5.118505717694898,1.8104995657686387,0.9976515888828874,1.82412741025175
3141,-7.516779705560861,1.904607614429331,"Confección de alfombras, blancos y similares",0.5072465584471345,produccion,completa,E1,3.314021680664325,-4.007813378547111,2.0480636148720754,0.9748191720505472,1.82412741025175
3149,-1.9811822900686493,0.280827043164646,"Fabricación de otros productos textiles, excepto prendas de vestir",0.3944218335152466,produccion,completa,E1,1.552318700439046,-2.0771892437872816,1.5166065549250713,0.9145987240934818,1.82412741025175
3151,-5.448040748111143,1.8246046171056307,Fabricación de prendas de vestir de tejido de punto,0.3365154443339868,produccion,completa,E1,2.2558742290632723,-3.9543222003964322,1.8481044288789437,0.9838090279303607,1.82412741025175
3152,-2.5467166196287736,0.19382538211573,Confección de prendas de vestir,0.4259861529321015,produccion,completa,E1,1.559268222187446,-2.557758384772058,1.5215332845705867,0.9536224319447739,1.82412741025175
3159,-2.261295483883256,0.4991642964402087,Confección de accesorios de vestir y otras prendas de vestir no clasificados en otra parte,0.6664841032423205,produccion,completa,E1,2.2904362691377154,-2.6407429442554493,1.8584182810502003,0.9223361893730163,1.82412741025175
3161,-8.72099157048287,1.6134707521993636,Curtido y acabado de cuero y piel,0.262669438610518,produccion,completa,E1,2.885497375532709,-4.487992481251165,1.9895129882134088,0.9879591931734505,1.82412741025175
3162,-3.49089184391064,0.4414849725899542,Fabricación de calzado,0.1604241815757467,produccion,completa,E1,1.811402456831,-3.0777297120035962,1.6726773074636756,0.9671160334606609,1.82412741025175
3169,-0.35423847577973916,-0.7914180525560146,"Fabricación de otros productos de cuero, piel y materiales sucedáneos",0.6136094363212712,produccion,completa,E1,1.8658826311033958,-1.2315216213998141,1.699422982330041,0.7656728868968177,1.82412741025175
3211,-0.7463581553408218,0.9838822131695166,Aserrado y conservación de la madera,0.0034917286527276,produccion,completa,E1,1.9292994060302,-1.1856082389724103,1.728402030787858,0.7536296628694246,1.82412741025175
3212,-5.296211975541397,-1.2969167562951207,Fabricación de laminados y aglutinados de madera,0.0775332943220637,produccion,completa,E1,2.219063776559833,-3.7091502617989214,1.8366900274434799,0.9782810823133021,1.82412741025175
3219,-2.5674161415631556,-0.03888640556504065,Fabricación de otros productos de madera,0.1827036170504173,produccion,completa,E1,1.8003340119069984,-2.458865091389207,1.6670199468289393,0.9298945886745185,1.82412741025175
3221,0.2509716669955178,-0.8766312271428227,"Fabricación de pulpa, papel y cartón",0.0619018679380005,produccion,completa,E1,1.7674430547413174,-0.4134412183806895,1.6497389200022485,0.5989422098340954,1.82412741025175
3222,-1.6377731069636408,0.11175531997352155,Fabricación de productos de cartón y papel,0.1574973850413846,produccion,completa,E1,1.7271056543773546,-1.783408699396473,1.6275408486052225,0.8634100463802119,1.82412741025175
3231,-0.925055285149771,-0.4965347016063514,Impresión e industrias conexas,0.1024504665734745,produccion,completa,E1,1.6587874863658194,-1.1941189026655912,1.587212714558074,0.7740757983560532,1.82412741025175
3241,0.16650025581944894,-1.3146587511256076,Fabricación de productos derivados del petróleo y del carbón,0.0588949583065286,produccion,completa,E1,2.521579680056326,-1.1010756735795697,1.9186055061767284,0.7169801424597351,1.82412741025175
3251,-3.0374256077384905,-0.39303312338038693,Fabricación de productos químicos básicos,0.135778270214786,produccion,completa,E1,2.3759293050868004,-2.5537737085980687,1.8823673566289114,0.9125588458619971,1.82412741025175
3252,-4.447211118469858,0.18210947171990766,"Fabricación de resinas y hules sintéticos, y fibras químicas",0.3119319594154858,produccion,completa,E1,1.7787752072677456,-3.844148801037372,1.6557736354314887,0.9898744623974467,1.82412741025175
3253,-1.5257068262248323,1.8228557317130685,"Fabricación de fertilizantes, pesticidas y otros agroquímicos",0.1679807884786191,produccion,completa,E1,3.2500699287200203,-2.0101307955093,2.0406105860162387,0.8377035342990906,1.82412741025175
3254,-0.6048267196277942,1.0352773497410686,Fabricación de productos farmacéuticos,0.1290966945098601,produccion,completa,E1,2.1981163545392217,-1.338318715181142,1.8299881205405244,0.7677101107530419,1.82412741025175
3255,-3.6265303002190907,-0.5950954956173712,"Fabricación de pinturas, recubrimientos y adhesivos",0.0704773870608603,produccion,completa,E1,1.6742091587364938,-3.2435035189888604,1.5966323969829506,0.9788960985329138,1.82412741025175
3256,-0.17729117375714382,-0.5368537626876176,"Fabricación de jabones, limpiadores y preparaciones de tocador",0.2434658656862863,produccion,completa,E1,1.8988417873394658,-0.9431760962452611,1.71476022262533,0.708851907587243,1.82412741025175
3259,-4.338239047283295,2.3257048329326597,Fabricación de otros productos químicos,0.3514735701280596,produccion,completa,E1,2.70047614033475,-3.183649467925563,1.9565117708906365,0.9481534193893828,1.82412741025175
3261,-3.375354713721835,0.8317364049874061,Fabricación de productos de plástico,0.2303591490643638,produccion,completa,E1,1.4459287928081999,-3.2745391761628553,1.4348526314016699,0.9887595563978623,1.82412741025175
3262,-5.837741419560984,2.6437177926123443,Fabricación de productos de hule,0.4171737487232005,produccion,completa,E1,2.199533772694424,-4.277604969724093,1.830446455577441,0.9902783000371953,1.82412741025175
3271,-1.9405275252158052,0.49187694731080944,Fabricación de productos a base de arcillas y minerales refractarios,0.3488287256548686,produccion,completa,E1,1.6439683801873968,-2.0621692465311185,1.5779788988928447,0.9043668269351592,1.82412741025175
3272,-2.2491600284439563,0.5328270143608714,Fabricación de vidrio y productos de vidrio,0.272472982882299,produccion,completa,E1,1.5117371778977378,-2.264908060396813,1.4868670628188159,0.9361550939038631,1.82412741025175
3273,-0.7144427037661357,-0.13861264479817725,Fabricación de cemento y productos de concreto,0.0343074151008847,produccion,completa,E1,1.6950813859880414,-1.0331885779231547,1.609082276663882,0.73959523615173,1.82412741025175
3274,-1.3586600669837636,-0.031990634834664904,"Fabricación de cal, yeso y productos de yeso",0.1199075903205221,produccion,completa,E1,1.5305708063464216,-1.4732480905182157,1.5008786779108954,0.8368491587332323,1.82412741025175
3279,-0.7612241676179479,0.05768812043471599,Fabricación de otros productos a base de minerales no metálicos,0.2243733059375072,produccion,completa,E1,1.658714497945948,-1.1139847259822777,1.5871676767982117,0.7586197523137572,1.82412741025175
3311,-6.10468613577601,0.425154930987442,Industria básica del hierro y del acero,0.279574215702268,produccion,completa,E1,3.6236421089439372,-3.217940024480501,2.079248603963856,0.9391461810119065,1.82412741025175
3312,-6.686563934568894,-1.144674429178,Fabricación de productos de hierro y acero,0.0669975578374552,produccion,completa,E1,2.6680753371692143,-3.810963188496549,1.9501226975610904,0.9746622280622266,1.82412741025175
3313,-7.837078377275717,-0.40776973575722364,Industria básica del aluminio,0.2650002880058719,produccion,completa,E1,2.2714329976497862,-5.059766604073705,1.8527946005873064,0.9968417622874879,1.82412741025175
3314,-1.141874237928362,0.7205391627442066,"Industrias de metales no ferrosos, excepto aluminio",0.4934732886739018,produccion,completa,E1,1.834192214194818,-1.6580477899914454,1.6840839407839143,0.8375749318308616,1.82412741025175
3315,-6.187705611589882,-0.9580883578103327,Moldeo por fundición de piezas metálicas,0.0974402319506194,produccion,completa,E1,2.69608662732332,-3.6239098994090795,1.955657678308052,0.9680616137332064,1.82412741025175
3321,-2.7844167259103747,0.16654159299150906,Fabricación de productos metálicos forjados y troquelados,0.4526204884780047,produccion,completa,E1,1.6457325794887314,-2.7553913367756877,1.5790876936641602,0.9595011335821019,1.82412741025175
3322,0.6863353377258798,0.1761601465367888,Fabricación de herramientas de mano sin motor y utensilios de cocina metálicos,0.4783144421423179,produccion,completa,E1,2.1661160485265105,-0.9015160471955577,1.8194485953822004,0.6898723683548782,1.82412741025175
3323,-0.09121066669506034,0.03776424768607415,Fabricación de estructuras metálicas y productos de herrería,0.2249299265714363,produccion,completa,E1,1.8183489226948713,-0.7909088034210006,1.6761882770543355,0.6814829352290992,1.82412741025175
3324,-0.6685501819844554,-0.8470316591846833,"Fabricación de calderas, tanques y envases metálicos",0.2575554192946691,produccion,completa,E1,1.7083600392864053,-1.1029286037513983,1.6168287121631943,0.7524296861682145,1.82412741025175
3325,-7.042898360838125,2.9971448500131768,Fabricación de herrajes y cerraduras,0.8134327973740351,produccion,completa,E1,2.8370282308450987,-4.554417449611658,1.9814032272106241,0.9892356517569827,1.82412741025175
3326,-2.751048492885001,0.22540158913610828,"Fabricación de alambre, productos de alambre y resortes",0.3138914060002775,produccion,completa,E1,1.9445647965409172,-2.6291865489094395,1.7350549365903025,0.9351559922232984,1.82412741025175
3327,0.5258516777318706,-0.6390197643936804,Maquinado de piezas y fabricación de tornillos,0.1233232283296124,produccion,completa,E1,1.74128036604893,-0.2108135416333381,1.6354715921661382,0.5512819148795561,1.82412741025175
3329,-5.808362301164028,1.039240818870602,Fabricación de otros productos metálicos,0.6293046757254936,produccion,completa,E1,1.7551645266360425,-4.9887509575819085,1.6431020131307974,0.9988020125095732,1.82412741025175
3331,-4.551162618465825,0.4399017090235687,"Fabricación de maquinaria y equipo agropecuario, para la construcción y para la industria extractiva",0.519899184727109,produccion,completa,E1,1.9716102269186508,-3.8518779920005914,1.7465504858016387,0.9862876944976008,1.82412741025175
3332,3.4270302018066126,-0.9559552222337916,"Fabricación de maquinaria y equipo para las industrias manufactureras, excepto la metalmecánica",0.6992566972513394,produccion,completa,E1,2.7054068144961767,-0.6309966016208719,1.9574669381692367,0.6264076011687061,1.82412741025175
3333,-6.164899971258894,0.1328390695398464,Fabricación de maquinaria y equipo para el comercio y los servicios,0.8664849575372038,produccion,completa,E1,2.496526416459062,-4.5353823155021225,1.9127459678595773,0.9911332664592073,1.82412741025175
3334,-2.611742930280311,0.722066810363729,"Fabricación de equipo de aire acondicionado, calefacción, y de refrigeración industrial y comercial",0.8482017522901368,produccion,completa,E1,1.8230699645307258,-2.8317514082383517,1.678557249674264,0.9541997747144544,1.82412741025175
3335,0.7894465659607527,-6.118178659750066,Fabricación de maquinaria y equipo para la industria metalmecánica,0.6052735791408839,produccion,completa,E1,2.7189846334847525,-1.533194026352804,1.960074349696572,0.7829550556568176,1.82412741025175
3336,-4.583193897625802,-0.9922208888170789,"Fabricación de motores de combustión interna, turbinas y transmisiones",0.8385248456652771,produccion,completa,E1,2.9629167287095255,-3.699220093413504,2.0017556339828317,0.9676979498544779,1.82412741025175
3339,-2.6300350078516876,-0.36555507615718713,Fabricación de otra maquinaria y equipo para la industria en general,0.6417221502759753,produccion,completa,E1,1.6771753943602303,-2.7103827273593795,1.598422445580995,0.9550249582196151,1.82412741025175
3341,-0.277300737922255,1.613467114639373,Fabricación de computadoras y equipo periférico,0.7847307234340066,produccion,completa,E1,3.897752753629776,-2.6149803290865234,2.1013811007181515,0.8933257067729785,1.82412741025175
3342,0.78003641551412,-5.146981101192575,Fabricación de equipo de comunicación,0.895054776922478,produccion,completa,E1,3.339286114459198,-2.287099993262731,2.050903016519418,0.8676106334321922,1.82412741025175
3343,5.124014624438833,0.030758271783314865,Fabricación de equipo de audio y de video,0.9478363435009872,produccion,completa,E1,7.863704938364115,-3.0078741102725717,2.2139054290661835,0.9128677657294179,1.82412741025175
3344,-2.8628722210691024,1.1334868728770087,Fabricación de componentes electrónicos,0.4744887481943934,produccion,completa,E1,1.8877590681893435,-2.8019453730929955,1.709671118036149,0.9493808469984609,1.82412741025175
3345,-3.090204879186542,-2.634985804961488,"Fabricación de instrumentos de medición, control, navegación, y equipo médico electrónico",0.9203173609236356,produccion,completa,E1,2.3200674348748325,-3.258991757146243,1.8669636852646918,0.9595606878336627,1.82412741025175
3346,-2.505550802199462,-0.4785040067242798,Fabricación y reproducción de medios magnéticos y ópticos,0.6054992436078728,produccion,completa,E1,2.724199682755909,-2.755931126796866,1.9610669838845203,0.9200372671195021,1.82412741025175
3351,0.7563995785821499,3.9974373649995045,Fabricación de accesorios de iluminación,0.831395116765869,produccion,completa,E1,3.4645372050789716,-2.2830215510312715,2.0641646450356737,0.8656425542036218,1.82412741025175
3352,-4.463716944361962,0.36271458560870967,Fabricación de aparatos eléctricos de uso doméstico,0.3900028883753999,produccion,completa,E1,2.41834507585016,-3.4091086901507377,1.8934808316565928,0.9641048243951552,1.82412741025175
3353,-3.8876233261852646,1.5374670401734782,Fabricación de equipo de generación y distribución de energía eléctrica,0.8989208694711824,produccion,completa,E1,2.3094170652327457,-3.623746808313433,1.8639230026415858,0.9740613465710367,1.82412741025175
3359,-3.1478849483949705,0.2017109969151971,Fabricación de otros equipos y accesorios eléctricos,0.7464127593691879,produccion,completa,E1,1.7167138430175501,-3.143520177358963,1.6216344142475256,0.9737181930707406,1.82412741025175
3361,-11.344334568562653,5.368114154431656,Fabricación de automóviles y camiones,0.6801529750236635,produccion,completa,E1,5.647344595061284,-3.851053605212828,2.178343527947658,0.961459656549796,1.82412741025175
3362,-7.703303853505676,0.6360675334292905,Fabricación de carrocerías y remolques,0.4826387565231524,produccion,completa,E1,2.6421052464124184,-4.647090893741314,1.944857114884708,0.9915626236109547,1.82412741025175
3363,-8.130210120990125,3.4124150526111388,Fabricación de partes para vehículos automotores,0.5296068171162411,produccion,completa,E1,2.777824085525984,-4.6950227971105525,1.970997550531297,0.9913918160266814,1.82412741025175
3364,1.8938638076050611,0.10681750426074205,Fabricación de equipo aeroespacial,0.9896704181454756,produccion,completa,E1,4.667412647866017,-2.7541441359149776,2.1452444109801823,0.9004005017268548,1.82412741025175
3365,-7.699405899599284,5.414064821683763,Fabricación de equipo ferroviario,0.8018618332294466,produccion,completa,E1,5.796640559769191,-3.644908119751597,2.1820278124277595,0.9525820888754651,1.82412741025175
3366,0.6067271384054734,-1.488445766056399,Fabricación de embarcaciones,0.5822911532336551,produccion,completa,E1,9.743997727154495,-2.74546074126879,2.227388786331201,0.8911359165628949,1.82412741025175
3369,-3.41532854045305,-4.277051241876069,Fabricación de otro equipo de transporte,0.6740711386128929,produccion,completa,E1,3.488670253395277,-3.1111531623860618,2.0665730775242315,0.9338976985078962,1.82412741025175
3371,-2.081876713659109,-0.6562350173686595,"Fabricación de muebles, excepto de oficina y estantería",0.3642278188643361,produccion,completa,E1,1.8143757374669114,-2.217972210193582,1.6741838050931361,0.9073825906958188,1.82412741025175
3372,-2.7173208917169416,0.20166856414391096,Fabricación de muebles de oficina y estantería,0.2214380514733216,produccion,completa,E1,1.7645260307114687,-2.5900254699632033,1.6481715062333901,0.9419613677259371,1.82412741025175
3379,-5.546466116617591,1.673708281818266,"Fabricación de colchones, persianas y cortineros",0.3523025337449802,produccion,completa,E1,2.967540448657176,-3.470676608752526,2.0024604899149185,0.9584704727451712,1.82412741025175
3391,0.9544049822499123,4.078880974248477,"Fabricación de equipo no electrónico y material desechable de uso médico, dental y para laboratorio, y artículos oftálmicos",0.7835186733412709,produccion,completa,E1,2.9237295639716727,-1.8293572852294588,1.9956644741817005,0.8203410923291763,1.82412741025175
3399,-3.461106193200368,-0.361588463144049,Otras industrias manufactureras,0.618987370047973,produccion,completa,E1,1.4959135329924569,-3.392345301676133,1.4748037661393736,0.9892815863134237,1.82412741025175
3111,0.1218355265054012,0.0007641667082023594,Elaboración de alimentos para animales,0.02886946578166,produccion,sin pandemia,E1,1.4001606913101905,-0.06223582192227177,1.062050551959521,0.5233645170027771,0.9715960300893394
3112,-0.27229525941785276,-0.61514021282672,Molienda de granos y de semillas y obtención de aceites y grasas,0.0609807080676099,produccion,sin pandemia,E1,1.238406124400418,-0.24004492205687486,1.0212561185661104,0.5929145322682371,0.9715960300893394
3113,1.6175647947446088,11.455252939632885,"Elaboración de azúcares, chocolates, dulces y similares",0.2016423568218791,produccion,sin pandemia,E1,5.232644630096982,-0.23909276631932114,1.215212039246449,0.577988344620697,0.9715960300893394
3114,0.8263057815723227,0.18689992046737314,"Conservación de frutas, verduras, guisos y otros alimentos preparados",0.3156513149608729,produccion,sin pandemia,E1,1.4580536844550185,0.07325189783634778,1.0738299517342778,0.4728070254328692,0.9715960300893394
3115,-0.09236174521056979,-0.05618747311802117,Elaboración de productos lácteos,0.0498313429839448,produccion,sin pandemia,E1,1.098196637052755,-0.13631458669617186,0.9729750170316549,0.5557098291630861,0.9715960300893394
3116,0.7711374126668454,0.379426166590124,"Matanza, empacado y procesamiento de carne de ganado, aves y otros animales comestibles",0.044361709007407,produccion,sin pandemia,E1,1.3495305682134717,0.21817501894882174,1.0506439281204782,0.4177478575103192,0.9715960300893394
3117,0.31999005690907695,2.5211283806087463,Preparación y envasado de pescados y mariscos,0.7478643561015712,produccion,sin pandemia,E1,1.96903475664479,-0.4555601418989659,1.1399436426497425,0.6552869139253963,0.9715960300893394
3118,0.42819618515768376,-0.7416761404070883,Elaboración de productos de panadería y tortillas,0.043199849411286,produccion,sin pandemia,E1,1.1280220316833829,0.16055484458277874,0.9845205058375164,0.43522802703353985,0.9715960300893394
3119,-0.6213064584319027,0.42684807975170264,Otras industrias alimentarias,0.1089707298904361,produccion,sin pandemia,E1,1.1809057451352567,-0.4435552207215483,1.0032074148208565,0.670805001765507,0.9715960300893394
3121,-0.23466491431581113,-0.8341784281875,Industria de las bebidas,0.2419442465750293,produccion,sin pandemia,E1,1.12189233455098,-0.27585986801995327,0.9822103539219411,0.6105896520190095,0.9715960300893394
3122,-1.0506363349024257,0.17401250245662425,Industria del tabaco,0.1071479040489181,produccion,sin pandemia,E1,3.621465442076222,-0.2967778042946822,1.2011675724979345,0.5975746924083765,0.9715960300893394
3131,0.6143170909826051,-0.12163527533264337,"Preparación e hilado de fibras textiles, y fabricación de hilos",0.2001267979454507,produccion,sin pandemia,E1,1.1805540125739142,0.18524840163134476,1.0030900908638305,0.4267409070334568,0.9715960300893394
3132,0.5279811610989049,-0.750802341796424,Fabricación de telas,0.1336042055792961,produccion,sin pandemia,E1,1.4180441045541385,0.052385394494306736,1.0658252149404344,0.48039984680012676,0.9715960300893394
3133,-2.8733522610814615,-1.2865219299442838,Acabado de productos textiles y fabricación de telas recubiertas,0.3062290364360683,produccion,sin pandemia,E1,1.2414496469263443,-1.6034891304911407,1.022152182225182,0.9416455181406187,0.9715960300893394
3141,0.29458202510029563,-1.2070904056750695,"Confección de alfombras, blancos y similares",0.5072465584471345,produccion,sin pandemia,E1,1.749422463303368,-0.29111508768864136,1.1179284128963265,0.6027246307707591,0.9715960300893394
3149,-0.9966726040626577,0.3448757958467935,"Fabricación de otros productos textiles, excepto prendas de vestir",0.3944218335152466,produccion,sin pandemia,E1,1.053512142529218,-0.7913702037554224,0.9541391037183127,0.7965630927673075,0.9715960300893394
3151,-1.025360530405729,-0.09728556514387808,Fabricación de prendas de vestir de tejido de punto,0.3365154443339868,produccion,sin pandemia,E1,1.8871366978879138,-0.5470338872756221,1.132559567958415,0.6854545192301815,0.9715960300893394
3152,0.2918544680520791,-0.9511016445464057,Confección de prendas de vestir,0.4259861529321015,produccion,sin pandemia,E1,1.288887415117486,-0.11069755004847565,1.035419923588574,0.5425701188798839,0.9715960300893394
3159,2.684612300215273,0.1865991548911759,Confección de accesorios de vestir y otras prendas de vestir no clasificados en otra parte,0.6664841032423205,produccion,sin pandemia,E1,1.8426459989785426,0.20561864050165302,1.1281616770497114,0.4276893812480439,0.9715960300893394
3161,-1.5036170206245698,-0.846892058433794,Curtido y acabado de cuero y piel,0.262669438610518,produccion,sin pandemia,E1,1.5746873637966647,-0.7282755810371659,1.0941323058014278,0.7471727669359317,0.9715960300893394
3162,-0.09083710909707723,-1.4680081288162365,Fabricación de calzado,0.1604241815757467,produccion,sin pandemia,E1,1.6771131346842478,-0.22149914659578754,1.1088971270126033,0.5791608691174234,0.9715960300893394
3169,-0.03430561210841848,-0.5057435905966784,"Fabricación de otros productos de cuero, piel y materiales sucedáneos",0.6136094363212712,produccion,sin pandemia,E1,1.4510430641409868,-0.37585400996008445,1.072469523899415,0.6370019676782606,0.9715960300893394
3211,-0.09715261603708684,1.2456602430704675,Aserrado y conservación de la madera,0.0034917286527276,produccion,sin pandemia,E1,1.4506638933875005,-0.14197207124641087,1.072395447103785,0.5526612170298302,0.9715960300893394
3212,-2.244433739569968,-1.4251878726860754,Fabricación de laminados y aglutinados de madera,0.0775332943220637,produccion,sin pandemia,E1,1.9230250877411625,-0.6886430087031734,1.1359030876256038,0.7278261372976115,0.9715960300893394
3219,-1.7202332078544005,-0.06740293278409396,Fabricación de otros productos de madera,0.1827036170504173,produccion,sin pandemia,E1,1.2684100200666035,-0.9699514184299394,1.0298494894142884,0.8268622153572219,0.9715960300893394
3221,1.5051130533575627,-0.7279905369903521,"Fabricación de pulpa, papel y cartón",0.0619018679380005,produccion,sin pandemia,E1,1.2272803165123145,0.6491259852356973,1.0179319193269631,0.2618374349052853,0.9715960300893394
3222,-0.4403284892126143,0.01330578486465875,Fabricación de productos de cartón y papel,0.1574973850413846,produccion,sin pandemia,E1,1.0917286606219678,-0.37409397418969437,0.9703669065496697,0.6500731883125344,0.9715960300893394
3231,-0.782127625689276,-0.8263664460790517,Impresión e industrias conexas,0.1024504665734745,produccion,sin pandemia,E1,1.2532168558158279,-0.5008717057807816,1.0255641774379258,0.687361951130859,0.9715960300893394
3241,3.775967218740746,-0.8625760170986349,Fabricación de productos derivados del petróleo y del carbón,0.0588949583065286,produccion,sin pandemia,E1,2.749963558151025,0.26627865495079484,1.1817906195260075,0.4108659632825244,0.9715960300893394
3251,-0.28491942452979035,-0.7457053173865482,Fabricación de productos químicos básicos,0.135778270214786,produccion,sin pandemia,E1,1.995793952214094,-0.2650632888137735,1.1421749237246255,0.5917577537635295,0.9715960300893394
3252,-2.8807480596001622,-0.02012378632011323,"Fabricación de resinas y hules sintéticos, y fibras químicas",0.3119319594154858,produccion,sin pandemia,E1,1.2405283800179217,-1.610565873530585,1.0218815412258275,0.9424961824844408,0.9715960300893394
3253,2.263520206549577,1.2300318745268328,"Fabricación de fertilizantes, pesticidas y otros agroquímicos",0.1679807884786191,produccion,sin pandemia,E1,2.8232308357351,0.006214158217199672,1.1841100700595895,0.49790637785015296,0.9715960300893394
3254,0.9799842278108764,0.21191840600463482,Fabricación de productos farmacéuticos,0.1290966945098601,produccion,sin pandemia,E1,1.8270645035136381,0.05859867213085407,1.126551019421589,0.4792579742721352,0.9715960300893394
3255,-3.1446225615387005,-0.9234177880242056,"Fabricación de pinturas, recubrimientos y adhesivos",0.0704773870608603,produccion,sin pandemia,E1,1.2402726718900563,-1.6573710330319358,1.021806330249954,0.9475984480326087,0.9715960300893394
3256,-0.36787150767068333,-0.3989505630772187,"Fabricación de jabones, limpiadores y preparaciones de tocador",0.2434658656862863,produccion,sin pandemia,E1,1.1242961886039988,-0.35301088027243116,0.9831200817469429,0.6402293810384089,0.9715960300893394
3259,-4.262692517899818,2.0404175195240484,Fabricación de otros productos químicos,0.3514735701280596,produccion,sin pandemia,E1,3.173680804221539,-0.7548314767933133,1.1931376638019007,0.7365169518459969,0.9715960300893394
3261,-1.0538946024838711,0.038799720526854216,Fabricación de productos de plástico,0.2303591490643638,produccion,sin pandemia,E1,0.9665701532410654,-0.8486071970662481,0.9112382470761407,0.8241425750065381,0.9715960300893394
3262,0.3885661628205105,0.02033756958569594,Fabricación de productos de hule,0.4171737487232005,produccion,sin pandemia,E1,1.4201481837076524,-0.12039485710432568,1.0662610886711437,0.5449502792984624,0.9715960300893394
3271,2.299360655311068,-0.8079201252263959,Fabricación de productos a base de arcillas y minerales refractarios,0.3488287256548686,produccion,sin pandemia,E1,1.308322579132509,0.8161326662805343,1.0404990572971315,0.2164125270714879,0.9715960300893394
3272,-1.2275667553841474,-0.2230203285871938,Fabricación de vidrio y productos de vidrio,0.272472982882299,produccion,sin pandemia,E1,1.0785437744212854,-0.888146357931715,0.9649293735899461,0.8213249807884242,0.9715960300893394
3273,0.16632421837445185,-0.6825355673815451,Fabricación de cemento y productos de concreto,0.0343074151008847,produccion,sin pandemia,E1,1.3027598876939384,-0.028242961944113715,1.0390653776635088,0.5108423633704772,0.9715960300893394
3274,1.021582919860083,-0.6619064958628,"Fabricación de cal, yeso y productos de yeso",0.1199075903205221,produccion,sin pandemia,E1,1.157126743814234,0.44921919224569484,0.9950715390142199,0.32583474650054545,0.9715960300893394
3279,1.1953063597477966,-0.6584468434060211,Fabricación de otros productos a base de minerales no metálicos,0.2243733059375072,produccion,sin pandemia,E1,1.194178644332896,0.47242463314660776,1.0075707156567284,0.31957952401630596,0.9715960300893394
3311,-2.8941469104536357,2.421046974124695,Industria básica del hierro y del acero,0.279574215702268,produccion,sin pandemia,E1,3.448558464404172,-0.5526752527548329,1.1984260778860143,0.6776608098551906,0.9715960300893394
3312,-4.383077752745166,-0.448226101140014,Fabricación de productos de hierro y acero,0.0669975578374552,produccion,sin pandemia,E1,2.215680313192134,-0.9571446362144957,1.1577281867992302,0.7958088637411033,0.9715960300893394
3313,-5.842240035384378,-1.2945952303289974,Industria básica del aluminio,0.2650002880058719,produccion,sin pandemia,E1,2.1802588294825487,-1.3581846953936199,1.1555182950370355,0.8800806468663243,0.9715960300893394
3314,-0.33473565122565596,1.6618325676360388,"Industrias de metales no ferrosos, excepto aluminio",0.4934732886739018,produccion,sin pandemia,E1,1.6772828138652502,-0.4534395752508364,1.1089195706849644,0.6586942573474822,0.9715960300893394
3315,-6.558535039309583,-1.403099369432843,Moldeo por fundición de piezas metálicas,0.0974402319506194,produccion,sin pandemia,E1,2.7283257320191923,-0.9967130334432159,1.1810710141371914,0.8006390604043634,0.9715960300893394
3321,1.1030604685642926,-1.0142269868269684,Fabricación de productos metálicos forjados y troquelados,0.4526204884780047,produccion,sin pandemia,E1,1.3254181249111872,0.22220757020898452,1.0448075425763712,0.4157890669355116,0.9715960300893394
3322,1.9403449413130602,0.5596630820530666,Fabricación de herramientas de mano sin motor y utensilios de cocina metálicos,0.4783144421423179,produccion,sin pandemia,E1,1.7637016377923815,0.16526243134842455,1.1195928201505725,0.4413255156830531,0.9715960300893394
3323,1.0716193576240802,-0.5822451166704078,Fabricación de estructuras metálicas y productos de herrería,0.2249299265714363,produccion,sin pandemia,E1,1.3622527834668723,0.26762466370406524,1.0536149530393324,0.3997454086078267,0.9715960300893394
3324,0.276556013509373,-1.7883120488780144,"Fabricación de calderas, tanques y envases metálicos",0.2575554192946691,produccion,sin pandemia,E1,1.3654394108516799,-0.08205571979708703,1.0543477930141105,0.5310167861994411,0.9715960300893394
3325,-2.7435439814110425,-1.2595599524862546,Fabricación de herrajes y cerraduras,0.8134327973740351,produccion,sin pandemia,E1,1.7244501972891253,-1.2906342898587406,1.1149263247979881,0.8764855353961185,0.9715960300893394
3326,2.270420443702168,0.42093718232695176,"Fabricación de alambre, productos de alambre y resortes",0.3138914060002775,produccion,sin pandemia,E1,1.6039191249193492,0.4670101869500658,1.0986072789022248,0.3353844658620117,0.9715960300893394
3327,1.9728809204906859,-1.368464680005103,Maquinado de piezas y fabricación de tornillos,0.1233232283296124,produccion,sin pandemia,E1,1.3356907905418973,0.7194147661715092,1.0473276468370347,0.24607124713697004,0.9715960300893394
3329,-1.5564852211416176,-0.17200380060262316,Fabricación de otros productos metálicos,0.6293046757254936,produccion,sin pandemia,E1,1.4132315588744901,-0.9774363770301902,1.0648218153191682,0.8206733461770916,0.9715960300893394
3331,-0.3683222548919167,-0.06800256434598592,"Fabricación de maquinaria y equipo agropecuario, para la construcción y para la industria extractiva",0.519899184727109,produccion,sin pandemia,E1,1.8648217544790442,-0.4838416740825358,1.1303900691640933,0.665685622249672,0.9715960300893394
3332,4.437774482196375,-1.1428839802779955,"Fabricación de maquinaria y equipo para las industrias manufactureras, excepto la metalmecánica",0.6992566972513394,produccion,sin pandemia,E1,2.8833056495252247,-0.09166384609874656,1.1858860367625472,0.5308058290396399,0.9715960300893394
3333,-1.0390480180420063,-0.6426549161262641,Fabricación de maquinaria y equipo para el comercio y los servicios,0.8664849575372038,produccion,sin pandemia,E1,2.8315270967200745,-0.7890726864225995,1.1843618301883627,0.7473720789393492,0.9715960300893394
3334,0.35408691217495136,0.47923733521727996,"Fabricación de equipo de aire acondicionado, calefacción, y de refrigeración industrial y comercial",0.8482017522901368,produccion,sin pandemia,E1,1.8259560521934741,-0.46555192524982514,1.126434990433388,0.660305396145028,0.9715960300893394
3335,0.9372022638490025,-6.071286328850607,Fabricación de maquinaria y equipo para la industria metalmecánica,0.6052735791408839,produccion,sin pandemia,E1,3.076435112571551,-0.434000367692005,1.1909293852199796,0.6422283882047596,0.9715960300893394
3336,0.1875097274398465,-1.814079966215177,"Fabricación de motores de combustión interna, turbinas y transmisiones",0.8385248456652771,produccion,sin pandemia,E1,3.3251693170636734,-0.6619325777680563,1.1962097581067355,0.7099909505687944,0.9715960300893394
3339,-1.665134648847077,-0.4851674046919103,Fabricación de otra maquinaria y equipo para la industria en general,0.6417221502759753,produccion,sin pandemia,E1,1.3813421233326495,-1.0421153343992473,1.0579388960227547,0.8376985321623036,0.9715960300893394
3341,-2.1375812463991077,1.559849805997674,Fabricación de computadoras y equipo periférico,0.7847307234340066,produccion,sin pandemia,E1,2.5077518752775045,-0.9049895838229823,1.1726884233389232,0.7798604835485305,0.9715960300893394
3342,4.5645738738048705,-6.0457313075751555,Fabricación de equipo de comunicación,0.895054776922478,produccion,sin pandemia,E1,4.217924343801283,-0.499366683774496,1.2082209455266797,0.6603093034907509,0.9715960300893394
3344,-0.5298518388048981,-0.21030791712063307,Fabricación de componentes electrónicos,0.4744887481943934,produccion,sin pandemia,E1,1.68252879821967,-0.5019615263693507,1.1096104221837089,0.6745010636706712,0.9715960300893394
3345,-0.9380599735535757,-4.568303538221382,"Fabricación de instrumentos de medición, control, navegación, y equipo médico electrónico",0.9203173609236356,produccion,sin pandemia,E1,2.389099662947711,-0.8164138165830612,1.1672366242688206,0.7578619416141452,0.9715960300893394
3346,0.49851982649149507,-2.77183414495517,Fabricación y reproducción de medios magnéticos y ópticos,0.6054992436078728,produccion,sin pandemia,E1,3.596592717620502,-0.5031622279494553,1.2007968535980598,0.6624005598755797,0.9715960300893394
3351,0.9748512400168255,2.113586286230801,Fabricación de accesorios de iluminación,0.831395116765869,produccion,sin pandemia,E1,3.830041492943604,-0.6263361364314977,1.2040033350932744,0.6985418437980284,0.9715960300893394
3352,-0.017229841275170563,-1.7185106189666117,Fabricación de aparatos eléctricos de uso doméstico,0.3900028883753999,produccion,sin pandemia,E1,2.3574831721542755,-0.36670748168470774,1.1656503234152484,0.6234653202217437,0.9715960300893394
3353,-3.0336475028795893,0.47922883853673953,Fabricación de equipo de generación y distribución de energía eléctrica,0.8989208694711824,produccion,sin pandemia,E1,1.8532016880770965,-1.337498919296376,1.129231598230596,0.8818791043508086,0.9715960300893394
3359,0.9922745272158519,-1.7419524802870492,Fabricación de otros equipos y accesorios eléctricos,0.7464127593691879,produccion,sin pandemia,E1,1.5142429373048858,-0.08637377732248752,1.0841331654056574,0.5317504656872388,0.9715960300893394
3361,-1.5028267775672932,-2.200533294785174,Fabricación de automóviles y camiones,0.6801529750236635,produccion,sin pandemia,E1,2.1779085904718314,-0.7912271741416267,1.1553680643280795,0.7532734328334652,0.9715960300893394
3362,-3.9750537958130385,-1.3581915796994655,Fabricación de carrocerías y remolques,0.4826387565231524,produccion,sin pandemia,E1,2.2836356173125325,-1.0829950773528965,1.1616989524641756,0.8243966027848857,0.9715960300893394
3363,-2.928091561498168,-0.3794539842886259,Fabricación de partes para vehículos automotores,0.5296068171162411,produccion,sin pandemia,E1,1.2934615500133133,-1.6319707420687903,1.0366331284802972,0.9422908568260324,0.9715960300893394
3364,1.0121210834012964,-1.17930246694596,Fabricación de equipo aeroespacial,0.9896704181454756,produccion,sin pandemia,E1,5.090662049872957,-0.7747933676056665,1.214475536060444,0.7382518973431281,0.9715960300893394
3365,-11.673909548338518,2.4511258494582315,Fabricación de equipo ferroviario,0.8018618332294466,produccion,sin pandemia,E1,5.352713368981925,-1.0697882144263264,1.2157901625241667,0.8105464772873447,0.9715960300893394
3366,-14.65841587805242,-9.329717504461566,Fabricación de embarcaciones,0.5822911532336551,produccion,sin pandemia,E1,9.109580128672476,-0.7233943485356946,1.2239903012453663,0.7227441908578667,0.9715960300893394
3369,-1.404830522883723,-9.085423107089204,Fabricación de otro equipo de transporte,0.6740711386128929,produccion,sin pandemia,E1,4.124226133374615,-0.6685828440494647,1.2073082530157484,0.7101352005066945,0.9715960300893394
3371,-1.4284263280854697,-0.6002884786440401,"Fabricación de muebles, excepto de oficina y estantería",0.3642278188643361,produccion,sin pandemia,E1,1.4942446365626796,-0.7814136161832842,1.0805844431523075,0.7652029997343915,0.9715960300893394
3372,-1.304781477298153,-0.5365978197498618,Fabricación de muebles de oficina y estantería,0.2214380514733216,produccion,sin pandemia,E1,1.5502257978927756,-0.6527558663992683,1.0902117443217147,0.7253276212205987,0.9715960300893394
3379,2.0249992606177036,-2.5313593325273267,"Fabricación de colchones, persianas y cortineros",0.3523025337449802,produccion,sin pandemia,E1,1.989624163964021,0.12218400312987931,1.1416678922552195,0.4573856166482108,0.9715960300893394
3391,3.504982173903464,3.569103082367971,"Fabricación de equipo no electrónico y material desechable de uso médico, dental y para laboratorio, y artículos oftálmicos",0.7835186733412709,produccion,sin pandemia,E1,4.175693601744601,-0.4780271869147942,1.2078170571385658,0.6538655251032759,0.9715960300893394
3399,-1.2545060457460326,-1.6793992979049635,Otras industrias manufactureras,0.618987370047973,produccion,sin pandemia,E1,1.063623767629475,-1.0048477857130431,0.95857364565098,0.8527437968931291,0.9715960300893394
