choque,variable,muestra,rama,rama_nombre,coef_exportacion,arancel_medio_2018_2019,sens,se,p_perm,desviacion,se_desviacion,peso_dato_propio,sens_post,sd_post,ic90_inf,ic90_sup,prob_negativo,meses_h0,meses_h12,usa_control_arancel,b_h0,b_h1,b_h2,b_h3,b_h4,b_h5,b_h6,b_h7,b_h8,b_h9,b_h10,b_h11,b_h12
choque_A_tpu_ultimo,empleo,completa,3364,Fabricación de equipo aeroespacial,0.9896704181454756,0.014151309535923225,1.1557629605548172,1.014954998055281,0.273,1.1506934118849643,0.9824437498731522,0.0,-0.09947145238298,0.28063008936238004,-0.5611079493840951,0.3621650446181352,0.6385019920738306,90,78,True,-0.08696617190168891,0.3109994620188226,0.7169275404911738,0.7476531220658488,1.1401993921652156,1.3951205050452935,1.3549032349532275,1.1772427548390192,1.6360448528422242,1.9782012051138986,1.915181081141202,1.2602852059571812,1.479126302481203
choque_A_tpu_ultimo,empleo,completa,3343,Fabricación de equipo de audio y de video,0.9478363435009872,0.05955715398719757,-0.512002964843905,0.5445073792236546,0.201,-0.5170725135137579,0.4811967992583058,0.0,-0.09511722542781817,0.2780190316269843,-0.5524585324542074,0.362224081598571,0.633871539514582,90,78,True,-0.29301439792855544,-0.34504132373799096,-0.32195454858481665,-0.425508166144769,-0.38268500463737215,-0.4896516396059448,-0.33871119614342904,-0.22954085694106208,-0.436423286520006,-0.8666399588769342,-0.9511465890419074,-1.0105636764633181,-0.5651578983446574
choque_A_tpu_ultimo,empleo,completa,3345,"Fabricación de instrumentos de medición, control, navegación, y equipo médico electrónico",0.9203173609236356,0.08650546749963084,0.18932555221134614,0.4638752356828876,0.71,0.1842560035414932,0.38761102650373597,0.0,-0.09226244834917649,0.27638230818332665,-0.5469113453107488,0.3623864486123959,0.6307429958682046,90,78,True,0.13805625359982887,0.44801567563364664,0.5363045312777232,0.26977743587431713,0.3216482953421948,0.5248011626249451,0.2690216746785591,0.23711030966286706,0.16179661376444357,0.2168047506145674,0.06081088428483884,-0.2651673392543306,-0.45774806935610135
choque_A_tpu_ultimo,empleo,completa,3342,Fabricación de equipo de comunicación,0.895054776922478,0.01288857306848177,1.0082822216013512,0.9799229047516478,0.286,1.0032126729314983,0.946208736402456,0.0,-0.08996132376169635,0.2750285250122654,-0.5423832474068728,0.3624605998834802,0.6282031772906971,90,78,True,-0.04390467127044229,0.4438722987727946,0.661334304500053,0.5064414454478244,0.8728348027189158,1.3185083565581524,0.9232800743510634,1.0515386833752538,1.5806697189394543,1.314226132575842,0.8336408576139644,2.032195325136778,1.6130315520979075
choque_A_tpu_ultimo,empleo,completa,3353,Fabricación de equipo de generación y distribución de energía eléctrica,0.8989208694711824,0.45389419359827005,-0.3957343649728233,0.49147632875814573,0.285,-0.40080391364267626,0.42025118122024396,0.0,-0.08891716896000768,0.27532398268653485,-0.5418251204793575,0.36399078255934214,0.6266352180622722,90,78,True,-0.05504773741499558,-0.1822770734853681,-0.13795575111790165,-0.15610682243477925,-0.42609878096673437,-0.3551666622585691,-0.48967954306533157,-0.6399469332982669,-0.5379907112724353,-0.6745319230443073,-0.5185280914646229,-0.4121029094812415,-0.5591138053421502
choque_A_tpu_ultimo,empleo,completa,3333,Fabricación de maquinaria y equipo para el comercio y los servicios,0.8664849575372038,0.26580327730216874,0.6659778477629764,1.019748548531476,0.576,0.6609082990931234,0.9873951467469734,0.0,-0.0862666677349539,0.27335555398571754,-0.5359365540414592,0.36340321857155145,0.6238408978616328,90,78,True,0.31341779900035327,0.6735849877707631,0.8229982177263485,0.8925493002273818,1.233061969316954,1.3041109009126717,0.8764362081694951,0.3893335202371868,0.5168178509674887,0.4887113065247032,0.46260704873115727,0.4632748067664753,0.22080810456771385
choque_A_tpu_ultimo,empleo,completa,3334,"Fabricación de equipo de aire acondicionado, calefacción, y de refrigeración industrial y comercial",0.8482017522901368,0.11367478899586249,-0.6802112061265365,0.5527715869384282,0.26,-0.6852807547963895,0.49052879723198073,0.0,-0.08492246604801706,0.27241746432801167,-0.5330491948675963,0.36320426277156215,0.622379605727923,90,78,True,-0.16398024811521353,-0.49917230803881224,-0.4949812088233904,-0.26127678160141843,-0.2283616106915275,-0.547572026989231,-0.5275862711556816,-0.7832128999700341,-0.5193756989608439,-0.7339768280364328,-1.0332282754984665,-1.7332666138165624,-1.3167549079473597
choque_A_tpu_ultimo,empleo,completa,3336,"Fabricación de motores de combustión interna, turbinas y transmisiones",0.8385248456652771,0.34629757144673917,0.024235203428052784,0.6441616401614858,0.97,0.019165654758199847,0.5916132962019709,0.0,-0.08319355049643462,0.2719398569024805,-0.5305346151010151,0.36414751410814583,0.6201696143199575,90,78,True,0.2749968589133208,0.19945670821544959,0.2555564777996941,0.27536583702405143,0.6151140285992835,0.22215758401940627,0.11677295051848377,-0.027287839163278267,0.21555877993989397,-0.09515422543141784,-0.23183622949425925,-0.5888664956743678,-0.9167767907015746
choque_A_tpu_ultimo,empleo,completa,3351,Fabricación de accesorios de iluminación,0.831395116765869,0.5101170356130816,-0.1078029218683173,0.5180865108894404,0.869,-0.11287247053817023,0.45108281540424444,0.0,-0.08194432643406283,0.2718049211326035,-0.5290634216971957,0.36517476882906996,0.618476562466687,90,78,True,-0.21052808300513884,-0.26289551093578406,-0.14379562234572063,-0.2479305844159369,0.10930041246076395,0.14064272443961506,0.4656060740669373,0.24469964051225898,-0.06402419231155848,-0.262465587393024,-0.3722920621781678,-0.4500780817327004,-0.3476771114496691
choque_A_tpu_ultimo,empleo,completa,3365,Fabricación de equipo ferroviario,0.8018618332294466,0.036159697120880414,0.810549179195266,1.7945769647912084,0.692,0.805479630525413,1.7763920052023008,0.0,-0.08051454137669795,0.2701858697398592,-0.5249702970987663,0.3639412143453704,0.6171472207298287,90,78,True,0.274797705917993,0.6435493680546667,0.8812817077617332,0.48918148436811204,0.39567138276393204,0.06956662189886616,0.6884293341150662,0.6020449748814485,0.5354128787836375,1.9271867865118075,1.3833906907328133,1.4553659232037548,1.1912604705446295
choque_A_tpu_ultimo,empleo,completa,3325,Fabricación de herrajes y cerraduras,0.8134327973740351,0.4498475651046204,-0.39268705466519777,0.5878070243386655,0.333,-0.3977566033350507,0.5296972450837383,0.0,-0.08033392349886295,0.2708015392174453,-0.5258024555115605,0.3651346085138346,0.6166340451336982,90,78,True,0.02662863216651946,-0.2922832922360973,-0.2902686589702259,-0.2169226496652227,-0.4845953770837309,-0.4423518048200254,-0.28610319651500177,-0.3708411507318235,-0.26369009546424405,-0.6322574693836422,-0.6358788979349882,-0.7103130894230645,-0.5060546605860239
choque_A_tpu_ultimo,empleo,completa,3341,Fabricación de computadoras y equipo periférico,0.7847307234340066,1.5964343991395392e-06,0.02199083096664594,0.8296357679357522,0.976,0.016921282296793003,0.7895299747481224,0.0,-0.07890937939263348,0.2694311708454692,-0.5221236554334303,0.36430489664816335,0.6151907609874713,90,78,True,0.8769315023664865,0.816683944760138,0.4934914213503548,0.26304709863949405,-0.24113235261258034,-0.4849914802531942,-0.541058966375961,-0.2369952975392143,-0.45981074971800634,-0.31648223615110244,-0.1530645154677113,-0.16788262966644335,0.43714506323413727
choque_A_tpu_ultimo,empleo,completa,3391,"Fabricación de equipo no electrónico y material desechable de uso médico, dental y para laboratorio, y artículos oftálmicos",0.7835186733412709,0.04630745160306291,-0.39584897926157314,0.4837562228510062,0.211,-0.40091852793142607,0.41119600768307296,0.0,-0.07863704264936736,0.2693114671381723,-0.5216544060916608,0.36438032079292604,0.6148539827618283,90,78,True,-0.16927815802018029,-0.10932896106701816,-0.18032337784674518,-0.17009784227095875,-0.09016640504579308,-0.25589917949158836,-0.4434711333090942,-0.5174442354491525,-0.5272532754015093,-0.7288830613116155,-0.5828769939457668,-0.6966091633581623,-0.6744049438828666
choque_A_tpu_ultimo,empleo,completa,3117,Preparación y envasado de pescados y mariscos,0.7478643561015712,0.0,0.5623119351263139,0.7186205084157856,0.35,0.557242386456461,0.6719207607323855,0.0,-0.07520222634389734,0.26778543441672953,-0.5157092659594174,0.36530481327162273,0.6105796650398206,90,78,True,0.1763524485313923,0.3786530935957261,0.059978961689050134,-0.14430406069919638,0.22758041810921215,0.40953424446027237,0.5558943960515869,0.6624094636637686,0.7307700325528831,0.5610108940504722,1.2684022526036594,1.2271027396911867,1.1966702723420675
choque_A_tpu_ultimo,empleo,completa,3359,Fabricación de otros equipos y accesorios eléctricos,0.7464127593691879,0.35377894678325833,-0.02225130553640807,0.5193444040205037,0.971,-0.027320854206261007,0.45252699761985216,0.0,-0.07390675958005444,0.2675834603019816,-0.5140815517768142,0.3662680326167053,0.6088030696630681,90,78,True,0.0823902335049311,0.1506838561644144,0.2810620580548098,0.35429184975379036,-0.02344461092543819,0.20815880045323737,0.14787257794732028,-0.2154056775897545,-0.07925972249401236,0.05234713777103443,-0.32619272294805807,-0.36032296871217256,-0.5614477829534072
choque_A_tpu_ultimo,empleo,completa,3332,"Fabricación de maquinaria y equipo para las industrias manufactureras, excepto la metalmecánica",0.6992566972513394,0.19177087548725835,-0.6148083858385018,0.4240193384030021,0.14,-0.6198779345083548,0.33890186326891897,0.0,-0.0696913010114952,0.2656039534835231,-0.5066098044918907,0.3672272024689003,0.6034888541197029,90,78,True,-0.04811320904046556,-0.3159690977012221,-0.607114500760825,-0.6209850068038176,-0.4832670996978543,-0.5181399247770432,-0.5834728963206167,-0.5185868600400909,-0.6956104330481367,-0.6638432761585549,-0.8338544314655025,-1.073482443507674,-1.0300698365787202
choque_A_tpu_ultimo,empleo,completa,3361,Fabricación de automóviles y camiones,0.6801529750236635,0.005320890179200327,0.013633357076323186,0.40923983768383926,0.957,0.008563808406470249,0.32021761090689643,0.0,-0.06837610834700036,0.265065546887695,-0.5044089329772586,0.3676567162832579,0.6017808196296776,90,78,True,0.07772366231805161,-0.07757991477283314,-0.009307455327930954,0.04870099417566895,0.1612586533224634,-0.10265230224701487,-0.18736486684884995,0.0814293384984336,0.010389963419823576,-0.14089777098320544,0.13330645695779256,0.15522333593416066,0.02700354754564143
choque_A_tpu_ultimo,empleo,completa,3369,Fabricación de otro equipo de transporte,0.6740711386128929,0.017177780878001966,-0.45262616995708016,0.8701228066476543,0.651,-0.4576957186269331,0.8319710164638048,0.0,-0.06772601385179453,0.2648228070285272,-0.5033595314137217,0.3679075037101327,0.6009245309309714,90,78,True,-0.13603789550114154,-0.2225430392872436,0.004312132810130534,-0.11197427278377295,-0.04084038886258825,-0.4751244712882131,-0.2851422437328668,-0.395358148663442,-0.2937110654612523,-0.7167223843606417,-0.7488505953386926,-1.4157035714207895,-1.046444265551528
choque_A_tpu_ultimo,empleo,completa,3339,Fabricación de otra maquinaria y equipo para la industria en general,0.6417221502759753,0.05817408393586083,-0.38184165544502546,0.4128799855190979,0.257,-0.3869112041148784,0.32485682389273574,0.0,-0.06433990284759938,0.26362884773476575,-0.49800935737128904,0.3693295516760903,0.5964058359134381,90,78,True,0.01803962688430806,-0.0910222677437994,-0.07446594754884152,-0.33586129384200475,-0.47067220353031547,-0.16916295316308214,-0.24224019862495078,-0.3487907826469536,-0.23317922307823322,-0.5372127762276294,-0.9283060494989922,-0.9364672610855501,-0.6146001906792861
choque_A_tpu_ultimo,empleo,completa,3159,Confección de accesorios de vestir y otras prendas de vestir no clasificados en otra parte,0.6664841032423205,0.9146421435264246,0.372572959487256,0.45762803121827983,0.386,0.36750341081740306,0.38011246828293377,0.0,-0.06404704451932222,0.2658653911035324,-0.5013956128846331,0.3733015238459886,0.5951837935919759,90,78,True,0.05350451391934061,0.2168059485705902,0.36205827687466396,0.35310980267892705,0.5076701656277101,0.5119887999249371,0.8243282017606544,0.49195316622510765,0.42207511786592994,0.3315011566270496,0.20403129837551448,0.1091591838972355,0.4552628409866678
choque_A_tpu_ultimo,empleo,completa,3329,Fabricación de otros productos metálicos,0.6293046757254936,0.5034107843425879,-0.18279591533759176,0.3785313955831261,0.643,-0.1878654640074447,0.27990729006143183,0.0,-0.06164457952851029,0.2632883787597327,-0.4947539625882706,0.37146480353125005,0.5925592564530188,90,78,True,-0.050568698805843464,-0.034315968363798716,-0.031019342214302855,-0.01296102594428957,0.09149658828341768,0.16025202438807096,0.02555093454602646,-0.11695153487432046,-0.10096231850485587,-0.2307920115683151,-0.4458677774538896,-0.8506744060000709,-0.7795333628765215
choque_A_tpu_ultimo,empleo,completa,3399,Otras industrias manufactureras,0.618987370047973,0.23749558020146458,-0.06769968329355706,0.47836681713077384,0.868,-0.07276923196341001,0.404841802830751,0.0,-0.061471117943467886,0.2627502947819201,-0.49369535285972643,0.3707531169727907,0.5924891163110968,90,78,True,0.04306699622822311,-0.052949284709436266,0.06611096074387954,0.31890189495648996,-0.28380038886700065,-0.3290896536048405,-0.25763139954130787,-0.1591917883377161,-0.08110014047344224,0.15808606363482308,-0.22079910240625128,-0.2390547400570554,0.1573546996173929
choque_A_tpu_ultimo,empleo,completa,3169,"Fabricación de otros productos de cuero, piel y materiales sucedáneos",0.6136094363212712,0.09965937863884373,0.0343781290927884,0.476489999447234,0.92,0.029308580422935465,0.40262239525472315,0.0,-0.06137818855292864,0.26266864651029076,-0.49346811206235697,0.37071173495649967,0.5923800101330448,90,78,True,-0.5236074308069794,0.43817942382680447,0.01987727933000124,0.02350409941488725,-0.6579832157226815,0.10920904570821541,-0.4355584994240557,0.16740749079836478,-0.10329140808509935,0.7151394175400945,-0.016012646134119308,0.6338273044256848,0.07622481733513205
choque_A_tpu_ultimo,empleo,completa,3346,Fabricación y reproducción de medios magnéticos y ópticos,0.6054992436078728,0.0,0.4272946350004819,0.9829068189769398,0.641,0.422225086330629,0.9492986297150081,0.0,-0.06088646817540317,0.2625658999295247,-0.49280737355947135,0.371034437208665,0.5916883653224134,90,78,True,-0.1636563616559595,0.8603967296602403,0.22060177221579413,-0.06374637102189395,0.12265618907632334,-0.13268516497957542,0.40356984089557874,0.6865677754194187,0.42683086450281077,0.10615265055328515,0.9068166928354151,1.2876736067609635,0.893652030743864
choque_A_tpu_ultimo,empleo,completa,3335,Fabricación de maquinaria y equipo para la industria metalmecánica,0.6052735791408839,0.6140783535938158,0.6637012645772749,0.726517117619867,0.431,0.6586317159074219,0.6803596076944199,0.0,-0.05886851183883018,0.26274664464071973,-0.4910867422728141,0.37334971859515376,0.5886409879092276,90,78,True,-0.06269243490880456,0.2362400670362931,0.33522729880967855,0.6894903521338537,0.6689706304730209,0.732115874734892,0.8727881100153909,0.6925481597253282,0.7342499486200643,1.0874637619525584,0.9931963807860862,1.0033253117279697,0.6451929783982434
choque_A_tpu_ultimo,empleo,completa,3366,Fabricación de embarcaciones,0.5822911532336551,0.042726088375579084,0.019061861391108895,2.0844797441569187,0.995,0.013992312721255958,2.0688445754545985,0.0,-0.0584139147875161,0.2618183961422924,-0.48910517644158713,0.3722773468665549,0.5882744761363293,90,78,True,-0.5754258665601756,-0.29914094941767716,-0.8593149877118708,-1.615083455296678,-1.0875763305632133,-1.0527640958606537,-1.6639717011391397,-0.31361356104805427,0.8463830431226428,3.6431864470832167,2.9447025303768717,0.09864644570167702,0.18177667939747083
choque_A_tpu_ultimo,empleo,completa,3363,Fabricación de partes para vehículos automotores,0.5296068171162411,0.23933342280456002,-0.23813513010944348,0.444619217078128,0.505,-0.2432046787792964,0.36434643100021297,0.0,-0.05247733783438111,0.26028434535854816,-0.48064508594919286,0.3756904102804306,0.5798913056569894,90,78,True,-0.06511401547682792,-0.07594075649366772,-0.1266472835277372,-0.01352844687278733,-0.04720491065689212,-0.0933037576491408,-0.16053914953557857,-0.11535374076242161,-0.21986262708402027,-0.3228962072128522,-0.4831754197247923,-0.6567881668539801,-0.715402209572067
choque_A_tpu_ultimo,empleo,completa,3331,"Fabricación de maquinaria y equipo agropecuario, para la construcción y para la industria extractiva",0.519899184727109,0.06935837629721166,0.18304577872857863,0.6367645774367239,0.774,0.1779762300587257,0.5835505125227763,0.0,-0.052053454051198635,0.260209634774169,-0.48009830325470665,0.37599139515230934,0.579277032267485,90,78,True,-0.11008343867835532,-0.42379162753087657,-0.04068168857565283,0.2969683799684091,0.3746918214422913,0.4236254246072975,0.20032752960272732,0.11296630029599697,0.2532344355840392,0.5503290271372867,0.11566804977052053,0.18359955584756713,0.44274135400027126
choque_A_tpu_ultimo,empleo,completa,3314,"Industrias de metales no ferrosos, excepto aluminio",0.4934732886739018,0.006965209188103637,0.08386035495658395,0.3592382230324575,0.8,0.07879080628673102,0.25320776938108186,0.0,-0.0495988825548827,0.25976330337555686,-0.4769095166076738,0.37771175149790837,0.5757132129223429,90,78,True,-0.05420763765300095,-0.06420420124849646,0.011562643297736628,-0.05275943204989111,0.023419775529663754,0.1442776086615147,0.18702005896298876,0.24914658120533903,0.2008449400159581,0.2361909412181326,0.008704346567259765,0.13046066543816118,0.0697283244902254
choque_A_tpu_ultimo,empleo,completa,3362,Fabricación de carrocerías y remolques,0.4826387565231524,0.11902321441005292,0.04673218134343277,1.044866788890532,0.967,0.041662632673579836,1.0133156863060184,0.0,-0.04814529931207335,0.25938216135922015,-0.4748289547479905,0.3785383561238438,0.5736267752397891,90,78,True,0.4172072928492177,0.5453818270939529,0.558463735311396,0.3797987013731327,-0.08220505005537904,-0.052126372938681644,0.15340439517287677,0.26050119763000085,0.5028546182242071,0.9827599349326601,-0.4282409320624899,-1.261648318922998,-1.3686326711432688
choque_A_tpu_ultimo,empleo,completa,3322,Fabricación de herramientas de mano sin motor y utensilios de cocina metálicos,0.4783144421423179,0.12768954532932958,-0.16972289307487742,0.611190064869082,0.695,-0.17479244174473035,0.5555316093455872,0.0,-0.04768230210828648,0.2592922624634389,-0.47421807386064346,0.37885346964407046,0.572951710406456,90,78,True,-0.004038538923520673,-0.2858492021103248,-0.0934876796726429,-0.09124388686673215,-0.07661367094987286,0.17120091540752239,0.38541624006012853,0.09259678091948763,-0.019082047619682786,-0.595960500702278,-0.6063898282649908,-0.6303767474020557,-0.4525694438484446
choque_A_tpu_ultimo,empleo,completa,3344,Fabricación de componentes electrónicos,0.4744887481943934,0.16122574159735625,-0.2510022498786393,0.46554277191434845,0.615,-0.2560717985484922,0.3896051155582027,0.0,-0.04718863730021624,0.25918933677101064,-0.4735550962885287,0.3791778216880963,0.5722331289635462,90,78,True,-0.07694830116020451,-0.06420949984824588,-0.24308188380387205,-0.1314758731635231,0.08212174076692948,-0.04307322301660542,0.19905611762036107,-0.1907184595453469,-0.253546172194393,-0.20239982942059234,-0.4854630665061834,-0.9240060593097853,-0.9292847388408498
choque_A_tpu_ultimo,empleo,completa,3141,"Confección de alfombras, blancos y similares",0.5072465584471345,1.2182657542027042,-0.49654276011064047,0.8164094184275714,0.61,-0.5016123087804935,0.7756200178468003,0.0,-0.04704811687981981,0.2628153588116311,-0.47937938212495296,0.38528314836531335,0.5710373749164459,90,78,True,-0.3195455140209452,-0.2262006965269694,-0.5337530886333384,-0.044943745650548754,-0.322875673742513,-0.06293671523143889,-0.05541658180994433,-0.38110004213339604,-0.5967040585304918,-0.6149334067425193,-0.9393746636547694,-1.1355709655647812,-1.2217007291966702
choque_A_tpu_ultimo,empleo,completa,3321,Fabricación de productos metálicos forjados y troquelados,0.4526204884780047,0.03826066742265268,0.1640361101549508,0.4710894901998916,0.77,0.15896656148509786,0.39621633152132835,0.0,-0.045389176754028634,0.25898472914242415,-0.47141905619331637,0.38064070268525907,0.5695615911282159,90,78,True,0.12430069732083217,-0.06899549892330442,-0.26297610341274175,-0.02926858135461608,-0.13599344179833484,-0.1544888790547848,0.1191839137292256,0.4859982989417618,0.3529066971723299,0.8561300759592176,0.9367491183484109,0.06807738236127513,-0.15915424727491095
choque_A_tpu_ultimo,empleo,completa,3262,Fabricación de productos de hule,0.4171737487232005,0.17319420214525957,-0.03522631682162776,0.3966371358933702,0.949,-0.0402958654914807,0.30394586879429897,0.0,-0.04138634526922409,0.2583067422364131,-0.46630093624812363,0.3835282457096755,0.5636467818154325,90,78,True,0.07685186201030333,0.16241947346125113,0.23552354320421007,0.2941237245274604,0.339492078586079,0.09202838339940844,0.06519403504731339,-0.04364739294990737,-0.02847657267294887,-0.13514010580369595,-0.35198914736099407,-0.5152910380483268,-0.6490309620813136
choque_A_tpu_ultimo,empleo,completa,3152,Confección de prendas de vestir,0.4259861529321015,0.9248468204807683,-0.28935979672782647,0.3607375506698124,0.268,-0.2944293453976794,0.255330480065896,0.0,-0.039830220301767014,0.25974003673228685,-0.4671025807263789,0.38744214012284484,0.5609374757528567,90,78,True,-0.014304118133889347,-0.38715739472033905,-0.1761824677125831,-0.009122149646849577,0.04387883867601158,-0.2936908982956977,-0.27576172021191975,-0.12563279036783995,-0.28852523668970237,-0.44601392418723496,-0.6429484401225218,-0.5779973208959183,-0.56821973515326
choque_A_tpu_ultimo,empleo,completa,3352,Fabricación de aparatos eléctricos de uso doméstico,0.3900028883753999,0.07493595431888583,-0.23616654005679866,0.4716881431106099,0.61,-0.2412360887266516,0.39692792537003574,0.0,-0.03897339553446615,0.25812902784026054,-0.46359564633169476,0.38564885526276244,0.5600058961034277,90,78,True,-0.22105263386950524,-0.09910853585379398,0.10126757584231563,-0.04369914211551829,-0.14201711277234763,-0.36960485520073133,-0.38577808564296323,-0.43841650318102626,-0.06918320161620917,-0.03609217951085162,-0.31409891854371613,-0.6683770689299863,-0.38400435934404864
choque_A_tpu_ultimo,empleo,completa,3149,"Fabricación de otros productos textiles, excepto prendas de vestir",0.3944218335152466,0.6202783960190488,0.5034230920437458,0.5383186709462541,0.411,0.49835354337389287,0.4741825229558412,0.0,-0.0376458223846109,0.2583404987005557,-0.462615942747025,0.3873242979778032,0.5579294637100998,90,78,True,0.08908857024625345,0.3999868109741109,0.280689629863676,0.18125408176440955,0.013231670747355592,-0.05700811992204669,0.6902222851054787,0.7816583705055988,1.2024230205198196,0.8135639183650907,0.5422825811982707,0.8168742103246883,0.7902331668759891
choque_A_tpu_ultimo,empleo,completa,3371,"Fabricación de muebles, excepto de oficina y estantería",0.3642278188643361,0.004901686321007664,0.4713158439462159,0.4404747946847806,0.308,0.46624629527636297,0.35927721656128586,0.0,-0.03660909644818177,0.2580451876084761,-0.461093430064125,0.38787523716776146,0.5564089998521123,90,78,True,0.034409366966943994,0.29279699074349413,0.3022391448677489,0.44587187664774514,0.4795582794405719,0.6900074599341477,1.0560848657280018,0.7836562411900968,1.0252045814337691,0.7390416979531693,-0.16462312099933862,0.013689726865652466,0.42916886052880426
choque_A_tpu_ultimo,empleo,completa,3259,Fabricación de otros productos químicos,0.3514735701280596,0.037375188977905587,0.27637215574739177,0.5148246887861879,0.552,0.27130260707753884,0.4473326880200246,0.0,-0.0352210590258024,0.25789726192625884,-0.4594620548944982,0.3890199368428934,0.554314700520574,90,78,True,-0.006303935514398675,0.19115874726153947,0.12108018005833548,0.03154379809191545,0.3092160862474483,0.4176601735444793,0.5576774565645286,0.5823922872637068,0.6453733653804099,0.25554962959953786,0.22047380767583388,0.14679394381695224,0.12022248472580363
choque_A_tpu_ultimo,empleo,completa,3271,Fabricación de productos a base de arcillas y minerales refractarios,0.3488287256548686,0.03778046576634959,0.16177970843125783,0.36337627328445166,0.659,0.1567101597614049,0.2590451496815216,0.0,-0.03495378551141222,0.25788141642163315,-0.4591687155249987,0.3892611445021743,0.5539083548770741,90,78,True,0.06784016516066389,0.11016765312869366,0.09654280446298732,0.32734759995266627,0.27607888321822244,0.3874877992026289,0.16876658323289434,0.08402420143583146,-0.20130597965768182,0.2948576171336237,0.19879121263872626,0.2797408934818769,0.012796776215218892
choque_A_tpu_ultimo,empleo,completa,3379,"Fabricación de colchones, persianas y cortineros",0.3523025337449802,0.5315470058345413,0.07245346723399074,0.5561001539621229,0.921,0.0673839185641378,0.49427669864573043,0.0,-0.033698753044350466,0.25780719976537614,-0.4577915966583942,0.3903940905696933,0.551998826795096,90,78,True,0.14076960376174763,0.43506801306483844,0.5823457299977995,0.6753088071528426,0.5731746779330728,0.41584041202767164,0.4597025902035946,0.38496001106005084,-0.07897596388679479,-0.1566212894904574,-0.5796740934836043,-1.0839873651667482,-0.8260160591321336
choque_A_tpu_ultimo,empleo,completa,3151,Fabricación de prendas de vestir de tejido de punto,0.3365154443339868,0.18378899573785,-0.13059912618503738,0.4830729232199945,0.816,-0.13566867485489031,0.41039191358472954,0.0,-0.03324119211818769,0.2576111107489617,-0.45701146930022973,0.3905290850638543,0.5513355487548273,90,78,True,-0.2592240113112015,-0.07321893158260023,0.06448329970377245,0.39172643793398826,0.31394076228520185,0.08167612010235911,-0.20817112734682633,-0.6933803983283191,-0.4804184670949267,0.5253244560118979,-0.0955770328350715,-0.5306647520538054,-0.7342849958899549
choque_A_tpu_ultimo,empleo,completa,3114,"Conservación de frutas, verduras, guisos y otros alimentos preparados",0.3156513149608729,0.011841552492554095,-0.05676028112591783,0.4054535094307829,0.816,-0.061829829795770765,0.3153642685802616,0.0,-0.03170185713553977,0.25780427452580307,-0.4557898887304858,0.3923861744594063,0.5489340591869495,90,78,True,0.08071718782150623,-0.20012975218278817,-0.0046613434116314035,0.11476663619633758,-0.11941030679539734,0.04388926301418119,-0.041072504294353634,-0.07472812274694322,-0.15037814081649434,0.024797650854509672,-0.06923213424560302,-0.07727130184689278,-0.26517078618336243
choque_A_tpu_ultimo,empleo,completa,3326,"Fabricación de alambre, productos de alambre y resortes",0.3138914060002775,0.11398215213683333,-0.4771445749733218,0.49945611839760923,0.431,-0.48221412364317473,0.42955615208285874,0.0,-0.03119301120972516,0.25761659905404394,-0.4549723166536275,0.3925862942341771,0.5481873845194736,90,78,True,-0.297793495112372,-0.43903750616103726,-0.4099852833707795,-0.4722375767730126,-0.3823916312783262,-0.40961742582262384,-0.1279115458657831,-0.1800245777316386,-0.35594889643735084,-0.30419833899632587,-0.6923840843114888,-1.054188773980721,-1.0771603388117241
choque_A_tpu_ultimo,empleo,completa,3133,Acabado de productos textiles y fabricación de telas recubiertas,0.3062290364360683,0.3483594395688712,1.4831467242684129,1.0940502619707466,0.223,1.47807717559856,1.0639586689837557,0.0,-0.029660970007356145,0.25745474931079365,-0.45317403262361167,0.3938520926088994,0.5458600608090322,90,78,True,0.10473010437366127,0.700462821666332,0.8888231020093279,0.969701696696579,1.393790278646486,1.6910757779514383,1.7149959496501592,1.5600126828136964,1.5194413997151386,2.452884109243635,2.2695701105041834,2.244712172722282,1.7707072094964484
choque_A_tpu_ultimo,empleo,completa,3252,"Fabricación de resinas y hules sintéticos, y fibras químicas",0.3119319594154858,0.9457986711094967,-0.063015298393235,0.4476097958689525,0.867,-0.06808484706308793,0.3679899495166556,0.0,-0.028293236397218743,0.25883728842590864,-0.45408057585783845,0.39749410306340094,0.5435212823713669,90,78,True,0.2304739965736375,0.10105413935266572,-0.03080968348466111,0.13849369635016712,0.168950380481849,0.10058334238705231,0.10783199405596318,-0.11118395446886108,-0.20371448946656215,-0.1402306437683226,-0.14705257484624082,-0.4856632558207949,-0.547931826457947
choque_A_tpu_ultimo,empleo,completa,3272,Fabricación de vidrio y productos de vidrio,0.272472982882299,0.15198381360749708,0.11956078162020929,0.3182970593308355,0.689,0.11449123295035635,0.19072255127824517,0.0,-0.026904638459874633,0.2575561204019457,-0.4505844565210753,0.3967751796013261,0.5415983474290695,90,78,True,0.07684872263164616,0.1753236363704975,0.33549913531635545,0.4348705842832483,0.24887493240072786,0.20855559300639964,0.12965610491261859,0.15287850341069192,-0.03241627488428089,0.11635389664572737,-0.0006396331040989591,-0.19771574441482753,-0.09379929551198483
choque_A_tpu_ultimo,empleo,completa,3161,Curtido y acabado de cuero y piel,0.262669438610518,0.10967177111390917,0.6593688365036662,0.5634537646227125,0.309,0.6542992878338132,0.5025357882329701,0.0,-0.02605630728219595,0.25763721004873513,-0.4498695178123652,0.39775690324797336,0.5402786116372592,90,78,True,0.2925105886077626,1.0209507809136413,1.1076798719209004,0.9187150284010277,1.0891173991429328,1.0120307772936985,0.5822156477526249,0.7859837205067973,0.8903816874128808,0.7788051585186107,0.10790536761319613,-0.04853546983841205,0.0340343163019982
choque_A_tpu_ultimo,empleo,completa,3324,"Fabricación de calderas, tanques y envases metálicos",0.2575554192946691,0.07360055114277667,0.2420018270253075,0.44688220608502105,0.558,0.23693227835545458,0.3671045895965353,0.0,-0.025659261314162744,0.25771321751458026,-0.44959750412564725,0.39827898149732177,0.5396552281954753,90,78,True,-0.02808114589293928,0.3177864560571507,0.2657049250661112,0.10205878584086728,0.20841342636434573,-0.0205989354095498,0.13356103942199135,0.28248408091604843,0.4023545573164023,-0.13346955100434724,0.363222718292376,0.7052937416762814,0.5472936526842592
choque_A_tpu_ultimo,empleo,completa,3256,"Fabricación de jabones, limpiadores y preparaciones de tocador",0.2434658656862863,0.0355111400392335,-0.22139661892909573,0.4604032563842089,0.445,-0.22646616759894866,0.3834491257997716,0.0,-0.024366223234394295,0.2578445347457899,-0.44852048289121865,0.39978803642243005,0.5376438773882545,90,78,True,0.056694297980968075,0.09278658049711519,0.0891238078875168,-0.09506856056014369,-0.19642129875893083,-0.2673936491059914,-0.28308446767273454,-0.4040437837353213,-0.4387837644561846,-0.27904743034731544,-0.4986373268250497,-0.4141677971007937,-0.2401126538813797
choque_A_tpu_ultimo,empleo,completa,3121,Industria de las bebidas,0.2419442465750293,0.00012329106015767006,0.018167445739573587,0.34921463004033737,0.87,0.01309789706972065,0.2387738080729022,0.0,-0.024328196570714604,0.25793022896860274,-0.4486234232240661,0.3999670300826369,0.537572853204846,90,78,True,-0.018680684543102663,-0.0032416459273029896,-0.035052919537540424,0.0796421937455419,-0.05456913937523301,-0.10025741669650733,0.031248404835751947,0.05282650804444514,0.08153617280983652,0.12784093199790883,0.10266660986291254,-0.02916629362045575,0.001384073018201903
choque_A_tpu_ultimo,empleo,completa,3323,Fabricación de estructuras metálicas y productos de herrería,0.2249299265714363,0.042986145911046665,0.17412652261530287,0.37737557399890326,0.439,0.16905697394544994,0.2783422307851023,0.0,-0.022478023573331115,0.2579344071759467,-0.4467801233777634,0.40182407623110117,0.5347223796522838,90,78,True,0.07860052666328761,-0.1938463701106535,-0.1295008135809828,-0.0006376704819855163,0.3079484938584528,0.34053378160059844,0.5483096535902016,0.6811826507204115,0.5056570642100867,0.30672687171512963,0.18424622740667698,0.047811502622271115,-0.4133871242145571
choque_A_tpu_ultimo,empleo,completa,3372,Fabricación de muebles de oficina y estantería,0.2214380514733216,0.0,0.19506329022018665,0.5704271483149876,0.81,0.18999374155033372,0.5103422431292498,0.0,-0.02226656297394329,0.25805317980020026,-0.44676404374527273,0.4022309177973861,0.5343807532722035,90,78,True,-0.028098014572428442,-0.0572960263035593,-0.0075045640078124495,-0.0511753405040565,0.1876236261257008,0.044000167592361895,0.828655653059809,0.21919254404074293,0.15352381290146366,0.19991455769968464,0.4840122315191872,0.17404153796668714,0.38893258734464564
choque_A_tpu_ultimo,empleo,completa,3279,Fabricación de otros productos a base de minerales no metálicos,0.2243733059375072,0.09096728123609459,0.277952375130753,0.36245121887156395,0.38,0.27288282646090006,0.25774592072214797,0.0,-0.022266151295188726,0.25784731338403016,-0.44642498181191836,0.4018926792215409,0.534407500296216,90,78,True,0.440960652620826,0.45842621910077863,0.32793718808067873,0.14434833817123124,0.09991172526149938,0.08112142804882007,0.1730982478545526,0.20109963682560014,0.11295464455222855,0.5019391180032758,0.28456803461970065,0.22710243125487728,0.5599132123057204
choque_A_tpu_ultimo,empleo,completa,3261,Fabricación de productos de plástico,0.2303591490643638,0.524248422355608,-0.13014832588859468,0.290221401109155,0.621,-0.1352178745584476,0.13889037133360416,0.0,-0.021460249890904944,0.25772477184901355,-0.44541749958253224,0.40249699980072234,0.5331808142841291,90,78,True,0.037642997121128036,0.03916941189333082,0.10312329055754066,-0.010393443925399959,-0.10597884369304175,-0.08402587700920845,-0.16997900242742822,-0.11162733672488966,-0.03965602694549675,-0.09783933014209359,-0.33070947945483437,-0.34034136005376286,-0.5813132357475747
choque_A_tpu_ultimo,empleo,completa,3113,"Elaboración de azúcares, chocolates, dulces y similares",0.2016423568218791,0.005446138950690162,0.005092093068986645,0.3181213290920813,0.977,2.2544399133708065e-05,0.1904291301527624,0.0,-0.02025827871912902,0.2581977387883756,-0.44499355902600685,0.40447700158774885,0.5312690558596119,90,78,True,0.03842580781145674,-0.14288028241352516,-0.1998152852584016,0.11083990402273634,0.33776995838441753,0.19653976018335126,0.27058362197205066,0.16452716845125487,0.013247176023069367,-0.18923165682046988,-0.18737776006788665,-0.13917146813759546,-0.20725973425363164
choque_A_tpu_ultimo,empleo,completa,3131,"Preparación e hilado de fibras textiles, y fabricación de hilos",0.2001267979454507,0.0774387648863754,-0.2700174395351645,0.4113112340989371,0.578,-0.2750869882050174,0.3228606586182591,0.0,-0.01987196065792164,0.25806002924583826,-0.44438070876732555,0.4046367874514823,0.5306902904699203,90,78,True,-0.08766789893083678,-0.22151143161494524,-0.07413874795266821,0.036152684825724674,0.027468444253839746,-0.05969036465778818,-0.09574516514696162,-0.2607489982963138,-0.4243358905335134,-0.20624767618117826,-0.4961932362858565,-0.8680723099131503,-0.7794961235234913
choque_A_tpu_ultimo,empleo,completa,3219,Fabricación de otros productos de madera,0.1827036170504173,0.16703782379480125,0.012127869331821459,0.4666508526291815,0.972,0.0070583206619685215,0.39092849966070203,0.0,-0.017828818638936147,0.2580914442200537,-0.4423892443809245,0.4067316071030522,0.5275368163506303,90,78,True,-0.19418783432353948,-0.3582537580843137,-0.23324334016110232,0.031948410812306635,0.05785018874525761,-0.029432192096115917,0.5461005753435564,-0.023217286453786012,-0.3582135423943698,0.3533120794594426,0.520646616353587,-0.0764244429239126,-0.0792231729633315
choque_A_tpu_ultimo,empleo,completa,3328,Recubrimientos y terminados metálicos,0.1588822707072484,,-0.718605404697711,0.48475466517861676,0.087,-0.7236749533675639,0.412370172296516,0.0,-0.015652350097504486,0.25847251886184885,-0.44083964362524586,0.4095349434302369,0.5241440360355903,90,78,False,-0.5998399358910897,-0.8358689348538508,-0.052406205091566856,-0.31048938819646527,-0.5230551407686845,-0.46867137925077473,-0.668474243651068,-0.6311673604881026,-0.6132242028131532,-0.9462278347421441,-1.1753850907351673,-1.214920319879929,-1.3021402247082454
choque_A_tpu_ultimo,empleo,completa,3313,Industria básica del aluminio,0.2650002880058719,3.4239119691147217,0.06451369323875625,0.4702897951094909,0.906,0.05944414456890331,0.39526518310060194,0.0,-0.015522055633647315,0.2891643849390101,-0.49119746885831894,0.46015335759102427,0.5214045437229844,90,78,True,-0.08059455894755786,-0.12098987039339823,-0.6195870562437115,0.06584562246611846,-0.20385536110185798,-0.17347179999612083,-0.3296505267166093,-0.30098488588273004,0.3948927115989758,0.8181271740130731,0.3049585092545363,0.5127587899541528,0.5712292640989605
choque_A_tpu_ultimo,empleo,completa,3162,Fabricación de calzado,0.1604241815757467,0.208928615610855,-0.4762212583707805,0.36941212844186005,0.165,-0.48129080704063343,0.26744605853773723,0.0,-0.015452361719493896,0.2583035963868908,-0.4403617777759293,0.4094570543369415,0.5238514893918177,90,78,True,-0.34123114714410785,-0.5658607583008142,-0.3028700510820972,-0.20136653309426777,-0.1468178203023239,-0.21943712024422457,-0.32820336720354853,-0.7923780720972733,-0.8947814240290672,-0.5131417016299946,-0.5061748008140302,-0.5832457750270938,-0.7953677878513029
choque_A_tpu_ultimo,empleo,completa,3222,Fabricación de productos de cartón y papel,0.1574973850413846,0.21291333042696917,0.049948520460938665,0.3276089193547395,0.833,0.04487897179108573,0.20588753635955145,0.0,-0.015145105736384133,0.2583372387666922,-0.44010986350759274,0.4098196520348245,0.5233747323104818,90,78,True,0.06896323717884563,0.1330949448831622,0.19377594762293923,0.06402240384674199,0.003365855248666437,0.25179013154118635,-0.01991533079314964,0.03595890832437739,-0.03961006809078685,0.01962338810739702,-0.1486328645596761,0.13592809544489048,-0.049033882762391505
choque_A_tpu_ultimo,empleo,completa,3253,"Fabricación de fertilizantes, pesticidas y otros agroquímicos",0.1679807884786191,0.549472772838495,-1.0955923889117165,0.6617686182250293,0.08,-1.1006619375815694,0.6107370773539871,0.0,-0.01510573219381988,0.25828585209715244,-0.4399859588936356,0.40977449450599585,0.5233186661876377,90,78,True,-0.5349332399421443,-0.9202292976993697,-0.9804600124314092,-0.6458960983775045,-0.9302381935099885,-0.7617365717052529,-1.0083340418919273,-1.2033659857448007,-1.3847332204151834,-0.7887556601699444,-1.4925433730379518,-1.9198001284810937,-1.6716752324457418
choque_A_tpu_ultimo,empleo,completa,3254,Fabricación de productos farmacéuticos,0.1290966945098601,0.009184281116309617,-0.1067425497145834,0.40254799323578655,0.429,-0.11181209838443634,0.3116198973839512,0.0,-0.012951184284385676,0.25909189169117897,-0.4391573461163751,0.4132549775476037,0.5199335613137851,90,78,True,-0.06918280600099498,-0.11180082517880698,-0.1288918924423836,-0.020697154587331363,-0.03936287422473446,-0.1489110942063472,-0.03737818068153662,-0.01652501312100612,-0.05152205070854343,-0.21018600458214354,-0.12242928442615417,-0.2917812075498513,-0.13898475857975057
choque_A_tpu_ultimo,empleo,completa,3251,Fabricación de productos químicos básicos,0.135778270214786,0.24687503499913044,0.564098804960581,0.41285279171572925,0.043,0.559029256290728,0.32482226095958505,0.0,-0.012850755983536612,0.25861208010219017,-0.43826762775163947,0.4125661157845662,0.5198157829567349,90,78,True,0.14841300142859962,0.4090448987472196,0.737396479975742,0.5865630355087095,0.7469513624306163,0.5948515827040989,0.6343009201065237,0.6677176339378135,0.4602868826927003,0.6051639500318302,0.6742185602183652,0.4435706524894216,0.6248055042159109
choque_A_tpu_ultimo,empleo,completa,3132,Fabricación de telas,0.1336042055792961,0.37885838528697496,0.3263078719127679,0.3373456399232673,0.406,0.32123832324291496,0.22105237922868903,0.0,-0.012203298843724727,0.2586066873763097,-0.4376112995777542,0.4132047018903047,0.518818560795194,90,78,True,-0.06951936117592959,0.1113448916155367,0.1677320970824819,0.28618840408898494,0.28152585424244214,0.41533914572154046,0.4355470131835827,0.49492484006518117,0.6313336749245465,0.7929141929665857,0.44999188850699007,0.21148763338280813,0.03319206026123238
choque_A_tpu_ultimo,empleo,completa,3274,"Fabricación de cal, yeso y productos de yeso",0.1199075903205221,0.0,0.08760747124562203,0.4248023659277091,0.736,0.08253792257576908,0.3398810434331469,0.0,-0.012057000370159277,0.25926529180962066,-0.43854840539698525,0.4144344046566667,0.5185459225783764,90,78,True,0.02339415770931116,-0.06996792750721911,0.09162007894039957,0.09396262818423817,0.0013921892180138275,-0.13595039262772252,0.046130666967076454,0.21906720935044188,0.28856781451611246,0.17718617563563507,0.19356951263540625,0.10612595475056848,0.10379905842082468
choque_A_tpu_ultimo,empleo,completa,3327,Maquinado de piezas y fabricación de tornillos,0.1233232283296124,0.4326418816534467,0.31382570297760826,0.35680870249520275,0.379,0.3087561543077553,0.24974892144659108,0.0,-0.010994724843408556,0.25878516982731203,-0.4366963292093369,0.4147068795225197,0.5169443302697703,90,78,True,-0.39688701962202566,0.7201278889091685,0.6531494492850337,0.24687675264437256,-0.15853519509461392,0.8535198576075662,-0.2432079274865172,0.41206543410016094,0.49641072596985764,0.14769492087494407,-0.027603892719850517,0.7659475639351024,0.6101755803057096
choque_A_tpu_ultimo,empleo,completa,3119,Otras industrias alimentarias,0.1089707298904361,0.0323275826493142,-0.05135541302191398,0.4020278906496846,0.895,-0.05642496169176692,0.31094774230995825,0.0,-0.010852187543175067,0.259378228884644,-0.43752937405841447,0.4158249989720643,0.5166865726504367,90,78,True,-0.10404587114329367,-0.03843398260699058,0.030266215257493487,0.23382160284535247,0.25595470732163755,0.2039775795360081,0.2892948379589893,0.12542795886164407,-0.26517368686211545,-0.26897023624557864,-0.2532201783965801,-0.4009577692502142,-0.47556154656123406
choque_A_tpu_ultimo,empleo,completa,3231,Impresión e industrias conexas,0.1024504665734745,2.5074260643867242e-05,-0.024229424366836474,0.4113989729967062,0.956,-0.02929897303668941,0.32297242695030487,0.0,-0.010301489092313926,0.2595743808962708,-0.43730134566667933,0.41669836748205147,0.5158282994066679,90,78,True,-0.15908645187891862,-0.08423020772255016,0.37283485978297054,0.5404816583509158,0.030542419042037517,-0.23297273254398013,-0.25356575921859265,-0.5674882170660162,-0.39143432185490157,0.30630236767486474,0.11994564014817075,-0.03594334838454758,0.03963157690167338
choque_A_tpu_ultimo,empleo,completa,3315,Moldeo por fundición de piezas metálicas,0.0974402319506194,0.2715351086932004,0.07089231611506527,0.46798612497573083,0.915,0.06582276744521234,0.39252144751239487,0.0,-0.008915485908166636,0.25924150904626264,-0.4353677682892687,0.4175367964729354,0.5137171832888798,90,78,True,-0.01937355107166538,-0.1426325545197857,-0.14362587638058344,0.17260835524440904,0.19717726716411962,-0.00913301076510888,0.03286740609205647,0.16297880994077127,0.40547646705401386,0.7078610519222053,0.19260920032840476,-0.4999421930744229,-0.13527126243856524
choque_A_tpu_ultimo,empleo,completa,3122,Industria del tabaco,0.1071479040489181,0.7594394974604725,-0.1087678017618245,0.4591094341924881,0.777,-0.11383735043167745,0.38189467939730715,0.0,-0.008306357205628914,0.259595543631281,-0.4353410264790862,0.4187283120678284,0.5127628990597591,90,78,True,0.2336454377471995,-0.10006906535850102,0.5840715907463826,0.5404837259222737,0.16237266700201186,0.07554904805606573,0.3746456591097373,-0.0155968974704545,-0.3867380339171894,-0.3648459238979824,-1.0932937826593498,-0.7376720425430402,-0.6865338056408717
choque_A_tpu_ultimo,empleo,completa,3255,"Fabricación de pinturas, recubrimientos y adhesivos",0.0704773870608603,0.2102982954347221,0.04441690006531787,0.30796696939256674,0.861,0.039347351395464934,0.17293272629629,0.0,-0.006403163411362793,0.2598341005657203,-0.4338302588419727,0.42102393201924715,0.5098302496773424,90,78,True,-0.0011406218129286023,0.11102483716669441,0.029669408399852326,0.02928283190295466,-0.0006298934288278933,-0.10637737589821226,-0.11883836597717848,0.023885915598331958,0.02702942313049824,-0.00024715516606143786,0.2544250114426001,0.16868370815444617,0.16065197733696324
choque_A_tpu_ultimo,empleo,completa,3221,"Fabricación de pulpa, papel y cartón",0.0619018679380005,0.001245006131624058,-0.20693495924618838,0.36696833008585567,0.114,-0.2120045079160413,0.2640602750764055,0.0,-0.006220094223737734,0.2604022868575546,-0.43458185610441513,0.4221416676569396,0.5095284210144979,90,78,True,0.01934755655588291,-0.1444158978120586,-0.1515870651613257,-0.14090966586476733,-0.16948481567290402,-0.17703155802276288,-0.29422927764481843,-0.2874273710600624,-0.27813894054950816,-0.1997306041115804,-0.28225383096341383,-0.3515939118721068,-0.23269908802102346
choque_A_tpu_ultimo,empleo,completa,3112,Molienda de granos y de semillas y obtención de aceites y grasas,0.0609807080676099,0.015464642605078835,-0.18721565679512017,0.4323559563018002,0.417,-0.1922852054649731,0.3492760320105998,0.0,-0.006081263013675705,0.2603874211328593,-0.4344185707772293,0.4222560447498778,0.5093163194880261,90,78,True,0.018198868665995387,-0.060929085554613106,-0.1285713851256766,-0.2521182113089718,-0.18270300373787915,-0.16124820847328966,-0.08698706893702314,-0.1518872623512188,-0.2448083381021883,-0.23500429175687346,-0.2983683216133581,-0.3748998494924417,-0.274477380549024
choque_A_tpu_ultimo,empleo,completa,3241,Fabricación de productos derivados del petróleo y del carbón,0.0588949583065286,0.029050875130591527,-0.01689835425618046,0.5039377124813889,0.947,-0.021967902926033397,0.43475888909647425,0.0,-0.005827382607683684,0.2604018549441841,-0.43418843399086654,0.4225336687754992,0.5089269536169521,90,78,True,-0.0833677943644948,-0.37542169333773256,-0.1327267512317547,-0.1204794471934921,0.009796129160293918,0.08558710762295894,0.04143428081355245,0.16410225720498625,-0.02869224817381722,-0.1371703658594723,0.10652691615373844,0.17026602091087448,0.08046698296401311
choque_A_tpu_ultimo,empleo,completa,3212,Fabricación de laminados y aglutinados de madera,0.0775332943220637,0.706229815707303,-0.11383984858948829,0.4288277993125511,0.815,-0.11890939725934122,0.3448990505215563,0.0,-0.005501300364483364,0.26000696873594875,-0.4332127639351191,0.42221016320615234,0.5084403028999034,90,78,True,0.20821241123081322,0.13626325222789895,0.03089465966249234,-0.1581930805532326,-0.06455160137355638,-0.0693276918299142,-0.1195793156767497,-0.45101615167545794,-0.5433288616362573,-0.4569902250998183,-0.04809579219513197,0.08125439086142172,-0.02546002560585556
choque_A_tpu_ultimo,empleo,completa,3115,Elaboración de productos lácteos,0.0498313429839448,0.009728495317546031,-0.07082251864838156,0.3894463926804394,0.498,-0.0758920673182345,0.29450053711195917,0.0,-0.004978758157912945,0.26065848425326266,-0.43376196475453,0.42380444843870413,0.5076196114240035,90,78,True,-0.059596602627375574,-0.036509812473465374,-0.10671793749896913,-0.0068959629590493576,0.11423705960961449,0.018295523453265086,-0.045758243832148396,-0.07387998306777356,-0.1419210201999052,-0.21700317899378457,-0.0783807841540899,-0.1359400680101843,-0.1506217316750945
choque_A_tpu_ultimo,empleo,completa,3116,"Matanza, empacado y procesamiento de carne de ganado, aves y otros animales comestibles",0.044361709007407,0.0005565343123640996,-0.0926295419996091,0.3662546129145779,0.459,-0.09769909066946203,0.2630675104771259,0.0,-0.004458551661319856,0.2608121428184527,-0.43349452659767457,0.42457742327503484,0.5068195373052067,90,78,True,-0.014736949637129194,-0.10704933029483826,-0.09277343942811386,-0.13792962299486136,-0.19822351617612136,-0.15280672707780368,-0.05202503482058074,-0.18152949478119518,-0.1002109864706534,-0.06975722064902537,-0.033409903431635336,-0.0049188519474479345,-0.05881296828551269
choque_A_tpu_ultimo,empleo,completa,3118,Elaboración de productos de panadería y tortillas,0.043199849411286,0.00024549054628625414,0.019219876395357823,0.3461366045218935,0.866,0.014150327725504886,0.23424906099570839,0.0,-0.004342729601484208,0.260841008560973,-0.43342618868428473,0.42474072948131636,0.5066416643050615,90,78,True,0.05054705512920107,-0.03948315477735942,0.019432402443360156,0.004865398285865698,0.08417894017406996,0.013004459345564582,0.12371425364018937,-0.0012731748968473778,-0.07290048342118258,-0.13668631814483267,0.005698720589518449,0.0991534243815979,0.09960687039050657
choque_A_tpu_ultimo,empleo,completa,3273,Fabricación de cemento y productos de concreto,0.0343074151008847,0.00012961613710545992,-0.07482587054661566,0.455629839255454,0.793,-0.07989541921646859,0.37770441353971007,0.0,-0.0034489127349562124,0.26106034087426994,-0.4328931734731303,0.4259953480032178,0.505270341268764,90,78,True,0.14150645429705092,-0.3243032321937982,-0.30246757986415973,-0.364661344303723,-0.03575833086813322,-0.23072372446223988,0.19069339278014877,0.6645341938954995,0.5349787823606124,0.07924216906504719,-0.35971985127541817,-0.5269342100434137,-0.43912303649347634
choque_A_tpu_ultimo,empleo,completa,3111,Elaboración de alimentos para animales,0.02886946578166,0.0027127477990509046,-0.35196004581528717,0.3954282901766166,0.198,-0.3570295944851401,0.30236667518003363,0.0,-0.0028936976771235592,0.26119129391781326,-0.43255337617192635,0.42676598081767925,0.5044197289944835,90,78,True,-0.09888214859580693,-0.1574609860220281,-0.13576347833685842,-0.3707453276664627,-0.5189485144128079,-0.5822146774404829,-0.4710159442721855,-0.33452195553687936,-0.3205878615294504,-0.5090727652434716,-0.522077911898943,-0.2814545054926574,-0.2727345191506982
choque_A_tpu_ultimo,empleo,completa,3211,Aserrado y conservación de la madera,0.0034917286527276,0.0,-0.6144189211480082,0.4518940474433311,0.193,-0.6194884698178612,0.3731893670807638,0.0,-0.00035061182158292823,0.2618774499429108,-0.43113901697767115,0.4304377933345053,0.5005341194435847,90,78,True,-0.32226684090080215,-0.30656744651114975,-0.9722530126839237,-0.5066196997810836,-0.9949141506928348,-0.650256708410119,-0.8243987134488869,-0.4632652324420966,-0.7460771587455478,-0.085085510340175,-1.055863391871471,-0.5980703586408781,-0.4618077504551386
choque_A_tpu_ultimo,empleo,completa,3311,Industria básica del hierro y del acero,0.279574215702268,10.234472970162127,-0.7254808030734858,1.3154221988147656,0.569,-0.7305503517433388,1.290502861183228,0.0,0.005141323739166194,0.493837019459826,-0.8072205732722476,0.81750322075058,0.4958466978291189,90,78,True,-0.0625463479070651,-1.1687266169400001,-0.10192004341357445,0.7238035850927079,-0.47187446587769805,-0.4607958154041213,-0.871298574606458,-0.9929051107684796,-0.8605809878396348,0.5315424691363645,-1.607102902602453,-2.156565012036559,-1.9322806167883448
choque_A_tpu_ultimo,empleo,completa,3312,Fabricación de productos de hierro y acero,0.0669975578374552,6.615743671162022,0.0845343525734352,0.41153859312444313,0.79,0.07946480390358227,0.3231502548633861,0.0,0.014759338922730837,0.3716660895683495,-0.5966313784172042,0.6261500562626658,0.48416165134153943,90,78,True,0.07203104549642007,0.1927272213525667,-0.11232950867227742,-0.2652123407027328,-0.08992126618588,-0.22025207346607606,-0.12627164642085892,0.08272170732901356,0.13841374308331963,0.050174259129898015,0.4322185303327306,0.4547758973052116,0.4898710148733227
choque_A_tpu_ultimo,empleo,sin pandemia,3364,Fabricación de equipo aeroespacial,0.9896704181454756,0.014151309535923225,0.42562702326679297,0.5565157289268913,0.449,0.44135217206706473,0.5445576934455894,0.0,-0.06096310207604316,0.15176092429784965,-0.31060982254600583,0.1886836183939195,0.6560493792841325,73,49,True,-0.11577062303258416,0.007240885781212335,0.10187967280028476,0.06942284000037267,0.26345250145681115,0.5747071050906494,0.5455504435152296,0.22694559799960262,0.5770243685127256,0.6571268822230446,0.8681562628723635,0.9560211420098811,0.8013942232387148
choque_A_tpu_ultimo,empleo,sin pandemia,3342,Fabricación de equipo de comunicación,0.895054776922478,0.01288857306848177,1.4488268258917074,1.2012115124586003,0.248,1.4645519746919793,1.1957183709431034,0.0,-0.060209298464632674,0.14448268758827046,-0.2978833195473376,0.17746472261807222,0.6615595852801867,73,49,True,0.05849862965338772,0.6237019016755851,1.0144276912524788,0.9208807507857858,1.5018325151532177,1.7249542127362127,1.0561017923018126,1.3357987976355936,2.170947053498533,1.8021342853800797,2.5461093797666923,3.528391459900511,0.5509702668523104
choque_A_tpu_ultimo,empleo,sin pandemia,3343,Fabricación de equipo de audio y de video,0.9478363435009872,0.05955715398719757,0.12856563974325738,0.3862862847887773,0.724,0.14429078854352914,0.36885013049159643,0.0,-0.06008991836025028,0.14821750157668076,-0.30390770845389015,0.18372787173338956,0.6574145498049786,73,49,True,-0.19129528996729495,-0.049615822654152784,-0.0096578566032787,-0.06857770158408406,0.21679665658396152,0.005327233473011569,0.1426846444111631,0.5132852811498345,0.5371309556939513,0.14085344439613334,0.06574210771305743,-0.06216095767918625,0.4308406217292305
choque_A_tpu_ultimo,empleo,sin pandemia,3345,"Fabricación de instrumentos de medición, control, navegación, y equipo médico electrónico",0.9203173609236356,0.08650546749963084,0.048039524349231845,0.42452127201347173,0.883,0.06376467314950361,0.4087195069233757,0.0,-0.05954982780333204,0.14598861426883802,-0.29970109827557057,0.18060144266890651,0.658329149328985,73,49,True,0.08340249299916347,0.163492474368554,0.21388997581847352,0.08008290301861216,0.1113137643161961,0.18965493026101807,-0.07953938491524204,0.09104251196304308,0.059562153379594515,-0.014392924749201784,0.03810172193774903,-0.17857133280893556,-0.1335254690490107
choque_A_tpu_ultimo,empleo,sin pandemia,3341,Fabricación de computadoras y equipo periférico,0.7847307234340066,1.5964343991395392e-06,0.6161461904696358,0.6203723909073491,0.372,0.6318713392699076,0.6096681296802812,0.0,-0.05946442072096629,0.13699046859553138,-0.2848137415606154,0.16588490011868284,0.6678837606782142,73,49,True,0.7665781021150792,0.9972732557722608,0.6768898945214662,0.7501194077259584,0.5501145790302602,0.40384938997780156,0.14233095553111064,0.7505043844530798,-0.17018213584501538,0.4970946933341226,0.8852010175644428,0.9107706232807213,0.8493563086439768
choque_A_tpu_ultimo,empleo,sin pandemia,3365,Fabricación de equipo ferroviario,0.8018618332294466,0.036159697120880414,1.1562928196608162,1.117485955268096,0.324,1.172017968461088,1.1115791403085975,0.0,-0.0591788797880025,0.13788850454340304,-0.2860054697619005,0.16764771018589553,0.6661035951609421,73,49,True,0.3947231197967049,0.7958480910561293,1.1957656499143507,0.9341979539091515,0.5968907736853666,-0.024812927549593973,-0.1903382012287082,-0.24786025909008094,-1.0741004171004715,1.9284185804569702,4.196630911061026,4.803048873838404,1.7233945068413625
choque_A_tpu_ultimo,empleo,sin pandemia,3117,Preparación y envasado de pescados y mariscos,0.7478643561015712,0.0,-0.02286518794404348,0.6050569810397926,0.971,-0.0071400391437717176,0.5940768260526068,0.0,-0.05916494562116857,0.13471188838889273,-0.28076600202089713,0.16243611077855996,0.6697403005078668,73,49,True,0.16716838529064534,0.13020615143550596,-0.22892940500358308,-0.8350583525030564,-0.44448029629203356,0.11427746570345185,-0.026071086974568468,0.3906844857851053,0.2341276017904176,-0.00887996919279352,0.4395399376190663,0.04640418406901281,-0.2762365449997353
choque_A_tpu_ultimo,empleo,sin pandemia,3391,"Fabricación de equipo no electrónico y material desechable de uso médico, dental y para laboratorio, y artículos oftálmicos",0.7835186733412709,0.04630745160306291,-0.18886253887038443,0.22890656947019436,0.486,-0.17313739007011267,0.1980695395419606,0.0,-0.05891066949545862,0.13665455126128528,-0.2837074063202729,0.16588606732935568,0.6667992232558002,73,49,True,-0.21619276158983156,-0.09653715807949075,-0.1923605920839098,-0.24570408093395907,-0.14401857220188394,-0.2593712155406309,-0.2420300031938577,-0.10478789982069185,0.14685808021554023,-0.3973675488024612,-0.3391134591156358,-0.41280447922687524,0.04821668505868975
choque_A_tpu_ultimo,empleo,sin pandemia,3334,"Fabricación de equipo de aire acondicionado, calefacción, y de refrigeración industrial y comercial",0.8482017522901368,0.11367478899586249,-0.4465293964685723,0.6967887941618517,0.58,-0.43080424766830056,0.6872757442375503,0.0,-0.05864484861717899,0.14065007441326433,-0.2900142210269988,0.1727245237926408,0.6616445903293539,73,49,True,-0.22180719045243866,-0.5372454667340425,-0.516173253571246,-0.34693777679702165,-0.38420484107244557,-0.4859930408301862,-0.3442854705683437,-0.509107095027399,-0.06753837525530536,-0.24282237534039736,-0.4315742070792923,-0.9639226071935112,-0.7532704541698104
choque_A_tpu_ultimo,empleo,sin pandemia,3361,Fabricación de automóviles y camiones,0.6801529750236635,0.005320890179200327,-0.2455013676981726,0.43065351933020907,0.522,-0.22977621889790084,0.41508526673353047,0.0,-0.05855237526038641,0.13085503048108746,-0.2738089004017753,0.15670414988100245,0.6727284726640443,73,49,True,0.07401304324095971,-0.1701333951891246,-0.28993982786185374,-0.22425453617367191,-0.09672156647390082,-0.43999856343207266,-0.529201457471019,-0.14811933206867617,-0.38627598840077404,-0.5060225719558211,-0.37751802812278756,-0.04087032931828202,-0.056475226849219545
choque_A_tpu_ultimo,empleo,sin pandemia,3369,Fabricación de otro equipo de transporte,0.6740711386128929,0.017177780878001966,-0.0025175377534128905,0.8418286268169122,0.999,0.013207611046858872,0.8339716793010415,0.0,-0.058363697752114294,0.13046624343614524,-0.27298066820457323,0.15625327270034461,0.6726877735448619,73,49,True,-0.2882403877990508,-0.18398645891689708,0.10225327301194925,-0.042584826402712446,0.1111501976389543,-0.04905806129090217,0.0507533981600724,0.10226062211559721,-0.000545506714455932,0.06072819823669471,-0.20723611777069256,-0.1808700392975394,0.4926477182346149
choque_A_tpu_ultimo,empleo,sin pandemia,3346,Fabricación y reproducción de medios magnéticos y ópticos,0.6054992436078728,0.0,0.40242689069431076,1.332831813349839,0.765,0.4181520394945825,1.3278832658126132,0.0,-0.05800840433628095,0.12725257970427512,-0.2673388979498135,0.1513220892772516,0.6757519693555301,73,49,True,-0.060629184480747944,1.2033971585749927,0.5129900334489133,0.08589626557824606,0.1342709892260093,-0.21656996539907158,0.10185086973642182,0.40706777054652615,-0.07509265160832966,-0.08884388291437766,1.6186966099033515,1.5009086859723308,0.10760688044177498
choque_A_tpu_ultimo,empleo,sin pandemia,3339,Fabricación de otra maquinaria y equipo para la industria en general,0.6417221502759753,0.05817408393586083,-0.6718968277456786,0.3715964072148327,0.039,-0.6561716789454068,0.35343629525378845,0.0,-0.05761936280100219,0.1286178369162027,-0.26919570452815567,0.15395697892615126,0.6729193948968348,73,49,True,-0.1436168796469854,-0.3182282556489293,-0.3155473203101898,-0.5972648168229009,-0.8075736308273622,-0.5020306720875276,-0.6654323378217053,-0.6310577632363368,-0.5528805310870816,-0.5675684163236064,-1.458406413471679,-1.4439139491931585,-0.7311377742163607
choque_A_tpu_ultimo,empleo,sin pandemia,3366,Fabricación de embarcaciones,0.5822911532336551,0.042726088375579084,-0.39887958086710273,1.9699473419651015,0.823,-0.383154432066831,1.9666026174759148,0.0,-0.057318010010773024,0.126016068269876,-0.26461444231471903,0.14997842229317299,0.6753902839128005,73,49,True,-0.415029683641075,0.6330399959699485,2.4108220938548013,1.7389454919797906,0.40308746714990823,-1.4041315603842581,-4.63018868213208,-3.173984535011396,-3.4985271658387567,2.429492461837748,3.14273037352739,-1.044049363383238,-1.7776414452011207
choque_A_tpu_ultimo,empleo,sin pandemia,3314,"Industrias de metales no ferrosos, excepto aluminio",0.4934732886739018,0.006965209188103637,-0.007311966777996864,0.34030338904958046,0.987,0.008413182022274899,0.32037434595544867,0.0,-0.05701651857757964,0.12301698971119547,-0.2593794666524962,0.14534642949733692,0.6784915861511159,73,49,True,-0.04095722262105024,-0.1195157581156238,-0.11206935370397948,-0.21767616717035593,-0.17467371301514262,-0.1295606190182757,-0.12464197658350656,0.12732200569271837,0.16829006915803035,0.22307256562166125,0.37761132720663715,-0.010286645996885342,-0.0619700795681868
choque_A_tpu_ultimo,empleo,sin pandemia,3333,Fabricación de maquinaria y equipo para el comercio y los servicios,0.8664849575372038,0.26580327730216874,0.08213084286077857,0.7338903967344358,0.917,0.09785599166105033,0.7248644282669546,0.0,-0.05700648829587801,0.1415439571903154,-0.28984629787394683,0.1758333212821908,0.6564330415751406,73,49,True,0.20532180469522232,0.3479227207237541,0.3042112691920942,0.5472810109999685,0.6878759008977634,0.6375218733313635,0.04603524555323325,-0.3659821857794514,-0.46204833431746234,-0.4389449914064436,0.14251963325085756,0.1841933131865253,-0.7682063031373034
choque_A_tpu_ultimo,empleo,sin pandemia,3169,"Fabricación de otros productos de cuero, piel y materiales sucedáneos",0.6136094363212712,0.09965937863884373,-0.1492170163642954,0.4477264154554978,0.7,-0.13349186756402365,0.4327727672166773,0.0,-0.05690369870819935,0.12711287645443,-0.2660043804757367,0.15219698305933804,0.6728016923555908,73,49,True,-0.5912125004457163,0.4058405000559541,-0.1389511506767731,-0.5039088537619469,-1.1039054182088817,-0.18047890753083057,-0.5525281571240962,-0.28622214005030233,-0.02064546760927411,0.4675218832397841,-0.2690901143803717,0.6204528537504939,0.21330626000612102
choque_A_tpu_ultimo,empleo,sin pandemia,3332,"Fabricación de maquinaria y equipo para las industrias manufactureras, excepto la metalmecánica",0.6992566972513394,0.19177087548725835,-0.27858551320237124,0.3733095832684438,0.502,-0.2628603644020995,0.35523706156285345,0.0,-0.056517543115728264,0.1311125002135467,-0.2721976059670126,0.15916251973555606,0.6667881513282868,73,49,True,-0.08517573578752582,-0.364531750397174,-0.6079405203377307,-0.5578181496913998,-0.4102143893087804,-0.3344075092329399,-0.21180524425437686,-0.11987166254154259,0.04196645911407172,-0.26925326851371795,-0.474390878369355,-0.19476452979223322,-0.03340449251812052
choque_A_tpu_ultimo,empleo,sin pandemia,3331,"Fabricación de maquinaria y equipo agropecuario, para la construcción y para la industria extractiva",0.519899184727109,0.06935837629721166,0.2537249987429801,0.6553888912106515,0.673,0.26945014754325186,0.645265777544477,0.0,-0.05649833138337933,0.12353809989473102,-0.2597185057102119,0.1467218429434532,0.6762849620215409,73,49,True,0.02829898216209068,-0.4491419624948553,-0.15566512315798994,0.1027000791512601,0.04819281888964991,0.0525894265174898,-0.17845504466771742,-0.05799437848277829,0.05803936181237667,0.9073109658805913,1.0900176916705326,1.4028002652393847,0.4497319011387062
choque_A_tpu_ultimo,empleo,sin pandemia,3321,Fabricación de productos metálicos forjados y troquelados,0.4526204884780047,0.03826066742265268,0.18329078128721646,0.49872771021560086,0.72,0.19901593008748822,0.4853479719589315,0.0,-0.05631704595816818,0.12172041847424597,-0.2565471343483028,0.14391304243196645,0.6782014809071248,73,49,True,0.28732356714303986,0.050395582807635425,-0.12297813353795647,0.08911459805980465,-0.0014297693795229348,-0.01622001136666232,0.15976739999619566,0.06730336916053394,0.2572138047761808,0.25331745794550814,0.8242692991308828,0.40146771889786664,0.13323527310030758
choque_A_tpu_ultimo,empleo,sin pandemia,3371,"Fabricación de muebles, excepto de oficina y estantería",0.3642278188643361,0.004901686321007664,0.24552954931294754,0.4842957569711205,0.64,0.26125469811321933,0.47050579716724206,0.0,-0.055990796210825394,0.12024499792409513,-0.2537938177959619,0.1418122253743111,0.6792631449229763,73,49,True,0.018050251297490917,0.2869010378336563,0.11933002448315806,0.016874632042870666,0.22643256298423647,0.4786768571689594,0.6697539056633385,0.509752877356514,1.1636229028290785,0.36933008757818314,-0.36568596509306894,-0.5181124522679138,0.2169574191918149
choque_A_tpu_ultimo,empleo,sin pandemia,3336,"Fabricación de motores de combustión interna, turbinas y transmisiones",0.8385248456652771,0.34629757144673917,0.09253673588502413,0.40119887454004544,0.806,0.10826188468529589,0.3844396726145085,0.0,-0.05583386737078247,0.1395647595847437,-0.2854178968876859,0.17375016214612093,0.6554427547900488,73,49,True,0.07244561521940077,0.08495006894431868,-0.01202814346617272,0.11249215951938438,0.3614310724310676,0.022208476415592513,-0.34105562888148294,-0.21060124818617137,-0.13512808543785906,0.18630080321207254,0.7782572202594108,0.6242481468275832,-0.34054289035183083
choque_A_tpu_ultimo,empleo,sin pandemia,3362,Fabricación de carrocerías y remolques,0.4826387565231524,0.11902321441005292,-0.3512646170587635,0.8083158959139547,0.651,-0.33553946825849174,0.8001299347824268,0.0,-0.05561227712134041,0.12217619363105123,-0.2565921156444197,0.14536756140173884,0.6755104714650755,73,49,True,0.15538059871207016,0.061006331824269566,0.21361296104090408,-0.17733056579319853,-0.491615492818546,-0.5143152175389681,-0.4356846956770668,-0.5293297492860392,0.011056559256875705,0.2553250418793137,-1.1682905429961385,-1.346090960619554,-0.6001642897478473
choque_A_tpu_ultimo,empleo,sin pandemia,3114,"Conservación de frutas, verduras, guisos y otros alimentos preparados",0.3156513149608729,0.011841552492554095,0.05875712281308596,0.24966182593388733,0.848,0.07448227161335773,0.22173035939265068,0.0,-0.05551465681129503,0.1197623176132265,-0.25252366928505265,0.14149435566246257,0.6785114209240004,73,49,True,-0.07998382216716071,-0.35683288433223226,0.0690804316187693,0.07666449701563136,-0.2030695693116842,0.19982159864469004,0.18980869630733438,0.013106934082383068,0.10311623492120137,0.09874438004025975,0.12486792552406148,0.08151973474781375,0.4469984394790502
choque_A_tpu_ultimo,empleo,sin pandemia,3259,Fabricación de otros productos químicos,0.3514735701280596,0.037375188977905587,-0.11272979425166305,0.5469397539732768,0.823,-0.09700464545139129,0.5347676312419255,0.0,-0.05550575251815902,0.11992400113321856,-0.2527807343823036,0.14176922934598551,0.6782608533841721,73,49,True,-0.0012419834311182272,0.19473788239342413,0.008578991087814262,-0.2107547100714809,-0.007719417251996684,0.18728303313220307,0.3756204365323379,0.46162723880500317,-0.018907548984985208,-0.23614592723674221,-0.20279651787454525,-0.8643849393416616,-1.1513838630298723
choque_A_tpu_ultimo,empleo,sin pandemia,3271,Fabricación de productos a base de arcillas y minerales refractarios,0.3488287256548686,0.03778046576634959,0.39357853910339524,0.3010981067232596,0.159,0.409303687903667,0.2783763546353799,0.0,-0.0554795060644558,0.11989413707078285,-0.25270536154589357,0.141746349416982,0.6782237108819045,73,49,True,0.22269916241549312,0.34214964225048544,0.26802798187165555,0.5359324951144713,0.44723336442269496,0.6145288016701225,0.3363827256646976,0.05331282545616455,-0.03208199588758989,0.9987212642689002,0.5744679220627021,0.7225297240109874,0.03261709502335352
choque_A_tpu_ultimo,empleo,sin pandemia,3322,Fabricación de herramientas de mano sin motor y utensilios de cocina metálicos,0.4783144421423179,0.12768954532932958,-0.47904283661599617,0.3637445330869484,0.133,-0.4633176878157244,0.34517156646860914,0.0,-0.05547535337182537,0.1220241031434297,-0.2562050030427672,0.14525429629911646,0.6753109059355544,73,49,True,-0.06174061542361226,-0.22359006846951954,-0.06700483866080603,-0.08413586955536906,-0.31120978666140753,-0.5138134072138494,-0.590714322523793,-0.4562254641706222,-0.6536852663528767,-0.9728063420872947,-1.0835566981348754,-0.9082444636669608,-0.3008297330869645
choque_A_tpu_ultimo,empleo,sin pandemia,3352,Fabricación de aparatos eléctricos de uso doméstico,0.3900028883753999,0.07493595431888583,-0.11222464762920914,0.37008566472463134,0.719,-0.09649949882893738,0.3518475865803596,0.0,-0.05537757010226328,0.12026800127179732,-0.2532184321943699,0.1424632919898433,0.6774038776186404,73,49,True,-0.18894983236126997,0.05313443973429263,0.3071516248270211,0.18515208673927122,0.053516438722794206,-0.19485602530606194,-0.40076291174258394,-0.6763007184010118,-0.159153338437555,-0.0819921387197769,-0.3227972606384712,-0.322549783535735,0.28948699993936805
choque_A_tpu_ultimo,empleo,sin pandemia,3399,Otras industrias manufactureras,0.618987370047973,0.23749558020146458,-0.06974753689341939,0.5042400936078839,0.894,-0.05402238809314763,0.4910105874107389,0.0,-0.05532837498068337,0.12698930360827237,-0.26422577941629144,0.15356902945492468,0.6684703268982511,73,49,True,0.20932930216436582,0.05728175543378134,0.3386978972588342,0.5438819435984152,-0.17943805339892652,-0.21185808065603434,-0.5507272045769435,-0.544786478974616,-0.25672269708883594,0.07402029169618202,-0.4253833163473781,-0.08104631433049231,0.12003297560719581
choque_A_tpu_ultimo,empleo,sin pandemia,3353,Fabricación de equipo de generación y distribución de energía eléctrica,0.8989208694711824,0.45389419359827005,-0.12070569459468829,0.34656075185499896,0.675,-0.10498054579441653,0.32701327140355263,0.0,-0.055060689538415405,0.14396920681866038,-0.2918900347551117,0.18176865567828093,0.6489353361137495,73,49,True,-0.07113788677851202,-0.16872184875484886,-0.11704733638465263,-0.09854762877883262,-0.27634941781621974,-0.033479349642596336,-0.15525087900722323,-0.18894077392431308,-0.2985717396183935,-0.10604319344790075,0.17712929491081708,0.005679055179675312,-0.23789232566794752
choque_A_tpu_ultimo,empleo,sin pandemia,3121,Industria de las bebidas,0.2419442465750293,0.00012329106015767006,0.045561650545063295,0.22865319894219466,0.779,0.061286799345335055,0.19777666782067652,0.0,-0.05505351936163909,0.11979409829622958,-0.25211481105893674,0.1420077723356586,0.6770867893823965,73,49,True,-0.020668301685388454,0.04272361402079904,0.029426609807331038,0.11199985916143422,-0.07174413703247247,-0.08375479072776111,0.09794121628706487,0.08658556407350573,0.04666768833980776,0.21821765945735702,0.22317248886689975,-0.109513331049058,0.02124731756630354
choque_A_tpu_ultimo,empleo,sin pandemia,3344,Fabricación de componentes electrónicos,0.4744887481943934,0.16122574159735625,0.03561899419075076,0.3791124104122712,0.935,0.05134414299102252,0.36133024323512375,0.0,-0.05505036088282707,0.12181936615305866,-0.2554432182046086,0.14534249643895442,0.6743300475855938,73,49,True,0.006683351430111273,0.06162037019822044,-0.05263064206498004,-0.11938719230811298,-0.02780742160346579,-0.042147370614148374,0.19749629881592387,-0.1370733750797461,-0.03241850406349737,0.05400909604547459,0.1532363652714061,0.2433356879277184,0.1581302605248559
choque_A_tpu_ultimo,empleo,sin pandemia,3359,Fabricación de otros equipos y accesorios eléctricos,0.7464127593691879,0.35377894678325833,0.1856166142541567,0.4115848065751774,0.679,0.20134176305442847,0.3952662114971093,0.0,-0.054997694434798544,0.13367932911902705,-0.274900190835598,0.16490480196600096,0.659615907908802,73,49,True,0.1401346070804391,0.27079154058081106,0.4698544836131177,0.424060814081734,-0.09982080600596567,0.3060611379059705,0.2633114629049867,-0.11266926307425915,0.20250073694050402,0.431230919916763,-0.2249316666320647,0.10675228849022463,0.23573972950177588
choque_A_tpu_ultimo,empleo,sin pandemia,3372,Fabricación de muebles de oficina y estantería,0.2214380514733216,0.0,0.10405773463447651,0.31477162426570576,0.767,0.11978288343474827,0.29311175409836776,0.0,-0.05488837993671865,0.11992349230964523,-0.2521625247860851,0.14238576491264776,0.6764142010286417,73,49,True,-0.04615273484206312,-0.11950232080037203,-0.026804428058692098,-0.08009810948952542,0.07085197316094693,-0.05878724390030934,0.4153126082131078,-0.37191046822493634,-0.1848453376304362,-0.2319677537000512,0.40519307774952146,0.8994960058510766,0.6819652819199279
choque_A_tpu_ultimo,empleo,sin pandemia,3113,"Elaboración de azúcares, chocolates, dulces y similares",0.2016423568218791,0.005446138950690162,-0.21145965451320475,0.2095175446282788,0.327,-0.195734505712933,0.17530238576475268,0.0,-0.05466359438115451,0.12007564497535914,-0.2521880303656203,0.14286084160331128,0.675532778430139,73,49,True,-0.08246149153147848,-0.45996812908846096,-0.6115520212394846,-0.3103229329975529,-0.05038494357503437,0.1397823520780612,0.24530353071877967,-0.08667274608543823,-0.1190990864123891,-0.317489537296845,-0.46058327348641814,-0.38534180544060753,-0.25018542431479335
choque_A_tpu_ultimo,empleo,sin pandemia,3256,"Fabricación de jabones, limpiadores y preparaciones de tocador",0.2434658656862863,0.0355111400392335,-0.22910028992902637,0.32429327602049185,0.427,-0.2133751411287546,0.30331411740941816,0.0,-0.054650217846382756,0.11960659820118193,-0.251403071887327,0.14210263619456154,0.6761344368961998,73,49,True,-0.036277735781448314,-0.038871503448499815,-0.018860644557436725,-0.0577843410824211,-0.16389843514144078,-0.27695640492424706,-0.24890806527614961,-0.325214401058915,-0.3559218318802027,-0.28492785109378227,-0.6806548945301133,-0.43130331147866263,-0.058724348824023394
choque_A_tpu_ultimo,empleo,sin pandemia,3363,Fabricación de partes para vehículos automotores,0.5296068171162411,0.23933342280456002,-0.18395152200049597,0.3534488047831217,0.598,-0.1682263732002242,0.33430432625134937,0.0,-0.05458068086743427,0.12339140120108257,-0.2575595358432151,0.14839817410834655,0.6708776089958961,73,49,True,-0.0831112035337118,-0.18359032393407074,-0.2696506365425138,-0.19138196591742643,-0.19649860375553918,-0.1868487841688299,-0.13962878451671318,-0.10775962943810125,-0.03790194242987191,-0.21175876560066004,-0.3621093342954779,-0.3698823570735714,-0.051247454799960346
choque_A_tpu_ultimo,empleo,sin pandemia,3262,Fabricación de productos de hule,0.4171737487232005,0.17319420214525957,-0.07324084133883836,0.2553130641730768,0.789,-0.0575156925385666,0.2280747370604579,0.0,-0.054444166503295754,0.12043741893212064,-0.25256372064663424,0.1436753876400427,0.6743848084907098,73,49,True,0.011025070378768917,0.017864761528652653,0.11043372493300566,0.037413696937150354,-0.10346856371969797,-0.21181826330060155,-0.01765657532673969,-0.003624838031958508,0.25353359609900283,-0.22839256691984688,-0.42990330929679715,-0.3810384076967219,-0.0064992629891156666
choque_A_tpu_ultimo,empleo,sin pandemia,3325,Fabricación de herrajes y cerraduras,0.8134327973740351,0.4498475651046204,-0.32126958870206695,0.31103460622099843,0.223,-0.3055444399017952,0.28909488271984846,0.0,-0.05441373555937806,0.1380221646071837,-0.28146019633819525,0.17263272521943912,0.6532977438992624,73,49,True,0.1234997246631961,-0.14594534523174732,-0.3270815922670251,-0.18544986786092174,-0.37606558107589605,-0.3555865000925381,-0.2250153668291928,-0.341989022199046,-0.2594951765627419,-0.4219594023157773,-0.7272284147856275,-0.6452884547000882,-0.28889965386946465
choque_A_tpu_ultimo,empleo,sin pandemia,3323,Fabricación de estructuras metálicas y productos de herrería,0.2249299265714363,0.042986145911046665,-0.09590939475556194,0.2583642605096286,0.661,-0.08018424595529018,0.2314852393921448,0.0,-0.0544118353478439,0.11968391851194166,-0.2512918812999879,0.14246821060430015,0.6753120819057358,73,49,True,0.09572335115485409,-0.2612556840988015,-0.29248145728161185,-0.28111003574447463,-0.047104180499083555,0.020475235482910692,-0.006409552527277689,0.08467280091400647,-0.07301095888288311,-0.2826723056335406,-0.23621699338543856,0.24360571035810552,-0.21103806167907055
choque_A_tpu_ultimo,empleo,sin pandemia,3324,"Fabricación de calderas, tanques y envases metálicos",0.2575554192946691,0.07360055114277667,-0.03177276938919882,0.40424276967180883,0.915,-0.016047620588927055,0.3876151980762447,0.0,-0.05431728299845123,0.1193887880892302,-0.2507118394052349,0.14207727340833246,0.675431473951442,73,49,True,-0.10389305056294248,0.3116504251693425,0.14377894749975278,0.06580565551284259,0.06267634369542385,-0.34804849119812237,-0.33669945047112027,-0.02709880298626858,-0.32016573994792075,-0.32912551640851584,0.34652244249573577,0.37671143395979384,-0.25516019881758584
choque_A_tpu_ultimo,empleo,sin pandemia,3326,"Fabricación de alambre, productos de alambre y resortes",0.3138914060002775,0.11398215213683333,-0.7870073146138717,0.3872341145681666,0.042,-0.7712821658136,0.36984264820750906,0.0,-0.054300624537163666,0.11931144746260426,-0.2505679556131477,0.14196670653882035,0.6754873346540343,73,49,True,-0.36632433260042724,-0.4761380398007999,-0.4588340728641646,-0.8531322817529793,-1.0135586989936614,-0.9092810158086091,-0.5948366155486862,-0.9904104745641249,-0.8914903018855644,-0.9565295441112648,-0.9191956847733808,-1.0180157936970244,-0.7833482335796442
choque_A_tpu_ultimo,empleo,sin pandemia,3274,"Fabricación de cal, yeso y productos de yeso",0.1199075903205221,0.0,-0.05351247232240821,0.3414910476027616,0.836,-0.03778732352213644,0.32163560210365855,0.0,-0.05406356992575413,0.12143501317056592,-0.25382416659133505,0.14569702673982682,0.6719144754545334,73,49,True,0.0605996991000585,-0.006353537039450507,0.086528753813507,0.13869156803511348,0.04787668492971102,-0.2088581590072864,-0.21319593836738154,0.000653562049588059,-0.11408018648544932,-0.050654999919248975,0.06599361490504284,-0.096866171873695,-0.40599703033181594
choque_A_tpu_ultimo,empleo,sin pandemia,3254,Fabricación de productos farmacéuticos,0.1290966945098601,0.009184281116309617,-0.1258087560306517,0.1957503845143402,0.444,-0.11008360723037994,0.15859236420856904,0.0,-0.054030342265940376,0.1211930299251391,-0.2533928764927942,0.14533219196091346,0.6721365588850279,73,49,True,-0.08087868671956111,-0.09472590232266687,-0.09870566915038755,-0.043448699269712746,-0.1614760515680829,-0.20815376798719812,-0.059294342746835246,-0.01768394745889375,0.012213188484346814,-0.2379722517983289,-0.2897240871096552,-0.37033641698849756,0.014672806237000941
choque_A_tpu_ultimo,empleo,sin pandemia,3161,Curtido y acabado de cuero y piel,0.262669438610518,0.10967177111390917,0.006936107815689987,0.47456670903162274,0.989,0.02266125661596175,0.46048548974843523,0.0,-0.053935138492424414,0.11924747662891799,-0.25009723754699453,0.14222696056214568,0.6744720664537336,73,49,True,0.2767991121810451,0.6649825282069188,0.4400095237360996,0.20604381183328307,0.28472018188558423,0.0164975158498637,-0.4601438872148479,0.026789064724463577,0.3124746337172141,-0.5032321548390702,-0.9434097810385215,-0.46918770320503567,0.23782655576697279
choque_A_tpu_ultimo,empleo,sin pandemia,3231,Impresión e industrias conexas,0.1024504665734745,2.5074260643867242e-05,-0.3941618705336717,0.37456305145832164,0.285,-0.37843672173339993,0.3565540694838872,0.0,-0.053921457765128925,0.12183885257487584,-0.2543463702507997,0.14650345472054183,0.6709593400462813,73,49,True,-0.19598399258621674,-0.05762676381133533,0.37990801086325077,0.5425075398542134,-0.0558996136960711,-0.5072927390650838,-0.7567666452275026,-1.3502293227339135,-1.01352304689118,-0.5163645504406607,-0.9069409863311857,-0.7335969763520953,0.04770476948004833
choque_A_tpu_ultimo,empleo,sin pandemia,3351,Fabricación de accesorios de iluminación,0.831395116765869,0.5101170356130816,-0.01943218143295765,0.5417360602533685,0.972,-0.0037070326326858853,0.5294443161717696,0.0,-0.053851736991259405,0.13938646288859893,-0.28314246844300467,0.17543899446048583,0.65038067031138,73,49,True,-0.19282268336925185,-0.20623957291964987,-0.17404593541390098,-0.27081572854773217,0.05413413582926316,0.08733523930989222,0.7084583248947176,0.3212855867488574,0.19033009019213845,0.11321685246852295,0.15937961014441462,-0.32437017398376156,-0.7184641039819595
choque_A_tpu_ultimo,empleo,sin pandemia,3279,Fabricación de otros productos a base de minerales no metálicos,0.2243733059375072,0.09096728123609459,0.37528757853385003,0.2742753189072259,0.14,0.3910127273341218,0.24911899869221504,0.0,-0.05384373097531141,0.1194963345843736,-0.250415201366606,0.14272773941598316,0.6738570931076604,73,49,True,0.5879112302366382,0.5508013561512011,0.4566692247537845,0.0706983831002677,0.07009592842769158,0.16180793938021765,0.259309854494458,0.3784608014196725,0.6091904935512686,0.6473265643665149,0.3650748381182777,0.13737311502784968,0.5840187919122096
choque_A_tpu_ultimo,empleo,sin pandemia,3131,"Preparación e hilado de fibras textiles, y fabricación de hilos",0.2001267979454507,0.0774387648863754,-0.11518821212389498,0.38637928744159794,0.784,-0.09946306332362322,0.36894752839886097,0.0,-0.05380566279907888,0.1197701804362342,-0.25082760961668416,0.14321628401852637,0.6733710544033483,73,49,True,-0.034050707738089735,-0.23795173813366977,-0.045814835796410415,0.14608181492759617,0.09792746259005357,-0.020127464567970252,0.11109649283251781,-0.29114518877029466,-0.3526108438306405,-0.2702399242975116,-0.6457072586294639,-0.31044238671697993,0.3555378205202284
choque_A_tpu_ultimo,empleo,sin pandemia,3151,Fabricación de prendas de vestir de tejido de punto,0.3365154443339868,0.18378899573785,-0.18551172164456634,0.38345569642719646,0.698,-0.16978657284429458,0.3658846759160837,0.0,-0.053664471487742005,0.11928847187344419,-0.2498940077195577,0.14256506474407368,0.6735984135217525,73,49,True,-0.16616093038169835,0.08610092660599813,0.14573948936167094,0.2573748627087986,0.19326689839774255,-0.19464041547978528,-0.29941286790246346,-0.7779782174625642,-0.2817362734954832,-0.048408336051508044,-0.4999407296344537,-1.0151832609084512,0.18932647286283513
choque_A_tpu_ultimo,empleo,sin pandemia,3119,Otras industrias alimentarias,0.1089707298904361,0.0323275826493142,-0.030582192885662704,0.389056116815792,0.944,-0.01485704408539094,0.3717498984257219,0.0,-0.05359500424038356,0.12153111357034978,-0.25351368606360897,0.14632367758284182,0.6703928556419312,73,49,True,-0.0908174245520283,-0.14227825723191118,-0.12548340341194789,0.08876867420270698,0.2724723377034102,0.3418304360425737,0.4980671694079709,0.26991395702497345,0.10663711636606185,-0.37979389546723585,-0.5860151139545217,-0.5238073020059387,-0.12706280163772832
choque_A_tpu_ultimo,empleo,sin pandemia,3221,"Fabricación de pulpa, papel y cartón",0.0619018679380005,0.001245006131624058,-0.11822190877403899,0.2098878225367673,0.477,-0.10249675997376723,0.17574476662756391,0.0,-0.05357772109671412,0.12292992818698391,-0.2557974529643027,0.1486420107708744,0.6685234164611366,73,49,True,0.06654565658934923,-0.11680921164474051,-0.07564672532731102,-0.0597815475055284,-0.1326792956675325,-0.10875674468008348,-0.009831754086127159,-0.20754943467757217,-0.10560107207106424,-0.14455740323231764,-0.21119590376488998,-0.2868643898811983,-0.14415698811349043
choque_A_tpu_ultimo,empleo,sin pandemia,3272,Fabricación de vidrio y productos de vidrio,0.272472982882299,0.15198381360749708,0.07673642905665246,0.2520430365337811,0.766,0.09246157785692422,0.2244081487221894,0.0,-0.05351778640974547,0.11911650801724996,-0.24946444209812166,0.14242886927863072,0.6733885543415621,73,49,True,0.08954428136098104,0.015277240399091676,0.1441034218904453,0.2761419374072252,0.13839145297202618,0.18395583209685115,0.1546707900778374,0.1314635656442411,0.09513935620060303,0.031218262067780785,0.01412420903891818,-0.33476637323351527,0.05830960181399616
choque_A_tpu_ultimo,empleo,sin pandemia,3116,"Matanza, empacado y procesamiento de carne de ganado, aves y otros animales comestibles",0.044361709007407,0.0005565343123640996,-0.10048391703368423,0.20544350502288755,0.456,-0.08475876823341247,0.1704123196950285,0.0,-0.05344331563169012,0.12347544220685887,-0.25656041806197294,0.14967378679859272,0.6674292138919218,73,49,True,-0.0136148101062877,-0.09604105032603555,-0.046861764449411064,-0.09453089278603924,-0.14991577401733278,-0.08534683187198543,0.06591969742426404,-0.14369117545598295,-0.0330626133860044,-0.13054923110402958,-0.25363258881298645,-0.23219057428636408,-0.09277331225969976
choque_A_tpu_ultimo,empleo,sin pandemia,3118,Elaboración de productos de panadería y tortillas,0.043199849411286,0.00024549054628625414,-0.06980426891359712,0.20885835998551416,0.572,-0.05407912011332536,0.17451400941927267,0.0,-0.05343753044753387,0.1235142682875717,-0.2566185017805893,0.1497434408855216,0.6673627710219353,73,49,True,0.06901811369591147,-0.01166684565058375,0.0035614271223664675,-0.007093970459096104,0.018547294738504607,-0.07870397016310202,-0.11117589528606442,-0.18373447972726747,-0.2520725777809046,-0.13058399544926694,-0.08280697341363083,-0.057113051635782466,-0.08363057186784666
choque_A_tpu_ultimo,empleo,sin pandemia,3112,Molienda de granos y de semillas y obtención de aceites y grasas,0.0609807080676099,0.015464642605078835,-0.06511484835624073,0.21866740941801102,0.788,-0.049389699555968974,0.1861417763140113,0.0,-0.053403215112643926,0.12289061408786377,-0.25555827528717984,0.14875184506189199,0.6680586982916477,73,49,True,-1.9328976155730086e-05,-0.11660379562575408,-0.17853612120138695,-0.3042973236415713,-0.03997800829172488,0.11162395448205086,0.4001611271289855,0.16426886140869698,0.20137621333984482,-0.1882998312117079,-0.3017857849448888,-0.44255637644268947,-0.15184661465482832
choque_A_tpu_ultimo,empleo,sin pandemia,3115,Elaboración de productos lácteos,0.0498313429839448,0.009728495317546031,0.030497200889834916,0.18568222398360865,0.832,0.046222349690106676,0.14598360610441977,0.0,-0.05338001656615873,0.12325874111996142,-0.25614064570849526,0.1493806125761778,0.6675190835937552,73,49,True,-0.07310563122435129,0.05653845214991874,-0.036335017618129975,-0.06735727300439863,0.032576767510843395,0.11523792869982308,0.13382057141435247,0.07427581988081683,-0.06315663913112915,0.08333977659141341,0.034993737431949806,-0.10357476505317127,0.20920988391991652
choque_A_tpu_ultimo,empleo,sin pandemia,3273,Fabricación de cemento y productos de concreto,0.0343074151008847,0.00012961613710545992,-0.05826854934749525,0.39872791090460863,0.875,-0.042543400547223484,0.3818602779579265,0.0,-0.05336665141690597,0.12380636271847424,-0.2570281180887961,0.15029481525498417,0.6667837538789301,73,49,True,0.09331106574741067,-0.23238314933298176,-0.169839759465204,-0.15556451018875891,0.09010583963130038,-0.32589006789203745,0.02132114066266785,0.20194436570049246,0.2915039846865904,-0.10062375819281207,-0.18434293451530645,-0.010830188232763945,-0.27620317012603546
choque_A_tpu_ultimo,empleo,sin pandemia,3111,Elaboración de alimentos para animales,0.02886946578166,0.0027127477990509046,-0.009172387049100629,0.25352938570843125,0.972,0.006552761751171135,0.22607625785439273,0.0,-0.05329213351838909,0.12397749569888768,-0.2572351139430593,0.15065084690628117,0.6663488146771261,73,49,True,-0.11015301229212374,-0.06123733171010372,0.02334152709251986,-0.15371937263788824,-0.24233154369388685,-0.31693727368047164,-0.11317276116996472,0.09500139560188632,0.21459603230969312,0.18147632833283292,0.27257439177167453,0.10898174423927906,-0.01766115580175519
choque_A_tpu_ultimo,empleo,sin pandemia,3241,Fabricación de productos derivados del petróleo y del carbón,0.0588949583065286,0.029050875130591527,-0.2396426872359081,0.4437240888818848,0.582,-0.22391753843563633,0.42863083417063,0.0,-0.05322668818062634,0.12289354314376119,-0.2553865666521135,0.14893319029086083,0.6675333562086857,73,49,True,-0.1698032629494768,-0.48830676353958535,-0.17909697088922702,-0.2512223568520767,-0.23906247934212793,-0.12568502848056254,-0.3360983362405554,-0.10338301967626978,-0.3964987024136407,-0.4274195330707344,0.04019466789406251,0.09573996504680228,-0.5347131135534132
choque_A_tpu_ultimo,empleo,sin pandemia,3328,Recubrimientos y terminados metálicos,0.1588822707072484,,-0.30787425289391845,0.3128100646206606,0.33,-0.2921491040936467,0.29100422930901404,0.0,-0.053209600265255105,0.12026951255813714,-0.2510529484233907,0.14463374789288047,0.6709072327531557,73,49,False,-0.4892632881118479,-0.9163605530291061,-0.06832192204498218,-0.27768936297984165,-0.42441818273957244,-0.23945505705972794,-0.28736831122600115,-0.3122616660849076,0.06807355189597,-0.25083369461564115,-0.41350365480773094,-0.3119365336493958,-0.07902661316815546
choque_A_tpu_ultimo,empleo,sin pandemia,3211,Aserrado y conservación de la madera,0.0034917286527276,0.0,-0.5133668901756783,0.417195120226516,0.195,-0.4976417413754065,0.40110484076930375,0.0,-0.0531178343598125,0.12489584857300154,-0.2585715052624,0.15233583654277505,0.6646899234481674,73,49,True,-0.5458173278278657,-0.5301418556559452,-0.3942854791520639,0.5472304495372079,-0.386389561807965,-0.3515919769052114,-1.1744824022614724,-1.1780228699632749,-0.9894441614589242,-0.2971036287149214,-0.47722365833471864,-0.6139718843638269,-0.2825252153748349
choque_A_tpu_ultimo,empleo,sin pandemia,3219,Fabricación de otros productos de madera,0.1827036170504173,0.16703782379480125,0.03742919590546418,0.4530882164691092,0.918,0.05315434470573595,0.4383175297098095,0.0,-0.052611697640230354,0.11974180392179963,-0.24958696509159076,0.14436356981113005,0.669805512136924,73,49,True,0.09279660817453934,-0.2469688286634393,-0.06380786814644047,-0.05489780074230846,0.1360118372128766,-0.3355699478215162,0.6019921672362003,-0.13215605478042067,-0.12089977176163635,0.30403574433663166,0.47738661959276657,-0.2104477334251993,0.03910457555898069
choque_A_tpu_ultimo,empleo,sin pandemia,3329,Fabricación de otros productos metálicos,0.6293046757254936,0.5034107843425879,-0.1512726780383771,0.24029426000165396,0.56,-0.13554752923810534,0.21112710943290502,0.0,-0.05228877201719484,0.12783120053663372,-0.2625710968999573,0.15799355286556763,0.6587468493955767,73,49,True,-0.07300244241087672,-0.11937805719099272,-0.23662148401537897,-0.2729030819619327,-0.12714225538562898,0.04468732876594522,-0.013433057668156567,-0.1698657059691314,0.03478660060746181,-0.1691172855209794,-0.1520775403767738,-0.39930145729111965,-0.31317637608133886
choque_A_tpu_ultimo,empleo,sin pandemia,3162,Fabricación de calzado,0.1604241815757467,0.208928615610855,-0.2985312196188423,0.3456213255510943,0.427,-0.28280607081857057,0.32601752349137136,0.0,-0.05193865881807572,0.12003108405309672,-0.2493897920854198,0.14551247444926838,0.6673872935191056,73,49,True,-0.29053372206850864,-0.551169369292841,-0.11513176843257057,-0.29208482620359055,-0.5034433530853379,-0.30717081980702016,-0.38270589219619505,-0.7918832740324152,-0.6576192689251855,-0.2554321885168593,-0.18589698636473764,-0.022945720741518093,0.47511133462182836
choque_A_tpu_ultimo,empleo,sin pandemia,3222,Fabricación de productos de cartón y papel,0.1574973850413846,0.21291333042696917,-0.12597131858410682,0.2547471380916475,0.478,-0.11024616978383506,0.22744104579788646,0.0,-0.05186807806286693,0.12007845637662007,-0.24939713880240694,0.1456609826766731,0.6671116946916829,73,49,True,0.002754853605400747,-0.040405530674251594,-0.0046499172485548745,-0.13464502139557682,-0.23016727009928542,0.025164181430613688,-0.23651176426891257,-0.06556204127718569,-0.11406128531233108,-0.008547936596563279,-0.39428495245603074,-0.20760438185232055,-0.22910607544839065
choque_A_tpu_ultimo,empleo,sin pandemia,3133,Acabado de productos textiles y fabricación de telas recubiertas,0.3062290364360683,0.3483594395688712,0.20573457077862994,0.9367134409642136,0.848,0.2214597195789017,0.9296587521401434,0.0,-0.05148540065156881,0.11911493475004004,-0.24742946831538468,0.14445866701224705,0.6672139463341719,73,49,True,-0.06809142378248768,0.05131939341475496,0.3185274776236423,-0.037397614948072117,0.20802795010616956,0.5881213267559822,0.5862999940324666,-0.037159672931572775,-0.18932812168210286,-0.13338938938005113,1.3606637060577484,0.6103958136148631,-0.583440018759152
choque_A_tpu_ultimo,empleo,sin pandemia,3251,Fabricación de productos químicos básicos,0.135778270214786,0.24687503499913044,0.4959647990827389,0.37550781415263584,0.174,0.5116899478830107,0.3575464213741229,0.0,-0.05129272557041577,0.12048011761094295,-0.2494825190404169,0.1468970678995854,0.664849893380982,73,49,True,0.2009635968179261,0.42678325128805833,0.8295108139755292,0.6170557077814983,0.7403428800189719,0.6119624489954303,0.6423806580177087,0.7065913729930993,0.39617089893461427,0.48809400780845685,0.6026114228661998,0.10066781117954147,0.08440751739857083
choque_A_tpu_ultimo,empleo,sin pandemia,3255,"Fabricación de pinturas, recubrimientos y adhesivos",0.0704773870608603,0.2102982954347221,-0.06566225158897687,0.23978904159940265,0.678,-0.04993710278870511,0.21055191620812058,0.0,-0.05119186369096487,0.12211558424954422,-0.2520719997814651,0.14968827239953536,0.662468038305362,73,49,True,-0.012869149929061567,0.10965200135758332,0.02297767169369999,-0.038818568292832444,-0.12103300354729399,-0.2185907435976802,-0.2862975317722702,-0.09260925016357818,-0.008079188124541102,-0.046397590191394014,0.18338057690580556,-0.06639097273421979,-0.278533522260917
choque_A_tpu_ultimo,empleo,sin pandemia,3335,Fabricación de maquinaria y equipo para la industria metalmecánica,0.6052735791408839,0.6140783535938158,0.4673500128721817,0.7259346325199401,0.538,0.48307516167245346,0.7168084930018699,0.0,-0.05079365666803094,0.12733702682944129,-0.26026306580246183,0.15867575246639998,0.6550134209208871,73,49,True,-0.09737185125584885,-0.027269988908359105,0.22845965972237758,0.605027562450323,0.37589396684020304,0.6112957920273966,0.6742536061578734,0.5855077086255348,0.7897474854913246,0.7257607777357614,0.6342812741765299,1.000851009621904,-0.030886835346659407
choque_A_tpu_ultimo,empleo,sin pandemia,3315,Moldeo por fundición de piezas metálicas,0.0974402319506194,0.2715351086932004,-0.07385323923048853,0.3610349068106187,0.841,-0.05812809043021677,0.3423149556819034,0.0,-0.05069162098339576,0.12137869400323527,-0.2503595726187178,0.14897633065192628,0.6618918843687069,73,49,True,-0.0005964379419659037,-0.17121382047103445,-0.14033604738052305,-0.00798036136279103,-0.08640186453922694,-0.19915414212764382,-0.14756812220921836,-0.12155421246544784,0.00863984583080183,0.17042078465518656,0.181838037264408,-0.35666694723805714,-0.08951882201083887
choque_A_tpu_ultimo,empleo,sin pandemia,3132,Fabricación de telas,0.1336042055792961,0.37885838528697496,0.1998962585109263,0.2494072866185371,0.364,0.21562140731119805,0.22144371647480196,0.0,-0.04972479826814784,0.12072385821981971,-0.24831554503975128,0.14886594850345558,0.6597895141224297,73,49,True,-0.14007570411473316,-0.08136472646546976,-0.011769191168209521,0.06779086224904633,-0.02991398677423412,0.1430350153123657,0.26147259373701354,0.205632368002395,0.5529574756160344,0.5640041056789032,0.31525677177846223,0.2986705997117667,0.45295517707870164
choque_A_tpu_ultimo,empleo,sin pandemia,3379,"Fabricación de colchones, persianas y cortineros",0.3523025337449802,0.5315470058345413,0.030626034697400085,0.42650437261020363,0.951,0.04635118349767185,0.4107789001438302,0.0,-0.049707984838013225,0.12009992653077797,-0.247272363981143,0.14785639430511655,0.6605221363293419,73,49,True,0.38346582491648273,0.6420128830865907,0.7338388117270437,0.75101583634431,0.5128684772058227,0.07107361911089904,-0.2467020443093176,-0.26784754374457415,-0.09085384375781475,-0.3224345773094413,-0.725997156923918,-0.9982199088472979,-0.04408192643258434
choque_A_tpu_ultimo,empleo,sin pandemia,3327,Maquinado de piezas y fabricación de tornillos,0.1233232283296124,0.4326418816534467,0.020667478128857403,0.2598590123785772,0.935,0.03639262692912917,0.23315237777496703,0.0,-0.049009541407865065,0.12113634755819244,-0.24827883314109164,0.1502597503253615,0.6571074694836011,73,49,True,-0.43442510840158205,0.7806011240412705,0.7252319658577497,0.14896008909847577,-0.48461909189899804,0.5931770505217394,-1.0072963983507635,-0.010029431174934128,0.10277199769833667,-0.2290329037053145,-0.41969522982703394,0.3266774649781758,0.17635568683802447
choque_A_tpu_ultimo,empleo,sin pandemia,3149,"Fabricación de otros productos textiles, excepto prendas de vestir",0.3944218335152466,0.6202783960190488,0.006187498434775607,0.39883042448480743,0.988,0.02191264723504737,0.3819673185528875,0.0,-0.04900792060295725,0.12119617621257615,-0.24837563047264502,0.15035978926673052,0.6570291338484965,73,49,True,-0.08467004436258503,0.09427515818582603,-0.16385952265073592,-0.15154002072451164,-0.03946539724685808,-0.003157610764000884,0.24736905557682723,0.19028025917024224,0.22123401133608095,-0.06310223489413005,-0.08749479715660702,0.0847193323674118,-0.16415070918487676
choque_A_tpu_ultimo,empleo,sin pandemia,3261,Fabricación de productos de plástico,0.2303591490643638,0.524248422355608,-0.08322622011884692,0.15806652871083748,0.431,-0.06750107131857516,0.10871224607396068,0.0,-0.04880307352031113,0.1199531095497798,-0.2461259387296989,0.14851979168907664,0.657941381509145,73,49,True,0.03869025600154845,0.024955146747859893,0.09388546350878148,-0.14351063131556235,-0.18028093415684102,-0.023803150024285374,-0.14783556099198472,-0.20182215480275437,0.10182280680232825,-0.1223674327781901,-0.3022943063478335,-0.06241007108976911,-0.1569702930983076
choque_A_tpu_ultimo,empleo,sin pandemia,3253,"Fabricación de fertilizantes, pesticidas y otros agroquímicos",0.1679807884786191,0.549472772838495,-0.1213248273261677,0.7291332142904758,0.877,-0.10559967852589594,0.7200476158764171,0.0,-0.048000042959225164,0.12087219369793754,-0.24683480159233243,0.1508347156738821,0.6543583097873077,73,49,True,-0.3758882745850665,-0.49169522184651954,-0.2688477073492265,-0.0015948707275203577,-0.2149014217078589,-0.062202429524170204,-0.20916300681157002,-0.32658054828508115,-0.15380908490702155,0.42497746532451997,-0.0912762306317984,-0.36122937533767185,0.5549879511488047
choque_A_tpu_ultimo,empleo,sin pandemia,3159,Confección de accesorios de vestir y otras prendas de vestir no clasificados en otra parte,0.6664841032423205,0.9146421435264246,0.4845439444587937,0.42111995933197816,0.253,0.5002690932590654,0.40518556871576544,0.0,-0.047760518981642644,0.13286058960280112,-0.2663161888782505,0.17079515091496522,0.6403814023066692,73,49,True,0.04093824791263193,0.07547421388642664,0.30038856013896664,0.1372002333964932,0.26346447026079944,0.4103231810661844,0.8526405620951725,0.7117818362009454,0.9673802060250252,0.5893410917748098,0.40777365737438503,0.7921373470143463,0.7502276708181312
choque_A_tpu_ultimo,empleo,sin pandemia,3152,Confección de prendas de vestir,0.4259861529321015,0.9248468204807683,0.06247721623841506,0.2184770380555947,0.805,0.07820236503868683,0.18591810322100735,0.0,-0.04568690588690266,0.12488231917502515,-0.251118320929819,0.1597445091560137,0.6427576401588931,73,49,True,-0.09017534739790833,-0.3042136182622497,-0.011029128508600855,0.025945987233966798,0.052237897863704766,0.09612378108391438,0.24932922603877736,0.13283971049137408,-0.07006156633587259,0.04395480623387371,0.3171647552588196,0.40517733896622216,-0.03509003156662542
choque_A_tpu_ultimo,empleo,sin pandemia,3212,Fabricación de laminados y aglutinados de madera,0.0775332943220637,0.706229815707303,0.2869408421420531,0.27883081047906605,0.203,0.3026659909423249,0.25412584642291747,0.0,-0.04542401292916888,0.12421912200831756,-0.2497644686328513,0.1589164427745135,0.6426967556312058,73,49,True,0.33517481621796846,0.35652395272553167,0.24243476641533485,0.1311552544796678,0.25635824360735265,0.42567236060799885,0.456678209822459,-0.22004034229636404,-0.048735711151895324,0.041615728342976666,0.43139328475785954,0.8591382052637464,0.4628621790540538
choque_A_tpu_ultimo,empleo,sin pandemia,3122,Industria del tabaco,0.1071479040489181,0.7594394974604725,-0.17907941933506807,0.45038826513221225,0.724,-0.16335427053479631,0.4355260202520112,0.0,-0.045039598580656495,0.12396158550326368,-0.24895640673352526,0.15887720957221224,0.6418227224453774,73,49,True,0.14390655992343643,-0.2976563646427613,0.45059121584553374,0.3690128158267861,-0.11751906710160163,-0.15688265763976667,0.13837820399867748,-0.2953636935022801,-0.20006990773140335,-0.013159851229019854,-1.4708710217737886,-0.7939900046060645,-0.08440867872363286
choque_A_tpu_ultimo,empleo,sin pandemia,3252,"Fabricación de resinas y hules sintéticos, y fibras químicas",0.3119319594154858,0.9457986711094967,-0.09434575758834798,0.47705241111938534,0.876,-0.07862060878807622,0.4630467880274847,0.0,-0.04451425723314398,0.12397351671329229,-0.2484506922265098,0.15942217776022186,0.6402258823608973,73,49,True,0.05399823880311952,-0.16183612405343817,-0.40962157087537077,-0.08838036340348418,0.14154346036014429,0.18885047214024614,0.18424789098290992,-0.16948659744711755,-0.09069440253372972,-0.1471548486360654,-0.1702101449579121,-0.4267575329784338,-0.13099332604939187
choque_A_tpu_ultimo,empleo,sin pandemia,3141,"Confección de alfombras, blancos y similares",0.5072465584471345,1.2182657542027042,-0.4181315507718144,0.5368143402170983,0.482,-0.40240640197154265,0.5244072470994943,0.0,-0.04290057170545762,0.13138095510865075,-0.2590222428591881,0.17322109944827285,0.6279904570010821,73,49,True,-0.3386453243073658,-0.3308228665720862,-0.6617218112035038,-0.2140278660969372,-0.5020467455353665,0.14646655392680707,-0.19086571908550878,-0.7479501734350994,-0.38963336779998137,-0.658386302307921,-0.982991650486374,-0.6272934616548128,0.06220857452456193
choque_A_tpu_ultimo,empleo,sin pandemia,3313,Industria básica del aluminio,0.2650002880058719,3.4239119691147217,-0.17999366147264154,0.3869890786981765,0.581,-0.16426851267236978,0.3695860819611783,0.0,-0.01502527782671439,0.19972786168063816,-0.34357761029136413,0.3135270546379354,0.52998364591636,73,49,True,-0.22777273490516387,-0.43669042627716625,-0.6166363107595946,0.20746930547123335,-0.19098197334542324,-0.20758151026872385,-0.5640979724461873,-0.7745087695708918,0.16523675916937022,0.110129255460474,-0.31582043273799243,0.006680686049243624,0.5046565250164821
choque_A_tpu_ultimo,empleo,sin pandemia,3312,Fabricación de productos de hierro y acero,0.0669975578374552,6.615743671162022,-0.00459018591722241,0.44837561209039795,0.991,0.011134962883049354,0.43344436144122395,0.0,0.02407424631579978,0.34566524617096045,-0.5445450836354302,0.5926935762670298,0.47223766022262076,73,49,True,0.025835949876527355,0.3139870798551525,-0.021098723240269852,-0.21528021753693716,-0.0725044540212182,-0.23904278990731906,-0.18388355807479453,-0.03615365918157892,-0.3964256361263775,-0.24550213070581242,0.4774033002582932,0.3807085430528079,0.1522838788276354
choque_A_tpu_ultimo,empleo,sin pandemia,3311,Industria básica del hierro y del acero,0.279574215702268,10.234472970162127,-0.25224355975285145,1.7493461107869535,0.89,-0.2365184109525797,1.7455787407828933,0.0,0.06485262283233495,0.5191966319502798,-0.7892258367258753,0.9189310823905452,0.45029757494636985,73,49,True,0.04509897800722664,-1.424854624569113,-0.08243699823028838,0.9001495677795043,-0.3258413021958811,0.04884377638347373,-0.04513759998139022,-0.35850531421900356,0.8919948324029883,1.3858403945629856,-1.742393841230044,-1.5557917456565806,-1.0161323998409464
choque_A_tpu_ultimo,horas,completa,3364,Fabricación de equipo aeroespacial,0.9896704181454756,0.014151309535923225,0.6057979442791609,1.3703294089960032,0.674,0.8488059799977243,1.2120534810495334,0.0,-0.3514018643126344,0.6599909490233533,-1.4370869754560507,0.7342832468307818,0.7027874066505604,90,78,True,-0.9328298858732823,0.07499011198015788,0.3356459375795056,1.3005978704161711,0.05890049147194067,1.4199553924496588,1.8785189160847986,1.2805813100847483,0.6400888093153456,2.047934745571989,-0.09468530859581184,-0.71567425321098,0.5813491383548485
choque_A_tpu_ultimo,horas,completa,3343,Fabricación de equipo de audio y de video,0.9478363435009872,0.05955715398719757,-0.9353947675673485,0.8442192332734275,0.079,-0.6923867318487851,0.5513411517325096,0.0,-0.34229600230228985,0.6577810629628913,-1.424345850876246,0.7397538462716664,0.6986005697159734,90,78,True,-1.0157861394455614,-0.49553770209247083,-0.4490030405177333,-0.3733778828167626,-1.5201676716275405,-0.7153956054253048,-0.3931825295234289,-0.597432671770097,-0.9964378048201765,-0.5998862640156087,-2.372136356873264,-2.3462425106954643,-0.2855457987521163
choque_A_tpu_ultimo,horas,completa,3345,"Fabricación de instrumentos de medición, control, navegación, y equipo médico electrónico",0.9203173609236356,0.08650546749963084,-0.009727027651872363,0.759114387812241,0.977,0.23328100806669114,0.40929891955453523,0.0,-0.3363416687027239,0.6564082200027884,-1.416133190607311,0.7434498532018632,0.695813440094615,90,78,True,-0.16675042171314777,0.017666761253382485,0.12162790921318051,0.3291801449428094,-0.6007145125592243,0.19399474244958376,0.7036023574445405,-0.24952521775197692,0.5109627863692385,0.5438900661713892,-0.7384220988124709,-0.48175751237847275,-0.3102063641031725
choque_A_tpu_ultimo,horas,completa,3342,Fabricación de equipo de comunicación,0.895054776922478,0.01288857306848177,0.4966111019181608,1.3689325583862197,0.731,0.7396191376367243,1.2104739985537885,0.0,-0.3320751807542591,0.6553020415535861,-1.4100470391099083,0.7458966776013899,0.6938353449614112,90,78,True,1.4125478288010704,0.03626810120870062,0.026320426615205787,0.7379381656275837,-0.797381813405845,0.34610615797430977,1.3527414520521353,-0.5148861906296728,1.1216727026889455,1.115441859030535,-0.630206904525012,0.7149261546358694,1.5344563848622639
choque_A_tpu_ultimo,horas,completa,3353,Fabricación de equipo de generación y distribución de energía eléctrica,0.8989208694711824,0.45389419359827005,-0.5101652780510659,0.8648213200640237,0.349,-0.26715724233250243,0.5823975166518457,0.0,-0.3274866569312762,0.6555001481587489,-1.4057844006524183,0.7508110867898659,0.6913209672411568,90,78,True,-0.3231397864845545,-0.12089722446872904,-0.14673478216065394,0.24584842579580438,-0.7438389126246564,-0.35702699598695775,-0.21877030252418944,-0.5649505388251805,-0.5537931641608492,-0.7772547811042896,-1.2110044209615287,-1.147615466124711,-0.7129706650333618
choque_A_tpu_ultimo,horas,completa,3333,Fabricación de maquinaria y equipo para el comercio y los servicios,0.8664849575372038,0.26580327730216874,0.45418020682217297,1.2212155669691396,0.778,0.6971882425407365,1.040499117141727,0.0,-0.32314995778886163,0.6538775685250245,-1.3987785580125272,0.7524786424348038,0.6894195082974222,90,78,True,0.10925405795519291,0.8553794228688488,0.6961133368412139,1.1718470842245818,1.1346874514410628,0.8491013787770865,0.8499171969012475,0.30371304151580875,1.3384799968452576,0.43976327727890874,-0.8729714361271719,-0.9403497943998642,-0.030592325433924584
choque_A_tpu_ultimo,horas,completa,3334,"Fabricación de equipo de aire acondicionado, calefacción, y de refrigeración industrial y comercial",0.8482017522901368,0.11367478899586249,-0.714326330127639,0.8834769457066942,0.361,-0.4713182944090755,0.6097560703758395,0.0,-0.32126784109475637,0.653133285906021,-1.395672096410161,0.7531364142206484,0.688600422630989,90,78,True,-0.22705596110236498,-0.20515942522348943,-0.22813163772165737,-0.10792999187780418,-0.5356527335378203,-0.8351009439584247,-0.14791432266791327,-0.20834707873629849,-0.7166182381280197,-0.6930147470636304,-1.3808346372143205,-2.3893158856604724,-1.6111666887670912
choque_A_tpu_ultimo,horas,completa,3336,"Fabricación de motores de combustión interna, turbinas y transmisiones",0.8385248456652771,0.34629757144673917,-0.47557432254280274,1.1385563993455812,0.748,-0.23256628682423924,0.9421155057930695,0.0,-0.31645235491637536,0.6527118859311754,-1.3901634072731588,0.7572586974404081,0.6861004708549435,90,78,True,-0.4798355603670016,0.30463091341086584,0.2148204302085845,1.082480843541435,-0.09805070537409566,-0.5925696103657018,0.45305817833564677,-0.4735856831782678,0.32631799777320314,0.05191294596809267,-1.6970848239746241,-3.254075695799566,-2.020485423235007
choque_A_tpu_ultimo,horas,completa,3351,Fabricación de accesorios de iluminación,0.831395116765869,0.5101170356130816,-0.3378616250295588,0.8987418460927876,0.614,-0.0948535893109953,0.6316706876872066,0.0,-0.31299676408221866,0.6526025229230475,-1.386527914290632,0.7605343861261946,0.6842487596958923,90,78,True,-0.6696049410618248,-0.42968900763386875,-0.1833893571037113,-0.8636796384108131,-0.1586433780868899,-0.522652360190693,1.872151779571277,-0.6541044136966432,-0.10953642746890674,-0.5662686854775915,-0.9836792698313955,-0.8208416064679754,-0.3022638195252268
choque_A_tpu_ultimo,horas,completa,3365,Fabricación de equipo ferroviario,0.8018618332294466,0.036159697120880414,0.21012711608781467,1.9392286189180752,0.922,0.4531351518063782,1.8308136410339153,0.0,-0.3127401015741666,0.6513461095487951,-1.3842044517819347,0.7587242486336014,0.6844375939966545,90,78,True,-0.17282861829439794,-0.5924049197245655,0.2064488671314184,-0.474947787717982,-0.6366404620005182,-0.868970694375019,0.8693330461697976,0.6162564659811987,-0.45343507904232344,1.5201619172689218,0.9650519491714967,0.9156464679854518,0.8379813565881118
choque_A_tpu_ultimo,horas,completa,3325,Fabricación de herrajes y cerraduras,0.8134327973740351,0.4498475651046204,-0.84649910399252,0.9930836711529623,0.345,-0.6034910682739565,0.759925081620288,0.0,-0.3100598585394629,0.6517834542143328,-1.3822436407220404,0.7621239236431145,0.6828594756715,90,78,True,-0.8530799972579399,0.09786295265230723,0.1108367509200665,0.4848564081930144,-1.2781948103598513,-0.39921015433876395,-0.037757451853555966,0.3096327926161291,-1.1597767184785304,-0.9949309736714937,-2.8768722825256265,-3.514216826728109,-0.8936380410704081
choque_A_tpu_ultimo,horas,completa,3341,Fabricación de computadoras y equipo periférico,0.7847307234340066,1.5964343991395392e-06,-0.1913956983429797,1.052911099838185,0.828,0.051612337375583794,0.8365959215340538,0.0,-0.3096790367614567,0.6507534643506018,-1.3801684856181966,0.7608104120952833,0.6829192311843292,90,78,True,0.8285828192656954,0.7896723443378952,-0.2260304985553514,0.5522030427987765,-0.011430390463052352,-0.5715845572116995,-0.5625803158901194,-0.08826470201697736,-0.4370843167574857,-0.8246058105789107,-0.9203044136866206,-0.6673148292131467,-0.3494024504877399
choque_A_tpu_ultimo,horas,completa,3391,"Fabricación de equipo no electrónico y material desechable de uso médico, dental y para laboratorio, y artículos oftálmicos",0.7835186733412709,0.04630745160306291,-0.5012701894605744,1.0222573154212449,0.232,-0.25826215374201095,0.7976722200861748,0.0,-0.30886647613055007,0.6506422437938786,-1.3791729671714803,0.7614400149103803,0.6825032082598707,90,78,True,-0.59698355439936,-0.0046366925933525,-0.31142559590524344,-0.062152536698033514,-0.6764795174028639,-0.3101850006661059,-0.38282326028192337,-0.6750511538815414,-0.05266760243788319,-0.9465389823136608,-0.9497934045270572,-0.8538606169663313,-0.6939145449141122
choque_A_tpu_ultimo,horas,completa,3117,Preparación y envasado de pescados y mariscos,0.7478643561015712,0.0,0.5044580311700269,1.2557139681776153,0.5,0.7474660668885904,1.0807814402742717,0.0,-0.30214253903343696,0.6494472563647274,-1.3704832757534136,0.7661981976865397,0.6791167272207421,90,78,True,-0.11080576723425645,-0.045211296504636345,-0.17079524193221773,-0.02507609850382464,0.23112207421357983,-0.01385005925902671,0.5563577758876389,0.835428120787827,0.9763377216335862,0.790031157885698,1.5081813333199399,1.1511832561355133,0.8750514287805277
choque_A_tpu_ultimo,horas,completa,3359,Fabricación de otros equipos y accesorios eléctricos,0.7464127593691879,0.35377894678325833,-0.16507244741461072,0.8403680958446704,0.804,0.07793558830395278,0.545425969567414,0.0,-0.2975308177860284,0.6492050300568062,-1.3654730922294744,0.7704114566574177,0.6766316223085652,90,78,True,-0.16972853348460937,0.01789328119054235,0.2021225361624297,0.626414722502084,-0.6442296993174923,-0.01922393788148828,0.7468080302248693,-0.11943686381974267,-0.27929977841593134,0.3170417523395808,-1.1874755208237515,-1.4003045773895735,-0.236523227676857
choque_A_tpu_ultimo,horas,completa,3332,"Fabricación de maquinaria y equipo para las industrias manufactureras, excepto la metalmecánica",0.6992566972513394,0.19177087548725835,-0.9951074750069653,0.8383371405483758,0.052,-0.7520994392884017,0.5422915387388815,0.0,-0.2898667805187172,0.6476792571903609,-1.3552991585968608,0.7755655975594264,0.6727598483453611,90,78,True,-0.05184010141857667,-0.9580079281514673,-0.8029890240608231,-0.8779492899132253,-0.9003065951141569,-1.028809431812022,-0.6192557750731712,-0.8266457099373928,-0.645325591122334,-0.8301506697737646,-1.4717589163810971,-2.0821943089255184,-1.841163833407002
choque_A_tpu_ultimo,horas,completa,3361,Fabricación de automóviles y camiones,0.6801529750236635,0.005320890179200327,-2.2861400305498027,2.8385448089481,0.486,-2.0431319948312394,2.7656116112301743,0.0,-0.2882355399358285,0.647328946450426,-1.3530916568467795,0.7766205769751224,0.6719373313364039,90,78,True,-4.371397688172127,-0.7470009815221215,0.8421178751558033,-0.21050634817554445,-3.07051174341175,-1.9718313673698973,2.116696126842647,4.814939344526324,-4.848635918707869,-1.0069112501500026,-8.048938724858195,-11.288363287433247,-1.9294764338714572
choque_A_tpu_ultimo,horas,completa,3369,Fabricación de otro equipo de transporte,0.6740711386128929,0.017177780878001966,-2.4847259198544784,1.6039847596927654,0.196,-2.241717884135915,1.4710669804912402,0.0,-0.2868476261398815,0.6471378665004417,-1.3513894165331082,0.777694164253345,0.6712096463903408,90,78,True,-2.851723899880826,-1.983904348670955,0.3474351637304614,0.09430851579350864,-3.0518003210366222,-2.4988336429681874,-2.101935780984049,-2.0225977262982187,-2.8738363679680723,-2.979929093680943,-4.919722134804683,-5.235848198119573,-2.223049123220061
choque_A_tpu_ultimo,horas,completa,3339,Fabricación de otra maquinaria y equipo para la industria en general,0.6417221502759753,0.05817408393586083,-0.10878174980546938,0.822697051176489,0.824,0.1342262859130941,0.5177850806844929,0.0,-0.2797345635481492,0.6462142070346534,-1.342756934120154,0.7832878070238556,0.6674497879485066,90,78,True,0.24575616165682018,0.2849418554635784,0.14971398897258575,0.30106444018597245,-0.2658653329010204,0.30724736625753,0.3676330743696178,0.29709351888868346,0.025827279424669253,-0.2121366653111051,-1.1111681885489302,-1.1622787694049226,-0.6419914765245811
choque_A_tpu_ultimo,horas,completa,3159,Confección de accesorios de vestir y otras prendas de vestir no clasificados en otra parte,0.6664841032423205,0.9146421435264246,-0.3087748025899971,0.7824693987516992,0.767,-0.06576676687143362,0.4511422300647569,0.0,-0.2743504223442439,0.6479353034399215,-1.3402039965029147,0.7915031518144269,0.664006504602077,90,78,True,-0.8790875430347674,-0.8343023461104068,0.05366837246495871,0.19657946031673645,0.2015750323715669,0.4193761532074099,0.5491193645924123,0.9667546058179883,-0.16085287835339523,0.3028958217698617,-0.8111957228070529,-2.725772060706335,-1.2928306931989388
choque_A_tpu_ultimo,horas,completa,3169,"Fabricación de otros productos de cuero, piel y materiales sucedáneos",0.6136094363212712,0.09965937863884373,-0.21733346056257247,0.8200001701264678,0.813,0.02567457515599103,0.5134892703576117,0.0,-0.2734815498558764,0.6454795701622882,-1.3352954427728405,0.7883323430610876,0.664103091063182,90,78,True,-1.5403811815776336,0.022284346152493698,-0.33075346084885116,0.23835803529352453,-0.8121583108581907,0.6619957903866578,0.21380845255795083,1.0550289764869996,-0.6145370778623555,1.0815917083021438,-1.0954543821291978,-1.1656710712560319,-0.539446811960952
choque_A_tpu_ultimo,horas,completa,3346,Fabricación y reproducción de medios magnéticos y ópticos,0.6054992436078728,0.0,0.10955855762838347,1.3053812614504448,0.926,0.35256659334694695,1.138108601808681,0.0,-0.27303912590808443,0.645451810894019,-1.3348073548287458,0.7887291030125769,0.6638597224682117,90,78,True,0.4707790222389641,0.2347809050092784,-0.31640169300372273,-0.2609462686970755,-0.4339258797192774,-0.14844339197784664,1.2470267782076718,1.1003781423560492,-1.0316049415232602,0.6639999979681322,0.6845549656358487,-0.8289791888561073,0.04304280153033052
choque_A_tpu_ultimo,horas,completa,3399,Otras industrias manufactureras,0.618987370047973,0.23749558020146458,-0.3296697820554189,0.7607251815962045,0.667,-0.08666174633685542,0.4122787329944812,0.0,-0.27289978818519145,0.6454936612336436,-1.3347368609145351,0.7889372845441524,0.6637709667060734,90,78,True,-0.40283540804804585,-0.37612088886438955,0.08110720650761284,0.6204683311248422,-0.9836686451535875,-0.3981928834887399,0.14042137279675695,0.1535638902361015,-0.30324763392589954,0.5398399234995286,-1.3123351009038895,-1.9305622068438728,-0.11414512365686436
choque_A_tpu_ultimo,horas,completa,3329,Fabricación de otros productos metálicos,0.6293046757254936,0.5034107843425879,-0.5212639314224836,0.7423437892935932,0.364,-0.2782558957039201,0.3772866990336754,0.0,-0.2717656172361986,0.6458674728066089,-1.3342176100030703,0.790686375530673,0.6630407191091776,90,78,True,-0.2773893939668869,-0.1457380657424237,-0.06303796878606846,-0.00874766114911781,-0.7195349275142413,-0.12647538552496668,-0.10654515956117104,-0.3115568317332904,-0.3145879877845602,-0.3052751562825964,-1.440175182018952,-2.0331458959577597,-0.9242214924702526
choque_A_tpu_ultimo,horas,completa,3366,Fabricación de embarcaciones,0.5822911532336551,0.042726088375579084,-0.5121717295383315,2.3076691643501452,0.847,-0.26916369381976796,2.2173425364290145,0.0,-0.2677736208096014,0.6448836730219983,-1.3286072629307886,0.7930600213115859,0.6610124206712592,90,78,True,-1.145665367120782,-1.4230387407294978,-1.4153782352080087,-1.3234565539753322,-1.538097880835427,-2.5501327648800167,-1.0848606655127595,0.7018748220976655,-0.9409050952423174,4.208261180520424,2.1279958023894925,-1.729254265550036,-0.545574719951713
choque_A_tpu_ultimo,horas,completa,3335,Fabricación de maquinaria y equipo para la industria metalmecánica,0.6052735791408839,0.6140783535938158,-0.062204468481154296,0.9892734730669289,0.968,0.1808035672374092,0.754939041432393,0.0,-0.2655031973689308,0.6454695087757156,-1.327300539304983,0.7962941445671214,0.6595859759742886,90,78,True,-0.8748109520991908,-0.8425019322690892,-0.07794185723056941,0.2608064878511078,-0.14760160585334062,-0.06444542105870515,0.4557909901641646,0.09078385208104911,-0.1081854738107037,1.0069585537633232,0.3611761253956563,-0.6613582561759795,-0.20732860101272824
choque_A_tpu_ultimo,horas,completa,3331,"Fabricación de maquinaria y equipo agropecuario, para la construcción y para la industria extractiva",0.519899184727109,0.06935837629721166,0.6025692844159384,0.8716246258899512,0.495,0.8455773201345018,0.5924529012695893,0.0,-0.2546941274586057,0.643735411635853,-1.313638879599584,0.8042506246823726,0.6538184984345381,90,78,True,0.16616937472476823,0.28323010803722537,0.6258874166859184,0.7773568995876472,0.5228787177948772,0.7544787798695645,1.1069699702670581,0.6302336985254241,0.8857317552007875,1.5043972275529565,-0.09404226795247358,0.039104034525076194,0.6310049825883698
choque_A_tpu_ultimo,horas,completa,3363,Fabricación de partes para vehículos automotores,0.5296068171162411,0.23933342280456002,-1.113175568251273,1.2422692360969907,0.493,-0.8701675325327094,1.06513088712982,0.0,-0.2546054860083149,0.6437096543933235,-1.313507867485332,0.8042968954687022,0.653773537568453,90,78,True,-1.5700360421771458,-0.47530797227538313,0.5617595715242786,0.517341550829725,-1.4266235908991516,-0.20219988894043467,1.2348743773324322,1.582067651510131,-1.8447832097077965,-0.985657503895385,-4.148247944248152,-5.859066832761501,-1.8554025535581675
choque_A_tpu_ultimo,horas,completa,3314,"Industrias de metales no ferrosos, excepto aluminio",0.4934732886739018,0.006965209188103637,0.10421459688741688,0.8559124502032378,0.785,0.3472226326059804,0.5690844174442544,0.0,-0.2500529323123293,0.6434789227897709,-1.3085757603015025,0.8084698956768439,0.6512122551161301,90,78,True,0.014613299634081924,0.013239854107643879,0.1881144490169033,-0.4303765220590593,-0.11731060608043697,0.043436412752685616,0.5844106311453556,0.21718745120263452,0.5105949253637686,0.06167401663815487,0.11962103270867833,0.0009661690678016935,0.1486186460382074
choque_A_tpu_ultimo,horas,completa,3362,Fabricación de carrocerías y remolques,0.4826387565231524,0.11902321441005292,-0.4727418657853189,1.2044848232502856,0.764,-0.2297338300667554,1.0208107763955219,0.0,-0.24647130064327374,0.6431562673144775,-1.3044633603755893,0.8115207590890419,0.6492222259241107,90,78,True,0.007233626847249897,0.1665276265427343,0.30070677489527453,0.8707151090610094,-0.4114523415263132,-0.25205040562072945,0.2915756119926128,0.5666626191950342,-0.8509975510489567,0.4537946105180513,-2.0728517013724557,-3.3336826188247524,-1.8818256158679052
choque_A_tpu_ultimo,horas,completa,3322,Fabricación de herramientas de mano sin motor y utensilios de cocina metálicos,0.4783144421423179,0.12768954532932958,-0.2557114627927284,0.9623246708552535,0.666,-0.012703427074164886,0.7192633202809862,0.0,-0.24548158818336469,0.6430934563966566,-1.303370323955865,0.8124071475891355,0.6486654416768078,90,78,True,-0.1157737310188223,-0.2094563953314314,-0.19370247386738382,-0.2976196595849786,-0.2961567153377358,0.5061044907287,0.9470859763374256,0.2650398262604402,-0.15232308598016842,-0.3861306744719295,-1.1317354273357771,-1.4565251202152285,-0.8030560264885798
choque_A_tpu_ultimo,horas,completa,3344,Fabricación de componentes electrónicos,0.4744887481943934,0.16122574159735625,-0.058561336604587504,0.7744707900467215,0.922,0.184446699113976,0.4371223586143236,0.0,-0.2442904746957866,0.643009329725536,-1.3020408220942934,0.8134598727027202,0.6479966588594608,90,78,True,0.01297699170857212,0.2741812369209242,0.14922897406750366,0.12562413689848245,0.04146498056889156,0.32987838186393337,1.0354581330068213,0.31084677364561286,-0.003231279403302756,-0.01490754182788998,-0.7308498099993107,-1.457575391515322,-0.8343929617945537
choque_A_tpu_ultimo,horas,completa,3321,Fabricación de productos metálicos forjados y troquelados,0.4526204884780047,0.03826066742265268,-0.035193659463050156,0.8238759441168201,0.97,0.20781437625551336,0.5196561584926498,0.0,-0.24131977194653734,0.6429640833472352,-1.2989956890527394,0.8163561451596647,0.6462901943299801,90,78,True,-0.05147466753705846,-0.3448981053880265,-1.0121734518739254,0.1580122231878883,-0.4464453021473397,0.4474137487245773,1.7753742905004601,0.3591375553321411,0.42081951837352394,1.4406365924021622,-0.23579359054604365,-1.9720434513854468,-0.9960829326625642
choque_A_tpu_ultimo,horas,completa,3141,"Confección de alfombras, blancos y similares",0.5072465584471345,1.2182657542027042,-0.8008609127249359,1.1329413612960555,0.589,-0.5578528770063724,0.9353219124452905,0.0,-0.2380945726805276,0.6458281120412659,-1.30048181698841,0.8242926716273548,0.6438114830993853,90,78,True,-0.805342494551438,-0.4803274468861935,-0.506482372590471,0.2688363830395679,-0.33001419817909183,-0.27695265229037846,0.15196287601825237,0.08925699309420478,-0.6297135865719842,-0.07974168475563757,-2.713615261601144,-3.2366083780468924,-1.8624500421029602
choque_A_tpu_ultimo,horas,completa,3262,Fabricación de productos de hule,0.4171737487232005,0.17319420214525957,-0.6376176383865912,0.75770949864175,0.495,-0.39460960266802775,0.4066873935799935,0.0,-0.23242770779825567,0.642477664695249,-1.2893034662219405,0.824448050625429,0.6412372080817549,90,78,True,-0.39263360477685294,-0.2129289014302837,-0.048248164520761916,0.2864648836671292,-0.47740619741085016,-0.4894256349923331,0.304204478232443,0.4543937048850818,-0.556710024872574,-0.4907117494521257,-2.182668685863085,-2.9291556598352466,-1.554203742656226
choque_A_tpu_ultimo,horas,completa,3352,Fabricación de aparatos eléctricos de uso doméstico,0.3900028883753999,0.07493595431888583,-0.6562168279900888,0.9478300297292029,0.496,-0.41320879227152535,0.6997518967615723,0.0,-0.22807166064237908,0.6424712941792038,-1.2849369395671695,0.8287936182824113,0.6387019109679273,90,78,True,-0.45857052076365007,-0.23771801644295915,0.256946713705559,0.5459553897741917,-0.5059282885576198,-0.7282270367668708,0.021070478020609365,-0.1336788107352152,-0.3189011193188888,-0.9393150269588424,-1.7668181301302635,-3.2229273058207886,-1.0427070898764166
choque_A_tpu_ultimo,horas,completa,3152,Confección de prendas de vestir,0.4259861529321015,0.9248468204807683,-0.5386542502917049,0.7832408049883186,0.571,-0.2956462145731414,0.45247885073636956,0.0,-0.2250614463954202,0.64348947054784,-1.283601625446617,0.8334787326557767,0.6367374225443557,90,78,True,-1.0576857801463475,-0.34046983238418993,0.8408771738006807,0.48473040559577124,-0.7087554357207506,-0.15737687884027546,-0.10148999263568273,0.77945171734632,-0.17534013476787655,0.05063310167479407,-2.1035263306169787,-2.7839524115273684,-1.7296008555702613
choque_A_tpu_ultimo,horas,completa,3371,"Fabricación de muebles, excepto de oficina y estantería",0.3642278188643361,0.004901686321007664,0.08321488653944972,1.0608219037930489,0.953,0.3262229222580132,0.8465306038957275,0.0,-0.22365670970320006,0.6425330466824606,-1.2806235714958478,0.8333101520894477,0.6361121726967798,90,78,True,0.4156696594941894,0.23600265064045414,0.2108319041048334,-0.11215233574012509,-0.8466895805117203,0.06313147152108982,1.223597441644388,1.6046438238562464,1.244603173845037,1.3000795471722155,-1.4137006372391077,-2.2470529344403865,-0.5971706593342684
choque_A_tpu_ultimo,horas,completa,3149,"Fabricación de otros productos textiles, excepto prendas de vestir",0.3944218335152466,0.6202783960190488,0.6947897436653024,0.9479682040190188,0.439,0.9377977793838659,0.6999390456289751,0.0,-0.2223235790784067,0.6424649526272012,-1.2791784261501524,0.8345312679933391,0.6353466014089801,90,78,True,0.24273994732501725,0.4320159763419808,0.18255737641517403,0.25191523363367485,-0.7328538500006928,-0.08926245748938991,1.4570693854138257,1.4079359866971053,1.8472919111911328,1.6413645629479536,0.32182993079025946,0.9005104309952442,1.1691522333876472
choque_A_tpu_ultimo,horas,completa,3259,Fabricación de otros productos químicos,0.3514735701280596,0.037375188977905587,0.36886147359135635,0.855010418106597,0.492,0.6118695093099198,0.5677268417432579,0.0,-0.2206533112195495,0.6424455436634234,-1.277476230545881,0.8361696081067822,0.6343731799835228,90,78,True,0.4981744333066006,0.003685507948123201,0.3038098378176557,0.08303558733546333,0.13959416375949976,0.15733408721756817,0.9279132085958149,0.7262598062703877,0.8374759378294577,0.21525002615179512,0.450298142414164,0.4520411619176999,0.0003272561234021717
choque_A_tpu_ultimo,horas,completa,3271,Fabricación de productos a base de arcillas y minerales refractarios,0.3488287256548686,0.03778046576634959,0.17764045667532646,0.7414875777280343,0.746,0.42064849239388996,0.3755992274884815,0.0,-0.22010768790884785,0.6424426935265931,-1.2769259187600936,0.8367105429423979,0.6340542932786956,90,78,True,0.022420764610276016,0.10131675179862573,0.39667810036984885,0.7475623278381726,0.008487998072640269,0.34824372351397687,0.5936078081816357,0.4082355118323322,-0.1438232182901906,0.47972042193631026,-0.37565897354977384,-0.47687498672316814,0.19940970718855858
choque_A_tpu_ultimo,horas,completa,3151,Fabricación de prendas de vestir de tejido de punto,0.3365154443339868,0.18378899573785,-0.33501745650624,1.540214532231226,0.872,-0.09200942078767649,1.4012607741106615,0.0,-0.21580967045940547,0.6422040393416242,-1.2722353151763772,0.8406159742575663,0.6315816594065747,90,78,True,-0.12340483485318726,0.28541336599503814,1.9074661395340875,2.384986578011862,0.09121368376257165,-0.5826337123633542,1.5554012438312659,2.990079231767903,-0.12044990720281787,0.22556489741832284,-2.6552811520205766,-6.068701174518113,-4.2448812939441245
choque_A_tpu_ultimo,horas,completa,3379,"Fabricación de colchones, persianas y cortineros",0.3523025337449802,0.5315470058345413,-0.5389014339078309,0.8880054715331677,0.601,-0.29589339818926735,0.6162991718620104,0.0,-0.21479545530459257,0.6421941516870417,-1.2712048348297762,0.8416139242205911,0.6309879940648137,90,78,True,-1.0023752508185204,0.40588616815352824,0.49120096395587326,0.4009587294521481,0.2604590212094422,0.27920990682817737,0.7969792793282853,0.7274043218197689,-0.6400144425924487,-0.6360351519635725,-3.107167921432659,-3.1883962398468544,-1.7938280248949696
choque_A_tpu_ultimo,horas,completa,3114,"Conservación de frutas, verduras, guisos y otros alimentos preparados",0.3156513149608729,0.011841552492554095,-0.1236073804723763,0.9025760356177184,0.667,0.1194006552461872,0.6371141591868392,0.0,-0.21364166865449635,0.6425245316022316,-1.2705945231401674,0.8433111858311746,0.6302454590292903,90,78,True,0.01038012915064506,-0.2223673718028394,-0.1028427191387059,-0.17988260627264865,-0.2238230635974456,-0.04537945735935657,-0.1560614305227214,-0.0959100985483705,-0.029561529333148984,0.24857266840274686,-0.08510708849757533,-0.2605056811652211,-0.4644076974562505
choque_A_tpu_ultimo,horas,completa,3326,"Fabricación de alambre, productos de alambre y resortes",0.3138914060002775,0.11398215213683333,-0.31709018688412777,0.7405492026373535,0.68,-0.07408215116556427,0.3737433254143495,0.0,-0.21203610462352163,0.6423283901349692,-1.268666306395546,0.8445940971485028,0.6293398587110602,90,78,True,-0.4122134015664767,-0.35648209230587685,-0.15782048947913713,-0.021749080449705634,-0.408759358266589,-0.35792804644222914,0.4790808750658999,0.2325975324009873,-0.2500210355447646,0.18767137898961278,-0.6750532055746685,-1.371393770635041,-1.0101017356856714
choque_A_tpu_ultimo,horas,completa,3133,Acabado de productos textiles y fabricación de telas recubiertas,0.3062290364360683,0.3483594395688712,0.34378199110306373,1.519421296730257,0.841,0.5867900268216273,1.3783729643033529,0.0,-0.20761104683558612,0.6421323796720877,-1.2639188113961703,0.8486967177249982,0.6267716621435362,90,78,True,-0.9824080359584254,-0.602574876138326,0.9547610679114088,1.5433673924963869,0.349118649554238,-0.007509269900611984,2.934110547917082,2.5422953004277287,0.11871983588698867,0.6715440926402381,0.23980039602882214,-3.416576694818508,0.12451747829280732
choque_A_tpu_ultimo,horas,completa,3272,Fabricación de vidrio y productos de vidrio,0.272472982882299,0.15198381360749708,0.1897122057436451,0.8282639005775522,0.519,0.4327202414622086,0.5265852644775559,0.0,-0.20310552082315245,0.6424307672186655,-1.2599041328978573,0.8536930912515523,0.6240562821917709,90,78,True,0.17527467433336166,0.2374661129943389,0.2722338954515828,0.39490172768319426,0.19415074645352812,0.39638091034682266,0.3878049089720094,0.30896001290898506,0.17759897167665065,0.20694194937404448,-0.01692555383834122,-0.1037534274781248,-0.16477625421066572
choque_A_tpu_ultimo,horas,completa,3161,Curtido y acabado de cuero y piel,0.262669438610518,0.10967177111390917,0.14490394844255083,1.3744566771938151,0.932,0.38791198416111433,1.216717760718409,0.0,-0.20161747392065132,0.6425582544551351,-1.2586258024993486,0.855390854658046,0.6231532990770792,90,78,True,-1.58175964570051,0.6295465457548196,1.778130593549676,2.1061964430361098,0.3947284944686118,0.9928197009647812,2.0406537802861564,2.6477179692924824,0.42668789195086115,0.616619903489313,-2.529093913852154,-4.801533360766754,-0.8369630727202321
choque_A_tpu_ultimo,horas,completa,3252,"Fabricación de resinas y hules sintéticos, y fibras químicas",0.3119319594154858,0.9457986711094967,-0.09148783820146487,0.8844753107859248,0.829,0.1515201975170986,0.6112017074213838,0.0,-0.20149003167789947,0.6431328484533493,-1.2594435673836593,0.8564635040278602,0.6229715638823115,90,78,True,0.32407341704627696,0.15786390861305047,0.15127103427492578,0.29664083120281787,-0.04626469660139463,0.17090885135225398,0.08311541152946031,0.16247220643583668,-0.38842084885111255,-0.021453413528116694,-0.5889555253601167,-0.8477730122933416,-0.642820060439583
choque_A_tpu_ultimo,horas,completa,3324,"Fabricación de calderas, tanques y envases metálicos",0.2575554192946691,0.07360055114277667,0.18924485626109927,0.7455970135907248,0.71,0.43225289197966277,0.3836480919284805,0.0,-0.20101197903646495,0.642660081095156,-1.2581878124379968,0.8561638543650668,0.6227765429781302,90,78,True,0.2917733330029796,0.42464792819781605,0.5040798653040133,0.167597175177036,-0.6173082483156933,0.0460024131247103,0.4483108129402063,-0.09958986414522598,0.3210833824225232,0.08650024661040122,-0.031827580892159514,0.5625396847918561,0.3563739831758271
choque_A_tpu_ultimo,horas,completa,3121,Industria de las bebidas,0.2419442465750293,0.00012329106015767006,-0.030477384269992025,0.8629954209925744,0.831,0.21253065144857147,0.5796827135762349,0.0,-0.19871680655818505,0.6429439562950683,-1.2563596146635723,0.8589260015472022,0.6213671132869204,90,78,True,0.08629618263613782,-0.08517151580416098,0.12029264180619782,0.15556501084931806,-0.31180406892033635,-0.29552787432259536,0.06072563989157092,-0.280831875100221,0.010728082350714528,0.10831017695158714,0.16916656502068256,-0.23692663018175572,0.10297166931296416
choque_A_tpu_ultimo,horas,completa,3256,"Fabricación de jabones, limpiadores y preparaciones de tocador",0.2434658656862863,0.0355111400392335,-0.2080848952154388,0.9417080244336924,0.465,0.0349231405031247,0.6914368771245603,0.0,-0.19859624925160885,0.6428479522809694,-1.2560811307538036,0.8588886322505858,0.6213133407695215,90,78,True,0.14921841069043007,0.008550532851909518,0.2941699563173727,-0.08783821385437758,-0.6411001900750324,-0.2793695858757219,-0.10039317065233422,-0.3304710630775578,-0.26018809637002743,-0.28844697472728387,-0.5285672659350622,-0.3959392602598002,-0.24472871683321912
choque_A_tpu_ultimo,horas,completa,3323,Fabricación de estructuras metálicas y productos de herrería,0.2249299265714363,0.042986145911046665,-0.3104151016763932,0.7394065740488289,0.679,-0.06740706595782969,0.37147413572358284,0.0,-0.1947158133434536,0.642998506149712,-1.25244835595973,0.8630167292728227,0.61898826088006,90,78,True,-0.5802038288690544,-0.3849594343600551,-0.4027925077662754,-0.46150012474552493,-0.4922548611055837,0.30923042426656117,0.26295718250445554,0.6431577422994412,-0.18466396278301764,0.06028855677276064,-0.6547331021175777,-1.1440901049388337,-1.005832300950407
choque_A_tpu_ultimo,horas,completa,3372,Fabricación de muebles de oficina y estantería,0.2214380514733216,0.0,-0.3967064360145837,1.1207466307727942,0.79,-0.15369840029602022,0.920512879949828,0.0,-0.1945262701647086,0.64313488377497,-1.2524831539745342,0.8634306136451171,0.6188514776582146,90,78,True,-1.2090991080530242,-0.39492043384636266,0.11376984671854092,-0.05698478813748577,-0.4811187443539692,0.24339348446041043,1.6925054603372336,1.4853561229037928,-0.7690078845626009,0.21292562623973446,-1.867283188216652,-2.910562956660722,-1.2161571050184843
choque_A_tpu_ultimo,horas,completa,3279,Fabricación de otros productos a base de minerales no metálicos,0.2243733059375072,0.09096728123609459,0.31436410247963215,0.9077692615682723,0.768,0.5573721381981956,0.6444501408279486,0.0,-0.19401680776418762,0.6429043715484078,-1.2515944989613184,0.8635608834329432,0.6185907788383604,90,78,True,-1.0239433713281276,1.5561739395238103,-0.6410657149287499,2.622591671908813,2.0006381630423347,-0.5604014708997452,-0.9295286489590974,1.4394932296019902,0.0665575251643493,0.9460885903449668,-0.5526492264196202,-1.2334907690560062,0.3962694142402998
choque_A_tpu_ultimo,horas,completa,3113,"Elaboración de azúcares, chocolates, dulces y similares",0.2016423568218791,0.005446138950690162,-0.18006161737267798,0.8268505415301048,0.512,0.06294641834588552,0.524359389916481,0.0,-0.19041305067260558,0.6433388116375838,-1.248705395816431,0.8678792944712197,0.6163759152710089,90,78,True,-0.25162686125181105,-0.22093009939924682,-0.2734335241421643,-0.0975588599253367,-0.21851400913583774,-0.17727886137904922,0.33594883586390556,0.06835835685277201,-0.04872862990938027,-0.2343696750486134,-0.5479530087044886,-0.21741864421533794,-0.4572960454502252
choque_A_tpu_ultimo,horas,completa,3261,Fabricación de productos de plástico,0.2303591490643638,0.524248422355608,-0.2780296271683437,0.6718881094829663,0.626,-0.035021591449780176,0.20665087328523662,0.0,-0.1899558342814589,0.6426045161993981,-1.2470402634294688,0.867128594866551,0.6162333656683746,90,78,True,-0.1650385951858325,0.004178952810806778,0.37108798205679716,0.03099717012520575,-0.48785828803716924,-0.11069522274776747,0.15437575854867247,0.1917078105967796,-0.17588512781943735,-0.2303207650331476,-0.9462427008093558,-1.5102730162786617,-0.7404191114153578
choque_A_tpu_ultimo,horas,completa,3131,"Preparación e hilado de fibras textiles, y fabricación de hilos",0.2001267979454507,0.0774387648863754,0.28412898052239904,2.6588998081993758,0.935,0.5271370162409625,2.5808950272739946,0.0,-0.1892251477149422,0.6431931519186832,-1.2472778826211761,0.8688275871912916,0.6156961068345717,90,78,True,-1.3185214600018882,-0.5573987135682457,1.77701831523339,2.0830233651358796,2.1487217609401705,1.0937889919865202,3.433697255099611,5.08721263514738,2.8117701691363304,0.4263591916232271,-1.9414771198474507,-7.679204417439987,-3.6713132266537487
choque_A_tpu_ultimo,horas,completa,3219,Fabricación de otros productos de madera,0.1827036170504173,0.16703782379480125,-0.24992691857371538,0.7680600219831961,0.728,-0.006918882855151881,0.4256608381490881,0.0,-0.18457053933633386,0.6432511846906198,-1.2427187381524036,0.8735776594797359,0.6129185146299528,90,78,True,-0.9345420103690925,-0.3177580193825843,-0.25523287708629694,0.5718298229872265,-0.06833914800635123,-0.08052362141052893,0.956525468014434,0.5769371594228097,-0.35561212145282817,0.39987147626247527,-0.6691443178493199,-1.9796968696756088,-1.0933648829126341
choque_A_tpu_ultimo,horas,completa,3328,Recubrimientos y terminados metálicos,0.1588822707072484,,-0.8643086773175414,0.8256908045442549,0.286,-0.6213006415989779,0.5225287135401224,0.0,-0.18052259152420458,0.6437072988202847,-1.239421098083573,0.8783759150351638,0.6104308084558737,90,78,False,-1.3382332533621573,-0.8188145532788889,0.7327616714202154,0.13806219068576447,-0.30854840056475813,-0.1491955086365338,-0.03656226516964489,0.5800217761264937,-1.0144792999176533,-2.087512226556599,-2.869064443909955,-2.313352170197824,-1.751096321766497
choque_A_tpu_ultimo,horas,completa,3162,Fabricación de calzado,0.1604241815757467,0.208928615610855,-1.5918572360387524,1.8575170343058167,0.5,-1.3488492003201888,1.7440299551616747,0.0,-0.17950506524063037,0.6435057193425868,-1.2380719735591859,0.879061843077925,0.6098578918744356,90,78,True,-2.6616712776475935,-1.7421672628604123,0.040788593430412697,0.5203818856527005,-1.2548909976682936,-0.7019999024551712,0.7501001951900942,2.4236685363289303,-1.8222212044642965,-0.46173984493731557,-4.103254937600684,-7.716418885886961,-3.964718965585192
choque_A_tpu_ultimo,horas,completa,3222,Fabricación de productos de cartón y papel,0.1574973850413846,0.21291333042696917,-0.023417800038047047,0.7758731627980628,0.941,0.21959023568051644,0.4396022253301565,0.0,-0.17885814531605995,0.6435447721628568,-1.2374892955239594,0.8797730048918394,0.6094656090558476,90,78,True,-0.051504976945416774,0.04719825814967145,0.13533732804663848,0.10968408514650126,-0.27395449243311665,0.17564739113705166,0.39430925100433667,0.011928391519047175,-0.04851307581899745,-0.006180917989391716,-0.4858788088953875,-0.25856492894189675,-0.05393890447365142
choque_A_tpu_ultimo,horas,completa,3253,"Fabricación de fertilizantes, pesticidas y otros agroquímicos",0.1679807884786191,0.549472772838495,-1.1379768287035106,0.9522789742763753,0.054,-0.894968792984947,0.7057663895467267,0.0,-0.17689629511436022,0.6433227705680115,-1.2351622526987391,0.8813696624700187,0.6083314510904038,90,78,True,-0.8500297878167683,-0.9717484783614656,-1.1192900685715914,-0.9644959742623329,-1.0075394082093136,-0.8882335069682317,-0.7546447890322073,-1.0139525719384141,-1.2874391741594116,-0.7547222973513986,-1.291451598512562,-2.312490842067455,-1.577660275894486
choque_A_tpu_ultimo,horas,completa,3254,Fabricación de productos farmacéuticos,0.1290966945098601,0.009184281116309617,-0.18602750161479512,0.9425422142876478,0.356,0.05698053410376838,0.6925725792140623,0.0,-0.1755370936771521,0.6444074781148476,-1.2355873951760763,0.8845132078217721,0.6073430599131389,90,78,True,-0.04480740179053863,-0.2996660798159841,-0.08589390427048707,-0.15026804748168543,-0.23909684181502053,-0.06143845578639373,0.0007091865420464659,0.0060297331147167055,-0.09911709378780637,-0.2843627518275506,-0.3296827275813167,-0.4373491609608582,-0.39341397553145796
choque_A_tpu_ultimo,horas,completa,3251,Fabricación de productos químicos básicos,0.135778270214786,0.24687503499913044,0.32051496982735933,0.927359944119857,0.428,0.5635230055459228,0.6717644064126506,0.0,-0.17400392600444625,0.6438541425910697,-1.2331439905667558,0.8851361385578634,0.6065174358968836,90,78,True,-0.31802358922708474,0.4228886599108795,0.46222881808415295,0.24935227535449697,0.7044083529427273,0.43255225993034613,0.2974296691409584,0.6170338351738078,0.428469630895822,0.7605943776582003,0.3073222164158331,-0.39904967446661055,0.20148777594214135
choque_A_tpu_ultimo,horas,completa,3274,"Fabricación de cal, yeso y productos de yeso",0.1199075903205221,0.0,-0.14970190424149107,0.7792422785460575,0.745,0.09330613147707242,0.4455215824610608,0.0,-0.17377060254376483,0.6445996344848058,-1.2341370012712705,0.8865957961837407,0.6062579673779764,90,78,True,-0.25195999994329116,-0.5558793997120827,0.034201061191869164,0.08445179433742013,-0.5350974473865429,-0.1754426785783397,0.15904254839746343,0.3779872641481942,0.0940246709437708,0.36226044034626437,-0.3088233877624498,-0.7978917830350079,-0.432997838086652
choque_A_tpu_ultimo,horas,completa,3132,Fabricación de telas,0.1336042055792961,0.37885838528697496,0.37570199820006156,1.0464807497798565,0.796,0.6187100339186251,0.8284883290818085,0.0,-0.17194971063278863,0.6438012771988169,-1.2310028116248422,0.887103390359265,0.6052981695693276,90,78,True,-0.1459465857905444,0.5512733305535912,0.2837124569031954,0.789681921309538,0.9150553870815629,0.7471972351780747,1.4059981629090037,2.395777964493388,0.979163570743725,1.6195165458836993,-1.13289495378157,-2.2806628446315957,-1.2437462142512672
choque_A_tpu_ultimo,horas,completa,3119,Otras industrias alimentarias,0.1089707298904361,0.0323275826493142,-0.13840502778316058,0.8157539720354384,0.725,0.10460300793540292,0.5066808607561087,0.0,-0.17114050884853843,0.6447258472737851,-1.231714527613915,0.889433509916838,0.6046674134365184,90,78,True,-0.24907924795608316,-0.19061473887773878,0.1168606970306829,0.34663639793230183,0.10696588159094704,0.22764184676787239,0.31241611473523423,0.05104488138786525,-0.28749530351027186,-0.21759023857356938,-0.5180701999972539,-0.7653824323161892,-0.7325990193948848
choque_A_tpu_ultimo,horas,completa,3231,Impresión e industrias conexas,0.1024504665734745,2.5074260643867242e-05,-0.10258789205362774,0.853236657203965,0.931,0.14042014366493577,0.5650519843001641,0.0,-0.17020157208090025,0.6449384763024466,-1.231125365598425,0.8907222214366244,0.6040728910981494,90,78,True,-0.36454298924326345,0.005959084748949049,0.6354525160988752,1.159039567500902,-0.30720308838506327,-0.2433931630835398,-0.27432765617004756,-0.2489068566480699,-0.5011176944737277,0.8425652629246279,-0.6160878641485013,-1.202424701037654,-0.21865501478064814
choque_A_tpu_ultimo,horas,completa,3327,Maquinado de piezas y fabricación de tornillos,0.1233232283296124,0.4326418816534467,0.16052170910479222,0.7426332309440299,0.813,0.4035297448233557,0.37785588187472374,0.0,-0.16919200413260743,0.64397360544108,-1.228528585083184,0.8901445768179692,0.6036211439252964,90,78,True,-0.6218522672078317,0.264285743494874,0.5781155841501834,0.23366366122402446,-0.23723548778997477,0.7313831499036045,0.250873999228983,0.685859912343971,0.4764368751948217,0.14102357173527158,-0.5030413138619528,-0.15331704667171578,0.24058583661804056
choque_A_tpu_ultimo,horas,completa,3315,Moldeo por fundición de piezas metálicas,0.0974402319506194,0.2715351086932004,-0.12135881091629606,0.770678854850638,0.903,0.12164922480226743,0.4303682714592785,0.0,-0.16586578387195475,0.6445399172053874,-1.2261339476748172,0.8944023799309077,0.6015417708954095,90,78,True,-0.0975518427505349,-0.6031356772232284,-0.2946422286393992,0.12699741448656934,-0.06887864197434662,-0.17820069615156311,0.7302267124211023,0.5512683704708219,0.4538949498415055,0.7685711384299748,-0.41985438360462,-1.595284258705388,-0.9510753985127426
choque_A_tpu_ultimo,horas,completa,3122,Industria del tabaco,0.1071479040489181,0.7594394974604725,-0.08472831852153666,0.9452304789418213,0.905,0.15827971719702683,0.6962266944649145,0.0,-0.16189942706749105,0.6446126270516581,-1.2222871985674688,0.8984883444324866,0.599153907847097,90,78,True,0.017360117043515387,-1.1336669635184866,-0.06068886525410843,0.8840228534206166,0.5766456550470069,-0.11678751417342997,0.9202576299538079,0.20237764058810098,-0.216906092476722,0.2919379704729042,-0.8186280775799464,-0.2598274334002915,-1.3875650609029437
choque_A_tpu_ultimo,horas,completa,3221,"Fabricación de pulpa, papel y cartón",0.0619018679380005,0.001245006131624058,-0.16598429471875864,0.8688413638125272,0.327,0.07702374099980486,0.5883504629356288,0.0,-0.16189742447869662,0.6458204744018271,-1.2242721048697023,0.9004772559123091,0.5989711220680745,90,78,True,0.061297141488842966,-0.09543594782666606,-0.15904669547566108,-0.03895675818316615,-0.16094238675039854,-0.08125068770451396,-0.3055705771212916,-0.17518188732137074,-0.20555290995464015,-0.0885609835799306,-0.32863898512355144,-0.2811885182351318,-0.2987666355563834
choque_A_tpu_ultimo,horas,completa,3313,Industria básica del aluminio,0.2650002880058719,3.4239119691147217,-0.05121093477012877,0.8828408930392656,0.939,0.19179710094843472,0.6088341269897117,0.0,-0.16167080999975036,0.6705427947155658,-1.2647137073068562,0.9413720873073554,0.5952628939367897,90,78,True,-0.020245057217593815,-0.5347875421359969,-0.8709577164027242,-0.40129704703046626,-0.2567833295163803,-0.4662547589018613,0.2009482002448615,-0.047086383021432344,0.6553575459367598,0.7106901709681999,-0.040756005922449545,0.03820942960872514,0.36722034137868415
choque_A_tpu_ultimo,horas,completa,3112,Molienda de granos y de semillas y obtención de aceites y grasas,0.0609807080676099,0.015464642605078835,-0.22742924826313296,0.9662666235732714,0.346,0.015578787455430537,0.7245289087377028,0.0,-0.16153567943173566,0.6458038878987249,-1.2238830750251382,0.9008117161616668,0.598757042528089,90,78,True,0.08632100448363733,-0.19255648892215751,-0.1979042929455082,-0.3771154595616263,-0.3068486465010213,-0.17924411710218308,0.08653166609528638,-0.3149443919985132,-0.2339121802425842,-0.2384143916137586,-0.3917316691199682,-0.4484487043465432,-0.24831255564578894
choque_A_tpu_ultimo,horas,completa,3255,"Fabricación de pinturas, recubrimientos y adhesivos",0.0704773870608603,0.2102982954347221,-0.08146610001480842,0.684519315647209,0.907,0.16154193570375508,0.24461734455896578,0.0,-0.16110071752972357,0.6451886957448207,-1.2224361220299538,0.9002346869705066,0.5985885828901031,90,78,True,-0.06597656216896794,-0.13599876325495425,-0.15576598884591245,0.08810798881660675,-0.21144118378481502,0.0518294755692736,0.579872303750439,0.6528702891910482,0.02211609085400476,0.34165280880481086,-0.3590545576524907,-1.4847193356757045,-0.38255186579584766
choque_A_tpu_ultimo,horas,completa,3241,Fabricación de productos derivados del petróleo y del carbón,0.0588949583065286,0.029050875130591527,0.07133503790836006,0.9387693801890571,0.816,0.31434307362692354,0.6874291970417774,0.0,-0.1609435851267002,0.6458177923083462,-1.2233138534739298,0.9014266832205293,0.5984004283694273,90,78,True,-0.10670545300622682,-0.28742301718606394,-0.10676871872370607,-0.12104960660053986,-0.011245173262820358,0.2172903480229536,0.3041542885442209,0.38498864419441736,0.18117782387418416,0.025290044201410178,0.20462960143588727,0.12497870375630597,0.11803800755865847
choque_A_tpu_ultimo,horas,completa,3115,Elaboración de productos lácteos,0.0498313429839448,0.009728495317546031,-0.03647365060010061,0.9297092038222956,0.851,0.2065343851184629,0.6750038188313036,0.0,-0.15932639988322997,0.6460873039145669,-1.2221400148226926,0.9034872150562328,0.5973918588755545,90,78,True,0.21802047210899428,0.0992058210740625,0.18387146003848295,-0.1247530838690729,-0.09544056545398838,0.043811382091421304,0.17776435094111392,-0.07811375636236899,0.13160585181988096,-0.5468031121065724,-0.24499190242976737,-0.16092773011143352,-0.07740664554206023
choque_A_tpu_ultimo,horas,completa,3116,"Matanza, empacado y procesamiento de carne de ganado, aves y otros animales comestibles",0.044361709007407,0.0005565343123640996,-0.23368247879293771,0.9282463576943285,0.22,0.009325556925625783,0.6729875573424398,0.0,-0.15832012228581904,0.6462477222208801,-1.2213976253391667,0.9047573807675287,0.5967654523542248,90,78,True,-0.011243696818379419,-0.28316997902463464,-0.08475943463038256,-0.42416867211958287,-0.49774157139669295,-0.3079105469784086,-0.019087675978082405,-0.3938924787937754,-0.20493456942922927,-0.3901386888943758,-0.06026285144133545,-0.11857212024676209,-0.24198993855654918
choque_A_tpu_ultimo,horas,completa,3118,Elaboración de productos de panadería y tortillas,0.043199849411286,0.00024549054628625414,0.11206885925671092,0.8232187056703438,0.662,0.3550768949752744,0.5186135257882429,0.0,-0.1580863994107864,0.6462776618085556,-1.2212131530858603,0.9050403542642875,0.5966210417681972,90,78,True,0.029720866493988515,0.07169040613891052,0.042219366465144764,-0.06096554717079205,0.21971448088868262,0.03672256919407519,0.38205467018814926,0.14373079394393837,0.17177755810130713,0.06923669241922714,0.006112264027049102,0.25509347488872786,0.08978757475883349
choque_A_tpu_ultimo,horas,completa,3212,Fabricación de laminados y aglutinados de madera,0.0775332943220637,0.706229815707303,-0.7041991884279787,0.8517440281088845,0.398,-0.4611911527094152,0.5627955589591167,0.0,-0.1564943603920894,0.6451000301590571,-1.2176839100037384,0.9046951892195596,0.5958382118764408,90,78,True,-0.3596841270874628,-0.5228396789250185,-0.11559488772283046,-0.24367000552097548,-0.8485314320353463,-0.6579812842937721,-0.19843804175418636,0.18211942264131506,-0.6459121247655938,-1.1174253592781858,-1.266822970639529,-2.097487610960598,-1.262321349221539
choque_A_tpu_ultimo,horas,completa,3273,Fabricación de cemento y productos de concreto,0.0343074151008847,0.00012961613710545992,-0.24118562354097758,0.7955822616604038,0.683,0.0018224121775859137,0.47352094656270455,0.0,-0.15626995027825988,0.6465042527628888,-1.219769446073212,0.9072295455166923,0.5954996018500092,90,78,True,0.12723772010244827,-0.469818542001711,-0.46110359672772205,-0.11417218467946053,0.07817498045270682,-0.4375819061707685,0.43578976263756763,0.852467051871072,0.14309519579159977,-0.06476504046367873,-0.6552949142994462,-1.4716185554681673,-1.0978230770771484
choque_A_tpu_ultimo,horas,completa,3111,Elaboración de alimentos para animales,0.02886946578166,0.0027127477990509046,-0.43017786089129756,0.8916418331152449,0.158,-0.18716982517273406,0.6215272402124229,0.0,-0.15512677529114516,0.646638663189719,-1.2188473762382328,0.9085938256559425,0.594795006582631,90,78,True,-0.11643845393033984,-0.24632890489685524,-0.37061646320076713,-0.2706081932683626,-0.607905850458185,-0.749287317376334,-0.4380394404780527,-0.5387809625770237,-0.3995800193324647,-0.31523652351917447,-0.6788420408944073,-0.4958685549799564,-0.36477946667494554
choque_A_tpu_ultimo,horas,completa,3211,Aserrado y conservación de la madera,0.0034917286527276,0.0,-1.2398170860737032,0.7930078373672678,0.117,-0.9968090503551397,0.4691826743293782,0.0,-0.14997194248502554,0.6473394104055176,-1.2148452726021017,0.9149013876320508,0.591604525640537,90,78,True,-0.8241554194434682,-1.0380824348961366,-1.8182319488972827,-0.9458832798823832,-1.3964303451187539,-1.0117410382790797,-0.8599765710497906,-0.6295419012785185,-1.0378206206437965,-0.6668416974390979,-1.970856617064971,-2.359243007762418,-1.5588172372024465
choque_A_tpu_ultimo,horas,completa,3312,Fabricación de productos de hierro y acero,0.0669975578374552,6.615743671162022,-0.010509173770589306,0.8260085004027985,0.99,0.2324988619479742,0.523030586584223,0.0,-0.0822633490674301,0.7547647566303014,-1.3238513737242759,1.1593246755894158,0.5433955972822884,90,78,True,-0.053522419745512195,0.2615179128915589,-0.13041663219803334,-0.33932419763967236,-0.3949090812032546,-0.23174698050085593,-0.12227818685044692,0.011414115794345425,0.14519015448984343,0.03765711455740719,0.1730583900643378,0.23352185120494007,0.27321870011768157
choque_A_tpu_ultimo,horas,completa,3311,Industria básica del hierro y del acero,0.279574215702268,10.234472970162127,0.14751244536763838,1.4331615841296221,0.899,0.39052048108620185,1.2826624957446462,0.0,-0.08158301677567187,0.8960068586362021,-1.5555142992322244,1.3923482656808805,0.5362742751488001,90,78,True,-0.16634192665458364,-0.0813192904536985,-0.649994675155172,-0.2414620473052782,0.3191802994569838,0.31679366605422077,-0.13057998185343664,0.3742011491318867,0.7838064541632139,1.3756084468711551,0.6999677215022122,-0.3505320553534332,-0.3316659706247713
choque_A_tpu_ultimo,horas,sin pandemia,3364,Fabricación de equipo aeroespacial,0.9896704181454756,0.014151309535923225,0.1803258682994399,0.6506777331256045,0.791,0.32969806967862103,0.6360700527133342,0.0,-0.26203063380561004,0.1855174415723032,-0.5672068251920488,0.043145557580828775,0.9210884912783628,73,49,True,-0.4191782098212048,-0.052817743797913916,0.17005408773053796,0.04772854892114577,0.008264673948974541,1.0729601664997512,0.0711839969193157,-0.4554214357172734,0.5292373338843639,0.11223889799252686,0.9935582558833774,0.22533792059169383,0.04108979485742335
choque_A_tpu_ultimo,horas,sin pandemia,3343,Fabricación de equipo de audio y de video,0.9478363435009872,0.05955715398719757,-0.20269374374877439,0.4322943998157724,0.615,-0.05332154236959327,0.40997810634879905,0.0,-0.25647587992550136,0.18099253676592197,-0.5542086029054429,0.04125684305444027,0.9217661729044629,73,49,True,-0.4552345171303253,0.15904932571635208,0.046933523795072894,-0.15341526355081,-0.41691992737584554,-0.08919125629991571,-0.39824158511987473,-0.602690473013195,0.4322577504554622,-0.1693982979764563,-0.6349856536574207,-0.41970185998140086,0.06651956540428958
choque_A_tpu_ultimo,horas,sin pandemia,3345,"Fabricación de instrumentos de medición, control, navegación, y equipo médico electrónico",0.9203173609236356,0.08650546749963084,-0.12982096482067956,0.473713019401667,0.764,0.01955123655850155,0.4534397692350247,0.0,-0.25286066692914355,0.17813404354005244,-0.5458911685525298,0.040169834694242734,0.9221228544814604,73,49,True,0.003692804003939672,-0.003287545530372223,0.1507776454821188,0.1099126751422027,-0.9356382879262863,-0.04395528545948565,0.023799369469559642,-0.8196793545270737,0.3149754611224208,0.1879518269524868,-0.2955226578761923,-0.2576763611440178,-0.12302283237813454
choque_A_tpu_ultimo,horas,sin pandemia,3342,Fabricación de equipo de comunicación,0.895054776922478,0.01288857306848177,1.0888782844848113,1.5349888748249392,0.468,1.2382504858639924,1.5288539647100376,0.0,-0.25084782987309007,0.17605113595308686,-0.5404519485159179,0.0387562887697378,0.9229008412435364,73,49,True,1.4258268244190286,0.11691108782760466,0.1853080444320443,0.7823492489977102,-0.012174636885107512,1.1304709284729253,1.6518502544813924,-0.06954390404471907,1.464239460072826,1.6217174246516493,2.665555412540548,2.166475333595004,1.0264322197416407
choque_A_tpu_ultimo,horas,sin pandemia,3353,Fabricación de equipo de generación y distribución de energía eléctrica,0.8989208694711824,0.45389419359827005,-0.5051999799821769,0.41415263577213673,0.155,-0.3558277786029958,0.39080174678508856,0.0,-0.2454498569305597,0.17565791663371874,-0.5344071297930271,0.0435074159319076,0.9188409216608235,73,49,True,-0.5577827139519036,-0.26768585826738,-0.21378374785000936,-0.35204503056057945,-1.0401344679317672,-0.25215683404373795,-0.6659948163407506,-0.3324676844305446,-0.16312653944942146,-0.7382097176673801,-0.324765323057218,-1.1836629530664773,-0.4757840531511303
choque_A_tpu_ultimo,horas,sin pandemia,3333,Fabricación de maquinaria y equipo para el comercio y los servicios,0.8664849575372038,0.26580327730216874,-0.2744837676545438,0.9587300056372619,0.781,-0.12511156627536268,0.9488766112000508,0.0,-0.24410788627807878,0.17250944769635662,-0.5278859277385854,0.03967015518242789,0.9214717155660458,73,49,True,-0.23608609555177507,0.4378343023978103,-0.1650254575553657,0.5330407842016474,0.24308174399947732,-0.12007284233952811,-0.6172836672660404,-1.3532855106684238,-0.002434962410778918,-1.291817423332637,-0.8397421511515896,0.6506750161174181,-0.807172715949284
choque_A_tpu_ultimo,horas,sin pandemia,3334,"Fabricación de equipo de aire acondicionado, calefacción, y de refrigeración industrial y comercial",0.8482017522901368,0.11367478899586249,-0.7116977849058317,0.8801037513912654,0.462,-0.5623255835266505,0.8693596567510172,0.0,-0.24396365597543573,0.1712100243445017,-0.525604146022141,0.03767683407126954,0.922912426477184,73,49,True,-0.5868674806582178,-0.5405694200819376,-0.30505810302731606,-0.3731273721255497,-0.5420333285440073,-0.7067092009676796,-0.32489542448112313,-0.3863488786299889,-0.6120814321246182,-0.8298979228511593,-0.7906400320278006,-1.7077545508112923,-1.5460880574451208
choque_A_tpu_ultimo,horas,sin pandemia,3336,"Fabricación de motores de combustión interna, turbinas y transmisiones",0.8385248456652771,0.34629757144673917,-0.2615952021951681,0.6381557807556594,0.707,-0.11222300081598696,0.6232546831634187,0.0,-0.2397294826132768,0.16993719524154796,-0.5192761687856232,0.03981720355906959,0.9208326571277696,73,49,True,-0.5945654677962098,0.3397541678335706,0.1886298348706609,0.31793927167329666,-0.4673696354406691,-0.2473941028455395,-0.8606507803622641,-1.6216598607983908,0.7733069738383053,-0.11580332061826278,0.25533978960609943,-0.6806997329822007,-0.6875647655155811
choque_A_tpu_ultimo,horas,sin pandemia,3365,Fabricación de equipo ferroviario,0.8018618332294466,0.036159697120880414,0.4158659456296016,1.2835505280858044,0.764,0.5652381470087827,1.2762074900746412,0.0,-0.23950767289793723,0.16747947558928825,-0.5150114102423164,0.03599606444644193,0.9236517916580973,73,49,True,-0.05104665296328909,-0.5427316931137494,0.4654515953840387,0.04754162832101913,-0.7385810417084876,-1.3963281756333101,-0.12896091695283682,-0.6599932983953358,-2.5062664553886274,1.2470284154074804,3.4833647245286987,4.087978774754757,2.0988003889444635
choque_A_tpu_ultimo,horas,sin pandemia,3341,Fabricación de computadoras y equipo periférico,0.7847307234340066,1.5964343991395392e-06,0.17098979723753394,0.7191776276323433,0.824,0.32036199861671505,0.7059887107172138,0.0,-0.237959979697889,0.16623542976491243,-0.51141726166117,0.03549730226539194,0.9238513151711243,73,49,True,0.4920109651767068,0.5846258002797178,-0.5354112259573306,0.6508527019503004,0.08692076072073987,-0.17242645887729854,-0.46448537012456403,0.6931836181203374,0.22341521800538744,0.11381310427601651,0.7292645803401316,0.5958830191930253,-0.7747793490152288
choque_A_tpu_ultimo,horas,sin pandemia,3391,"Fabricación de equipo no electrónico y material desechable de uso médico, dental y para laboratorio, y artículos oftálmicos",0.7835186733412709,0.04630745160306291,-0.22558122355905638,0.3408137321265787,0.586,-0.07620902217987527,0.31202179343647723,0.0,-0.23720166898759948,0.16588021981969453,-0.510074630590997,0.035671292615798045,0.923635395275151,73,49,True,-0.5877299127167463,-0.08143097054899762,-0.434552858001139,-0.10547850321722557,-0.7607905124675923,-0.14734315695921552,0.03129147219919766,-0.15671387553000896,1.0402246622743174,-0.575321086315833,-0.6356538318654996,-0.3777436360021598,-0.14131369711683023
choque_A_tpu_ultimo,horas,sin pandemia,3351,Fabricación de accesorios de iluminación,0.831395116765869,0.5101170356130816,-0.3929482504927966,0.6501577503400864,0.552,-0.24357604911361547,0.6355381183694259,0.0,-0.23671037540155634,0.16961471731164984,-0.5157265853792203,0.042305834576107676,0.9185790233649369,73,49,True,-1.1272455143614655,-0.8671682145189952,-0.6891174872185533,-0.31725638368803016,-0.1539840215734554,-0.891159481224757,2.3533942690023917,-1.0148080860228106,0.7944883881255175,-0.31642617742722623,-1.0508717217214252,-0.9116759890870348,-0.9164968366905106
choque_A_tpu_ultimo,horas,sin pandemia,3325,Fabricación de herrajes y cerraduras,0.8134327973740351,0.4498475651046204,-0.5663997094499144,0.4498467276578565,0.163,-0.41702750807073324,0.4284456534471438,0.0,-0.23538443939037154,0.16787707192972365,-0.5115422227147669,0.04077334393402385,0.9195608606550164,73,49,True,-0.24083850630750517,0.15054925216745674,-0.5575387829021137,-0.1258646112065485,-0.8926234278108977,-0.29118775414261233,-0.5820023110936928,-0.5977071505205342,0.006313191417800392,-1.0533273584594351,-1.0215043769859629,-1.2944219024727344,-0.863042484532107
choque_A_tpu_ultimo,horas,sin pandemia,3117,Preparación y envasado de pescados y mariscos,0.7478643561015712,0.0,-0.28985155895892933,0.7324397186549084,0.678,-0.14047935757974822,0.7194939478804181,0.0,-0.2335961613792646,0.16324549982142447,-0.5021350085855079,0.03494268582697868,0.923777738978183,73,49,True,-0.40200938017386867,-0.455622144660966,-0.7820962741878996,-1.0871937637953089,-0.7649499491526305,-0.21407699445095252,0.4057095621215192,0.9184669021986823,-0.030312408031604243,0.6614475589390594,0.34245979140543603,-1.0414794030044703,-1.318413763673078
choque_A_tpu_ultimo,horas,sin pandemia,3359,Fabricación de otros equipos y accesorios eléctricos,0.7464127593691879,0.35377894678325833,0.014557456306451189,0.4748007147920831,0.98,0.1639296576856323,0.45457597642235925,0.0,-0.22872691942312812,0.16221183577731957,-0.4955653892768188,0.03811155043056258,0.9207376497735571,73,49,True,-0.017098222482015084,0.10143023946433895,0.17589459207311048,0.4092872223010993,-0.5018470312483067,0.1539290011203962,0.2021504592881395,-0.43033878828927774,0.3635475052169954,0.2502597047615967,-0.3213014976788589,-0.45237056364538814,0.2557043111020355
choque_A_tpu_ultimo,horas,sin pandemia,3361,Fabricación de automóviles y camiones,0.6801529750236635,0.005320890179200327,0.03878924198068298,0.8027107186704826,0.96,0.1881614433598641,0.7909159863359388,0.0,-0.22551057479177194,0.15817904802836563,-0.48571510879843344,0.03469395921488955,0.9230176891851026,73,49,True,-0.018788816422633713,-0.0016708714970395475,-0.5143979443153239,-0.9088218720736335,-0.07183336884590776,-0.8391485092625023,-0.6040188495310922,1.1869166308969124,-0.07275227367630757,0.18241107207423862,0.5104459769180522,0.8937895104638556,0.7621294610202607
choque_A_tpu_ultimo,horas,sin pandemia,3332,"Fabricación de maquinaria y equipo para las industrias manufactureras, excepto la metalmecánica",0.6992566972513394,0.19177087548725835,-0.8247402675893557,0.4909417145851271,0.115,-0.6753680662101746,0.47140997729476697,0.0,-0.22529621386780396,0.15877897434192273,-0.48648762666026685,0.03589519892465892,0.9220402542649192,73,49,True,-0.08096033219005719,-1.0414280844325765,-0.8712944760746846,-1.1024624259127984,-1.1654242064366944,-1.0379851015256047,-0.5250722005175641,-0.728574949961118,-0.031055120054152275,-0.8338338176243774,-1.1617530640996003,-0.9474800620796858,-1.1942996377527102
choque_A_tpu_ultimo,horas,sin pandemia,3369,Fabricación de otro equipo de transporte,0.6740711386128929,0.017177780878001966,-0.2573312368399447,1.1383335291655703,0.836,-0.10795903546076357,1.1300472659122762,0.0,-0.22463323934544738,0.15768903077530294,-0.4840316949708207,0.03476521627992596,0.9228538906541071,73,49,True,-0.7768964472467725,-0.12349898989329698,0.7487303110041944,0.49968810050614815,-0.5954486998817884,-0.4339703691060154,-1.4370076539667729,-1.3581845699481456,0.24924740306878856,0.1887658144800253,-0.9461060826259129,0.46377644306898413,0.1755986616212825
choque_A_tpu_ultimo,horas,sin pandemia,3339,Fabricación de otra maquinaria y equipo para la industria en general,0.6417221502759753,0.05817408393586083,-0.4921555526101283,0.4485280185226228,0.277,-0.34278335123094716,0.427060865653947,0.0,-0.22025977595300195,0.1553193271450826,-0.4757600691066628,0.035240517200658905,0.9219205657954104,73,49,True,0.14501742434270576,-0.01584100523084153,-0.301913705903167,-0.20576903633052276,-0.6027654816054546,-0.2307258044498633,-0.34769482530717244,-0.3593925338571893,-0.10925175569321745,-0.6638314018304075,-1.7460368353259366,-1.1199896518571673,-0.8398275708834335
choque_A_tpu_ultimo,horas,sin pandemia,3346,Fabricación y reproducción de medios magnéticos y ópticos,0.6054992436078728,0.0,0.30385977627881083,1.5872715089030403,0.85,0.45323197765799195,1.581339445706899,0.0,-0.21674452807427522,0.15340322818720145,-0.4690928384422216,0.0356037822936712,0.9211584964585662,73,49,True,0.7168743164200636,0.23822943357937293,-0.408626980928797,-0.3288353752276829,0.01442717595557265,0.1440501190103772,1.178817441710575,0.07026450854640645,-0.6938728437625158,-0.3093558780743533,2.2089716670861406,1.2920105064690677,-0.17277699915968653
choque_A_tpu_ultimo,horas,sin pandemia,3169,"Fabricación de otros productos de cuero, piel y materiales sucedáneos",0.6136094363212712,0.09965937863884373,-0.09094592027855662,0.4480191243473775,0.815,0.05842628110062449,0.42652635950695855,0.0,-0.21638126388848056,0.15338857908277787,-0.46870547647965016,0.03594294870268905,0.9208296037362822,73,49,True,-0.188238138773922,0.5664360348185826,-0.40361693870006665,-0.49943275472478604,-1.0511137316702013,-0.10708821804368024,-0.6786591360289853,-0.2391223211434239,-0.2095183585441627,0.45961751302761417,-0.15071309062111735,1.1131619007946343,0.20599027598827885
choque_A_tpu_ultimo,horas,sin pandemia,3399,Otras industrias manufactureras,0.618987370047973,0.23749558020146458,-0.042586517991593444,0.5227551555527106,0.937,0.10678568338758768,0.5044566901431747,0.0,-0.21518767913253964,0.15335349993758088,-0.46745418652986015,0.0370788282647809,0.919723386823564,73,49,True,0.1691473721053399,0.13759533804952878,0.4344209856634076,0.6312972621781786,-0.4600049125414317,-0.01617650790430404,-0.49085945359947436,-0.4249303549897303,0.0006384885706473374,0.5299438020935737,-0.5999322596702263,-0.5634573433769834,0.09869284953075946
choque_A_tpu_ultimo,horas,sin pandemia,3366,Fabricación de embarcaciones,0.5822911532336551,0.042726088375579084,-0.4091588600081018,1.8807538582570142,0.816,-0.2597866586289207,1.8757501632472042,0.0,-0.21343009694349752,0.15184226639623008,-0.463210625165296,0.03635043127830098,0.9200791261237204,73,49,True,0.010487427951798151,-0.23063245770905372,2.5376096172479845,2.504986928082696,0.5177292942985576,-3.1321830691915014,-4.341051096582449,-2.4411900843398477,-3.4657451114001256,2.8543149016743383,4.866826474348746,-1.692767035818527,-3.307450968667939
choque_A_tpu_ultimo,horas,sin pandemia,3329,Fabricación de otros productos metálicos,0.6293046757254936,0.5034107843425879,-0.47326614970153635,0.29870979194758573,0.133,-0.32389394832235524,0.2653886572154851,0.0,-0.2128781519058309,0.1543647146772763,-0.4668081075499504,0.04105180373828862,0.9160618208716385,73,49,True,-0.30814909486631975,-0.1702777237337294,-0.261124146450457,-0.551569501543031,-0.9173621714556603,-0.07816922061924488,-0.35457662683645275,-0.5453852638847336,0.17128194983863043,-0.5102408269279833,-0.7373078818808942,-1.5008447171102406,-0.3887347206498561
choque_A_tpu_ultimo,horas,sin pandemia,3159,Confección de accesorios de vestir y otras prendas de vestir no clasificados en otra parte,0.6664841032423205,0.9146421435264246,0.25273641408440223,0.44120569818263766,0.573,0.40210861546358334,0.41936388457054463,0.0,-0.21181878682510957,0.15999924139868182,-0.4750175389259412,0.05137996527572203,0.9072275020238583,73,49,True,-0.08789577471725207,-0.12820290035752935,0.011797592375154792,0.0005575074167974467,0.2828289412560076,0.31809668286165954,0.052658524280615016,0.9968273784587147,0.7407550885009903,0.7012196208092809,0.34749158931695306,-0.04649964879196623,0.09593878168780363
choque_A_tpu_ultimo,horas,sin pandemia,3335,Fabricación de maquinaria y equipo para la industria metalmecánica,0.6052735791408839,0.6140783535938158,0.1360733129590052,0.8702271550685775,0.879,0.2854455143381863,0.8593595877116973,0.0,-0.20856418662532158,0.15351698881514403,-0.4610996332262335,0.04397125997559034,0.9128591876162573,73,49,True,-0.31151829598642494,-0.21307960749673044,0.39543891082309807,0.2940627282862215,-0.22190136757320061,0.2816806425066175,0.12018190697266737,-0.3893393535073537,0.06353473583444744,0.9951896582414114,0.8120045396139112,0.3862732119467981,-0.4435746411943951
choque_A_tpu_ultimo,horas,sin pandemia,3331,"Fabricación de maquinaria y equipo agropecuario, para la construcción y para la industria extractiva",0.519899184727109,0.06935837629721166,0.41422039991179765,0.7296106632859213,0.538,0.5635926012909788,0.7166137868850908,0.0,-0.2056911953719136,0.1485820829262102,-0.4501087217855294,0.03872633104170217,0.916875980892716,73,49,True,0.18893904110469675,0.22830808625297364,0.7736048326032389,-0.14289817033883498,-0.055588866112285314,0.4253138888153545,-0.3151371105177107,-0.06316384934662475,0.6209268438451259,0.8837705423320583,1.225145096923797,1.0634785269546312,0.5521663363369492
choque_A_tpu_ultimo,horas,sin pandemia,3363,Fabricación de partes para vehículos automotores,0.5296068171162411,0.23933342280456002,-0.43582835214055293,0.44368732089727336,0.348,-0.2864561507613718,0.4219739782240942,0.0,-0.2045833790316047,0.14855672990186425,-0.4489591997201714,0.039792441656962,0.9157654786314198,73,49,True,-0.3464332446232284,-0.5120833907216598,-0.28043394886750367,-0.47361426845024335,-0.7502575579214142,-0.14154044194788085,-0.3053458370445446,-0.342417167079822,-0.16462605663956822,-0.6353741819949998,-0.7116125602503938,-0.6167647848633547,-0.3852651374225737
choque_A_tpu_ultimo,horas,sin pandemia,3314,"Industrias de metales no ferrosos, excepto aluminio",0.4934732886739018,0.006965209188103637,0.03302352419542979,0.39237412500322455,0.933,0.1823957255746109,0.3676425622058937,0.0,-0.2033916313146828,0.14777067177143516,-0.44647438637869363,0.03969112374932804,0.9156511683902553,73,49,True,-0.17160270889469217,-0.14782350923056128,0.17446326472209261,-0.4710986242611942,-0.2206791832202168,-0.004128930704927829,0.34188587402205645,0.3311129143840583,0.47674124005594026,0.1683110707960704,0.5603312424000727,-0.05255462889333548,-0.5556522066347755
choque_A_tpu_ultimo,horas,sin pandemia,3362,Fabricación de carrocerías y remolques,0.4826387565231524,0.11902321441005292,-0.3825101350963803,0.8871139263991297,0.649,-0.2331379337171992,0.8764557706949899,0.0,-0.20062126979723682,0.1468248005096264,-0.44214806663557227,0.04090552704109862,0.9140931285821335,73,49,True,0.3976132771917816,0.0015102254745060903,0.22682449851140302,0.4688388238377474,-0.299578987546797,-0.23445702995958045,-0.47778628613586693,-0.42197035283797096,-0.5089524781617265,-0.22306741704770042,-1.3106185882766619,-1.420863165906553,-1.1701242753955252
choque_A_tpu_ultimo,horas,sin pandemia,3322,Fabricación de herramientas de mano sin motor y utensilios de cocina metálicos,0.4783144421423179,0.12768954532932958,-0.6909061315339463,0.5428434093886149,0.154,-0.5415339301547653,0.5252452443287076,0.0,-0.1999943344091916,0.1466304946098219,-0.4412014980423486,0.04121282922396541,0.913705849247062,73,49,True,-0.4784770403717612,-0.23145513340846077,-0.14011125069632485,-0.8472481249496588,-0.6451906958327217,-0.22367968836003266,-0.5799427434680675,-0.49565954041528737,-0.769107391461407,-1.453686016312479,-1.0160203337231295,-1.347366858716748,-0.7538348922252242
choque_A_tpu_ultimo,horas,sin pandemia,3344,Fabricación de componentes electrónicos,0.4744887481943934,0.16122574159735625,-0.12767437190442293,0.39810642483824965,0.79,0.02169782947475818,0.37375436461767403,0.0,-0.1990962023683326,0.14639025218022167,-0.4399081672047972,0.04171576246813205,0.9130909386577242,73,49,True,-0.0980996027885758,0.20118395217985532,0.1031759748651935,-0.5322509590428313,-0.3124828557408527,-0.07982107166825571,0.109388168277632,-0.0745194452405078,0.11412704753948825,-0.6129583862433716,0.28662188921324716,-0.6469608037986627,-0.11717074230985676
choque_A_tpu_ultimo,horas,sin pandemia,3321,Fabricación de productos metálicos forjados y troquelados,0.4526204884780047,0.03826066742265268,0.2548891201632283,0.7356177825024028,0.731,0.4042613215424094,0.7227289405489591,0.0,-0.19814038537887935,0.14608558902453042,-0.4384511793242319,0.042170408566473194,0.9125030317073284,73,49,True,0.4356761769338288,-0.08159862461079177,-1.104266298423714,-0.20197077490405024,-0.3827245889398994,0.8822720882562344,1.6928445675683492,-0.4319008869390865,0.4746928845890705,1.2464151709937084,1.2103261409843544,-0.038453060878620125,-0.3877542325074153
choque_A_tpu_ultimo,horas,sin pandemia,3262,Fabricación de productos de hule,0.4171737487232005,0.17319420214525957,-0.3520800707668318,0.3345695771254315,0.33,-0.20270786938765067,0.30518912416919186,0.0,-0.1921529610106013,0.14452520635859276,-0.4298969254704864,0.04559100344928377,0.908166108101933,73,49,True,0.006027676980666157,-0.15158473659901828,-0.30558656222945685,-0.31633920728092974,-0.45216916987800454,-0.7270839871852037,-0.37376685729897613,-0.08383860026325242,0.4087488924236913,-0.3006645332438521,-0.8329632914139031,-1.0455518472659977,-0.40226869671457594
choque_A_tpu_ultimo,horas,sin pandemia,3352,Fabricación de aparatos eléctricos de uso doméstico,0.3900028883753999,0.07493595431888583,0.09966275670618562,0.6468873552353142,0.869,0.24903495808536674,0.6321920989197887,0.0,-0.1902414267316415,0.1441712414815235,-0.4274031189687476,0.04692026550546466,0.9065076540924784,73,49,True,-0.08448018143238345,0.3855866154441609,0.39968341397536084,0.6891430480184552,0.11904422274988657,0.11041689085922797,-0.09250883994683735,-0.4191761456770699,0.112511241924835,0.26731266706876583,-0.7790955668581742,-0.08652733638210626,0.673705807436292
choque_A_tpu_ultimo,horas,sin pandemia,3141,"Confección de alfombras, blancos y similares",0.5072465584471345,1.2182657542027042,-0.45131330890953714,0.6832344097281429,0.544,-0.301941107530356,0.6693376264710001,0.0,-0.18893851497418054,0.1563939205056204,-0.44620651420592605,0.06832948425756499,0.8864943946413693,73,49,True,-0.5601684828117607,-0.6559649823353686,-0.4513904834608776,-0.15962188704650807,-0.8294267290806345,-0.2789279695566585,-0.13245035761236226,-0.7950097591241467,0.09730887390775114,-0.19043095406830643,-1.3893640706143595,-0.6361676525651914,0.11454143854444118
choque_A_tpu_ultimo,horas,sin pandemia,3371,"Fabricación de muebles, excepto de oficina y estantería",0.3642278188643361,0.004901686321007664,-0.19447042350343824,0.6290697067826974,0.769,-0.045098222124257126,0.6139481212325167,0.0,-0.18812035770098018,0.14400469892236856,-0.42500808742827645,0.04876737202631609,0.9042830062254936,73,49,True,-0.09179000855189627,0.4623390648173017,0.041446225510457575,-0.3103772322235624,-0.12262471578161861,0.006206315644539134,0.19671261126551176,0.06834086655331967,0.5550133674682305,-0.3558308437874394,-1.70052632483443,-1.1414818384126881,-0.1355429932124223
choque_A_tpu_ultimo,horas,sin pandemia,3259,Fabricación de otros productos químicos,0.3514735701280596,0.037375188977905587,0.00221863613908485,0.5475122966568682,0.997,0.15159083751826596,0.530069160170394,0.0,-0.18617947074128288,0.14362515829153788,-0.4224428561308627,0.05008391464829692,0.9025617413294138,73,49,True,0.5372544297691865,0.16197892864714628,0.28287351437314195,-0.23755021555830821,-0.07907162820385465,0.14288071448386003,0.7458223853198824,0.6360760380462875,0.18819833425540983,-0.05312517439918104,-0.3012772171600215,-0.5725503262872516,-1.422667513478195
choque_A_tpu_ultimo,horas,sin pandemia,3271,Fabricación de productos a base de arcillas y minerales refractarios,0.3488287256548686,0.03778046576634959,0.3169605534467737,0.36803387836043355,0.307,0.4663327548259548,0.34154433854814625,0.0,-0.18586102162689916,0.14358390905542082,-0.4220565520230664,0.050334508769268094,0.9022435794526643,73,49,True,0.15639016096493924,0.1362952974823423,0.33427341880779043,0.712369474742163,0.21106028407662292,0.5656253552347063,0.35805566165099756,-0.04427691249766289,-0.07867952534930575,0.9467645559169127,0.07246734472721503,0.6620637513917698,0.08807832765956633
choque_A_tpu_ultimo,horas,sin pandemia,3149,"Fabricación de otros productos textiles, excepto prendas de vestir",0.3944218335152466,0.6202783960190488,-0.4126129907180102,0.6571914132542025,0.47,-0.2632407893388291,0.6427317894956841,0.0,-0.1835235275916409,0.14515765638719813,-0.4223078723485818,0.05526081716530004,0.8969396835406396,73,49,True,-0.05427504645890135,-0.23646086045151865,-0.7437484100238568,-0.5774556615901734,-1.109174859983695,-0.38470679778080175,-0.08174809271331353,-0.5066057181231093,-0.25621740961087386,-0.05643739944753615,-0.981542489043322,-0.20681186827121886,-0.16878426583581246
choque_A_tpu_ultimo,horas,sin pandemia,3152,Confección de prendas de vestir,0.4259861529321015,0.9248468204807683,-0.20382429661442952,0.267946414663,0.441,-0.05445209523524841,0.23021485769607633,0.0,-0.18321575971771917,0.14909675056150035,-0.4284799143913872,0.06204839495594891,0.8904337332548209,73,49,True,-0.8730749975527367,-0.3797814435349374,0.5778289364124292,-0.6304615098009263,-0.68083242914197,0.24695881039867876,-0.4457779869661808,-0.29025979170597566,0.6399147125788676,0.029063062584475677,-0.717865003717163,-0.10793777165007369,-0.01749044389207175
choque_A_tpu_ultimo,horas,sin pandemia,3151,Fabricación de prendas de vestir de tejido de punto,0.3365154443339868,0.18378899573785,-0.44244352258463104,0.4043653102142451,0.338,-0.29307132120544993,0.38041412129143026,0.0,-0.1824648324759352,0.14293400588572794,-0.41759127215795766,0.05266160720608726,0.8991224174633902,73,49,True,0.6254941045359496,-0.40308633013006157,-0.16243513901664472,-0.2376291624760724,-0.5193320722491088,-1.087799220267257,-0.36155311140782015,-0.10518647860215523,-0.7536112453740431,-0.5122806826963673,-0.45216436636741614,-0.9256913996979237,-0.8564906898512827
choque_A_tpu_ultimo,horas,sin pandemia,3114,"Conservación de frutas, verduras, guisos y otros alimentos preparados",0.3156513149608729,0.011841552492554095,-0.13130098636688334,0.33676682104366085,0.737,0.018071215012297775,0.3075963122814079,0.0,-0.18227825322292246,0.14333512683326577,-0.41806453686364464,0.05350803041779972,0.8982588606153852,73,49,True,-0.25091706517099455,-0.469005059129253,-0.033442576718469015,-0.37969814971170196,-0.3972517505540715,0.05514570735812082,-0.11112947462936038,-0.3201742147721973,0.22722307371446226,0.10782593317893892,-0.07900731627553659,-0.20635683636634722,0.14987490630692668
choque_A_tpu_ultimo,horas,sin pandemia,3326,"Fabricación de alambre, productos de alambre y resortes",0.3138914060002775,0.11398215213683333,-0.4895186121854345,0.3666864972405771,0.207,-0.3401464108062534,0.3400920270042097,0.0,-0.18071372853457768,0.14288198041345299,-0.41575458631470785,0.0543271292455525,0.8970242177101548,73,49,True,-0.4932301296354151,-0.4274534477269565,-0.18662667316826148,-0.5048274940569858,-1.0366512676554707,-0.7185042300692214,0.14512014201673437,-0.6503581873923604,-0.6957924466395201,-0.43397674882626225,-0.4990603120778328,-0.8387755021340916,-0.02360566104500539
choque_A_tpu_ultimo,horas,sin pandemia,3379,"Fabricación de colchones, persianas y cortineros",0.3523025337449802,0.5315470058345413,-0.10852465941139969,0.6814516706561212,0.884,0.040847541967781426,0.6675177743051394,0.0,-0.17971606364624243,0.1438297321612059,-0.41631597305142615,0.05688384575894129,0.8942599067130828,73,49,True,-0.24795621738618923,0.24228800969440184,0.47736837867621934,-0.29199935484141687,0.3578006181713435,0.49515090503393894,0.10255339457943326,-0.6849939837174638,0.7259804549409897,-0.8942806024179908,-1.3480492806213444,-0.4834538160740297,0.13877092161391189
choque_A_tpu_ultimo,horas,sin pandemia,3133,Acabado de productos textiles y fabricación de telas recubiertas,0.3062290364360683,0.3483594395688712,0.2391323785852775,1.1086451788923264,0.833,0.38850457996445864,1.1001353245189736,0.0,-0.17669471813071586,0.1426765464351384,-0.41139763701651855,0.058008200755086836,0.8922214125013617,73,49,True,0.29345987980756605,0.3271587510080193,0.338065664653246,-0.47054484155776194,0.016842715697253038,0.21610057804873853,1.0124797468104998,0.5811988585068494,-0.7427983418538001,-0.6502497043756842,2.2920666038596793,-0.5616025157005086,0.45654352670451037
choque_A_tpu_ultimo,horas,sin pandemia,3272,Fabricación de vidrio y productos de vidrio,0.272472982882299,0.15198381360749708,0.13273135895193394,0.2824298021815382,0.637,0.28210356033111506,0.24692143028415156,0.0,-0.17530648646464084,0.14261539882571214,-0.4099088175329373,0.05929584460365564,0.8905063666805861,73,49,True,0.18186814199625084,0.16955079917609062,0.2289105981099522,0.17200183298015645,0.0029976394372019572,0.31952743251865084,0.34612830689589835,0.2012498466236612,0.46649370019753195,0.12068006450250905,-0.16453638587001773,-0.20704944252290186,-0.11231486766984246
choque_A_tpu_ultimo,horas,sin pandemia,3161,Curtido y acabado de cuero y piel,0.262669438610518,0.10967177111390917,0.4135523853808527,0.5552352081990586,0.424,0.5629245867600339,0.5380425038945531,0.0,-0.17470786176948266,0.14273913205004224,-0.40951373399180213,0.06009801045283683,0.8895174958802465,73,49,True,0.38263706914186657,0.9854602981224638,0.583464674225053,0.8320064948208808,0.24161168768965507,0.58852077048523,0.35537698194371553,0.2498638344213087,0.6693158684719842,0.09283697903470181,-0.920383425403297,0.13298632515143505,1.1824834518460863
choque_A_tpu_ultimo,horas,sin pandemia,3324,"Fabricación de calderas, tanques y envases metálicos",0.2575554192946691,0.07360055114277667,-0.17525134388543634,0.4279629916017749,0.62,-0.025879142506255226,0.4054083395220296,0.0,-0.1745814674254514,0.14287815972832663,-0.4096160401785487,0.06045310532764592,0.8891254826150532,73,49,True,0.22799669686914062,0.13502866440272449,0.23751194950623633,-0.05880173207081359,-0.7904945350354506,0.06265457461726093,-0.25513099620015206,-0.6975996516458316,-0.38990754514802245,-0.13817845314688193,-0.06924412164166927,0.4323340502811664,-0.9744363712983798
choque_A_tpu_ultimo,horas,sin pandemia,3121,Industria de las bebidas,0.2419442465750293,0.00012329106015767006,-0.07857740604045796,0.23762265633399782,0.593,0.07079479533872315,0.19408278227728898,0.0,-0.17370920540294968,0.14328545026838088,-0.4094137710944362,0.06199536028853686,0.8873068982971439,73,49,True,-0.027986689590696986,0.019086828285468347,0.2265386108232206,0.09676604901881658,-0.3217405393624551,-0.22614299478785496,0.0385375074416801,-0.3260103008375942,-0.15708164375448155,0.21751417533429984,0.21738190036783553,-0.5144024400153931,-0.2639667414487985
choque_A_tpu_ultimo,horas,sin pandemia,3256,"Fabricación de jabones, limpiadores y preparaciones de tocador",0.2434658656862863,0.0355111400392335,-0.2080354875273866,0.3093436640512769,0.439,-0.058663286148205485,0.2773032673120488,0.0,-0.17341944417633026,0.14309764969213531,-0.40881507791989286,0.06197618956723233,0.8872238696717485,73,49,True,-0.1463394146194877,-0.1688073377059851,0.4216258042415934,-0.1977101798955423,-0.6418247700483142,-0.08240265945238759,-0.12329261513729091,-0.2365499931278199,-0.03655183991268174,-0.4491632061534988,-0.872648376773163,-0.3055070111658307,0.1347102618943829
choque_A_tpu_ultimo,horas,sin pandemia,3372,Fabricación de muebles de oficina y estantería,0.2214380514733216,0.0,-0.31340461855764506,0.3501840621580741,0.448,-0.16403241717846395,0.32223047180984954,0.0,-0.17128354214055494,0.14343590815919358,-0.40723561106242834,0.06466852678131849,0.883789740992518,73,49,True,-0.06681392754037845,-0.45267219132968195,-0.07049426363751161,-0.6749030047938445,-0.6180631186604959,-0.3883706729021063,0.15405725095721315,-0.8825024271725866,-0.25689025634224294,-0.5125054600800493,-0.32837265386682296,0.18571064518048344,-0.16243996106136155
choque_A_tpu_ultimo,horas,sin pandemia,3323,Fabricación de estructuras metálicas y productos de herrería,0.2249299265714363,0.042986145911046665,-0.5314975214686214,0.3495641024056447,0.112,-0.3821253200894403,0.3215566221739686,0.0,-0.17112610946761353,0.1431920254012473,-0.4066769912526654,0.06442477231743832,0.8839723630350071,73,49,True,-0.4444734297830923,-0.5192994603539869,-0.6016568601005374,-1.0085158058144825,-0.7895184189437595,0.12388990073439844,-0.3125367596326635,-0.33336058211781777,-0.8464384700786101,-0.6869787613874064,-0.36261652323138666,-0.24123966644159192,-0.8867229419411414
choque_A_tpu_ultimo,horas,sin pandemia,3279,Fabricación de otros productos a base de minerales no metálicos,0.2243733059375072,0.09096728123609459,0.3450738467042594,0.4248181711748463,0.464,0.4944460480834405,0.4020871524105307,0.0,-0.17042313727668346,0.14300622496351256,-0.4056683773416616,0.0648221027882947,0.8833141426848155,73,49,True,-0.8059021684998736,2.014246092273983,-0.9025353583624196,2.4359478584779457,1.2449140833069832,-1.5468173400512142,-1.604979393663032,0.6682755376293421,0.9046786142166869,0.6726061095279252,0.4680322259681391,0.01755005671145075,0.9199436896194546
choque_A_tpu_ultimo,horas,sin pandemia,3252,"Fabricación de resinas y hules sintéticos, y fibras químicas",0.3119319594154858,0.9457986711094967,-0.25867845382481003,0.5423715705351476,0.689,-0.10930625244562892,0.5247575822206201,0.0,-0.16943706985143592,0.14761552742972403,-0.41226461247333196,0.07339047277046012,0.8744799802118679,73,49,True,0.08114987841796752,-0.3584258219111186,-0.4198709120273288,-0.138316851293746,-0.04726457031209248,0.08201630083333573,0.0820177821485886,-0.16159008263607566,-0.3780158415359634,-0.3688094446240361,-0.5813352000034686,-0.763516014658001,-0.39085912212059176
choque_A_tpu_ultimo,horas,sin pandemia,3113,"Elaboración de azúcares, chocolates, dulces y similares",0.2016423568218791,0.005446138950690162,-0.3733384588384306,0.2527990944738149,0.118,-0.22396625745924947,0.21239345973934576,0.0,-0.1688680302314876,0.14362644276612752,-0.4051335285817674,0.06739746811879216,0.8801515466730453,73,49,True,-0.5284121716116166,-0.6171001067029589,-0.697133298884244,-0.7844300749294368,-0.7539139021322175,-0.14739870468017968,0.5529090743818552,0.110038459966671,0.024207279725823178,-0.23356672330751777,-0.8222244352089535,-0.6208180710202222,-0.33555729049659905
choque_A_tpu_ultimo,horas,sin pandemia,3131,"Preparación e hilado de fibras textiles, y fabricación de hilos",0.2001267979454507,0.0774387648863754,-0.07302190645987912,0.5325866298989225,0.909,0.076350294919302,0.5146378512316793,0.0,-0.1677327288040377,0.14332588035747332,-0.4035038019920813,0.06803834438400591,0.879057695205036,73,49,True,0.35652334482885006,0.014867881324996387,0.0570848983247984,0.3722758826585742,0.13313528666096885,-0.2624912390548317,0.4102813706846584,-0.20592140110211624,-0.8585031624505074,-0.2743038820800056,-0.5595721950735019,-0.17012581667955937,0.037464247979247356
choque_A_tpu_ultimo,horas,sin pandemia,3261,Fabricación de productos de plástico,0.2303591490643638,0.524248422355608,-0.060672803728052595,0.197008459713939,0.732,0.08869939765112853,0.14147767587901294,0.0,-0.16537864169455896,0.14347829322202588,-0.40140043404479153,0.07064315065567361,0.8754706560193142,73,49,True,0.07044546169637751,0.06542426888150152,0.33389092004345394,-0.33249770317353217,-0.39053242790508175,0.007289974388783575,-0.009478538199800312,-0.2658185652377456,0.33312259773773756,-0.10100542178727938,-0.04522801331222527,-0.18785714408215984,-0.26650185751471345
choque_A_tpu_ultimo,horas,sin pandemia,3219,Fabricación de otros productos de madera,0.1827036170504173,0.16703782379480125,-0.5572695995647894,0.42961927717220977,0.125,-0.4078973981856083,0.40715638628325646,0.0,-0.16448068085798684,0.14334952880035673,-0.4002906557345737,0.07132929401859997,0.8743938920496468,73,49,True,-0.9303226890910714,-0.37324697304688814,-0.6939763572582793,0.06326371991134612,-0.285243142441028,-0.8127329185655483,0.19389009034370558,-0.832952186204801,-0.8352742670210639,-0.5907760857768899,0.018674313421903576,-1.0709795433082088,-1.0948287553054383
choque_A_tpu_ultimo,horas,sin pandemia,3328,Recubrimientos y terminados metálicos,0.1588822707072484,,-0.49123921660418657,0.4710629627495834,0.296,-0.34186701522500546,0.4506705165058879,0.0,-0.162555608750647,0.1439647354573323,-0.3993775985779586,0.07426638107666461,0.8705795369049806,73,49,False,-0.651890467014726,-1.3649889963562445,0.25383028961400056,-0.14591886237977314,-0.33654456208479167,-0.4124793034971314,-0.16764200943821214,-0.5440332244764109,-0.23969682488482058,-0.21085997752960417,-1.6189142142319184,-0.5574785103425364,-0.38949315323225714
choque_A_tpu_ultimo,horas,sin pandemia,3162,Fabricación de calzado,0.1604241815757467,0.208928615610855,-0.6780332680086857,0.4948992852349125,0.195,-0.5286610666295046,0.47553012743599704,0.0,-0.16128726471999896,0.1437232903704023,-0.39771207737931075,0.07513754793931282,0.869112755159922,73,49,True,-0.6407272575218844,-0.9269977546787519,-0.38938625461451554,-1.1400890731818256,-0.7782494218070292,-0.5668032491431196,-0.792162707313147,-0.933992411461037,-0.11829867435148018,-0.4133847485905011,-0.8543203804528556,-0.7562793954235142,-0.5037411555732517
choque_A_tpu_ultimo,horas,sin pandemia,3222,Fabricación de productos de cartón y papel,0.1574973850413846,0.21291333042696917,-0.22095690402814425,0.2660975567314895,0.242,-0.07158470264896313,0.22806031937129392,0.0,-0.16088791400793834,0.1437833497449747,-0.39741152433842175,0.07563569632254505,0.868421541855078,73,49,True,-0.19397437149072824,-0.1572921758409384,-0.014114564051424597,-0.2739193282239789,-0.5730482717064304,-0.03798663581063221,0.021644540724744515,-0.1692710096076662,0.0926519886035223,-0.24298881966429522,-0.6217636542631056,-0.2686551895257109,-0.4337222615092314
choque_A_tpu_ultimo,horas,sin pandemia,3254,Fabricación de productos farmacéuticos,0.1290966945098601,0.009184281116309617,-0.2569099677025664,0.26999815083516676,0.336,-0.1075377663233853,0.23259965827076745,0.0,-0.16023122948458593,0.14503363218019139,-0.3988115544210008,0.07834909545182892,0.8653739899590256,73,49,True,-0.16226078341620342,-0.20527654620840818,-0.008025096700784405,-0.2484753383666707,-0.36074622558651964,-0.12885114877418566,-0.18278916172998558,-0.02167016066726143,0.0016273457440453773,-0.4038451498243784,-0.6441193949247719,-0.5961808673635642,-0.37921705231467484
choque_A_tpu_ultimo,horas,sin pandemia,3274,"Fabricación de cal, yeso y productos de yeso",0.1199075903205221,0.0,-0.3827489035459096,0.3951162959098274,0.231,-0.2333767021667285,0.37056778983982214,0.0,-0.15926547064351468,0.14532868746849714,-0.39833116152919246,0.07980022024216313,0.8634383721461804,73,49,True,-0.02358130959531307,-0.5351698372484118,-0.20674360366071196,-0.15425707042800604,-0.32223235209042417,-0.21887491057586808,-0.362387487192906,-0.5913869570971756,-0.33414814615999067,-0.177421517313404,-0.40178305567420225,-0.5426781137362706,-1.1050713853241414
choque_A_tpu_ultimo,horas,sin pandemia,3251,Fabricación de productos químicos básicos,0.135778270214786,0.24687503499913044,0.5782042558869424,0.4885201852243446,0.215,0.7275764572661234,0.46888758881516185,0.0,-0.1578661036280341,0.14429116068017608,-0.3952250629469238,0.07949285569085557,0.8630400998184495,73,49,True,-0.20305859854126518,0.6882340813465518,0.8412276548632277,0.577853572868484,0.9985798405987555,0.9232535292883857,0.7932230868418624,0.4074133417074113,0.7875561538347937,0.7614580264939251,0.6907297671010533,-0.1296415311745065,0.3798264013015724
choque_A_tpu_ultimo,horas,sin pandemia,3253,"Fabricación de fertilizantes, pesticidas y otros agroquímicos",0.1679807884786191,0.549472772838495,-0.41107171179061813,0.6627836555136134,0.573,-0.261699510411437,0.6484487439954344,0.0,-0.15766004523860064,0.1445540847611403,-0.3954515146706764,0.08013142419347513,0.8622897874172597,73,49,True,-0.6939056941729079,-0.6273529558476659,-0.6540540229299351,-0.40231014094145806,-0.5514362941938006,-0.6655862552959582,-0.32543376296869764,-0.36008662272130004,-0.23093717168543035,0.15770087167364505,-0.2135452352285113,-0.7006920898996583,-0.07629287906635718
choque_A_tpu_ultimo,horas,sin pandemia,3119,Otras industrias alimentarias,0.1089707298904361,0.0323275826493142,-0.2533968977145272,0.4476156395965613,0.605,-0.10402469633534611,0.4261025233259092,0.0,-0.1575416438426053,0.14549331364166584,-0.39687814478314565,0.08179485709793502,0.8605536610998101,73,49,True,-0.30617417225716026,-0.4487950941180413,-0.18878991530303502,-0.023832979066810762,0.03234342191665875,0.3004557399356093,0.3303525696189742,-0.12264481597547237,-0.0880833814239097,-0.5418305132020182,-0.7247755597004621,-0.8446000690783402,-0.6677849016348467
choque_A_tpu_ultimo,horas,sin pandemia,3231,Impresión e industrias conexas,0.1024504665734745,2.5074260643867242e-05,-0.4685881027960517,0.5161105505539264,0.377,-0.31921590141687056,0.49756778429310045,0.0,-0.15719875330897648,0.14584357631265032,-0.3971114363432863,0.08271392972533331,0.8594515688078203,73,49,True,-0.09928210221606154,0.5471947790077148,0.7659252536518872,0.8517724313743676,-0.2972615634224428,-0.49297448802161703,-1.3049206364903212,-1.6432823457838803,-1.1875032678405077,-0.43086134878655424,-1.3439625051384148,-1.5770997593909466,0.12061021670810479
choque_A_tpu_ultimo,horas,sin pandemia,3132,Fabricación de telas,0.1336042055792961,0.37885838528697496,0.47973423672570603,0.3960449191353973,0.208,0.6291064381048872,0.37155777147871866,0.0,-0.1558563086410297,0.1445530549514006,-0.3936460840360837,0.0819334667540243,0.859526516788448,73,49,True,-0.10460175729156325,0.14149158771926787,-0.13850708621363458,0.3723895181821318,0.48306560805086624,0.4297548876526049,0.8061884845353121,0.5808369494670388,0.7939456415472539,1.4401967606973833,-0.025421696500937827,0.4303981734510182,1.0268080061374376
choque_A_tpu_ultimo,horas,sin pandemia,3327,Maquinado de piezas y fabricación de tornillos,0.1233232283296124,0.4326418816534467,0.05839839996683546,0.34924902499541555,0.88,0.20777060134601658,0.32121407352965825,0.0,-0.15392523011974849,0.14502644315051472,-0.3924937291023452,0.08464326886284823,0.855736780332718,73,49,True,-0.7601470995869356,0.34607093982562953,0.652832399694985,-0.05698442365046632,-0.5208131604765189,0.4555623405295843,-0.48721098564670884,0.33240113099089585,0.3001640208189583,-0.25887413152879274,0.07976036207195415,0.36995917879524487,0.3064586277310314
choque_A_tpu_ultimo,horas,sin pandemia,3315,Moldeo por fundición de piezas metálicas,0.0974402319506194,0.2715351086932004,-0.03033670307387604,0.4051321137659212,0.937,0.11903549830530508,0.3812291032669353,0.0,-0.15300063137990727,0.14542570998289323,-0.3922259243017666,0.08622466154195207,0.8536203909202282,73,49,True,-0.05247569462210946,-0.5987333911947659,-0.06782036549048531,-0.38098891148201797,-0.16937928900161264,0.0016650684221098482,0.34241744977236166,-0.07773080437140067,0.21769137927516993,0.34137630057128343,0.5470694083886093,-0.3451097669429743,-0.15235852328455662
choque_A_tpu_ultimo,horas,sin pandemia,3221,"Fabricación de pulpa, papel y cartón",0.0619018679380005,0.001245006131624058,-0.15270268427499376,0.2370530093332431,0.363,-0.003330482895812642,0.19338492393983295,0.0,-0.15238285325699702,0.1472423634716613,-0.3945965411678799,0.08983083465388583,0.8496449385355082,73,49,True,0.015142601355794264,-0.14366373251209708,0.01642091202854413,0.006701266984670067,-0.14467786946457303,-0.11122633699386421,-0.21212292850791353,-0.11086830560091532,-0.06307032152469798,-0.25892784668541774,-0.38129260216271815,-0.34524192809689525,-0.25230780439483447
choque_A_tpu_ultimo,horas,sin pandemia,3112,Molienda de granos y de semillas y obtención de aceites y grasas,0.0609807080676099,0.015464642605078835,-0.14385383537501817,0.23417596880375233,0.552,0.0055183660041629445,0.1898472647641896,0.0,-0.1520850104158564,0.14721106395907144,-0.3942472106285289,0.09007718979681612,0.8492234512248854,73,49,True,-0.05524618083267634,-0.3226319823046613,-0.2600965070086692,-0.5757945545004619,-0.17825129970040487,0.13456447266651742,0.47850650479202017,-0.026714715918975885,0.2162055721260014,-0.21669147583803744,-0.35684073632151947,-0.5494721224192463,-0.15763683461512254
choque_A_tpu_ultimo,horas,sin pandemia,3241,Fabricación de productos derivados del petróleo y del carbón,0.0588949583065286,0.029050875130591527,-0.2100493111698634,0.4239711612110282,0.559,-0.060677109790682277,0.4011921548483918,0.0,-0.15165772632414679,0.14723199591331568,-0.3938543596015511,0.0905389069532575,0.8485089785595773,73,49,True,-0.2277302309468466,-0.36546016703286854,-0.1447057597467454,-0.2740301362726024,-0.28761924660606963,-0.031223612930097847,-0.13956539527261136,0.10565420027242162,-0.1846282810981794,-0.3388129950957569,0.024084358204852354,-0.23238802850781087,-0.6342157501759091
choque_A_tpu_ultimo,horas,sin pandemia,3115,Elaboración de productos lácteos,0.0498313429839448,0.009728495317546031,-0.04420747358485711,0.2510747928698313,0.848,0.10516472779432401,0.21033818290528475,0.0,-0.15084143347004822,0.14767608228188298,-0.3937685888237457,0.09208572188364927,0.8464756676374318,73,49,True,0.035422052196929385,-0.03580754195380942,0.004317430433343509,-0.4497419889627374,-0.4219971611076467,0.24477857322147273,0.3636251804720596,0.25751132009019667,0.47236929113283105,-0.2160645091555103,-0.42567031239252057,-0.2923087517847209,-0.11113073879303016
choque_A_tpu_ultimo,horas,sin pandemia,3255,"Fabricación de pinturas, recubrimientos y adhesivos",0.0704773870608603,0.2102982954347221,-0.1663117448773382,0.29047114853709666,0.399,-0.0169395434981571,0.2560802368511252,0.0,-0.15062215528741754,0.1463628179558584,-0.3913889908248046,0.09014468024996952,0.848283944757824,73,49,True,0.010982979891590755,-0.1694860765891456,-0.20000031416088737,-0.18340000763764913,-0.44675936233571806,-0.02885849488226316,-0.20283441572900351,-0.15757888491833258,-0.28331104928902456,-0.1702890504733854,0.42283612851444574,-0.3218741672794834,-0.4314799685165406
choque_A_tpu_ultimo,horas,sin pandemia,3116,"Matanza, empacado y procesamiento de carne de ganado, aves y otros animales comestibles",0.044361709007407,0.0005565343123640996,-0.19210271117223476,0.24626942505664454,0.386,-0.04273050979305365,0.20457817403378734,0.0,-0.15031578146631439,0.14794206009509953,-0.3936804703227531,0.09304890739012434,0.845196006502194,73,49,True,-0.029947481832556307,-0.22303971304332273,0.07495963186126237,-0.5205125020429463,-0.5722672937300501,-0.06840337060286683,0.06883819763858465,-0.28419354745995257,0.1291012101957019,-0.2752054674210233,-0.254748737688665,-0.2623971517711457,-0.27951901934207124
choque_A_tpu_ultimo,horas,sin pandemia,3118,Elaboración de productos de panadería y tortillas,0.043199849411286,0.00024549054628625414,-0.26540209722176894,0.2638627121730608,0.185,-0.11602989584258783,0.22544873130845478,0.0,-0.15018238315369847,0.147991536409587,-0.39362846054746914,0.09326369424007216,0.8449003345260154,73,49,True,0.0350039127247476,0.00044393074030643897,0.01981066961918495,-0.25475602503287564,-0.02655441831007822,-0.35199010213172915,-0.2834306580000579,-0.4717654374175432,-0.5480650265391934,-0.6168487365596936,-0.2889322489304459,-0.30071995262992596,-0.36242317141569225
choque_A_tpu_ultimo,horas,sin pandemia,3273,Fabricación de cemento y productos de concreto,0.0343074151008847,0.00012961613710545992,-0.14145244310168914,0.49253214228423375,0.764,0.007919758277491973,0.47306607440860204,0.0,-0.1491313320769895,0.14836698021791156,-0.393195014535454,0.09493235038147502,0.8425881114283831,73,49,True,0.20902665747683777,-0.263555145416673,-0.42864091530280085,-0.3249728628605974,0.26934195128399824,-0.4844521948364544,0.04002832010359064,0.04849687034323389,-0.0891502885097044,-0.2282257220765956,0.24164459938789293,-0.22979816907867895,-0.5986248608360079
choque_A_tpu_ultimo,horas,sin pandemia,3111,Elaboración de alimentos para animales,0.02886946578166,0.0027127477990509046,-0.13573629393402092,0.28393330340737727,0.599,0.01363590744516019,0.24863974010019813,0.0,-0.14845334840257704,0.14859068987574225,-0.39288503324817303,0.09597833644301898,0.8411209906357733,73,49,True,-0.06324475999995473,-0.14279285001824843,-0.18105446927338978,-0.15337108412813488,-0.31244115009708867,-0.6221091147919385,-0.2542813969164762,-0.2729505424765404,0.12137090481891775,0.37964292486380574,0.14821015909315038,-0.21255447680337,-0.19899596541300396
choque_A_tpu_ultimo,horas,sin pandemia,3122,Industria del tabaco,0.1071479040489181,0.7594394974604725,0.031498701151010285,0.6524466558053575,0.964,0.1808709025301914,0.6378794856748906,0.0,-0.14767140707094586,0.14798123858143405,-0.3911005445374049,0.09575773039551316,0.8408375963849144,73,49,True,0.20827635396766267,-1.0908706676710274,-0.05805557260565956,0.9258465416870204,0.6546216121986127,0.07763519634859936,1.1592234928270082,0.14559975069070724,-0.40661081652481706,0.5640808920511524,-1.1355049543415996,0.017755066910139578,-0.6525137805746652
choque_A_tpu_ultimo,horas,sin pandemia,3211,Aserrado y conservación de la madera,0.0034917286527276,0.0,-0.7536099146091977,0.5040348255469622,0.152,-0.6042377132300165,0.4850306226800788,0.0,-0.14548542736362138,0.14976958613040708,-0.39185639654814103,0.10088554182089826,0.8343241916847992,73,49,True,-0.8141395205022094,-0.8465241452651087,-1.0993043548739387,0.3816391912998234,-0.36258611508723315,-0.5592057613704277,-1.4347870605235788,-1.5592077312131196,-1.2836189091129855,-0.25133164163107624,-0.6027126492533059,-0.9405545978746306,-0.4245955945117779
choque_A_tpu_ultimo,horas,sin pandemia,3212,Fabricación de laminados y aglutinados de madera,0.0775332943220637,0.706229815707303,-0.013228713044359472,0.39007396447009907,0.97,0.13614348833482165,0.3651866609429874,0.0,-0.14487246099363438,0.14844317592846684,-0.3890614853959623,0.09931656340869358,0.8354542827301564,73,49,True,0.23838825889902765,-0.18799797673109458,-0.16795702101826893,-0.3380614406057761,-0.3022542291026289,0.1408755333469804,0.5100115559202758,-0.7075111814256363,-0.4028596379697141,-0.10354023208509243,0.046165359425437834,0.6462684624775015,0.4564992792923152
choque_A_tpu_ultimo,horas,sin pandemia,3313,Industria básica del aluminio,0.2650002880058719,3.4239119691147217,-0.5419186213323139,0.5899492843523598,0.333,-0.39254641995313283,0.5737976626661438,0.0,-0.1309778349456786,0.22653293316862774,-0.5036245100080712,0.24166884011671402,0.7184302251723962,73,49,True,-0.17127699073033978,-0.9851059992355486,-1.1722647010705523,-0.4472703866894156,-0.46425820187289585,-1.2453471240470204,-0.5558511266499786,-0.9538833696380475,-0.16088317078723477,0.1217821197361027,-0.9100832863163842,-0.47467856281181564,0.37417872279304915
choque_A_tpu_ultimo,horas,sin pandemia,3312,Fabricación de productos de hierro y acero,0.0669975578374552,6.615743671162022,-0.12201147571629205,0.47585543641135836,0.778,0.027360725662889065,0.4556775130895891,0.0,-0.06515981784267214,0.38388666364876123,-0.6966533795448844,0.5663337438595402,0.5673915611283556,73,49,True,-0.09664134465540095,0.2992906422072107,-0.005583620374809821,-0.31514880875989604,-0.3908031880950174,-0.2049504286534001,-0.30187160845048233,-0.30254564444259574,-0.26753300833604055,-0.40588613388822203,0.2856181342533357,0.1905384822578842,-0.07063265737436186
choque_A_tpu_ultimo,horas,sin pandemia,3311,Industria básica del hierro y del acero,0.279574215702268,10.234472970162127,0.43169517731136986,1.3671945161434855,0.785,0.5810673786905509,1.360303070843438,0.0,-0.04227344728470325,0.5725839250669402,-0.9841740040198199,0.8996271094504134,0.5294268776473995,73,49,True,-0.1440889809904593,-0.15800480612065268,-0.290465856261545,-0.1703441088711211,0.48650974082745313,0.9011969956130467,0.7248626772086098,1.0950974415682082,1.7605354942547304,1.2023859695102703,1.3829841722710785,-0.042594918632755524,-1.1360365153290544
choque_A_tpu_ultimo,produccion,completa,3311,Industria básica del hierro y del acero,0.279574215702268,10.234472970162127,-1.1515244723966127,2.4870509619136776,0.668,-0.757890625418213,2.282415673447104,0.0,-1.550890860443226,1.6824002012123518,-4.318439191437545,1.2166574705510926,0.8216919737957764,90,78,True,1.1045485593252344,-0.11387295154204728,-1.170769017350712,0.33922065499741383,0.17023156225768063,-0.5529907928451181,-3.4864587619963743,-0.16907999298464882,0.8046488395414358,1.768183760484826,-3.0036012388746447,-4.927083206682547,-5.732795555486464
choque_A_tpu_ultimo,produccion,completa,3312,Fabricación de productos de hierro y acero,0.0669975578374552,6.615743671162022,-0.255845588099398,1.7791503408911007,0.914,0.1377882588790017,1.4796535928162944,0.0,-1.1579004052253377,1.32136192250852,-3.3315407677518527,1.0157399573011776,0.8095646568031882,90,78,True,-0.028904612811843346,0.30997904716085023,-0.9707055023182466,-0.5864286371623404,-0.4593332874201687,-0.5313760295220222,-0.6776818488553188,1.8327382892579087,1.6380837593975077,1.6482448105187877,-0.30044743989919626,-3.4149762912434,-1.7851849023946924
choque_A_tpu_ultimo,produccion,completa,3313,Industria básica del aluminio,0.2650002880058719,3.4239119691147217,-1.2285629846293853,1.4496028929807991,0.405,-0.8349291376509855,1.060823909317447,0.0,-0.7904997619107659,1.0815948421099226,-2.5697232771815885,0.9887237533600568,0.7675691771375892,90,78,True,-1.6549602345973888,-0.15546104580892395,-1.1924057226481157,-0.8047200527151783,-1.1902311991607013,-0.11414698178003516,-0.28472588039693075,1.26145234370467,-0.5840085846650892,-0.6213508371247415,-3.057681504893435,-4.555411655838074,-3.0176674442580667
choque_A_tpu_ultimo,produccion,completa,3141,"Confección de alfombras, blancos y similares",0.5072465584471345,1.2182657542027042,-1.3765953832281363,2.1490195369098046,0.609,-0.9829615362497366,1.9084768243972154,0.0,-0.5309354271590357,1.003471702670153,-2.1816463780514375,1.1197755237333658,0.7016314578557401,90,78,True,-2.9134417737452347,-0.5471487242352046,0.9625529809213156,1.5793345300566846,-1.2589809452457092,0.18843703531243536,0.9141064356390122,2.7798075646611693,-2.719467696262895,-0.6655387886958432,-5.432628002274158,-8.033954746810247,-2.7488178512870958
choque_A_tpu_ultimo,produccion,completa,3252,"Fabricación de resinas y hules sintéticos, y fibras químicas",0.3119319594154858,0.9457986711094967,-0.38619563918345134,1.3259621882671129,0.784,0.007438207794948359,0.8844063228829604,0.0,-0.5110069364796258,0.9969193830443549,-2.1509393215875896,1.1289254486283382,0.6958795319834451,90,78,True,-0.24456188469901477,-0.36780182185863347,-0.3344666367001365,0.01207791713525222,-0.7904116198742264,-1.1823878729011488,-0.876775656880784,1.2788085276108034,0.8748036668175625,1.5786940987285538,-0.11670251027225571,-2.957951685900043,-1.893867830590797
choque_A_tpu_ultimo,produccion,completa,3152,Confección de prendas de vestir,0.4259861529321015,0.9248468204807683,-0.6083763176260687,1.1055848894524034,0.595,-0.214742470647669,0.4963030999568024,0.0,-0.5025200303266906,0.9972892244245943,-2.143060804505148,1.138020743851767,0.6928292385759294,90,78,True,-0.8123158903019888,-0.518726409572591,-0.8854099160273273,0.03016315412804763,-0.3049815807703672,-0.233851444411975,0.8170669917573126,0.9679112735463646,-0.22283699099048582,-0.949830931739379,-2.031629925605912,-2.243029475391896,-1.521420983758696
choque_A_tpu_ultimo,produccion,completa,3122,Industria del tabaco,0.1071479040489181,0.7594394974604725,-1.8285653141325027,4.408352340598937,0.735,-1.434931467154103,4.2962273191842835,0.0,-0.5012124347325434,0.999931435462111,-2.146099646067716,1.1436747766026292,0.691901280291253,90,78,True,-2.652651257863025,-4.730003457549291,2.3597386231896076,4.1136044852658324,-1.7796265446611625,-3.3254922906542945,8.2167547946477,8.893917864295735,-1.4203901353947268,-3.850501271223777,-4.990741363920651,-17.570362950803947,-7.035595579050538
choque_A_tpu_ultimo,produccion,completa,3212,Fabricación de laminados y aglutinados de madera,0.0775332943220637,0.706229815707303,-0.8022165835387982,1.5002948992294682,0.588,-0.4085827365603985,1.1291074368257472,0.0,-0.49686113705276613,1.0008543203613076,-2.143266494047117,1.149544219941585,0.6902069444791735,90,78,True,0.05983628130252634,-0.2693863782612343,-0.12684096864548625,-0.8592875137946144,-1.545667681442891,-0.5261239134254546,0.6748383166312599,0.6703960623638965,-0.09430533636661685,-0.08821695515408892,-1.3689475923203585,-3.3268230047560228,-3.628286902135293
choque_A_tpu_ultimo,produccion,completa,3159,Confección de accesorios de vestir y otras prendas de vestir no clasificados en otra parte,0.6664841032423205,0.9146421435264246,-1.7047281698143317,1.523906933721704,0.394,-1.311094322835932,1.1602978763603484,0.0,-0.4884214817173029,1.006400367064019,-2.143950085537614,1.1671071221030083,0.6862736429290404,90,78,True,-1.3793617609308846,-1.4423851119322473,-0.2581323879770847,0.30716910923122137,-0.5777896979696449,-1.406705921596701,-0.6198446586368181,0.4549603183518723,-1.906021404436058,-1.9151228197573182,-5.7375985465726265,-6.886060959704182,-0.7945723656558428
choque_A_tpu_ultimo,produccion,completa,3253,"Fabricación de fertilizantes, pesticidas y otros agroquímicos",0.1679807884786191,0.549472772838495,-1.678194007866686,2.450093326541384,0.496,-1.2845601608882862,2.2420874487860356,0.0,-0.474468012588785,0.996207526551253,-2.113229393765596,1.1642933685880261,0.6830605032379122,90,78,True,1.2898367596112044,-0.19632592085353529,-0.8568731426446705,-2.6292559980985986,-3.498920554658258,-1.4877933296387111,-0.9302656484596609,-2.4605324252065035,-4.206842988113451,-2.473009354105667,-0.9491826899436945,-2.706395248333315,-0.7109615618220576
choque_A_tpu_ultimo,produccion,completa,3149,"Fabricación de otros productos textiles, excepto prendas de vestir",0.3944218335152466,0.6202783960190488,-0.3688157546144085,1.1672669205671766,0.564,0.024818092363991184,0.6216999944439665,0.0,-0.4701808948977159,0.9941282070121971,-2.10552179543278,1.1651600056373481,0.6818784302898542,90,78,True,-0.33930022650864405,-0.3204892970132506,-0.20099515307531393,-0.2546165006706691,-0.043926408547247144,-0.164013240720781,0.03872186471201595,0.10902588289208053,-0.10910113735355657,0.3071366228502125,-1.0144538346077712,-1.6272348453828276,-1.1753585365615582
choque_A_tpu_ultimo,produccion,completa,3261,Fabricación de productos de plástico,0.2303591490643638,0.524248422355608,-0.6258824185488358,1.0619827943377305,0.48,-0.23224857157043605,0.38962324713833907,0.0,-0.4682878886377927,0.9944537282636872,-2.104164271631558,1.167588494355973,0.6811437924055298,90,78,True,-0.725513968928288,-0.41733780672555987,-0.19071171168336173,-0.02039863540481724,-0.457622086883367,-0.47187214759249085,-0.26038282911054994,0.35191024722951575,-0.2702278489851127,-0.26404335355424957,-1.47130821885708,-2.425886371455057,-1.5130767091844473
choque_A_tpu_ultimo,produccion,completa,3327,Maquinado de piezas y fabricación de tornillos,0.1233232283296124,0.4326418816534467,-0.08057472434917091,1.2683400023883769,0.904,0.3130591226292288,0.795415099743396,0.0,-0.46381666087894635,0.9973836872802293,-2.1045128264549238,1.1768795046970308,0.6790462070488721,90,78,True,-0.2105544178393718,0.08255798491752914,0.03320623261862422,-0.1837079684972103,-0.2758452167605036,-0.04208986785418494,0.10279653158150757,-0.23574593023909513,0.16644945449050474,0.02549624161404044,-0.5083087456129222,-0.6286382317842459,0.6269125168261058
choque_A_tpu_ultimo,produccion,completa,3379,"Fabricación de colchones, persianas y cortineros",0.3523025337449802,0.5315470058345413,-0.34344005737048655,1.9310491267516428,0.897,0.05019378960791315,1.6592014793778154,0.0,-0.46253329763358697,0.9933868056344163,-2.096654592902202,1.1715879976350279,0.6792535471054022,90,78,True,-0.6016244415560179,0.5373881371971638,1.1672892569205817,1.761646445005261,0.44015332001133384,0.5749223029472741,1.8768843620674838,2.863910339924129,-0.6078653276043342,-0.7857335576282743,-2.754366958726283,-6.619259101196266,-2.318065523178378
choque_A_tpu_ultimo,produccion,completa,3335,Fabricación de maquinaria y equipo para la industria metalmecánica,0.6052735791408839,0.6140783535938158,3.6789012036234725,2.0231334487508033,0.058,4.072535050601872,1.7655219541811331,0.0,-0.4581272585290976,1.0004023417387145,-2.103789110689283,1.1875345936310877,0.6765033067767874,90,78,True,1.5054997970053128,1.6746034484051164,1.7983080944261518,3.6704120179599333,6.138402368456052,6.570992690128397,8.629630757053873,5.162650385208106,0.7095339402212382,2.8387672620619875,3.6600766898578962,1.5562613947691502,3.910576801551935
choque_A_tpu_ultimo,produccion,completa,3132,Fabricación de telas,0.1336042055792961,0.37885838528697496,-0.17563291618646765,1.463175903739688,0.933,0.21800093079193206,1.079297245676881,0.0,-0.45725165670239476,0.9968618326478154,-2.097089371408051,1.1825860580032614,0.6767719991470704,90,78,True,-0.48061343008447877,0.14358805969100472,0.6842529986026094,0.5523966528976967,0.03443607938890702,0.41063799965822806,1.4128455733209848,2.714509025789693,0.12723775516698405,0.3336201926414167,-2.5095308640970244,-4.098154107743202,-1.6084538456568986
choque_A_tpu_ultimo,produccion,completa,3315,Moldeo por fundición de piezas metálicas,0.0974402319506194,0.2715351086932004,-0.4404096681063927,1.6339914110869505,0.802,-0.046775821127993,1.3015094124696802,0.0,-0.44720528062559356,0.9983006165687676,-2.0894097948812163,1.1949992336300292,0.6729113302622474,90,78,True,-1.0721614130258093,-1.5128982746732387,-0.17779018122196724,0.43617582558747503,0.5683337805353693,0.34361747284411237,0.656728063948049,0.9386204470360362,1.565818386347606,1.188422754926915,-1.1991503834238695,-4.610258098528413,-2.8507840657353714
choque_A_tpu_ultimo,produccion,completa,3133,Acabado de productos textiles y fabricación de telas recubiertas,0.3062290364360683,0.3483594395688712,-1.9640588615728507,1.6076033246901538,0.376,-1.570425014594451,1.2682220896972598,0.0,-0.4445419413821575,0.9929615746384846,-2.077963731662465,1.1888798488981496,0.6728126111017173,90,78,True,-1.6573773158015552,-1.028498610570712,0.7090355125994384,1.213278711911821,-1.1184076320274416,-1.9953409913783158,-0.2622294624673785,1.336580929235723,-2.883899037587519,-2.8460058966042565,-4.89303262108757,-8.222629923416747,-3.884238863252549
choque_A_tpu_ultimo,produccion,completa,3329,Fabricación de otros productos metálicos,0.6293046757254936,0.5034107843425879,-0.9400747221564807,1.1622344969451206,0.504,-0.5464408751780809,0.6121991874631381,0.0,-0.4444637995676488,1.0010962651531898,-2.091267155744646,1.2023395566093484,0.6714704236031561,90,78,True,-0.9539041174921146,-1.8049035213343885,-0.8733227412395261,0.009121201378592677,-0.10849886712604459,-0.39578638004094996,1.0161066421204659,1.2180472194707794,-0.9769231484549821,-0.8756659361353827,-1.9651822879918273,-3.6314369427638598,-2.8786225084250097
choque_A_tpu_ultimo,produccion,completa,3251,Fabricación de productos químicos básicos,0.135778270214786,0.24687503499913044,-0.4421894798272202,1.990392528848349,0.839,-0.048555632848820474,1.7279066057332424,0.0,-0.44238351537164416,0.9967211234097206,-2.0819897633806344,1.1972227326373461,0.671420435843683,90,78,True,-0.8849243839826598,-0.6531815948979303,-0.6174973226921447,0.18866824542593646,0.9876344347502795,1.1889761502391623,-1.2343136733819393,-2.081404282737697,-1.7897305109294617,-0.04758089180550754,-0.37764609010429495,-0.2966563140476358,-0.1308070035899683
choque_A_tpu_ultimo,produccion,completa,3255,"Fabricación de pinturas, recubrimientos y adhesivos",0.0704773870608603,0.2102982954347221,-0.9732761449135099,1.1777580320947783,0.22,-0.5796422979351101,0.6411807868339581,0.0,-0.44181396055967803,0.9996388193437977,-2.0862198183802256,1.2025918972608693,0.6707458424693025,90,78,True,-0.48600804926505836,-0.725090758035479,-1.0649235883593628,-0.27172224501411696,-1.711861894106895,-0.7393180272240891,-1.0749711331270002,0.5236678680951257,-0.03777819446073672,-0.02608445387778985,-1.222352812526872,-3.229042748616261,-2.587103847357091
choque_A_tpu_ultimo,produccion,completa,3222,Fabricación de productos de cartón y papel,0.1574973850413846,0.21291333042696917,0.13499981072398576,1.3220402663593807,0.802,0.5286336577023855,0.8785153869550784,0.0,-0.43741758930444646,0.9959773070237827,-2.075800259358569,1.2009650807496761,0.6697359973514543,90,78,True,0.15454687756149108,0.10060540784233249,0.19688881497185962,0.27309939227934393,0.059979113216541174,0.019290871867342796,0.09241224236513056,0.10622743245166145,0.16414792733465103,0.9532635251331921,-0.06791359010071694,-0.26124180233219896,-0.03630867317881611
choque_A_tpu_ultimo,produccion,completa,3162,Fabricación de calzado,0.1604241815757467,0.208928615610855,-1.0082933952141755,1.2550960855274398,0.476,-0.6146595482357757,0.7741220854281002,0.0,-0.4368145453427796,0.9958845412428173,-2.075044615687214,1.201415525001655,0.6695314277579837,90,78,True,-0.4785227516040419,-0.6471970238751056,0.16960694914548352,0.4572541851665039,-0.7688801189007469,-0.7389322046625776,0.9163444230755509,1.183581081287636,-1.662342039249078,-1.0293472217379918,-3.2516642273839906,-4.959503306865071,-2.2982118821808526
choque_A_tpu_ultimo,produccion,completa,3351,Fabricación de accesorios de iluminación,0.831395116765869,0.5101170356130816,1.7366401337194526,2.078632166424773,0.447,2.130273980697852,1.82885497033991,0.0,-0.4343246829037186,1.0157096328144657,-2.105167028883515,1.2365176630760775,0.6655314136505506,90,78,True,1.0357570982206832,2.847872662108331,4.07800153933356,5.521958215333114,-0.6689381915361371,1.3248122844321868,2.5851399040221397,4.034946085333818,3.9755296571621406,-0.06958655181431367,0.9087989938925187,-3.384016441245467,0.3860464831103074
choque_A_tpu_ultimo,produccion,completa,3219,Fabricación de otros productos de madera,0.1827036170504173,0.16703782379480125,-0.2658231843327959,1.3491629254842954,0.709,0.1278106626456038,0.9188250207425738,0.0,-0.43093224175298817,0.9952658442397476,-2.0681445555273728,1.2062800720213966,0.6674860934687312,90,78,True,0.2926684293224401,0.060714355575323474,0.7175740354085426,0.1880921654343036,-0.018760207360074513,-0.11458864755070287,-0.6818319381047407,-0.2716222786396943,-1.088386458678676,-0.3673089860102713,-0.977605757727694,-0.09420708993766767,-1.1004390180574346
choque_A_tpu_ultimo,produccion,completa,3325,Fabricación de herrajes y cerraduras,0.8134327973740351,0.4498475651046204,-1.7400469488817232,2.016155526376625,0.486,-1.3464131019033234,1.7575215292508524,0.0,-0.42855652864584143,1.0139122116368753,-2.0964421167885012,1.2393290594968183,0.6637342272383233,90,78,True,-2.3080998041517935,-0.42316989490194706,2.0986995534203534,2.236198761547524,-2.906724450106166,-1.935804304395282,0.7051803047852885,1.8719923764595272,-3.5623653580891563,-2.018717265826709,-6.1872134626915924,-7.685664232120894,-2.504922559391555
choque_A_tpu_ultimo,produccion,completa,3328,Recubrimientos y terminados metálicos,0.1588822707072484,,-1.5739783750143868,1.9784757512336477,0.474,-1.180344528035987,1.7141660122230857,0.0,-0.4252447567501173,0.9961957658321998,-2.063986791544086,1.2134972780438513,0.6652625050812248,90,78,False,0.6656523883659663,-1.26500935859581,-2.6830636375143957,-1.7944420166015547,-0.2650751488227181,-0.712381754884984,-1.076179146477162,-1.8457650943777641,-1.9518778681308067,-0.8826639651016892,-2.6176050161181563,-2.5863088188330394,-3.4469994380949145
choque_A_tpu_ultimo,produccion,completa,3151,Fabricación de prendas de vestir de tejido de punto,0.3365154443339868,0.18378899573785,-0.19900321830411735,1.8311014496478115,0.922,0.19463062867428235,1.541729982241886,0.0,-0.42451703896310927,0.9929364727504764,-2.057897536637643,1.2088634587114244,0.6655058638423963,90,78,True,-0.47886867457416005,0.3524079077687144,2.3466552607185376,3.5586540372063826,2.379132694263429,0.9102311163917375,1.689424913908572,0.6362746697073657,-0.8284411986758046,0.5539191183289253,-3.168062696041608,-6.390922463901163,-4.147446523054454
choque_A_tpu_ultimo,produccion,completa,3272,Fabricación de vidrio y productos de vidrio,0.272472982882299,0.15198381360749708,-0.3737499385015762,1.0875158827475162,0.698,0.01988390847682353,0.45463129508356337,0.0,-0.4244129692847109,0.9934265778652539,-2.0585996898730534,1.2097737513036317,0.6653909166228229,90,78,True,-0.8441735549582042,-0.7726000717431766,0.12591669114114504,1.2322918540459469,0.4606350448013871,0.13451854030690535,0.03914352378285766,1.059972439511898,0.02761304675306786,-0.2639880002110667,-1.5299618472714902,-3.0061493247254574,-1.521967541954303
choque_A_tpu_ultimo,produccion,completa,3353,Fabricación de equipo de generación y distribución de energía eléctrica,0.8989208694711824,0.45389419359827005,-0.8575956623816131,1.5958348202620252,0.217,-0.4639618154032134,1.253270757977692,0.0,-0.42440269835675526,1.0220046597254162,-2.105600363605065,1.2567949668915543,0.6610260161088473,90,78,True,0.41858780278596586,-1.0262526000032732,-2.016185132493269,0.5106578200234742,-0.13614512109007262,-1.5158504728481688,-0.8470493590613151,1.0081024842678592,-1.8034379413555333,-1.061454318350303,-1.468319167459484,-0.9744646718638252,-2.236932933513026
choque_A_tpu_ultimo,produccion,completa,3241,Fabricación de productos derivados del petróleo y del carbón,0.0588949583065286,0.029050875130591527,0.7099724254322864,1.8190519937032128,0.752,1.103606272410686,1.5273994156856556,0.0,-0.4221810639021921,1.0008030286213212,-2.068502045984266,1.2241399181798813,0.6634299404621706,90,78,True,-0.5188949882583989,-0.49398239016118217,0.9059441167435768,0.2088608355005897,0.21680398699576334,2.5933818107796753,1.968606726778396,0.32416853194505346,0.650706702276948,-0.35534028092912034,1.5725400049720017,0.4415497895175611,1.7152966844588606
choque_A_tpu_ultimo,produccion,completa,3211,Aserrado y conservación de la madera,0.0034917286527276,0.0,-0.8851395863723861,1.3954032661081353,0.269,-0.4915057393939864,0.9854689717624296,0.0,-0.42191934502277445,1.0041198068419392,-2.0736964272777643,1.2298577372322155,0.6628260313478672,90,78,True,0.20158578939640714,-0.21827434449917313,-1.774459326144779,-2.1444692896574438,-1.6846998730771563,-0.9953237282609739,-1.8533063413175441,-1.5977267461921434,0.6531622855812249,-1.0248956585045395,-0.5158773448242073,-0.24150616391588395,-0.3110238814248092
choque_A_tpu_ultimo,produccion,completa,3359,Fabricación de otros equipos y accesorios eléctricos,0.7464127593691879,0.35377894678325833,-0.33655155434374195,1.27269554442306,0.8,0.05708229263465775,0.8023420517681705,0.0,-0.4214305445692968,1.0082838974291717,-2.080057555840284,1.2371964667016906,0.6620147940560087,90,78,True,0.3293361453163996,-0.22568668512000606,-0.5295531480572078,0.5979915331754926,0.06692856402607161,-0.2134561388868412,0.483973316684677,1.0066388888920856,-0.4231744286044821,-0.29664292130612635,-1.6612855113697689,-2.026104767442225,-1.4841350537767146
choque_A_tpu_ultimo,produccion,completa,3111,Elaboración de alimentos para animales,0.02886946578166,0.0027127477990509046,0.31024288624116025,1.5341925649456933,0.615,0.7038767332195599,1.1737741032992228,0.0,-0.42085518016497675,1.0025845812110117,-2.0701068162570913,1.2283964559271376,0.6626733499548426,90,78,True,0.19038891593087257,-0.2180961739616708,-0.3266039027911922,-0.014236625025285164,-0.027178861077973564,0.28593152072864303,0.3621233612341452,0.41257982671742044,0.5158057243692282,0.8847429226499642,0.7901048885342719,0.9179262680340502,0.2596696557926094
choque_A_tpu_ultimo,produccion,completa,3112,Molienda de granos y de semillas y obtención de aceites y grasas,0.0609807080676099,0.015464642605078835,-0.4112918992809764,1.513353597822494,0.547,-0.01765805230257672,1.1464021682130296,0.0,-0.42055023039263567,1.0007622325199461,-2.066804102887947,1.2257036421026757,0.6628412493709189,90,78,True,-0.0734414368846197,-0.06312986651986294,-0.7302350943653757,-0.1946232654595644,-0.062331262519898734,-0.47527084788692103,-0.6761898837786152,-0.6500474589912552,-0.7919729109709179,-0.239716101682192,-0.14070380308628247,-0.4691387725677357,-0.7799939859394524
choque_A_tpu_ultimo,produccion,completa,3115,Elaboración de productos lácteos,0.0498313429839448,0.009728495317546031,-0.139723004340434,1.476674204821304,0.686,0.2539108426379657,1.0975270048731738,0.0,-0.42050986285027087,1.0013800763146727,-2.0677800883879076,1.2267603626873658,0.6627318238157773,90,78,True,-0.3269956778237911,-0.25124454497018206,-0.2892981473622752,0.10648854686310079,-0.14310958911421728,0.21072314597676564,-0.08794989425036621,0.12579592391673214,0.3252282521158288,0.10932825915922254,0.023068447133555457,-0.5132622421233689,-1.1051715359466465
choque_A_tpu_ultimo,produccion,completa,3363,Fabricación de partes para vehículos automotores,0.5296068171162411,0.23933342280456002,-2.102194728373361,1.9656333779742385,0.402,-1.7085608813949613,1.6993273362856447,0.0,-0.42032114781615315,0.9962448218936242,-2.059143879831165,1.2185015841988585,0.6634529942983763,90,78,True,-2.4458982168774583,-0.7850290608300358,0.6492606644735848,0.5497885234599285,-2.3792060705600337,-0.9481486539180511,2.003110285981204,2.689133662407289,-3.2641314844701954,-2.895871886385841,-6.826906133664573,-10.179789221443878,-3.494843877025629
choque_A_tpu_ultimo,produccion,completa,3273,Fabricación de cemento y productos de concreto,0.0343074151008847,0.00012961613710545992,-0.31270068690976643,1.2157475799113007,0.637,0.08093316006863327,0.7085485144303337,0.0,-0.420273481971664,1.0022877938847188,-2.069036902912026,1.2284899389686983,0.6625067317522613,90,78,True,-0.5673099644785538,-0.13276027920973382,0.0974879152167266,-0.2783977051605041,0.009625998995669604,-0.16499332280258613,0.29479750839198526,0.5373234527172874,0.5555359518791703,-0.005452070357433626,-1.0050537245037992,-2.077788664197051,-1.3281240263181413
choque_A_tpu_ultimo,produccion,completa,3161,Curtido y acabado de cuero y piel,0.262669438610518,0.10967177111390917,-1.6963451186637502,2.2963487601187285,0.588,-1.3027112716853504,2.0729728525333053,0.0,-0.42021221624409133,0.9936849257510566,-2.0548239191045794,1.2143994866163967,0.6638095962934714,90,78,True,-3.1463448808215175,-2.040828273247178,-1.2729519359234422,2.320282792579067,0.034317397336432125,-1.1414422123671437,-0.2311161589037157,2.4761521175776924,-0.9624671238041576,0.14530848021005363,-5.4972952120279,-7.091249267022444,-5.644852266214496
choque_A_tpu_ultimo,produccion,completa,3279,Fabricación de otros productos a base de minerales no metálicos,0.2243733059375072,0.09096728123609459,-0.010584078678998153,1.193259821399176,0.988,0.38304976829940157,0.6692292735728483,0.0,-0.42018512143367237,0.994437612331723,-2.056034993719357,1.215664750852012,0.6636828761904201,90,78,True,-0.30540894566726645,-0.4741800711664497,0.05119307342713366,0.5563938862880059,-0.08351388268872863,-0.04306655372134935,0.17805137967523516,0.1873246930069708,0.17273729937181448,0.5156223031536551,-0.4672051039506578,-0.5415143520060004,0.11597325145066119
choque_A_tpu_ultimo,produccion,completa,3131,"Preparación e hilado de fibras textiles, y fabricación de hilos",0.2001267979454507,0.0774387648863754,-0.27918501915537897,2.6321253516128853,0.933,0.11444882782302074,2.4396890551552883,0.0,-0.41997952082439344,0.9950657426409355,-2.0568626674687325,1.2169036258199455,0.6635101487755463,90,78,True,-2.2757944127736356,-1.0263752234465386,0.9657227049726984,-0.07120193812043525,0.29583911769930693,0.7084056008501076,3.5269653953572755,4.506018679300323,1.979126805362036,0.6234388019554387,-2.385766408648416,-7.946931557324875,-2.5288528142032125
choque_A_tpu_ultimo,produccion,completa,3119,Otras industrias alimentarias,0.1089707298904361,0.0323275826493142,-0.44788625324120956,1.3589576171354787,0.112,-0.05425240626280986,0.9331476969975263,0.0,-0.41984919916925634,0.9984070187729289,-2.0622287450507244,1.2225303467122117,0.6629468523554957,90,78,True,-0.39792986588148743,-0.3686506607011543,-0.4441799462947987,-0.22896607705738728,-0.39909294060446543,-0.38987726968092606,-0.5127726600890279,-0.16272110681709737,0.09565255950447932,0.2097970450002107,-0.9889514641929944,-1.1972741977835089,-1.0375547075375668
choque_A_tpu_ultimo,produccion,completa,3118,Elaboración de productos de panadería y tortillas,0.043199849411286,0.00024549054628625414,0.06647565043705565,1.4119338778558284,0.736,0.46010949741545537,1.0087398548080897,0.0,-0.4198073081259983,1.0017909034162555,-2.0677533442457388,1.2281387279937421,0.6624126957207126,90,78,True,0.04006741823484452,-0.08273055085484456,0.03627458618232236,-0.03233550725921671,-0.07084364890719531,0.062015849137673565,0.06681293988379604,0.22161461332298013,0.3421332096024277,0.2585808812907279,-0.1125792573216639,-0.025065248880298298,0.16023817125017026
choque_A_tpu_ultimo,produccion,completa,3116,"Matanza, empacado y procesamiento de carne de ganado, aves y otros animales comestibles",0.044361709007407,0.0005565343123640996,0.4211095651031337,1.501077064899675,0.251,0.8147434120815333,1.1301465276719969,0.0,-0.4197794706518129,1.0017254593259632,-2.0676178512430226,1.2280589099393966,0.6624125451834721,90,78,True,0.6241515115352649,0.28839520864713664,-0.45120465977822044,0.03475267443009295,0.12462738272017854,0.16846778093390052,0.5125721565646869,0.7929853231583662,0.8123531948064139,0.7091933193307548,0.7369539964006233,0.7468329574559501,0.37434350013559065
choque_A_tpu_ultimo,produccion,completa,3262,Fabricación de productos de hule,0.4171737487232005,0.17319420214525957,-1.3759802633648879,1.4929240376444048,0.509,-0.9823464163864881,1.119294867949336,0.0,-0.4189870509823349,0.9935279477378719,-2.053340525011134,1.2153664230464645,0.6633839916957578,90,78,True,-1.103491830136436,-0.7489103608157597,0.5013200190110608,0.3966773433267165,-1.0036118043411313,-1.065470844581089,1.1905501477794749,1.5269173883414764,-1.3483361783927759,-2.272511507556137,-3.370041377472198,-7.065859233674223,-3.524975185232519
choque_A_tpu_ultimo,produccion,completa,3221,"Fabricación de pulpa, papel y cartón",0.0619018679380005,0.001245006131624058,-0.13608963394134754,1.2973585392510443,0.867,0.25754421303705216,0.840914977039208,0.0,-0.4189113531642277,1.0007890195538036,-2.065209290330235,1.2273865840017792,0.6622388419965266,90,78,True,0.7903812572062565,0.3243572402563698,-0.17484695033535597,0.16344793136344535,-0.20716723125412073,-0.5414066378833846,0.15554847282670772,-0.08190178180531307,-0.18456083927153788,-0.13072320993681855,-0.47111895777063006,-0.2936523205890883,-1.1175222140440482
choque_A_tpu_ultimo,produccion,completa,3326,"Fabricación de alambre, productos de alambre y resortes",0.3138914060002775,0.11398215213683333,-0.3048445308521506,1.2180933839462615,0.809,0.08878931612624913,0.7125660048408873,0.0,-0.41793412207730757,0.9931819441035273,-2.05171842012761,1.215850175972995,0.6630505959344527,90,78,True,0.5743382507701034,0.479431128840884,0.12352763036334649,0.3845908650510146,0.09956972131826307,0.7379628498199597,0.6131921555207737,1.378674868825633,-0.7196865951552174,-1.2392582498790783,-1.9015833483358606,-2.5364522379571195,-1.9572859402606584
choque_A_tpu_ultimo,produccion,completa,3231,Impresión e industrias conexas,0.1024504665734745,2.5074260643867242e-05,0.19359677364393305,1.2044413196560848,0.743,0.5872306206223328,0.6889685854493948,0.0,-0.41659024966765495,0.9988555370525868,-2.0597076081191603,1.2265271087838503,0.6616855068848037,90,78,True,0.3961125768955406,1.125184234538548,0.42100861222937064,1.2392496768237886,0.074986356874774,0.42980406103792007,0.14744193706784295,0.27022128035543613,-0.3694371292987269,0.4967809849913669,-0.36732240446183634,-1.0563438718648794,-0.29092825781801623
choque_A_tpu_ultimo,produccion,completa,3324,"Fabricación de calderas, tanques y envases metálicos",0.2575554192946691,0.07360055114277667,-0.7408661049013731,1.2632189832458542,0.304,-0.34723225792297335,0.787223614276108,0.0,-0.41645629157689107,0.9938952143632349,-2.0514139192044127,1.2185013360506305,0.6623971533947758,90,78,True,0.03591607965573846,-0.9036588039392283,-0.0767541806296033,0.133106247136029,-0.038846288064287915,-0.9779311987064533,-0.7365406142313808,-0.8390956912181797,-1.4840016941648853,-1.3065213306747065,-1.6358756995675676,-1.2427576019951754,-0.5582985873181484
choque_A_tpu_ultimo,produccion,completa,3254,Fabricación de productos farmacéuticos,0.1290966945098601,0.009184281116309617,-0.4699779208603188,1.6360498080361248,0.472,-0.0763440738819191,1.304092708980573,0.0,-0.4161782213221592,0.9976969094296702,-2.0573896373339666,1.2250331946896482,0.6617116043867373,90,78,True,0.0005877913989084472,-0.23130417537175715,-0.823992174058822,-0.3168203407687476,-1.3000515121667546,-0.35572308557449905,-0.37634356494180554,0.18373895523547962,-0.47384758841178776,0.41268623202519866,-0.11872763006588014,-1.161298720789308,-1.5486171576943697
choque_A_tpu_ultimo,produccion,completa,3274,"Fabricación de cal, yeso y productos de yeso",0.1199075903205221,0.0,-0.6103481100790809,1.1009272169303355,0.533,-0.21671426310068115,0.48583902294815984,0.0,-0.4156468572684446,0.9981137357430857,-2.0575439525658203,1.2262502380289313,0.661453172942406,90,78,True,0.05429365560709193,-0.0940267571249435,-0.05531810423303751,-1.0592225131228123,-0.5611315970950588,-0.2903407163399732,0.1654330913119516,0.3168846187300585,-0.5158103287966292,-0.8172192717524002,-1.83784930499611,-1.6230110655671939,-1.617207137648994
choque_A_tpu_ultimo,produccion,completa,3336,"Fabricación de motores de combustión interna, turbinas y transmisiones",0.8385248456652771,0.34629757144673917,-0.6336768143591529,2.1283560444319742,0.803,-0.2400429673807532,1.8851785780427721,0.0,-0.4156313951531154,1.0159549742711416,-2.0868773278291433,1.2556145375229124,0.6587683841946773,90,78,True,-0.08027724588896257,1.9620954336832512,-0.03349395576980675,1.043420237625747,-0.3046815200476234,-0.020723375783767758,-1.3325846406948605,-1.1384886264168728,0.09473128499034954,-0.9683336908939432,-0.894831590698383,-3.4526979327990683,-3.1119329639750473
choque_A_tpu_ultimo,produccion,completa,3399,Otras industrias manufactureras,0.618987370047973,0.23749558020146458,-0.3044875976660234,1.100248466437552,0.819,0.0891462493123763,0.4842989852760729,0.0,-0.41529991790124016,1.0001654527582626,-2.0605720876885822,1.2299722518861018,0.66101367570925,90,78,True,-0.5078245014955494,-0.45544125422837706,-0.3604065269961671,0.09327508873463704,0.20985305896761597,0.1293601014312893,1.6059113754947323,2.068092028927793,-0.3564799776410055,-0.3421503808875961,-1.441396436529461,-3.048324340471527,-1.5528070049646885
choque_A_tpu_ultimo,produccion,completa,3323,Fabricación de estructuras metálicas y productos de herrería,0.2249299265714363,0.042986145911046665,-0.3094616437460257,1.274682146196421,0.64,0.08417220323237401,0.8054895362903001,0.0,-0.41479256144863363,0.9946264959321895,-2.0509531472570854,1.2213680243598182,0.6616730450290529,90,78,True,-0.01033641543361051,-0.44727233183617826,-0.565471624061973,-0.4207761565441612,0.40757812299919305,-0.009033709306090045,-0.6012102705283393,-0.25311749813520934,-0.8339325232692806,-0.43062140195636023,0.601998849235117,-0.007923495241511163,-1.4528829146199302
choque_A_tpu_ultimo,produccion,completa,3344,Fabricación de componentes electrónicos,0.4744887481943934,0.16122574159735625,-0.5138318223517245,1.348838513024401,0.601,-0.12019797537332483,0.9183486012724827,0.0,-0.41456127382126984,0.9947005732633212,-2.050843716839433,1.2217211691968934,0.6615766452302834,90,78,True,-1.0827313699372907,-0.3560237190653296,-0.25460857889776084,-0.03953115914797945,0.1743899699941553,0.14489348839119134,0.6032872898002227,1.1273511547467405,0.0007414582048896206,-1.4089113104895137,-1.693915296852691,-2.173416716364865,-1.7213389009541877
choque_A_tpu_ultimo,produccion,completa,3256,"Fabricación de jabones, limpiadores y preparaciones de tocador",0.2434658656862863,0.0355111400392335,0.0689153024057767,1.4386863563974388,0.851,0.4625491493841764,1.0458571849566207,0.0,-0.41295840743288076,0.9942975591832542,-2.048577892289334,1.2226610774235724,0.6610486516919271,90,78,True,0.47826543400047283,0.16440120916850579,-0.35153408545637227,-0.17222873467633248,-0.3445986588262805,-0.40497968448191796,0.030385626889853017,0.5441832650073255,1.0950305628457178,0.45518570895830385,-0.24410409319599938,-0.3207082752894366,-0.033399343668742386
choque_A_tpu_ultimo,produccion,completa,3113,"Elaboración de azúcares, chocolates, dulces y similares",0.2016423568218791,0.005446138950690162,0.0569226923218961,1.5810219563585206,0.945,0.4505565393002958,1.234353776568522,0.0,-0.4118516701727772,0.9953618723416102,-2.0492219501747257,1.2255186098291715,0.6604790117159625,90,78,True,0.5140641513011694,-0.9588705304723295,-1.7825606047075584,0.07865924917285243,0.1007722769426102,0.5730846641893576,1.755508423175094,0.3406175044676237,-0.45634607256940424,0.5001732326271227,0.2864218762896167,0.2302730108341625,-0.4418021810656678
choque_A_tpu_ultimo,produccion,completa,3322,Fabricación de herramientas de mano sin motor y utensilios de cocina metálicos,0.4783144421423179,0.12768954532932958,-0.3248524922001599,1.6485043383307136,0.66,0.06878135477823982,1.319683815440817,0.0,-0.41060700200456224,0.9948915449121356,-2.0472035933850252,1.2259895893759007,0.6600924076668933,90,78,True,0.057937221922139,-0.7019287777088222,-0.8813934446281542,-1.3059526397654473,-1.0246042163450286,-0.4084208396469303,0.5090319200036073,0.07453848374296214,-0.28432057855920384,-0.5252930475986969,0.0942242991891026,0.1303017265963029,0.042797494196092
choque_A_tpu_ultimo,produccion,completa,3372,Fabricación de muebles de oficina y estantería,0.2214380514733216,0.0,-0.12636145264112764,1.255393037408841,0.912,0.26727239433727207,0.7746034453937343,0.0,-0.4101763950380509,0.9949187709182505,-2.046817773198573,1.2264649831224714,0.6599296868160649,90,78,True,-0.43329757207860337,-1.317677821034302,-0.8548758166790774,-0.6669039468388187,-0.03393815181546476,0.9162671504865048,1.9429394836177207,1.1926116727326939,-0.4645584004434603,-0.19627971682869794,-0.7739290991696458,-0.9169665974555887,-0.03609006882791999
choque_A_tpu_ultimo,produccion,completa,3352,Fabricación de aparatos eléctricos de uso doméstico,0.3900028883753999,0.07493595431888583,-0.9117464984363121,1.5142828775565274,0.526,-0.5181126514579124,1.1476286213327576,0.0,-0.4094692708177252,0.9935086068318221,-2.0437909290560725,1.224852387420622,0.659883303263377,90,78,True,-0.3211544207061229,-1.3799320108971038,0.8677582321368347,0.4538983517838016,-0.1306199803325766,-1.6554725418283247,-1.7047650465511117,-0.4811154927727825,1.1281295599682641,-1.2062672345278524,-1.8222189564430644,-4.519638697689989,-1.0813062418120283
choque_A_tpu_ultimo,produccion,completa,3362,Fabricación de carrocerías y remolques,0.4826387565231524,0.11902321441005292,-1.4533637607789969,2.035569852212049,0.601,-1.0597299138005971,1.7797593776900946,0.0,-0.4094054230742158,0.995033284699691,-2.0462351764052076,1.2274243302567758,0.6596283249291939,90,78,True,-0.8693384978418589,0.062185815074965366,0.7863944937368808,0.19499340970159718,-1.1765586515860078,-0.46826326027397835,1.2202746111262945,1.5808901156931348,-1.0089872082621285,-1.3919887233182917,-3.93246899374513,-8.674987946135335,-5.215874054297101
choque_A_tpu_ultimo,produccion,completa,3121,Industria de las bebidas,0.2419442465750293,0.00012329106015767006,-0.6385806959893479,1.0966923846759606,0.367,-0.24494684901094815,0.4761648935479114,0.0,-0.4090853005639057,0.994505860961799,-2.045047441846065,1.2268768407182538,0.6595903172771493,90,78,True,-0.2125124515154825,-0.13169378151038494,-0.0002441010102796275,-0.1945343036965222,-0.8037882082627474,-0.5605440155230494,-0.307609716414083,0.19108953109492824,-0.9314474794684866,-0.8645336805057875,-1.2920050159367784,-2.0879205342573464,-1.1058052908555027
choque_A_tpu_ultimo,produccion,completa,3271,Fabricación de productos a base de arcillas y minerales refractarios,0.3488287256548686,0.03778046576634959,-0.8974725035441719,1.1524445554916258,0.506,-0.5038386565657722,0.5934031283398664,0.0,-0.4075350847050262,0.9934386437593601,-2.0417416536891735,1.2266714842791213,0.6591801821848502,90,78,True,-0.5442242587629426,-0.8954297313653006,-0.500950486265369,-0.5162964409867183,-0.33838733358969475,-0.45002708956231274,0.5981201426608678,0.9326333716308319,-1.956354482084723,-1.1380786916670933,-2.493873031156342,-3.9050868849096156,-0.4591876300158223
choque_A_tpu_ultimo,produccion,completa,3259,Fabricación de otros productos químicos,0.3514735701280596,0.037375188977905587,-0.03539857315445191,1.5432077484250137,0.981,0.3582352738239478,1.1855332024200118,0.0,-0.40734728505647233,0.9934460442730436,-2.0415660278856294,1.2268714577726845,0.6591097292145294,90,78,True,0.6989658112564676,1.7290502154001977,0.5936282369356158,-0.28880862250353695,-0.07738361399439371,-1.0652168541821212,-0.8834778551808515,0.4842019887122486,0.7341621607178394,-0.6373855960553382,-1.0378793020756165,-0.5191407081965927,-0.19089731184179304
choque_A_tpu_ultimo,produccion,completa,3114,"Conservación de frutas, verduras, guisos y otros alimentos preparados",0.3156513149608729,0.011841552492554095,0.7569588118268525,1.5096069511208852,0.065,1.1505926588052522,1.1414516924135436,0.0,-0.4064236441562656,0.9936108888656581,-2.040913556340273,1.2280662680277419,0.6587437557765023,90,78,True,0.9571847567545116,0.5349516477243867,0.8303172386400974,0.31690814785564286,0.24755008844293638,0.07365799515718682,0.489885837665044,0.8338219893055859,1.0758026441668982,1.523044454185079,1.1791117780698144,1.2563324643853142,0.5218955113965853
choque_A_tpu_ultimo,produccion,completa,3332,"Fabricación de maquinaria y equipo para las industrias manufactureras, excepto la metalmecánica",0.6992566972513394,0.19177087548725835,0.830683641699244,1.6296878027372508,0.441,1.2243174886776438,1.296102292888882,0.0,-0.4058646244906604,1.0050010020315432,-2.059091272832549,1.247362023851228,0.6568366465765297,90,78,True,0.4705174148218359,2.60683516374784,-0.15756745960977495,0.8294834948678504,-0.2791147401105734,1.8902113735038986,1.3288585204788677,2.172287504815977,-1.4757088059460692,0.8657756279298353,-0.5786548179779417,1.547569121310865,1.5783949442575589
choque_A_tpu_ultimo,produccion,completa,3333,Fabricación de maquinaria y equipo para el comercio y los servicios,0.8664849575372038,0.26580327730216874,-0.6469256526296517,1.5850160315058723,0.742,-0.25329180565125203,1.239465465179193,0.0,-0.40512853028288454,1.0185645114755524,-2.080667151660168,1.2704100910943992,0.6545907696480951,90,78,True,-0.5019822582825771,-0.3787648161823937,-0.8063591507714694,-1.990726054369145,-0.06530706454548306,1.4568301738157985,1.7254688040715382,0.7269773499570644,-2.6107516489442157,-0.2711279175920653,-1.7759799914490195,-2.736677554823186,-1.181633355070319
choque_A_tpu_ultimo,produccion,completa,3371,"Fabricación de muebles, excepto de oficina y estantería",0.3642278188643361,0.004901686321007664,-0.3480247908631932,1.2695049204996558,0.521,0.04560905611520649,0.7972713229598103,0.0,-0.40303071363520415,0.9936554150820862,-2.037593871445236,1.2315324441748277,0.6574832432896527,90,78,True,-1.1085701897152311,-0.8959160708269434,-0.940719340584041,0.20802552423452436,0.7817087521172,-0.06727627714831186,-1.6024753998953387,-0.1699739760269433,0.08668801052007148,0.8485579192922118,-0.6467783886952385,-0.5247281766828127,-0.4928646678106589
choque_A_tpu_ultimo,produccion,completa,3321,Fabricación de productos metálicos forjados y troquelados,0.4526204884780047,0.03826066742265268,-0.17159779115373602,1.142528549593993,0.877,0.22203605582466368,0.5739079245650838,0.0,-0.40199645283320584,0.9946342121020781,-2.0381697317411245,1.2341768260747128,0.656954348394196,90,78,True,-0.20609610570195247,0.32125901357459186,0.18650695483815116,1.051748330843071,0.038518300848896334,0.33263284173379953,0.9793465672009678,1.7028167048530156,-0.3855010482841923,-0.7932870122981286,-1.4490230197922553,-2.920934002798845,-1.0887588100156875
choque_A_tpu_ultimo,produccion,completa,3331,"Fabricación de maquinaria y equipo agropecuario, para la construcción y para la industria extractiva",0.519899184727109,0.06935837629721166,-1.0609290821919313,1.359292225305162,0.558,-0.6672952352135315,0.9336349249124672,0.0,-0.40184708402508174,0.9963470039339912,-2.040837905496497,1.2371437374463339,0.6566437362368208,90,78,True,-0.5384207914509309,-1.5771626444090006,-0.8878881242189952,0.599878400655331,0.012537108802157334,-1.343672887393936,0.5757996195697342,0.7831302486736509,-1.054806079094825,-1.0093072060227566,-1.4478888195086683,-4.42822618658428,-3.476050707512586
choque_A_tpu_ultimo,produccion,completa,3169,"Fabricación de otros productos de cuero, piel y materiales sucedáneos",0.6136094363212712,0.09965937863884373,-0.19607482394988848,1.3348340277099968,0.648,0.19755902302851122,0.8976528843454696,0.0,-0.4001845395561495,1.000207580578237,-2.0455260096073498,1.2451569304950505,0.6554591152102487,90,78,True,0.015017854462002428,0.05344423177759798,-0.4444304912737831,0.5194252196699745,-0.15349096279108534,-0.15522087907122323,-1.024513556057968,-0.17034123432321394,0.30207291159515276,0.04299336219370635,-0.5312202886820803,-0.5148058874734056,-0.4879029913742246
choque_A_tpu_ultimo,produccion,completa,3314,"Industrias de metales no ferrosos, excepto aluminio",0.4934732886739018,0.006965209188103637,-0.7247751560806864,1.3007773459528773,0.373,-0.33114130910228673,0.8461799589835842,0.0,-0.3962975942826895,0.9958159142465589,-2.034414773218279,1.2418195846528999,0.654671161190583,90,78,True,-0.6505627302254817,-1.0639743592726447,-0.7786508367227213,-1.2696921177042162,-0.4830899473042375,-0.3416229020087374,0.3461480896388798,0.2057682976684033,-0.6075210447488868,-1.388844644805007,-0.8842291975547777,-0.9323171712655361,-1.5734884647439606
choque_A_tpu_ultimo,produccion,completa,3366,Fabricación de embarcaciones,0.5822911532336551,0.042726088375579084,-0.33855499170676406,5.60640180585129,0.946,0.05507885527163564,5.5186719442175445,0.0,-0.39550886999344803,0.9989330521717529,-2.0387537408159817,1.2477360008290854,0.653922148042255,90,78,True,-7.587060662301312,1.842290965124119,3.4356465407927783,-0.1652274547616897,-1.936634259477186,-12.033848135343057,-4.269807482123551,-3.5726850019515095,5.560960466462237,3.63199653002182,4.69360483242167,1.5420078544217777,4.457540914525968
choque_A_tpu_ultimo,produccion,completa,3339,Fabricación de otra maquinaria y equipo para la industria en general,0.6417221502759753,0.05817408393586083,-0.32804271593359796,1.1774231374148083,0.721,0.06559113104480174,0.640565425043359,0.0,-0.3940332588924559,1.001881756210909,-2.0421287478594015,1.2540622300744895,0.6529485214907444,90,78,True,0.3889169275324564,-0.049377012286686436,0.4577793259630866,-0.29534546890436797,-0.6675397968903871,-0.2303173281104737,0.37287551690443715,0.738083723815267,0.5177731356899106,-1.0136724063219162,-1.3317508608006952,-2.022380177945829,-1.1296008857815751
choque_A_tpu_ultimo,produccion,completa,3346,Fabricación y reproducción de medios magnéticos y ópticos,0.6054992436078728,0.0,-1.266725054027448,1.7335386894212919,0.415,-0.8730912070490482,1.4244841897900231,0.0,-0.3894831742856099,1.0002508893086666,-2.0348958871983664,1.2559295386271465,0.6515044948686578,90,78,True,0.18770176678706052,-0.9424626698882752,-1.7358736675730486,-0.11142848081264217,1.2747662428249489,-1.7539603158763826,-1.8530518568266363,-0.2656939418733933,-3.88921202222413,-2.034399738115629,0.7285938454170766,-1.7584468368300605,-4.313958027365712
choque_A_tpu_ultimo,produccion,completa,3334,"Fabricación de equipo de aire acondicionado, calefacción, y de refrigeración industrial y comercial",0.8482017522901368,0.11367478899586249,-0.5601523803648478,1.2040151416719789,0.634,-0.16651853338644812,0.6882232781711497,0.0,-0.3891111232732912,1.0171238619528804,-2.0622798761857797,1.284057629639197,0.6489770630199417,90,78,True,0.698546831965216,0.8574350692006081,-0.40594794426091285,-0.7712723200769194,-0.7669417664918903,0.5633373921575026,0.3565120668557544,0.12059429873630381,-0.9381476086328885,-2.2233362314305087,-1.1351679595466284,-2.301267769832927,-1.3363250033857315
choque_A_tpu_ultimo,produccion,completa,3369,Fabricación de otro equipo de transporte,0.6740711386128929,0.017177780878001966,1.7170568031718518,2.4286630089711676,0.515,2.1106906501502514,2.2186488749656026,0.0,-0.38770837944383485,1.0039910788598616,-2.0392737041683073,1.2638569452806374,0.6503135617450326,90,78,True,1.7932884385697943,2.2829440358800843,2.929394674823463,3.2117199232837583,1.727962920279159,4.08322739444174,3.395714059796786,-2.536214777527338,-0.19794682123935467,-1.4797166160113733,2.5506519816895956,2.879838125178082,1.6808751020696762
choque_A_tpu_ultimo,produccion,completa,3361,Fabricación de automóviles y camiones,0.6801529750236635,0.005320890179200327,-4.060424428062122,4.096245958304575,0.399,-3.6667905810837222,3.9753276305441565,0.0,-0.3860555151104946,1.004434371145065,-2.0383500556441265,1.2662390254231373,0.6496409026567785,90,78,True,-6.429245792425223,-1.1809595083300384,1.469620579780668,-0.3687404551833165,-6.008945373315721,-3.801817285781553,4.347903277939005,7.172398111114889,-6.41226205108349,-3.0019048958301804,-12.979545412098966,-19.598871493039518,-5.993147266554141
choque_A_tpu_ultimo,produccion,completa,3391,"Fabricación de equipo no electrónico y material desechable de uso médico, dental y para laboratorio, y artículos oftálmicos",0.7835186733412709,0.04630745160306291,2.6896697929424187,2.0315785769663885,0.199,3.0833036399208185,1.7751930412296082,0.0,-0.38506699716243215,1.0117293857646312,-2.0493618367452506,1.2792278424203862,0.6482509837119449,90,78,True,2.0755035597304827,4.477902596291015,2.4374970046461177,3.152384211554408,3.842340858168234,5.35414906429916,0.5165292860049345,1.508650043991597,1.956042584719271,2.0981032001149833,4.091520862783644,3.8323457418742746,-0.3772617059266791
choque_A_tpu_ultimo,produccion,completa,3365,Fabricación de equipo ferroviario,0.8018618332294466,0.036159697120880414,0.24272924914955596,2.9870772026105175,0.949,0.6363630961279556,2.8189765933041593,0.0,-0.3829445127027828,1.0133066834567237,-2.0498340069890935,1.2839449815835278,0.647253393488507,90,78,True,-2.8315425353139583,-3.440843945480529,2.0282038044669304,-1.8043316891818948,-2.4449243599770307,-1.788141611588256,-2.3820038247865916,0.711496920129465,4.132050660962899,3.7723199676789396,4.611033133643106,2.000820272087263,0.5913434463038849
choque_A_tpu_ultimo,produccion,completa,3345,"Fabricación de instrumentos de medición, control, navegación, y equipo médico electrónico",0.9203173609236356,0.08650546749963084,-0.32362767666159464,1.6468458964792143,0.826,0.07000617031680506,1.3176115611179477,0.0,-0.3821889783337431,1.0243912379625761,-2.067312564782181,1.3029346081146946,0.6454588522041357,90,78,True,0.5193667365797812,0.34240353501198895,1.4059994019422946,0.0232048805064792,-0.5804247007652242,0.33517980384549295,1.3876629100725206,-0.051153521479952724,0.5135714942843548,-1.3874943131707296,-2.546521913543305,-3.3038422767472984,-0.8651118331371324
choque_A_tpu_ultimo,produccion,completa,3117,Preparación y envasado de pescados y mariscos,0.7478643561015712,0.0,0.22631374350099068,1.6691533707312807,0.759,0.6199475904793904,1.3453890865711842,0.0,-0.3818125406454214,1.009158066466418,-2.041877559982679,1.2782524786918361,0.6474138084546306,90,78,True,1.2965515818177051,0.6458016130189137,-0.5261408758431017,-0.6176545709421204,-0.10762913277617873,0.38879368924094965,1.301259552687878,0.599874313783996,-0.6437600391329047,-0.8307870310605909,1.2012668636936414,1.5958270582338163,-1.361324357209125
choque_A_tpu_ultimo,produccion,completa,3341,Fabricación de computadoras y equipo periférico,0.7847307234340066,1.5964343991395392e-06,-0.9510043511779066,2.545764122361061,0.642,-0.557370504199507,2.3462552687084224,0.0,-0.37982635884052374,1.0120598613555516,-2.0446648307704063,1.2850121130893586,0.6462814245211371,90,78,True,0.16609070101139284,0.303973825796162,0.9458413806248879,0.5657736794787117,-1.7712347284353946,-2.7569587796461783,-1.7333587013283334,-0.970973149572005,-0.16283808379234518,-1.528449909107135,-2.221298988990121,-2.0033592168793737,-1.196264594473054
choque_A_tpu_ultimo,produccion,completa,3342,Fabricación de equipo de comunicación,0.895054776922478,0.01288857306848177,1.1144411796562959,1.7347989861269664,0.572,1.5080750266346956,1.426017651191036,0.0,-0.375322399344319,1.0221066112008768,-2.0566877747697614,1.3060429760811232,0.6432668505677677,90,78,True,-1.1027161579432039,-1.286234429808008,1.3323089321162689,0.9198137782111055,1.2585475494043075,3.161668118943829,3.323493347629985,1.313220051824655,1.0744324976558508,2.424475347878677,0.6086225884929641,0.2613082901898196,1.198795420935594
choque_A_tpu_ultimo,produccion,completa,3364,Fabricación de equipo aeroespacial,0.9896704181454756,0.014151309535923225,2.364944515058273,3.4685692191729105,0.468,2.7585783620366726,3.3249016898902473,0.0,-0.3703656363060015,1.032445932535716,-2.0687391953272547,1.3280079227152515,0.6401001202113252,90,78,True,-2.16870564832276,-1.3456401929764692,1.1244701915596835,6.56240824177895,1.1190892736739957,2.8243543344299735,3.5921881056425935,2.216258954371393,2.73749349851876,4.40141957372109,1.7637684718059397,1.0115614090114893,6.905612482542913
choque_A_tpu_ultimo,produccion,sin pandemia,3311,Industria básica del hierro y del acero,0.279574215702268,10.234472970162127,-1.1189702085176243,2.6657651576248176,0.688,-1.0093187232300675,2.660621819778757,0.0,-1.205604022333664,1.3302477495130285,-3.3938615702825956,0.9826535256152678,0.8176115540899085,73,49,True,1.8631406233661267,0.11469262277715411,-0.41958028290844473,0.17466244655000607,1.458250042715281,1.192043458286746,-3.5047916922765108,-0.38799531924706476,2.353584166106761,-0.8468263883963321,-5.953410072222507,-5.070492965865936,-5.519889349614396
choque_A_tpu_ultimo,produccion,sin pandemia,3312,Fabricación de productos de hierro y acero,0.0669975578374552,6.615743671162022,-0.5855304021762444,1.3626794951115222,0.677,-0.4758789168886876,1.3525901074138271,0.0,-0.7917866998030182,0.8719989528535845,-2.2262249772471647,0.6426515776411285,0.8180644186476289,73,49,True,0.03746730463352844,0.2134166232417845,-1.5848229060475778,-1.6681197922164839,-1.0282369539992209,-1.325837684332846,-1.2865257386343056,0.46781297630172464,1.740677133351064,-0.006270861100263517,-0.8687758236131542,-2.183476644836837,-0.1192028610385887
choque_A_tpu_ultimo,produccion,sin pandemia,3313,Industria básica del aluminio,0.2650002880058719,3.4239119691147217,0.339928946031426,1.166153480276658,0.785,0.4495804313189828,1.1543476650635704,0.0,-0.4801675942709504,0.4591812782655748,-1.235520797017821,0.27518560847592016,0.8521510893967348,73,49,True,-0.7993996710290066,0.14502412997649863,-1.2175257101463968,-0.5399577632613297,0.5458615129335687,1.1583397902569676,0.5519528439231645,1.6279758724640607,2.9330737371292015,0.2827611382676241,0.7083996000433512,0.04029497066293089,-1.017724152812096
choque_A_tpu_ultimo,produccion,sin pandemia,3141,"Confección de alfombras, blancos y similares",0.5072465584471345,1.2182657542027042,0.07532605055669582,0.7487136000880891,0.908,0.1849775358442526,0.7301894598206841,0.0,-0.2794276186696575,0.22790930597023146,-0.6543384269906882,0.09548318965137326,0.889909586374142,73,49,True,-0.2684627001982654,0.40305994101573267,0.6570708501113993,1.1604541574725613,0.6045589161472643,0.782194970487197,-0.31757043888321296,-0.9906601451204801,-1.5981874343451041,-0.44104028933239103,0.20677467207665984,0.45502781097523665,0.32601834683044845
choque_A_tpu_ultimo,produccion,sin pandemia,3159,Confección de accesorios de vestir y otras prendas de vestir no clasificados en otra parte,0.6664841032423205,0.9146421435264246,-0.2409159922048427,0.9568858857135308,0.819,-0.13126450691728592,0.9424623019273098,0.0,-0.2692263894150505,0.2276916222546325,-0.643779108023921,0.10532632919381996,0.8814798111324176,73,49,True,-0.15269477960731223,-0.33216882439010564,-0.885637174487372,0.2516640171924026,0.40689307511232004,-2.6109441879265423,-0.3832726268938381,1.9528210307692422,0.3063540025340252,-1.2104060493295075,-1.2255130634633637,-0.3882979261116703,1.1392946079387674
choque_A_tpu_ultimo,produccion,sin pandemia,3353,Fabricación de equipo de generación y distribución de energía eléctrica,0.8989208694711824,0.45389419359827005,-0.6782371388705845,0.8173413159493638,0.423,-0.5685856535830277,0.8004070333487788,0.0,-0.25247132953518203,0.2606531263427574,-0.6812457223690179,0.17630306329865386,0.8336301943312032,73,49,True,0.2645802268658818,-0.4400423524155442,-0.986883164974284,0.5883928541005904,0.22592369054468442,-1.752077589371097,-0.9701874052161182,1.0285636333443107,-0.5164123589375134,-2.371810324651707,-1.6058974776265433,-1.1771857440299387,-1.1040467929503188
choque_A_tpu_ultimo,produccion,sin pandemia,3351,Fabricación de accesorios de iluminación,0.831395116765869,0.5101170356130816,1.2377139828398973,1.9179050290067825,0.515,1.347365468127454,1.910749667686969,0.0,-0.24909300237142595,0.24653393018506292,-0.6546413175258545,0.15645531278300256,0.8438434154838279,73,49,True,1.2736466401684678,3.8840720602151437,5.995716308470615,6.913166649322551,-1.8913520425914976,0.9303123194844032,0.15698429990799742,1.8906287809722324,1.6156684459766677,-0.7603637073311629,-1.9839438938746405,-2.915818553523561,0.981564469721449
choque_A_tpu_ultimo,produccion,sin pandemia,3325,Fabricación de herrajes y cerraduras,0.8134327973740351,0.4498475651046204,-0.7749502615141629,0.7760861984648253,0.303,-0.6652987762266062,0.7582310859651822,0.0,-0.24020392340132224,0.24245037337621525,-0.6390347876051963,0.15862694080255185,0.839092353708067,73,49,True,0.11170137758587584,-0.39486983251159513,0.14894888496099296,0.3501789707604853,-1.1008044441651983,-0.3155618945347897,0.03354760059025682,-1.2209510361432263,-2.011768531650673,-1.0238714237814992,-1.4701342678758456,-0.8650981041078273,-2.3156706988110765
choque_A_tpu_ultimo,produccion,sin pandemia,3152,Confección de prendas de vestir,0.4259861529321015,0.9248468204807683,-0.5414146698783555,0.5448643551669513,0.319,-0.4317631845907987,0.5191163239658845,0.0,-0.23700846857856595,0.20420992067170848,-0.5729337880835264,0.09891685092639452,0.8771001226068376,73,49,True,-0.5464148241087448,-0.5569443651394071,-1.305396426150055,-0.8316944436378891,-1.051009647946935,-1.10339593836895,0.7928454407576877,0.032040463341647535,-0.34450396527698307,-1.1717788741808561,-0.19709269577837862,-0.8327374461582162,0.07769201422845781
choque_A_tpu_ultimo,produccion,sin pandemia,3336,"Fabricación de motores de combustión interna, turbinas y transmisiones",0.8385248456652771,0.34629757144673917,1.2187805229861157,1.2803405183042968,0.364,1.3284320082736725,1.269596957734253,0.0,-0.23267934179670485,0.2475921125800529,-0.6399683669908919,0.17460968339748217,0.826331916296271,73,49,True,-0.014831780656241373,2.990083603961929,1.0865327095733608,2.4026480355932476,1.0470304492430023,1.483880686109739,-1.7701899205203895,-1.0957049645585832,1.0775826339835113,2.8594491192925924,3.032244768042027,2.8391996781048356,-0.09377821934952742
choque_A_tpu_ultimo,produccion,sin pandemia,3335,Fabricación de maquinaria y equipo para la industria metalmecánica,0.6052735791408839,0.6140783535938158,2.1927871133614127,1.811642910050474,0.214,2.3024385986489695,1.8040661367623154,0.0,-0.2288246284480114,0.2086018723515926,-0.5719747084663812,0.11432545157035842,0.8636671224532986,73,49,True,1.590670698826202,-0.6016191762884278,-1.8041913952439381,1.3669685623624956,4.372659154613184,5.436667850692476,8.018208470141202,2.764444113674119,-0.5210247599741565,0.18736209488307964,3.437677461281965,3.5628274468029333,0.6955819519272403
choque_A_tpu_ultimo,produccion,sin pandemia,3333,Fabricación de maquinaria y equipo para el comercio y los servicios,0.8664849575372038,0.26580327730216874,-0.6019037119725854,1.5111017267145366,0.699,-0.4922522266850286,1.502009660673329,0.0,-0.22800088064939156,0.2541079948279169,-0.6460085321413149,0.19000677084253176,0.8152098405826408,73,49,True,-0.5281751625689772,-0.14024560663465296,-1.4301263520628367,-3.0592110362097538,-0.4585240557875818,0.7984647824388689,0.570124169137072,-0.8845302522540354,-4.1796517518607486,0.17048489546332238,1.3858994751449023,-0.09117004388096887,0.021912683431779347
choque_A_tpu_ultimo,produccion,sin pandemia,3252,"Fabricación de resinas y hules sintéticos, y fibras químicas",0.3119319594154858,0.9457986711094967,-0.7914889908337629,0.546588651002002,0.157,-0.6818375055462061,0.5209258543022642,0.0,-0.22344083897155576,0.2028459501919398,-0.5571224270372968,0.11024074909418519,0.8646669075154252,73,49,True,-0.31469709836778526,-0.6519794020177234,-1.1474916124088437,-0.49940427075598415,-0.7113743141442718,-1.7521829461720773,-1.5273521427762642,-0.9226856908556699,0.4050712285686394,0.5644415531918757,-0.5332565337241377,-1.4240416713245119,-1.7744039800521634
choque_A_tpu_ultimo,produccion,sin pandemia,3359,Fabricación de otros equipos y accesorios eléctricos,0.7464127593691879,0.35377894678325833,0.17383442024445717,0.9006647590439985,0.845,0.28348590553201397,0.8853257030382317,0.0,-0.22071921089947255,0.22901103030118808,-0.5974423557449269,0.15600393394598183,0.8324251229243469,73,49,True,0.9680519301628274,0.3740317517286885,0.1674229220417659,1.06248755292885,0.6095556017579438,0.5011323977466517,0.526134708497191,0.0071698110035706315,-0.48540597620557846,-0.08749538719854333,-1.008879339600842,0.3903442481263239,-0.7647027578109058
choque_A_tpu_ultimo,produccion,sin pandemia,3329,Fabricación de otros productos metálicos,0.6293046757254936,0.5034107843425879,-0.3873300995304194,0.6368692707946284,0.545,-0.2776786142428626,0.6149854147529331,0.0,-0.22039710688383524,0.2099059256565816,-0.5656923545889119,0.12489814082124145,0.8531364369027336,73,49,True,-0.6616410214982356,-1.7013383937955902,-1.002513271011669,-0.9149119473605937,-0.5776328075866876,-0.2635962131104977,0.8604772259543383,0.23464260922834132,-0.9868696908367598,-0.18061446020162047,0.7078406154797222,0.2852001702159055,-0.834334109372106
choque_A_tpu_ultimo,produccion,sin pandemia,3364,Fabricación de equipo aeroespacial,0.9896704181454756,0.014151309535923225,1.9690763199631325,3.50278265927024,0.587,2.0787278052506895,3.4988699533364556,0.0,-0.21832793494709957,0.2868780516635711,-0.6902423299336741,0.25358646003947494,0.7766857672355788,73,49,True,-0.9511751257796597,-0.30273578165941645,1.9556520194585005,8.667953670133056,1.951341952764425,3.7976312546688575,3.175701678807309,-0.2955270980479919,0.7227557065144092,3.0150937187982776,1.898107590399133,0.9777077458538475,0.9854848276099705
choque_A_tpu_ultimo,produccion,sin pandemia,3345,"Fabricación de instrumentos de medición, control, navegación, y equipo médico electrónico",0.9203173609236356,0.08650546749963084,0.5796743275973245,1.3440983787430185,0.666,0.6893258128848813,1.3338684507911438,0.0,-0.21641004983509646,0.2689272807225841,-0.6587954266237473,0.2259753269535544,0.7895081693782368,73,49,True,0.18561716866385292,0.31389703780333883,1.2110645392001704,0.12995225775420247,0.3812346021323576,1.1620721825291316,1.1552663205335159,-0.30454111529606753,1.3069961520494575,1.420908855449388,-0.38769033065607533,-0.46185647935817953,1.4228450679601248
choque_A_tpu_ultimo,produccion,sin pandemia,3334,"Fabricación de equipo de aire acondicionado, calefacción, y de refrigeración industrial y comercial",0.8482017522901368,0.11367478899586249,-0.37764011221483623,0.832082774112021,0.631,-0.2679886269272794,0.8154546800713772,0.0,-0.20931009577278153,0.25229354864356063,-0.6243329832914388,0.2057127917458757,0.7966257698770955,73,49,True,0.23438131486236805,0.520428498434826,-0.5846972317971048,-1.0023981424477753,-0.9735451985844629,0.8508435661556316,0.7390425555744109,0.2245074227674456,-1.73578405418535,-1.9897745419833701,0.9558149439151308,-0.3522272139790107,-1.795913377525611
choque_A_tpu_ultimo,produccion,sin pandemia,3342,Fabricación de equipo de comunicación,0.895054776922478,0.01288857306848177,1.0614083671237697,2.024830890851436,0.617,1.1710598524113265,2.0180546892546234,0.0,-0.20509233533988713,0.2649276657171935,-0.6408983454446704,0.23071367476489618,0.7805773724515168,73,49,True,-1.1485900946965242,-1.836607191474329,0.9550863598396617,0.06267018265375521,1.53967705142072,4.428387611186962,2.863131792834725,-0.7452889733509183,0.24858718955573317,2.1435325025609906,1.1118805835856027,2.972246269516614,1.2035954889760074
choque_A_tpu_ultimo,produccion,sin pandemia,3149,"Fabricación de otros productos textiles, excepto prendas de vestir",0.3944218335152466,0.6202783960190488,-0.5885741537407994,0.44028285588162486,0.131,-0.47892266845324255,0.4079872368832573,0.0,-0.20028645867493075,0.18883107929248458,-0.5109135841110679,0.11034066676120638,0.8555788444586298,73,49,True,-0.18975857883012284,-0.7041266798973543,-0.37258855229124965,-0.4881268381256426,-0.002204331108344365,-0.3415169609477413,-0.7233402091133385,-0.8724487505407389,-0.19680207989854442,-0.674754738979888,-0.7400524604554737,-0.8927648168259328,-1.4529790016160196
choque_A_tpu_ultimo,produccion,sin pandemia,3332,"Fabricación de maquinaria y equipo para las industrias manufactureras, excepto la metalmecánica",0.6992566972513394,0.19177087548725835,0.5698545778658247,1.4447466078659765,0.672,0.6795060631533815,1.435234250293868,0.0,-0.19698097802188264,0.22126876687492522,-0.5609680995311346,0.16700614348736936,0.813329872448808,73,49,True,1.3060548070086542,2.57513758603406,-0.3559844807721449,-0.49265872495745966,-0.5892323391011975,1.5506615053395243,0.8835421489170434,1.7061324620982123,-2.129423956960077,-0.07249401085351344,1.1353903508819527,1.6666248156852796,0.22435934893538806
choque_A_tpu_ultimo,produccion,sin pandemia,3365,Fabricación de equipo ferroviario,0.8018618332294466,0.036159697120880414,-1.0395621411133305,2.2836645100848822,0.661,-0.9299106558257737,2.277658487767115,0.0,-0.1946597260719622,0.24415630248012013,-0.5962968436517598,0.20697739150783545,0.7873543437372326,73,49,True,-2.363362780099374,-3.158908777921085,1.6275913933337611,-2.8894374951922543,-3.879064496272238,-4.207537435425747,-6.054867230558773,-1.8467697825518696,1.6773055203761096,1.033025480034891,2.235396232065213,3.407049326426216,0.9052722113118552
choque_A_tpu_ultimo,produccion,sin pandemia,3391,"Fabricación de equipo no electrónico y material desechable de uso médico, dental y para laboratorio, y artículos oftálmicos",0.7835186733412709,0.04630745160306291,1.3906986077681331,1.9052334210887525,0.474,1.50035009305569,1.8980302898294081,0.0,-0.19319763557761468,0.24014402995814046,-0.5882345648587558,0.2018392937035264,0.7894479849796964,73,49,True,2.7054387158813697,3.889332935890367,1.2018171595052742,2.3832191419710282,3.0306899209479887,3.9876696893503967,-1.7796887407084645,-0.21913748812785297,-2.388944355213008,-0.6047425375841389,7.220629501965928,2.4910186472743767,-3.8382206901675313
choque_A_tpu_ultimo,produccion,sin pandemia,3399,Otras industrias manufactureras,0.618987370047973,0.23749558020146458,-0.16820688643534046,0.3879927808621102,0.653,-0.05855540114778367,0.3509173553380751,0.0,-0.1907229291609998,0.20729270120824045,-0.5317194226485553,0.15027356432655575,0.8212308177845082,73,49,True,-0.27098812634308966,-0.4513933934214349,-0.5701168462405195,-0.7194030037135553,0.5375048200735226,0.10783507467729639,0.6422356352501186,0.7162830722495499,-0.4533758719604338,-0.9891292946372162,0.36244315317046427,-0.16607561076384975,-0.9325091320002791
choque_A_tpu_ultimo,produccion,sin pandemia,3341,Fabricación de computadoras y equipo periférico,0.7847307234340066,1.5964343991395392e-06,-0.47044054338440755,1.3514414280419138,0.732,-0.36078905809685075,1.3412675071380513,0.0,-0.18844685683531182,0.24155950084289607,-0.5858122357218758,0.20891852205125222,0.78234165481917,73,49,True,-0.6134286623519613,0.06218080045216841,0.4699019772008966,0.7116223503066863,-0.8741334726878799,-1.8980390788277124,-1.8723911386204342,-1.035167267293733,-0.26594210164751836,-1.287085080685814,-2.346373761535353,0.2990641723097882,2.534064199383569
choque_A_tpu_ultimo,produccion,sin pandemia,3379,"Fabricación de colchones, persianas y cortineros",0.3523025337449802,0.5315470058345413,0.11398399823509267,1.170358736098523,0.919,0.22363548352264945,1.158595772233995,0.0,-0.1850291239190619,0.1845149722939946,-0.48855625334268304,0.11849800550455925,0.8420180589490993,73,49,True,1.6963633966098397,1.475960385181366,-0.045917331958824956,0.3290723541178119,1.7131654180489155,1.6485930469075185,-0.6728149253158369,-0.5268556634335865,-0.9024864321882956,0.08722650081315439,-0.6845758035710262,-1.8672205032696325,-0.768718464885198
choque_A_tpu_ultimo,produccion,sin pandemia,3117,Preparación y envasado de pescados y mariscos,0.7478643561015712,0.0,-0.08542929103939911,0.8557897867406216,0.918,0.024222194248157677,0.8396313187142996,0.0,-0.18334178431414322,0.23420223262258716,-0.5686044569782991,0.20192088835001265,0.7831380939629584,73,49,True,1.090591648617408,0.5135544534175489,-1.10445224133211,-1.1393266646143017,-0.2901572532224944,0.24322819561856984,1.1339980759964576,0.8393867145441192,-1.8656322782077746,-0.32241094796264913,0.9568726207237253,1.6948744609464106,-2.8611075680370983
choque_A_tpu_ultimo,produccion,sin pandemia,3363,Fabricación de partes para vehículos automotores,0.5296068171162411,0.23933342280456002,-0.48810804842142014,0.48889201233798424,0.359,-0.37845656313386333,0.46002172992614065,0.0,-0.17854157842542154,0.1948589489466275,-0.4990845494426238,0.1420013925917807,0.8202348873665176,73,49,True,-0.20189198214434098,-0.35425857058837096,-0.4767806142628825,-0.2585727013797392,-0.9141688307207013,-0.4396235399567268,-0.06741885368806166,-0.088585380398012,-0.7185446217089443,-0.8411094548677661,-0.5925115901983025,-0.4092099425142889,-0.9827285470503249
choque_A_tpu_ultimo,produccion,sin pandemia,3169,"Fabricación de otros productos de cuero, piel y materiales sucedáneos",0.6136094363212712,0.09965937863884373,0.23661598048303592,0.458351468785385,0.58,0.3462674657705927,0.42742328108571154,0.0,-0.1753372711200068,0.2082077584536039,-0.5178390337761852,0.16716449153617163,0.8001414255775794,73,49,True,0.2506809545981363,0.23620883093834472,-0.5869644036137507,0.841568567987083,-0.05933124120556134,-0.22386852963074227,-0.3786369934452962,0.11393509217587368,1.400002834897021,0.1208334703929676,-0.8136443591841895,0.6323185350058619,1.5429049873637186
choque_A_tpu_ultimo,produccion,sin pandemia,3122,Industria del tabaco,0.1071479040489181,0.7594394974604725,0.9274977740895749,1.1282099489683055,0.386,1.0371492593771316,1.1160028141664435,0.0,-0.17528920874640685,0.20247268854749245,-0.508356781407032,0.15777836391421823,0.8066843022590786,73,49,True,1.3593687827463405,-2.6659712753468163,-0.8024840794190011,0.9288933289215259,-0.7573899066164843,-1.2030069701416657,6.223690856596589,2.380993618733721,-1.8044554801809431,2.1331872726797267,3.5973925088376197,2.5475959402182,0.11965646613566314
choque_A_tpu_ultimo,produccion,sin pandemia,3369,Fabricación de otro equipo de transporte,0.6740711386128929,0.017177780878001966,3.296099809155996,3.119918882787019,0.303,3.4057512944435526,3.1155253854602685,0.0,-0.17494822868179347,0.22005069856490347,-0.5369316278210596,0.18703517045747273,0.7867037213178149,73,49,True,3.6917922129509737,4.167192907691442,3.3706845404694445,3.330399257328984,1.5542257944415627,5.575145925814976,5.69540974985723,-1.4388088568698336,2.454843755343793,0.9970847312662989,1.6734718204100323,7.538664070472047,4.239191609850989
choque_A_tpu_ultimo,produccion,sin pandemia,3339,Fabricación de otra maquinaria y equipo para la industria en general,0.6417221502759753,0.05817408393586083,-0.4447285539122779,0.7557612115470322,0.542,-0.3350770686247211,0.7374141313776089,0.0,-0.174823480096593,0.2135620188622134,-0.5261330011249341,0.17648604093174808,0.7934948197351928,73,49,True,0.3185602611248531,0.07510775402536399,0.3498809496297119,-0.7614415585084753,-0.9394728956845455,-0.5567233179780213,-0.4663121324140873,0.5680403041459106,0.0332765118271476,-1.4285355538747262,-1.139697268392063,-1.1485519495386791,-0.6856023052220025
choque_A_tpu_ultimo,produccion,sin pandemia,3361,Fabricación de automóviles y camiones,0.6801529750236635,0.005320890179200327,-0.5637954922699804,0.9331651495146599,0.579,-0.4541440069824236,0.9183690916756035,0.0,-0.17453094344470044,0.221429843404257,-0.5387830358447032,0.18972114895530234,0.7847100573515731,73,49,True,-1.1589593988868225,0.2823983213637156,-0.7811120170792847,-1.8789376356494671,-1.6501528733425432,-1.6045576019394345,1.1074988117785507,1.7560675637984,0.6699069197264658,-0.9477486545814716,-0.8259606126364103,-1.2404880752706018,-1.057296146790841
choque_A_tpu_ultimo,produccion,sin pandemia,3261,Fabricación de productos de plástico,0.2303591490643638,0.524248422355608,-0.17429603006319716,0.3643876533672739,0.633,-0.06464454477564037,0.32462740827426134,0.0,-0.16736831084328563,0.1846267202558461,-0.4710792656641524,0.13634264397758117,0.8176703692697851,73,49,True,-0.41242004997619935,-0.2809182129872418,-0.18883492273374908,-0.36681176257287795,-0.32470123417836644,-0.1478460506278017,-0.4289733037772897,-0.11030661237720733,0.2512103911547814,0.368306507998008,0.37633981077259676,-0.3389879959440144,-0.6619049555722015
choque_A_tpu_ultimo,produccion,sin pandemia,3212,Fabricación de laminados y aglutinados de madera,0.0775332943220637,0.706229815707303,-0.26830256889135407,0.8411020702689992,0.74,-0.15865108360379726,0.8246558584568183,0.0,-0.1655365231032912,0.20284121481475018,-0.49921032147355526,0.16813727526697286,0.7927754374995801,73,49,True,0.4947232842923888,-0.1437227775696794,-0.5792187996359921,-1.2016581013567602,-0.7791775439628289,0.5158756321273197,1.1523330048433726,-0.11700258772001867,-0.9983645807083762,1.4395866189744886,-0.34952426754716426,-0.7478587247297647,-2.1739245525945874
choque_A_tpu_ultimo,produccion,sin pandemia,3366,Fabricación de embarcaciones,0.5822911532336551,0.042726088375579084,-8.119564675505075,6.290714607151287,0.2,-8.009913190217517,6.288536782185735,0.0,-0.16495315502503594,0.20465306093887425,-0.5016074402694841,0.1717011302194122,0.7898825028148622,73,49,True,-13.582702845284524,-4.894207547366877,-2.909085210042267,-3.88618820004965,-3.2620540125529147,-10.77580837198048,-6.416955582850685,-15.83368104124166,-12.12686104978586,-4.01026637574347,-7.418193299206156,-13.257292615660198,-7.1810446298012085
choque_A_tpu_ultimo,produccion,sin pandemia,3346,Fabricación y reproducción de medios magnéticos y ópticos,0.6054992436078728,0.0,-0.4118132304306575,1.8741551053530092,0.824,-0.3021617451431007,1.8668320629336492,0.0,-0.16362842129479893,0.2091757776756341,-0.507722575571217,0.18046573298161916,0.7829671073488291,73,49,True,0.8388485359943857,-0.7426428247472463,-1.4187856435692532,1.054852113945659,2.601425921441024,-0.7118818655942533,0.5109746220582438,-1.1351474881442567,-5.086513032097955,-2.3661311113483494,5.23275554328049,1.43375688664007,-5.565083653457106
choque_A_tpu_ultimo,produccion,sin pandemia,3344,Fabricación de componentes electrónicos,0.4744887481943934,0.16122574159735625,-0.2078239287338096,0.985831803998991,0.856,-0.0981724434462528,0.9718379175831021,0.0,-0.16261274936110814,0.18934206749854093,-0.474080450396208,0.1488549516739917,0.8047829911259436,73,49,True,-1.5323669799227866,-0.8143533973963325,-0.5685425921361086,-0.15265847942722768,0.08126008645001137,0.3206410452078377,0.5270147893886633,0.2580239518381656,0.0478480137588934,-0.7016768863752831,0.18250606055225602,0.6744966209074826,-1.0239033063850962
choque_A_tpu_ultimo,produccion,sin pandemia,3253,"Fabricación de fertilizantes, pesticidas y otros agroquímicos",0.1679807884786191,0.549472772838495,0.20848365114782874,2.59079616312301,0.946,0.31813513643538555,2.585503693892017,0.0,-0.1614100830382562,0.18854476835183245,-0.4715662269770206,0.14874606090050818,0.8040242288637933,73,49,True,2.018686572301065,1.1943070619525453,0.5291752120650851,-1.1755216606025176,-2.3239844975721065,0.26961352348350076,2.012177821257359,0.9721171367742731,-0.11616249260104725,0.19797106199405357,-0.16424290894726384,0.2007524803270939,-0.9046018455102673
choque_A_tpu_ultimo,produccion,sin pandemia,3322,Fabricación de herramientas de mano sin motor y utensilios de cocina metálicos,0.4783144421423179,0.12768954532932958,-0.6434207679829319,0.9230920283502738,0.425,-0.5337692826953752,0.9081318654689847,0.0,-0.15958027734908065,0.19013323849367342,-0.4723494546711734,0.1531888999730121,0.7993516480137847,73,49,True,0.009716084886058298,-0.8059345006671433,-1.3430758130493152,-1.6465610581098105,-1.1918567076443158,-0.3774757197802485,0.46052389334561267,-0.002808889406175223,-0.8008072622448933,-0.8432207983114856,-0.24447916533770808,-0.0442255088436422,-1.5342645386150482
choque_A_tpu_ultimo,produccion,sin pandemia,3362,Fabricación de carrocerías y remolques,0.4826387565231524,0.11902321441005292,-0.1194393864654805,1.3686843835163038,0.934,-0.009787901177923705,1.3586395894267767,0.0,-0.1592585287545535,0.19070192246310116,-0.4729631912063549,0.15444613369724788,0.7981742464608447,73,49,True,1.0854677454089865,0.7085065503452573,0.29543918682827913,-0.7213279690385338,-0.5792444298374528,-0.008406522896662268,1.007592767377291,-0.9199276537403727,1.0642371039873708,1.1455715070331942,0.2180521175105855,-1.645311036986082,-3.203361390043108
choque_A_tpu_ultimo,produccion,sin pandemia,3133,Acabado de productos textiles y fabricación de telas recubiertas,0.3062290364360683,0.3483594395688712,-0.24366974287345386,0.5525993137538219,0.677,-0.13401825758589708,0.5272291663380833,0.0,-0.15919110653220106,0.1799544778373726,-0.455216222574679,0.13683400951027683,0.8118188566821877,73,49,True,-0.11425772340711672,-0.4626523006718882,0.0669334814693325,0.6231629478120891,0.16519599011720493,-1.1213969782441642,-0.639688123098762,-0.21921242590735432,-0.642916087822876,0.28417963195396273,0.17439580590407305,-1.1413219219279853,-0.1401289535314161
choque_A_tpu_ultimo,produccion,sin pandemia,3331,"Fabricación de maquinaria y equipo agropecuario, para la construcción y para la industria extractiva",0.519899184727109,0.06935837629721166,-0.44302608826213197,0.7564255908106673,0.581,-0.33337460297457516,0.7380950255283004,0.0,-0.15914259415956467,0.1957547162944001,-0.48115910246385285,0.16287391414472352,0.7918821985643456,73,49,True,-0.09422928351882245,-0.9378324773502552,-0.006465739128526734,0.6981071395973925,-0.3102183533464156,-1.5030716645007307,-0.5416089962236353,0.0412659327446467,-2.14563130248835,-0.29758422495844433,1.7847876722266958,-0.8024361009664126,-1.6444217494948576
choque_A_tpu_ultimo,produccion,sin pandemia,3262,Fabricación de productos de hule,0.4171737487232005,0.17319420214525957,0.20016479529379352,0.5377160735811556,0.72,0.3098162805813503,0.5116084128157884,0.0,-0.15594760575531433,0.18427642415821627,-0.4590823234955801,0.14718711198495146,0.8012989245787892,73,49,True,0.10932449257356497,0.23674297390584845,0.4080843231055645,-0.0566641065031672,-0.468303099542031,-0.24244328036764728,0.5352577943712312,0.8105077187110444,0.10561648842383267,0.028866379779067,0.9020128894926047,0.6243549259528284,-0.39121516108342513
choque_A_tpu_ultimo,produccion,sin pandemia,3314,"Industrias de metales no ferrosos, excepto aluminio",0.4934732886739018,0.006965209188103637,-1.460693357538274,0.9710063845528698,0.127,-1.3510418722507171,0.9567956893291226,0.0,-0.1488559805780902,0.1940609033679965,-0.4680861666184445,0.17037420546226403,0.778476502685775,73,49,True,-1.0609191461719099,-1.8629371178462313,-1.381459009025119,-1.7497008891420005,-1.1637551452527426,-1.9182619794188136,-1.0403960538137296,-1.1970658423124767,-0.6468590473173765,-2.763605200545175,-1.1073705052831677,-0.9459680696880537,-2.150715642180761
choque_A_tpu_ultimo,produccion,sin pandemia,3321,Fabricación de productos metálicos forjados y troquelados,0.4526204884780047,0.03826066742265268,0.12382224576692322,0.6587648140520733,0.877,0.23347373105448,0.6376328665536448,0.0,-0.14652328066556874,0.18918277260750355,-0.45772894160491207,0.16468238027377458,0.7806843270669442,73,49,True,0.5265310102202354,0.7308874746595266,-0.5422772744135715,0.2105480359307622,-0.23743629852964204,0.9797170926987878,1.221432442748857,1.2199695935480732,-0.374705361436055,-0.7655855946474022,-1.1827531810793368,-0.3831495225825229,0.2065107778522896
choque_A_tpu_ultimo,produccion,sin pandemia,3151,Fabricación de prendas de vestir de tejido de punto,0.3365154443339868,0.18378899573785,-0.28307397662017025,1.1524828697582987,0.838,-0.17342249133261345,1.140535557254871,0.0,-0.14590419289231393,0.17998317990547058,-0.441976523836813,0.15016813805218515,0.7912179742190559,73,49,True,-0.26364119625477533,-0.8198499532239757,0.2854095926947429,0.839035603082554,1.6449593910200948,0.5504544569044649,0.4456846182500279,-2.352271861271334,-1.0574939887541508,-0.29545501309859595,-0.7234340955537613,-2.3743466504457813,0.4409874005882771
choque_A_tpu_ultimo,produccion,sin pandemia,3327,Maquinado de piezas y fabricación de tornillos,0.1233232283296124,0.4326418816534467,-0.2533604007849714,0.6931032810532916,0.72,-0.1437089154974146,0.6730503328007449,0.0,-0.14281654280357642,0.1884620112575761,-0.4528365513222891,0.16720346571513628,0.7757146875315262,73,49,True,0.08827682271967222,-0.01467262995681828,-0.6167747722872906,-0.6728138150256268,-0.26098376520130057,-0.509178232034021,-0.6978413662433699,-0.7674177555323538,0.26279423407502367,-0.31911941069314353,-0.81906493919851,-0.019978612111518336,1.0530890312846286
choque_A_tpu_ultimo,produccion,sin pandemia,3352,Fabricación de aparatos eléctricos de uso doméstico,0.3900028883753999,0.07493595431888583,0.2245783452117717,1.2177076719688473,0.881,0.3342298304993285,1.2064064682552664,0.0,-0.14174824469494873,0.18364527666608402,-0.44384472481065695,0.1603482354207595,0.7799010045129802,73,49,True,0.22063947178222812,-0.43533586042628825,1.557724124868871,1.7617243845117216,0.8231092244369763,-0.06671285688344927,-1.5980027477745864,-0.5655836934218218,1.6473176296907557,1.197675122551144,-1.7989886957072896,-0.675801368017658,0.851753752142429
choque_A_tpu_ultimo,produccion,sin pandemia,3132,Fabricación de telas,0.1336042055792961,0.37885838528697496,0.5822111902196556,0.8365965823014456,0.503,0.6918626755072124,0.8200600184101252,0.0,-0.13852726691730238,0.18643520010199338,-0.4452131710850815,0.16815863725047675,0.771268761011338,73,49,True,0.41416323342827754,0.5993799906420167,0.30301142922386015,0.2049254128512959,0.21068696053210828,0.08375134791848249,0.6118322378088167,0.9311598767421797,0.8103752687500831,0.590296889013288,0.8866403380365696,0.9976575764949567,0.9248649114135883
choque_A_tpu_ultimo,produccion,sin pandemia,3326,"Fabricación de alambre, productos de alambre y resortes",0.3138914060002775,0.11398215213683333,0.020533965350916308,0.6332377245427024,0.968,0.1301854506384731,0.6112238608401793,0.0,-0.13535654296055966,0.1799147774798093,-0.43131635191484596,0.16060326599372665,0.7740757871218673,73,49,True,1.1867618566062899,0.606624084544959,-0.4847721928804173,-0.467359249453651,-0.05838641907094796,1.0108630065047897,0.14393321026661535,0.5928541109796077,-0.7355989945383661,-1.3609077663507718,-0.23013686904543737,-0.19472566316787726,0.2577924351671192
choque_A_tpu_ultimo,produccion,sin pandemia,3272,Fabricación de vidrio y productos de vidrio,0.272472982882299,0.15198381360749708,-0.24947962438230903,0.5394593402805659,0.645,-0.13982813909475222,0.5134403296316903,0.0,-0.13365785445909484,0.17917337753249535,-0.4283980605000497,0.16108235158186002,0.7721570457862452,73,49,True,-0.3907364001929231,-0.8239465130688653,-0.44903563031183674,0.6112395422478039,0.31508052956592864,-0.08315566975370446,-0.7027286285982771,0.33387268844482737,0.2932415093760586,0.3925902540817901,-0.12737651923137228,-0.7907690865833993,-1.821511192946048
choque_A_tpu_ultimo,produccion,sin pandemia,3259,Fabricación de otros productos químicos,0.3514735701280596,0.037375188977905587,0.28379424126542174,1.731200201730005,0.866,0.39344572655297855,1.723269778864112,0.0,-0.1324233644709478,0.18228048912649522,-0.4322747690840324,0.16742804014213683,0.766228112637685,73,49,True,0.7978424442689879,2.5462403838165506,1.304063944889305,-0.7091917691389388,-0.04253987703806235,-0.3788744394087657,-0.4984537830856595,1.379794602093598,1.0310560361816565,0.4615012400570696,0.232615889520803,-0.7163064815425488,-1.718423054163512
choque_A_tpu_ultimo,produccion,sin pandemia,3271,Fabricación de productos a base de arcillas y minerales refractarios,0.3488287256548686,0.03778046576634959,0.16081673125749643,0.6969631660043037,0.857,0.2704682165450532,0.6770245542394293,0.0,-0.13210018016758757,0.18215983726653986,-0.43175311247104564,0.1675527521358705,0.7658317359138429,73,49,True,0.6539247980778524,-0.7350424273864681,-0.5061616927017357,-0.8675015318311777,0.5813185334441338,0.023599928130366984,0.529731917195782,-0.019120014123570287,0.37077658567708016,0.26299967464718255,0.8132578078316873,0.15239755717805023,0.8304363702082698
choque_A_tpu_ultimo,produccion,sin pandemia,3371,"Fabricación de muebles, excepto de oficina y estantería",0.3642278188643361,0.004901686321007664,-0.32829186579517927,0.49431897490368304,0.501,-0.21864038050762247,0.4657851878561441,0.0,-0.13074011297883814,0.1835500712172581,-0.4326799801312277,0.17119975417355143,0.7618560984692193,73,49,True,-0.9855264066317769,-0.8319265308962376,-1.2031307395411104,-0.04917662030571997,0.679897064394024,-0.4446877912127858,-1.6403591945664386,-0.18038159443563148,0.6206475720798595,0.046056936291502204,-0.7897160243082167,-0.17826646453645925,0.6887755383316598
choque_A_tpu_ultimo,produccion,sin pandemia,3161,Curtido y acabado de cuero y piel,0.262669438610518,0.10967177111390917,-0.7919155737844269,0.8143489994998901,0.367,-0.6822640884968701,0.7973511680952299,0.0,-0.12780596438915154,0.17952901298040572,-0.42313119074191896,0.16751926196361588,0.761735372688399,73,49,True,-0.6157572674676742,-1.127381800358672,-1.8161705058163415,-0.1535034480427178,-0.24489432689559715,-1.7028344305857022,-0.6605515026813554,-0.6605614662499899,0.42206157561392854,-0.6463504312340287,-0.9358740818179483,-1.400085048898929,-0.7529997247625226
choque_A_tpu_ultimo,produccion,sin pandemia,3251,Fabricación de productos químicos básicos,0.135778270214786,0.24687503499913044,2.0856190651798587,1.6489131283949578,0.215,2.1952705504674155,1.6405849862989734,0.0,-0.1248090279457547,0.18448768017007847,-0.4282912618255338,0.17867320593402436,0.7506437305712415,73,49,True,-0.40276209971529087,0.1994411181744785,1.0531886773984722,1.3557749955697906,2.7020920250173512,3.945302314201208,2.336453426839845,1.7604391595766555,1.8871121710384515,3.250023152039714,4.199665630982122,3.5938297713276404,1.232487504887724
choque_A_tpu_ultimo,produccion,sin pandemia,3114,"Conservación de frutas, verduras, guisos y otros alimentos preparados",0.3156513149608729,0.011841552492554095,0.5799535133606366,0.5874566334744101,0.318,0.6896049986481934,0.5636575986265445,0.0,-0.12475085517592335,0.18154562335763502,-0.423393405599233,0.17389169524738626,0.7540089847219232,73,49,True,0.7126336726298387,0.17570577625062742,0.8315419254140535,0.16543895844404313,0.39016294910061344,0.1723791924141927,0.2878027764137601,0.5860479483090166,0.8155107501182359,1.634753903491835,1.0410479603547378,0.7427005307531799,-0.016330670005856182
choque_A_tpu_ultimo,produccion,sin pandemia,3222,Fabricación de productos de cartón y papel,0.1574973850413846,0.21291333042696917,0.5075238513526251,0.5584228496393622,0.381,0.6171753366401819,0.5333297959759056,0.0,-0.12420906867629396,0.18281462882195643,-0.42493913308841225,0.17652099573582436,0.751566107942611,73,49,True,0.11211854893595301,0.26327941905206165,0.44112522169108886,0.4321189761779337,0.5233478657792864,0.539149612022143,0.8360225544663454,0.5176277948003276,0.9900115327689776,0.9558413519834317,0.46921821335517316,0.48634986120309737,0.031599115348307935
choque_A_tpu_ultimo,produccion,sin pandemia,3162,Fabricación de calzado,0.1604241815757467,0.208928615610855,0.005581384479465034,0.7644228808302991,0.996,0.11523286976702182,0.7462887732059548,0.0,-0.12419108679992326,0.1826203011061731,-0.424601482119578,0.1762193085197315,0.7517638607459152,73,49,True,0.2287901103195243,-0.44663859403192413,-0.5012069877173263,-0.4663544048180761,-0.7556463499618156,-0.4932692937621366,1.0329463775910164,0.25873565714105956,-0.11058642104924363,-0.22792975372744798,0.315324900617245,0.575867103876411,0.6625256537557593
choque_A_tpu_ultimo,produccion,sin pandemia,3324,"Fabricación de calderas, tanques y envases metálicos",0.2575554192946691,0.07360055114277667,-0.8021154030934088,0.7955243099080415,0.286,-0.692463917805852,0.7781153641530419,0.0,-0.12326633571018997,0.17996326140299085,-0.4193059007181099,0.17277322929772998,0.7533131398324016,73,49,True,0.18238126110415653,-0.7461297430449272,0.3788969425209568,0.6600604610884986,0.31096489032089125,-1.1560851948997788,-1.1851431002136925,-1.3500093807323592,-2.2911126602858425,-1.9058869679807398,-2.0890544539373157,-0.8261611545494352,-0.4102211396047266
choque_A_tpu_ultimo,produccion,sin pandemia,3219,Fabricación de otros productos de madera,0.1827036170504173,0.16703782379480125,-0.8142735302131219,0.639157327169517,0.199,-0.7046220449255651,0.6173545829997833,0.0,-0.12282648706761724,0.18136579561424673,-0.4211732208530531,0.17552024671781863,0.7508702080110337,73,49,True,0.036284993186924276,-0.4424817874578958,0.20525414353331803,-0.5853755114881702,-0.6801509219832245,-0.7099701350640211,-0.6306997155865537,-0.4922307972246866,-1.1484336078308173,-1.7246082085887997,-1.5504215864649629,-0.897847385671126,-1.9648753721305718
choque_A_tpu_ultimo,produccion,sin pandemia,3315,Moldeo por fundición de piezas metálicas,0.0974402319506194,0.2715351086932004,-0.5637198005078693,1.584464567533135,0.721,-0.4540683152203125,1.5757958491011201,0.0,-0.12211973717086486,0.18791935613919572,-0.43124707801984186,0.18700760367811212,0.7421060315447868,73,49,True,-0.5450508773583171,-1.2494916241321008,0.7314758170965511,-0.6231123386827601,-0.3644843441221765,0.11595434002590656,0.7921983326357752,0.39111529402788864,3.2985069031208036,-0.43670964561142595,-2.418982337875312,-5.068483311644051,-1.951293614083082
choque_A_tpu_ultimo,produccion,sin pandemia,3279,Fabricación de otros productos a base de minerales no metálicos,0.2243733059375072,0.09096728123609459,0.27893662802631847,0.6109902894302276,0.665,0.38858811331387527,0.5881443071682227,0.0,-0.12051628866513825,0.18028310943906642,-0.4170820036924025,0.176049426362126,0.7480875028500004,73,49,True,-0.025987301887032303,-0.2205417714809973,0.13001609511267423,0.3665440873013828,-0.30414399540843223,-0.1612360668562076,-0.046260392992670214,-0.09529579989173179,0.592017144672825,0.9268449136542252,0.6729440709767518,0.7984424671441075,0.9928327139972453
choque_A_tpu_ultimo,produccion,sin pandemia,3256,"Fabricación de jabones, limpiadores y preparaciones de tocador",0.2434658656862863,0.0355111400392335,-0.06268787595987743,0.5383019284365096,0.897,0.04696360932767936,0.5122241291025058,0.0,-0.11726948820953746,0.18065088584857697,-0.4144401954304466,0.17990121901137163,0.7418792254433855,73,49,True,0.3673089404212771,0.17523426169292017,-0.3346833549241229,-0.29056918143263966,-0.3698986611368581,-0.39518493707418734,0.12920617153856,0.6049940560588322,0.9481542331886558,0.37076510659975614,-1.1067376269020768,-0.7933429599476287,-0.12018843556089456
choque_A_tpu_ultimo,produccion,sin pandemia,3131,"Preparación e hilado de fibras textiles, y fabricación de hilos",0.2001267979454507,0.0774387648863754,-0.23547055815732262,0.8811801165486207,0.792,-0.12581907286976585,0.8654958059268666,0.0,-0.11572186332239563,0.181169101122635,-0.41374503466913026,0.18230130802433897,0.7385073895412835,73,49,True,-0.2839491008630024,-0.2991781080274133,-0.5743099971925497,-0.7059176810326443,-1.3367269238295014,-0.8110314005362116,1.4763224750139894,-0.004833976511384191,-0.9410578912826086,0.05701050605791755,0.08555091398604671,0.17557579574775709,0.10142813242441083
choque_A_tpu_ultimo,produccion,sin pandemia,3323,Fabricación de estructuras metálicas y productos de herrería,0.2249299265714363,0.042986145911046665,-0.18265469673761753,0.578549676582453,0.748,-0.07300321145006074,0.5543683978637458,0.0,-0.11549680390142962,0.180866757722637,-0.4130226203551675,0.18202901255230824,0.7384499410148146,73,49,True,0.12234351437425306,0.31549101895394444,0.3937348322767712,0.05421159322112324,0.647610229891463,0.2731194690608034,-0.44637832779277403,-0.8408648420905305,-1.924254621725738,-1.040072172507043,0.2864303953250119,0.3844439947421231,-0.6003261413184362
choque_A_tpu_ultimo,produccion,sin pandemia,3121,Industria de las bebidas,0.2419442465750293,0.00012329106015767006,0.0029454772774821234,0.3837910209018006,0.995,0.11259696256503891,0.3462659960221358,0.0,-0.1132998885745893,0.18129520990325773,-0.41153050886544823,0.18493073171626967,0.7339970618969787,73,49,True,0.11839378166186162,0.2918758173749325,0.41949265629824445,-0.16667912232423732,0.09780106317685455,0.31982766489273207,-0.1953024725073023,-0.14458043934440043,-0.312984265050194,-0.3770183624575875,0.2722691378413802,0.017250441884153166,-0.30205469683916947
choque_A_tpu_ultimo,produccion,sin pandemia,3328,Recubrimientos y terminados metálicos,0.1588822707072484,,-0.8958921044517846,0.9086048682589455,0.322,-0.7862406191642278,0.8934021484752603,0.0,-0.11290274862197879,0.1829035911394448,-0.4137791560463655,0.1879736588024079,0.7314750076996739,73,49,False,1.2805246959605294,-0.6934166864353367,-2.0118963773885845,-1.5432384817124285,0.37944991227093583,-0.25922308866515476,-0.2660394449955169,-1.885040256208708,-1.18014590373058,-1.512350894754536,-1.3009469500974207,-0.017424614642944543,-2.6368492674734565
choque_A_tpu_ultimo,produccion,sin pandemia,3255,"Fabricación de pinturas, recubrimientos y adhesivos",0.0704773870608603,0.2102982954347221,-0.9367375397613601,0.5895374456370859,0.099,-0.8270860544738033,0.5658259379744406,0.0,-0.11188160003996556,0.19007317910414304,-0.42455197966628083,0.20078877958634972,0.7219431730820797,73,49,True,-0.45568538995686464,-0.6643980519255533,-0.5837942467511124,-0.9398971399520978,-2.582882893683234,-1.724920269928762,-1.3761766801588609,-0.45208646533306746,0.49690643308039073,0.45232018645816024,-1.1455293587464348,-1.9656126865121109,-1.2358314534881332
choque_A_tpu_ultimo,produccion,sin pandemia,3372,Fabricación de muebles de oficina y estantería,0.2214380514733216,0.0,-0.09419224210359013,0.8169165631405366,0.92,0.015459243183966659,0.7999732891851463,0.0,-0.11044729026084797,0.18166457015811932,-0.40928550817095427,0.1883909276492583,0.7283975585483697,73,49,True,0.48175109811555106,-0.5464462256313286,-0.3920489972130418,-0.5672836208782989,-0.032612786433055575,0.3085818339111741,1.0390159665449772,-0.1220271852856139,-0.3239297894713255,-0.8252276081291967,-0.7712172579654786,0.34120999314344624,0.18573543194551934
choque_A_tpu_ultimo,produccion,sin pandemia,3113,"Elaboración de azúcares, chocolates, dulces y similares",0.2016423568218791,0.005446138950690162,-0.6493679262344643,1.098542798752893,0.568,-0.5397164409469075,1.086002243537367,0.0,-0.10828466060337318,0.18212932838295787,-0.4078874057933389,0.19131808458659255,0.723927236005397,73,49,True,-0.10120859479070929,-2.5827186220667886,-4.113359589565959,-1.4769839119539803,-0.8338664443446888,0.39171355012118597,1.6528022987509925,0.66984682511026,-0.08691765796682786,1.3791006234499366,0.42860024195949936,-0.9246440528246238,-2.844147706926333
choque_A_tpu_ultimo,produccion,sin pandemia,3254,Fabricación de productos farmacéuticos,0.1290966945098601,0.009184281116309617,-0.17992184012746174,0.8669261478326791,0.834,-0.07027035483990494,0.8509791642997868,0.0,-0.09863629494514532,0.18584679602722481,-0.40435427440993016,0.20708168451963954,0.7022004557852422,73,49,True,0.16573572789312851,0.07998748848167446,-0.3468662518695323,0.537483930586404,-0.5838770975161152,0.29612096738824883,0.011567166026209977,-0.6080913839660468,-0.830368176313594,0.797498898643946,-0.8377625496760771,-0.7596138018505588,-0.2607988394846905
choque_A_tpu_ultimo,produccion,sin pandemia,3119,Otras industrias alimentarias,0.1089707298904361,0.0323275826493142,-0.45469020218005896,0.3130891071452722,0.115,-0.34503871689250215,0.2657618883312262,0.0,-0.09830772676900501,0.18705734855416184,-0.40601706514060126,0.20940161160259124,0.700399059602286,73,49,True,-0.10821295082745251,-0.2821747225073655,-0.5000153493705215,-0.3492664690720601,-0.3984308524891651,-0.5003099945543081,-0.690325538451605,-0.4851639057278586,0.27004371945158956,-0.23367906012898026,-0.7745477164576123,-0.684195693206281,-1.1746940949991462
choque_A_tpu_ultimo,produccion,sin pandemia,3274,"Fabricación de cal, yeso y productos de yeso",0.1199075903205221,0.0,0.12789152993297906,0.3787015510535898,0.677,0.23754301522053584,0.34061629004900823,0.0,-0.09638832031260898,0.18664689897125586,-0.40342246912032487,0.21064582849510693,0.6972196907666116,73,49,True,0.5870269519161587,0.18275925566674242,0.4342786509927503,-0.386198297361267,0.35518896702197267,-0.10241730645247675,-0.07144745714935054,0.03657238026412042,0.1552340079351599,-0.08165985815692953,0.007417278395226149,0.7385301949693418,-0.1926948789127209
choque_A_tpu_ultimo,produccion,sin pandemia,3231,Impresión e industrias conexas,0.1024504665734745,2.5074260643867242e-05,-0.023551399269740633,0.46866697072691904,0.956,0.08610008601781616,0.4384670132708984,0.0,-0.09397368769759219,0.18801467762295135,-0.40325783238734714,0.21531045699216278,0.6913994453402409,73,49,True,0.5110619082000205,1.5249304348951946,0.734854396660158,1.3697669667392065,-0.350366503063873,-0.0398334634252788,-0.6628155386587194,-0.6009036070750131,-1.5455404028598243,-0.10450168996337053,-0.9411353419482708,-0.9701814717490644,0.768496121742207
choque_A_tpu_ultimo,produccion,sin pandemia,3241,Fabricación de productos derivados del petróleo y del carbón,0.0588949583065286,0.029050875130591527,0.07182685091623885,1.7219709995532773,0.966,0.18147833620379564,1.71399787502169,0.0,-0.09102565934898764,0.19170385485752933,-0.4063785005896234,0.22432718189164808,0.6825439141794647,73,49,True,-0.013677889340086525,-0.9098838382376975,-1.0761131104014214,-0.44420827897420095,-0.4913057148900099,0.6561258524331015,0.23953196200632143,0.7916799001580069,1.1341627668926637,-1.162948100540343,0.7611826346755463,0.8989744894166719,0.5502283887125525
choque_A_tpu_ultimo,produccion,sin pandemia,3112,Molienda de granos y de semillas y obtención de aceites y grasas,0.0609807080676099,0.015464642605078835,0.33164048324417233,0.6153516513547563,0.632,0.44129196853172914,0.59267381172225,0.0,-0.08987134330784959,0.19163977837140156,-0.40511877872880514,0.225376092113106,0.6804507981871841,73,49,True,-0.16964623625705144,0.15653399658282358,-0.30561901445006406,-0.09125733649035622,-0.214963497628125,-0.013598699194163181,0.7671694876372813,0.48289971052920944,0.6364189873381685,0.31649214074083026,0.9082044708539461,0.7766295673755261,1.062062705136215
choque_A_tpu_ultimo,produccion,sin pandemia,3221,"Fabricación de pulpa, papel y cartón",0.0619018679380005,0.001245006131624058,0.4793443632631437,0.6359003662868955,0.458,0.5889958485507005,0.6139819770320325,0.0,-0.08848848574423426,0.19172168709498652,-0.4038706610154871,0.22689368952701858,0.677796738609484,73,49,True,0.3316898856845891,0.22272447780254057,0.3234795617617124,0.11098206105250463,0.22896979758971697,-0.07167662353726825,0.4855492241120426,0.16568384631136818,0.3162577129568563,0.6223627608913577,1.727843417227566,1.4227840711121467,0.3448265294557358
choque_A_tpu_ultimo,produccion,sin pandemia,3115,Elaboración de productos lácteos,0.0498313429839448,0.009728495317546031,-0.5192292070403453,0.4594312307355184,0.221,-0.40957772175278845,0.42858097023959024,0.0,-0.08771819151093883,0.1928694254259769,-0.40498839633667083,0.22955201331479314,0.6753756299153613,73,49,True,-0.3262836525906089,-0.4172667158883609,-0.5784220136149028,-0.27897685437699965,-0.6642078490245933,-0.3150667692835784,-0.6168978428446042,-0.3717519135285388,-0.0697199094584847,-0.46317827675796347,-0.6239665726245027,-0.8309835910332917,-1.1932577304980576
choque_A_tpu_ultimo,produccion,sin pandemia,3116,"Matanza, empacado y procesamiento de carne de ganado, aves y otros animales comestibles",0.044361709007407,0.0005565343123640996,-0.14016441452095177,0.40367898226122206,0.703,-0.030512929233394978,0.36818651930212143,0.0,-0.08598656228354365,0.19356904232464495,-0.40440763690758463,0.2324345123404973,0.6715569676062796,73,49,True,0.5639889605316423,0.1628534188215745,-0.5775431925731539,-0.31345373227384427,-0.3822776487511864,-0.40840847323005025,-0.09301185610838411,0.35327191329343843,0.46507744176866256,-0.2528883847521548,-0.45910349920816035,-0.42846471985132545,-0.45217761643943116
choque_A_tpu_ultimo,produccion,sin pandemia,3118,Elaboración de productos de panadería y tortillas,0.043199849411286,0.00024549054628625414,0.22301109881859857,0.3077617640605246,0.353,0.33266258410615535,0.25946463283846877,0.0,-0.08579263995219041,0.19369937908037252,-0.4044281185394032,0.2328428386350224,0.6710869131574398,73,49,True,0.0034499390838048606,-0.13422415470447274,-0.02367665948035652,-0.2625454464300972,-0.026831945519885166,0.3405396781628699,0.3340017080813092,0.49781379474847387,0.8269784832957837,0.5232999799156668,0.1854704814395843,0.13466874357497832,0.5001996824741225
choque_A_tpu_ultimo,produccion,sin pandemia,3273,Fabricación de cemento y productos de concreto,0.0343074151008847,0.00012961613710545992,0.1399317987239652,0.5125949224903735,0.76,0.24958328401152197,0.4851372453638944,0.0,-0.08454899226783871,0.1946877847691027,-0.4048103982130127,0.23571241367733523,0.6679574020296998,73,49,True,-0.5860701409148555,-0.06829874334076723,0.059324068554493035,-0.5231915028795489,0.21502181570034898,-0.0633358692923175,-0.13472920069674157,0.0928109352664034,1.093405101450073,0.8241417556310635,0.556823877149341,0.028165072312014393,0.3250462144720413
choque_A_tpu_ultimo,produccion,sin pandemia,3111,Elaboración de alimentos para animales,0.02886946578166,0.0027127477990509046,0.06500191245218462,0.5006482856908909,0.904,0.17465339773974142,0.47249687643579547,0.0,-0.08407037737382533,0.1952773242608502,-0.4053015757829239,0.23716082103527325,0.6665905141803923,73,49,True,0.17386807799093348,-0.4269559077590207,-0.6261131935905457,-0.46331890490217964,-0.44082195955790165,-0.08991682502387936,0.37718721208969685,0.4022787148071513,0.9255022752114513,0.5167287055778639,-0.10757339210806538,0.09766232714742182,0.5064977319954738
choque_A_tpu_ultimo,produccion,sin pandemia,3211,Aserrado y conservación de la madera,0.0034917286527276,0.0,-0.9072035137829214,0.8345858858864277,0.273,-0.7975520284953647,0.8180086755023988,0.0,-0.0802681620654922,0.19836422905867784,-0.40657731886701726,0.24604099473603286,0.6571327422753905,73,49,True,-0.4848882858645319,-0.8741207347379893,-2.361016691093802,-2.5789948928103037,-1.7770909264475203,-1.300724438006188,-1.891300375384342,-0.10865512897501814,1.3037303273505256,-0.2887378250504043,-0.5470230737490627,-0.16859175989278302,-0.7162318745165601
choque_B_tpu_primero,empleo,completa,3364,Fabricación de equipo aeroespacial,0.9896704181454756,0.014151309535923225,1.3831441681990544,1.0229835845106294,0.192,1.3305186927801247,0.9899318697722019,0.0,-0.02777486806329859,0.28360528918700595,-0.4943055687759234,0.4387558326493262,0.539008023902821,90,78,True,-0.16320907483911976,0.3135220021884472,0.8560524502583186,0.9188183161047822,1.316855260631921,1.6787835937019422,1.7000335168830008,1.5814679972995502,2.0290856687914176,2.268461563912463,2.083894072693892,1.510183905084568,1.8869249138765234
choque_B_tpu_primero,empleo,completa,3343,Fabricación de equipo de audio y de video,0.9478363435009872,0.05955715398719757,-0.5821142044931129,0.5489883672138509,0.138,-0.6347396799120427,0.4846214192012173,0.0,-0.02443063234734457,0.28100362480892593,-0.4866815951580277,0.4378203304633386,0.5346406483951943,90,78,True,-0.23851291473876182,-0.22967693568104358,-0.27386361838601403,-0.45401034074251284,-0.458905932061098,-0.6058854572320337,-0.48983238503506976,-0.4004211832091013,-0.5728676736531477,-0.9704246941028551,-1.0377627456811787,-1.1127761162513472,-0.7225446616363042
choque_B_tpu_primero,empleo,completa,3345,"Fabricación de instrumentos de medición, control, navegación, y equipo médico electrónico",0.9203173609236356,0.08650546749963084,0.31959524978280157,0.46595375053833943,0.522,0.2669697743638718,0.38804972652125,0.0,-0.02222438446950111,0.2793731381760544,-0.4817931967691106,0.4373444278301084,0.5317027760911095,90,78,True,0.147164651904826,0.4403221304479019,0.6094297041631156,0.40730464282672824,0.4749327448922983,0.7746430343072204,0.49397461892850625,0.3883557957483639,0.35961162488138587,0.3642678685692451,0.12863090804383653,-0.10046751120434294,-0.3334319663326655
choque_B_tpu_primero,empleo,completa,3353,Fabricación de equipo de generación y distribución de energía eléctrica,0.8989208694711824,0.45389419359827005,-0.41549341816521934,0.49536912145004486,0.257,-0.4681188935841491,0.42291873817396786,0.0,-0.021264373127496787,0.27832287262082017,-0.47910549858874596,0.43657675233375237,0.5304502878856463,90,78,True,0.013064090504805734,-0.11287156116856135,-0.06683154680615118,-0.1501671009119298,-0.4138356391122066,-0.3611910162428223,-0.5309785833515084,-0.6984754519485702,-0.5978401239116077,-0.7271295710648743,-0.6043550998528047,-0.4954093093067972,-0.6553935229748221
choque_B_tpu_primero,empleo,completa,3342,Fabricación de equipo de comunicación,0.895054776922478,0.01288857306848177,0.5501019746051754,0.9724656158826505,0.565,0.49747649918624565,0.9376348258711888,0.0,-0.019984577115565262,0.2780254841978279,-0.4773364986209922,0.43736734438986163,0.5286514474429673,90,78,True,-0.10172106892700283,0.32999354461066804,0.5669132964748059,0.2173540202590263,0.5025851051673635,0.865688049525216,0.2838555582501521,0.4925794475897376,0.9493699634129028,0.5589242012973576,0.316008910921823,1.2609931842822466,0.9087814570029832
choque_B_tpu_primero,empleo,completa,3333,Fabricación de maquinaria y equipo para el comercio y los servicios,0.8664849575372038,0.26580327730216874,0.9514882815854765,1.0257619335201709,0.437,0.8988628061665467,0.992802718001674,0.0,-0.018184545570808057,0.27635916704436414,-0.4727953753587871,0.43642628421717095,0.526231633756999,90,78,True,0.35903906276393094,0.7998336085917919,1.1055005218225218,1.3382339440524953,1.8061826993055394,1.873310457572179,1.4224766433196463,0.8804223272276492,0.7016870992568833,0.541992648202739,0.5495687387200586,0.5835177122702931,0.40758219750546504
choque_B_tpu_primero,empleo,completa,3334,"Fabricación de equipo de aire acondicionado, calefacción, y de refrigeración industrial y comercial",0.8482017522901368,0.11367478899586249,-0.4988100949230714,0.5538072808407574,0.423,-0.5514355703420012,0.4900736647940852,0.0,-0.016348000199155187,0.27542463967327047,-0.4694215324616851,0.4367255320633748,0.5236655695200423,90,78,True,-0.1303620552165321,-0.27594500517403425,-0.18992575670409967,0.07775404290498589,0.12865793348829996,-0.19822037216577107,-0.24810573808273523,-0.6169486820381599,-0.43900849190563684,-0.6055978220487162,-1.028158737013139,-1.6751119919399624,-1.283558558104426
choque_B_tpu_primero,empleo,completa,3336,"Fabricación de motores de combustión interna, turbinas y transmisiones",0.8385248456652771,0.34629757144673917,0.20363192089117685,0.6422152910305767,0.77,0.15100644547224706,0.5881412862960399,0.0,-0.01605874377785472,0.2749506032168019,-0.46835248606949387,0.43623499851378444,0.5232873515471599,90,78,True,0.2792141906439228,0.3107120615886725,0.3870052881560547,0.4788695209041358,0.8773536179660033,0.5168070623896421,0.48074695578004706,0.24783297548792949,0.34854879680919076,0.02164274867075686,-0.1156389554155202,-0.4203379792656347,-0.7655413121299008
choque_B_tpu_primero,empleo,completa,3351,Fabricación de accesorios de iluminación,0.831395116765869,0.5101170356130816,0.033607232099619876,0.5205435300080508,0.954,-0.019018243319309902,0.45214517496675144,0.0,-0.01582911616879088,0.27482018605365544,-0.4679083222270541,0.4362500898894723,0.5229656120671737,90,78,True,-0.1837638179336637,-0.14687964133015738,-0.0887845423825521,-0.14220339262456566,0.2535709747270106,0.3190282212213671,0.6523324308073954,0.41396626755911103,0.1398522494467866,-0.05400490876247367,-0.23252850632869668,-0.3010770109803291,-0.19261430612417405
choque_B_tpu_primero,empleo,completa,3325,Fabricación de herrajes y cerraduras,0.8134327973740351,0.4498475651046204,-0.30536577930039377,0.5880774330744254,0.443,-0.3579912547193235,0.5284929137688388,0.0,-0.014219275659160431,0.27381950874782246,-0.46465236754932837,0.4362138162310075,0.5207075155831504,90,78,True,0.10407883751852491,-0.07328285811335954,-0.01659202452954547,0.04794620440514062,-0.19152965012984524,-0.23129169954414405,-0.22830082183971814,-0.3779455344825285,-0.3570380041020823,-0.7445951050791387,-0.6925517619066777,-0.6862694515060872,-0.5223832615956576
choque_B_tpu_primero,empleo,completa,3365,Fabricación de equipo ferroviario,0.8018618332294466,0.036159697120880414,0.9190138713490236,1.813852344213662,0.653,0.8663883959300938,1.7954191764660055,0.0,-0.012364879026927837,0.2732035948865611,-0.46178479261532085,0.43705503456146516,0.5180495044466833,90,78,True,0.3550259912781543,0.6938021712927075,0.7679798193554995,0.308668614596306,0.31239738203079886,-0.07784484517061196,0.4686582708993385,0.6875537167367234,0.8915731124342894,2.226998191938542,1.53811063047477,1.901278495601886,1.872978776068904
choque_B_tpu_primero,empleo,completa,3391,"Fabricación de equipo no electrónico y material desechable de uso médico, dental y para laboratorio, y artículos oftálmicos",0.7835186733412709,0.04630745160306291,-0.4592955993091386,0.4850668330978074,0.147,-0.5119210747280684,0.41080351165004425,0.0,-0.010877233644758351,0.27233314075651754,-0.4588652501892297,0.437110782899713,0.5159298824400745,90,78,True,-0.15501374910625024,-0.11551932914904811,-0.2079625130310396,-0.21338297996732494,-0.17138553981940402,-0.34327367342524673,-0.538496278966717,-0.5739519861948048,-0.5478160276244393,-0.798959283201426,-0.6557550053168586,-0.7894060225532986,-0.8599204026629448
choque_B_tpu_primero,empleo,completa,3341,Fabricación de computadoras y equipo periférico,0.7847307234340066,1.5964343991395392e-06,-0.1713149564463694,0.8398694758397425,0.842,-0.2239404318652992,0.7992811952371929,0.0,-0.010876026510402849,0.27245287873593116,-0.45906101203100963,0.4373089590102039,0.5159211191196464,90,78,True,0.8906374607843257,0.6728623627721884,0.27255107136625806,0.0010913527718526476,-0.49101412750523304,-0.6831308808893334,-0.8183319942742002,-0.6110298107967133,-0.9270815139983772,-0.6189299134761261,-0.35468744569334754,-0.1281390955613939,0.5681081006972973
choque_B_tpu_primero,empleo,completa,3359,Fabricación de otros equipos y accesorios eléctricos,0.7464127593691879,0.35377894678325833,-0.1279905428685505,0.5180476476082867,0.81,-0.18061601828748028,0.449269471258566,0.0,-0.008493579206948508,0.27061432616904973,-0.4536541457550353,0.43666698734113835,0.5125192618646676,90,78,True,0.11335623236552578,0.31915819487407804,0.40635597384125044,0.36920296525018864,-0.12055052849872548,0.08818332794068452,0.01248081467385531,-0.33202956943154494,-0.3104441798132742,-0.1925062929827204,-0.6377548840336557,-0.5900545071669243,-0.7892746043098938
choque_B_tpu_primero,empleo,completa,3117,Preparación y envasado de pescados y mariscos,0.7478643561015712,0.0,0.5019181291048114,0.7170727725096264,0.388,0.4492926536858816,0.6690762689612555,0.0,-0.00784165980219488,0.27081504276486074,-0.4533324051503908,0.43764908554600107,0.5115500694121669,90,78,True,0.037899823756663155,0.26467751936381356,-0.19679860713072453,-0.39415847093352185,0.09737755530752354,0.3462771826027512,0.5650381564379411,0.6412665836753978,0.8035158830652136,0.6889102636588911,1.34016883067069,1.220094466474617,1.110666491413292
choque_B_tpu_primero,empleo,completa,3332,"Fabricación de maquinaria y equipo para las industrias manufactureras, excepto la metalmecánica",0.6992566972513394,0.19177087548725835,-0.5696215979162195,0.4272200970639726,0.171,-0.6222470733351493,0.340568207482469,0.0,-0.004259051249421025,0.2686432034272436,-0.4461771208872368,0.4376590183883947,0.5063245390942777,90,78,True,-0.05120496353035437,-0.2967373437252163,-0.5837643347504068,-0.5662542927950582,-0.3915528936370964,-0.4373208810733334,-0.4671152880375437,-0.4853081551404382,-0.6626820594694198,-0.6547742037762078,-0.8050534293030693,-1.0022355857750551,-1.0010773418976529
choque_B_tpu_primero,empleo,completa,3159,Confección de accesorios de vestir y otras prendas de vestir no clasificados en otra parte,0.6664841032423205,0.9146421435264246,0.34977833329982655,0.4568878832655414,0.412,0.2971528578808968,0.37711567255596645,0.0,-0.003137816766625355,0.2689289220818604,-0.44552589359128575,0.4392502600580351,0.5046546848293498,90,78,True,0.11934159777347159,0.23489109436176536,0.3833802394564405,0.4218158335800867,0.5330973182468667,0.5648656586903165,0.8286273081441331,0.5196402484971332,0.3899313208848938,0.18928658158032302,0.12354117851015585,-0.02929163288109482,0.2679915860532542
choque_B_tpu_primero,empleo,completa,3361,Fabricación de automóviles y camiones,0.6801529750236635,0.005320890179200327,0.18451195604277906,0.41018817409848946,0.506,0.13188648062384928,0.31894204925460146,0.0,-0.0022801353256430706,0.26810899001155536,-0.4433194238946517,0.4387591532433655,0.5033927673267539,90,78,True,0.10715480731864829,0.04344856021357719,0.12724755331259952,0.19930100558513364,0.2895618846094116,0.06442741797266606,0.04350308895362985,0.2849812029109252,0.28909198035354156,0.06720978749755346,0.3345715368336296,0.34074243556087636,0.2074141674339353
choque_B_tpu_primero,empleo,completa,3369,Fabricación de otro equipo de transporte,0.6740711386128929,0.017177780878001966,-0.6279692319844987,0.8843235859068925,0.526,-0.6805947074034285,0.8458710878163983,0.0,-0.0018054104165871887,0.26786736537982375,-0.4424472264663972,0.4388364056332229,0.5026888273400711,90,78,True,-0.09230275664748032,-0.13359192045452342,0.044565189196341844,-0.09333155304384884,-0.17036632508143162,-0.5735656327537919,-0.35223164952544145,-0.5997947748647386,-0.4893128495980727,-0.9901707533922794,-1.1649506723311431,-1.99613844436867,-1.552407872933404
choque_B_tpu_primero,empleo,completa,3339,Fabricación de otra maquinaria y equipo para la industria en general,0.6417221502759753,0.05817408393586083,-0.20461470323494432,0.4152333068236133,0.558,-0.2572401786538741,0.3254049657091067,0.0,0.000767750264557554,0.2666794145305277,-0.4379198866381605,0.4394553871672756,0.49885147633624327,90,78,True,0.06954096585113177,0.050338576675366765,0.11471535418758247,-0.12409087584242763,-0.2244039590898719,0.11639711315500167,0.017446324804731305,-0.09856729378379973,-0.1270138006388495,-0.41804928775683314,-0.7778285484964319,-0.7373571083706862,-0.5211186027491905
choque_B_tpu_primero,empleo,completa,3329,Fabricación de otros productos metálicos,0.6293046757254936,0.5034107843425879,-0.11650142509873337,0.38390260091903944,0.775,-0.16912690051766316,0.284342926067935,0.0,0.000818981549184479,0.26634510387115584,-0.4373187143188669,0.4389566774172358,0.49877329882461785,90,78,True,0.019984823515562643,0.14277317371837545,0.18384934805742142,0.15665648509885127,0.20922523902088988,0.25575312154038365,0.09783769133509346,-0.0014210585422166258,-0.06326574019635181,-0.2661033772284777,-0.5035784191505028,-0.9001217752989044,-0.8461080381536581
choque_B_tpu_primero,empleo,completa,3399,Otras industrias manufactureras,0.618987370047973,0.23749558020146458,0.04849877299570251,0.4800415553013884,0.922,-0.004126702423227269,0.40485749027114204,0.0,0.0022479828056118298,0.26580524104659453,-0.4350016387160362,0.43949760432725987,0.49662608347169673,90,78,True,0.09894352306436438,0.23985952913667713,0.31659582352960663,0.45261006077162286,-0.20276090614786027,-0.14922951276622665,-0.15256687746359313,-0.13751819623928555,-0.06382283857107242,0.25052712148869194,-0.1746147654859017,-0.08052713621180167,0.2329882238389108
choque_B_tpu_primero,empleo,completa,3335,Fabricación de maquinaria y equipo para la industria metalmecánica,0.6052735791408839,0.6140783535938158,0.5358336567204086,0.7318671398606303,0.527,0.48320818130147886,0.6849081712319188,0.0,0.00255560633217404,0.2658104728841061,-0.4347026215621805,0.4398138342265286,0.4961644712489934,90,78,True,-0.1249469863314761,0.1554042103377429,0.04084118818864022,0.46163105223845047,0.3892991430986546,0.5108835534014369,0.9704650925239326,0.8287870932588719,0.6508977030242437,0.9996016623212021,0.8255180994887029,0.7867113827835932,0.4707443430313169
choque_B_tpu_primero,empleo,completa,3169,"Fabricación de otros productos de cuero, piel y materiales sucedáneos",0.6136094363212712,0.09965937863884373,0.14685406638480308,0.48205757212099143,0.722,0.0942285909658733,0.4072458660952334,0.0,0.0029911693301502285,0.26572429107173434,-0.4341252894828528,0.4401076281431532,0.4955093352278232,90,78,True,-0.46190624241710815,0.5313814415989233,0.14857455222535296,0.10687909206681431,-0.6473301761110231,0.24214804056608702,-0.31070133646371306,0.31650781940531797,0.13521589025280428,0.9050422782173334,0.13823728110650482,0.7451415030253794,0.05991271952976702
choque_B_tpu_primero,empleo,completa,3346,Fabricación y reproducción de medios magnéticos y ópticos,0.6054992436078728,0.0,0.46533831217565513,0.986543021908762,0.646,0.4127128367567254,0.9522272978072746,0.0,0.0038759976035752097,0.2656234952524138,-0.4330746520866455,0.4408266472937959,0.49417881144943265,90,78,True,-0.05546471328365856,0.9835021855660951,0.3726129655445037,0.012936523019379354,0.08127596664189997,0.015618864337440077,0.40077999366946543,0.7191026365339712,0.4959316185653102,-0.0390319054416031,0.9303955905094393,1.3158326351602834,0.8159056974609913
choque_B_tpu_primero,empleo,completa,3366,Fabricación de embarcaciones,0.5822911532336551,0.042726088375579084,0.05200852456666282,2.0835310017294444,0.984,-0.0006169508522669565,2.067503598009003,0.0,0.005693025915215678,0.26487980174342496,-0.4300342479527184,0.4414202997831498,0.4914262473842367,90,78,True,-0.5823486601416789,-0.03316861107653295,-1.4912787682656339,-1.7571700358631828,-1.39086860791176,-1.4590948373724917,-2.151436535510958,-0.7913739973954654,0.82661433688513,3.7989323200673892,3.6906357959383094,1.0589735011640116,0.957694918849481
choque_B_tpu_primero,empleo,completa,3311,Industria básica del hierro y del acero,0.279574215702268,10.234472970162127,-0.9586182891940539,1.3266724471542168,0.47,-1.0112437646129837,1.3013567822279293,0.0,0.008386214806774477,0.4991204973206302,-0.8126670032856622,0.8294394328992112,0.49329729340182527,90,78,True,-0.0937637837497656,-1.1553561616483847,-0.3414636715380381,0.48471120841274296,-0.7227579903407286,-0.5332825832817527,-0.8312758753770343,-1.171399578098399,-1.2206908946851458,0.16609813910686339,-2.2476644200824993,-2.5179659671209635,-2.277226181119597
choque_B_tpu_primero,empleo,completa,3141,"Confección de alfombras, blancos y similares",0.5072465584471345,1.2182657542027042,-0.2943323038688766,0.8177910086081778,0.757,-0.34695777928780636,0.7760488556610677,0.0,0.0093065262892352,0.26592224689117594,-0.4281355698467493,0.4467486224252196,0.48604099844078713,90,78,True,-0.24731156477340285,-0.14026433603534025,-0.3735684261279704,0.20147819142258952,-0.13095833057027134,0.23959281570345065,0.26242621908166325,-0.012865615994891793,-0.3932921019239357,-0.49534323560710125,-0.6703087082987377,-0.8897774413233089,-1.176127415848139
choque_B_tpu_primero,empleo,completa,3363,Fabricación de partes para vehículos automotores,0.5296068171162411,0.23933342280456002,-0.04978356677805665,0.44402302387141984,0.868,-0.10240904219698643,0.36142238217962014,0.0,0.009600628249634424,0.2633545206692335,-0.42361755825125463,0.4428188147505235,0.48545972047756963,90,78,True,0.0158426787526846,0.08706955272377064,0.09612593452526343,0.20974142106116542,0.17632806683031907,0.18232518460216862,0.09441973167715169,0.11121123366836767,-0.005647079510003046,-0.15810771317862662,-0.3669257957370108,-0.49105374982952954,-0.5985158337004576
choque_B_tpu_primero,empleo,completa,3331,"Fabricación de maquinaria y equipo agropecuario, para la construcción y para la industria extractiva",0.519899184727109,0.06935837629721166,-0.012727363661609821,0.6416164034505694,0.982,-0.0653528390805396,0.587487277980822,0.0,0.0107702566847869,0.2632811241720214,-0.4223271925781883,0.44386770594776204,0.48368469183505886,90,78,True,-0.10227875187789884,-0.4286273443525671,-0.027038531572260223,0.2856817748843754,0.2102631418038326,0.2426677105794582,0.12443949572299759,0.03477237005261578,-0.10136615200156823,0.15240669076323432,-0.32700809166563194,-0.2551580436105609,0.025790003673045667
choque_B_tpu_primero,empleo,completa,3314,"Industrias de metales no ferrosos, excepto aluminio",0.4934732886739018,0.006965209188103637,0.07233432808275359,0.3624066075799788,0.823,0.019708852663823807,0.25457462919564594,0.0,0.01308134012456122,0.26283908993253524,-0.41928896281445927,0.44545164306358165,0.48015308143262014,90,78,True,-0.047710349664698226,-0.14273415261138858,-0.07360694987072962,-0.11022907684043275,0.014183243697944643,0.10691853541257297,0.22607058708916694,0.28348353037232826,0.26277471279682796,0.29023966926456735,0.02230259346290236,0.07823641058193313,0.03041751138480215
choque_B_tpu_primero,empleo,completa,3362,Fabricación de carrocerías y remolques,0.4826387565231524,0.11902321441005292,0.45551038456422,1.050113767128016,0.718,0.40288490914529024,1.0179433267742684,0.0,0.013728762386466066,0.26245903469392334,-0.4180163496850378,0.44547387445797,0.4791415556938501,90,78,True,0.5299911599167885,0.79723623231884,1.0114370328312288,0.772960576674646,0.5242004995733189,0.5451350125269898,0.8029649678509413,0.8560473173352543,1.0201317047844412,1.2808059503403746,-0.22982696262375357,-1.049168633180881,-0.940279859013329
choque_B_tpu_primero,empleo,completa,3322,Fabricación de herramientas de mano sin motor y utensilios de cocina metálicos,0.4783144421423179,0.12768954532932958,-0.05063829940620282,0.6170600292472721,0.905,-0.1032637748251326,0.5605646905640028,0.0,0.014065787625740254,0.2623697378178696,-0.41753243108465526,0.44566400633613573,0.4786227229108052,90,78,True,-0.0496780564200136,-0.2732957614522596,0.030932375325091643,0.03864468830233105,-0.011023627647270643,0.23535887906847558,0.44051509281755424,0.2054858551333592,0.15594784892499694,-0.3920684503086589,-0.3100263446130607,-0.39528891351948575,-0.3338014778916964
choque_B_tpu_primero,empleo,completa,3344,Fabricación de componentes electrónicos,0.4744887481943934,0.16122574159735625,-0.1807077861421458,0.4660055395261221,0.703,-0.2333332615610756,0.3881119110276108,0.0,0.014307545457446745,0.26226736221410685,-0.41712226538475905,0.4457373562996525,0.4782471792964982,90,78,True,-0.03780671497217042,0.07821857578919159,-0.01776249207176946,0.07685598812661486,0.2286396074217252,0.07795337184399888,0.2938779104960382,-0.08681285699963011,-0.19179515491501178,-0.1752778459968464,-0.556474300344358,-0.9966080746552873,-1.0422092335703907
choque_B_tpu_primero,empleo,completa,3321,Fabricación de productos metálicos forjados y troquelados,0.4526204884780047,0.03826066742265268,0.2735000764506977,0.47130192063525617,0.624,0.2208746010317679,0.39445556531370324,0.0,0.016375576944727084,0.26206595198601207,-0.4147229140722628,0.44747406796171696,0.47508771706962405,90,78,True,0.19204019998540484,-0.006236627081495799,-0.18092872593184867,0.10450910096619391,-0.05428813684032017,-0.0613960917303477,0.14947518113764155,0.6466106325086126,0.6234467884204323,1.0180490854460185,0.971252856886207,0.20334063782730788,-0.050373907734737246
choque_B_tpu_primero,empleo,completa,3152,Confección de prendas de vestir,0.4259861529321015,0.9248468204807683,-0.30957660361866496,0.3662614508451877,0.235,-0.3622020790375947,0.26003296519421104,0.0,0.016634617703071557,0.26284206947898936,-0.41574058658986596,0.4490098219960091,0.474768784332472,90,78,True,-0.009654024176837011,-0.2867671245356322,-0.09043410375956351,-0.02659481914574991,0.04953624573137218,-0.34902076658882375,-0.2667053991833231,-0.15770616657025796,-0.3675828351136169,-0.4997284048902481,-0.7696053905348815,-0.6179973940993139,-0.6322356641757689
choque_B_tpu_primero,empleo,completa,3262,Fabricación de productos de hule,0.4171737487232005,0.17319420214525957,0.12974009849391344,0.3992135248656199,0.79,0.07711462307498365,0.30469842639584604,0.0,0.018998879397897163,0.26139214231826036,-0.4109911947156411,0.4489889535114355,0.47102901438557726,90,78,True,0.10101565365893121,0.29261165183249044,0.40402248090328047,0.49224529084279167,0.5579443662105168,0.33296766006175615,0.30711093426944713,0.1920562208181555,0.17491235838904587,0.04209835612781102,-0.24096008958318316,-0.3949966005356578,-0.5744070025745105
choque_B_tpu_primero,empleo,completa,3149,"Fabricación de otros productos textiles, excepto prendas de vestir",0.3944218335152466,0.6202783960190488,0.6365010172231057,0.5396969680004439,0.299,0.5838755418041759,0.4740701529113007,0.0,0.019896680006630592,0.2614351082189273,-0.4101640730135048,0.449957433026766,0.4696675360114686,90,78,True,0.1873937026097164,0.49401844803515516,0.3666228398585435,0.2872067141255261,0.11462141193591437,0.1142216597539113,0.8896045335984244,0.9230850037183719,1.3017229235979983,0.8519384526338316,0.6968623885958954,1.0197598405074606,1.0274553049296244
choque_B_tpu_primero,empleo,completa,3352,Fabricación de aparatos eléctricos de uso doméstico,0.3900028883753999,0.07493595431888583,-0.1894202735546554,0.47470448459408604,0.706,-0.2420457489735852,0.3985147930832791,0.0,0.021449480570309945,0.26121756376059657,-0.40825341181587144,0.4511523729564913,0.46727824091628406,90,78,True,-0.17477325085261453,0.04364092696259117,0.2640525668981259,0.07212975080116094,-0.06895414116483584,-0.37575664532074327,-0.359998825197984,-0.35931511218674006,-0.009046250816366596,-0.014728093790943671,-0.36381601530278457,-0.720665335215363,-0.3952331310240227
choque_B_tpu_primero,empleo,completa,3379,"Fabricación de colchones, persianas y cortineros",0.3523025337449802,0.5315470058345413,0.18309435713860905,0.5639658960715832,0.77,0.13046888171967927,0.5015248992266443,0.0,0.02355687084791382,0.2609038296543795,-0.40562992893354055,0.45274367062936816,0.4640285902734453,90,78,True,0.2696356274603447,0.648933354510045,0.8365832012148614,0.8873583564817658,0.6932398781797263,0.5093947316146278,0.431705681125869,0.45627502316449037,0.03194509474496773,-0.03239674925235607,-0.5382846879993247,-1.0180179257931863,-0.7961449426499136
choque_B_tpu_primero,empleo,completa,3371,"Fabricación de muebles, excepto de oficina y estantería",0.3642278188643361,0.004901686321007664,0.5179320983482997,0.44258184735677675,0.263,0.4653066229293699,0.35965036385663396,0.0,0.023723657387025872,0.2611367637204164,-0.4058463189330591,0.45329363370711084,0.46380682964241315,90,78,True,0.11783079991233704,0.4810722722835986,0.4447813728368854,0.5220172652183538,0.5582537774554944,0.7941590133659382,1.1655240666876006,0.8717252591720136,0.964189486408889,0.7053730167037106,-0.17750147095650035,-0.03593586813715334,0.321628287576729
choque_B_tpu_primero,empleo,completa,3313,Industria básica del aluminio,0.2650002880058719,3.4239119691147217,-0.0596143004081367,0.47472959792969066,0.917,-0.11223977582706648,0.3985447073578542,0.0,0.024435816864003028,0.29255608989213666,-0.4568189510085618,0.5056905847365678,0.4667169554755631,90,78,True,-0.2127025454161035,-0.23153162961749366,-0.6152940119759954,-0.0249731786039251,-0.20544633745197427,-0.19180959952456755,-0.383083414484688,-0.4507466423969977,0.16643551670489212,0.5647113243263335,0.08213168813853675,0.38660308149860395,0.3407198434976016
choque_B_tpu_primero,empleo,completa,3259,Fabricación de otros productos químicos,0.3514735701280596,0.037375188977905587,0.4300268691770261,0.5186218104946645,0.359,0.37740139375809634,0.44993141136537196,0.0,0.024702615682709306,0.260989841627541,-0.4046256737945957,0.4540309051600143,0.4622965277315162,90,78,True,0.006172263336266661,0.21992426109994223,0.20076144423540618,0.10753373577615029,0.4304991940455077,0.5702410200958256,0.7566552837155129,0.7746055059009377,0.8724806893972161,0.49662165548249143,0.42383520068995867,0.40676879861957244,0.3242502469065507
choque_B_tpu_primero,empleo,completa,3271,Fabricación de productos a base de arcillas y minerales refractarios,0.3488287256548686,0.03778046576634959,0.14565345059957507,0.3660692482658624,0.706,0.09302797518064529,0.2597621741870927,0.0,0.024919421437009696,0.2609742385760353,-0.40438320102056835,0.45422204389458776,0.46196435121029683,90,78,True,0.06804183351684355,0.16125947690880313,0.17643320937436371,0.3622511153372423,0.28088448053105003,0.3824586209034464,0.07655482722302684,0.08020604867329793,-0.22950035685858744,0.2328909058516097,0.13607507364555296,0.20076732411332246,-0.034827701425495565
choque_B_tpu_primero,empleo,completa,3151,Fabricación de prendas de vestir de tejido de punto,0.3365154443339868,0.18378899573785,-0.08321742867502147,0.49132103328919674,0.876,-0.13584290409395125,0.4181698821828706,0.0,0.025614527926330816,0.2607048116450074,-0.4032448872297064,0.454473943082368,0.4608664634302707,90,78,True,-0.2482850760581237,-0.14833932228648664,0.09756286148027866,0.4828127757678773,0.3575257387721997,0.2420641144036722,-0.08120103778021795,-0.5760126509342507,-0.3365485242097156,0.656300184037114,-0.1732300052015012,-0.5399121629955687,-0.8145634677705562
choque_B_tpu_primero,empleo,completa,3252,"Fabricación de resinas y hules sintéticos, y fibras químicas",0.3119319594154858,0.9457986711094967,-0.036470715648370976,0.45212390103701705,0.938,-0.08909619106730075,0.3713296574492836,0.0,0.02597640150462679,0.26195138699612097,-0.40493363010399225,0.4568864331132458,0.4605036437011514,90,78,True,0.24432279836995077,0.061273174815920164,-0.039958214569171445,0.21680165440242802,0.25912576456080777,0.2501591259562215,0.21061129232315692,-0.06844325397288285,-0.16699692646731093,-0.2109057489059709,-0.2202884414697066,-0.48308615064515087,-0.5267343778271142
choque_B_tpu_primero,empleo,completa,3326,"Fabricación de alambre, productos de alambre y resortes",0.3138914060002775,0.11398215213683333,-0.10064832831627156,0.49944718107505853,0.872,-0.15327380373520133,0.427688179981975,0.0,0.02762885666554803,0.2607121270195671,-0.40124259228163983,0.4565003056127359,0.4578012626836726,90,78,True,-0.3142970277155024,-0.32870615031104927,-0.19152043336439467,-0.1828503587580044,0.023660389708774657,0.024279173257378796,0.35982437477411305,0.36876581287179994,0.1915224077931743,0.23354861421380405,-0.24427249117022024,-0.5694847975236813,-0.6788977818877228
choque_B_tpu_primero,empleo,completa,3114,"Conservación de frutas, verduras, guisos y otros alimentos preparados",0.3156513149608729,0.011841552492554095,-0.06698501257719305,0.4090664832009666,0.773,-0.11961048799612284,0.3174981579330479,0.0,0.02770671581207212,0.2609001024099251,-0.4014739526522547,0.45688738427639897,0.4577131660096106,90,78,True,0.06223334969449461,-0.23810375534017064,-0.0024373120972304434,0.12921788665022485,-0.07624611351418847,0.08324934728711403,-0.04435836328568052,-0.1262123530416997,-0.1606267641016152,-0.03067368898075348,-0.11415260911878658,-0.0826669562799298,-0.2700278313752883
choque_B_tpu_primero,empleo,completa,3133,Acabado de productos textiles y fabricación de telas recubiertas,0.3062290364360683,0.3483594395688712,1.5136222147755176,1.1060479674812655,0.231,1.460996739356588,1.0755518578766485,0.0,0.027748476809479162,0.26055209584190664,-0.40085972085045724,0.4563566744694156,0.4575933170275068,90,78,True,0.047760229180493635,0.587258681809308,0.8767520467735582,1.0220712191868075,1.4275781830469856,1.9048182050852729,1.8494523972387018,1.8327434736582402,1.7540403883749056,2.414713558382669,2.177797815720004,2.0909263986083984,1.6911761950163873
choque_B_tpu_primero,empleo,completa,3272,Fabricación de vidrio y productos de vidrio,0.272472982882299,0.15198381360749708,0.15737310118641085,0.3208433967489036,0.586,0.10474762576748106,0.19081451163327773,0.0,0.030955025741583552,0.26065453430953617,-0.39782168319760347,0.45973173468077055,0.45273321605741496,90,78,True,0.07697353326726428,0.16483749201777656,0.37677638384762363,0.4681854295188607,0.3316315866279638,0.33317467857893374,0.20145067425855423,0.24405093362475974,0.04068067860324503,0.10982233539587644,-0.02978927920364177,-0.2197821785911401,-0.05216195252273542
choque_B_tpu_primero,empleo,completa,3161,Curtido y acabado de cuero y piel,0.262669438610518,0.10967177111390917,0.7333746605559479,0.5685539157347402,0.258,0.6807491851370181,0.5066786434316903,0.0,0.03185418604165359,0.2607362319450049,-0.39705691550787947,0.4607652875911866,0.45138213085493123,90,78,True,0.32369833048135277,1.0353386012743842,1.2092966244962002,1.0230514114408191,1.2836368788066173,1.1845166631962598,0.8045372057239703,1.018903794706018,0.9866600836140037,0.7178357310998031,0.057588890446326514,-0.10344428209825463,-0.007749345960175441
choque_B_tpu_primero,empleo,completa,3324,"Fabricación de calderas, tanques y envases metálicos",0.2575554192946691,0.07360055114277667,0.40033662892269933,0.4498054620460364,0.338,0.3477111535037696,0.36850325140888535,0.0,0.03235375743264574,0.2608126296220946,-0.3966830182956999,0.4613905331609914,0.4506379180338895,90,78,True,-0.0013790677770409527,0.4492490497452023,0.37525701590052707,0.17503345566201992,0.3657103712297222,0.16878373217937706,0.2950883444976079,0.45616966712805695,0.5499983342118157,0.12570795779996805,0.6019045878927878,0.8764620228431401,0.7663907046819082
choque_B_tpu_primero,empleo,completa,3256,"Fabricación de jabones, limpiadores y preparaciones de tocador",0.2434658656862863,0.0355111400392335,-0.2802749963336279,0.46470468418778943,0.324,-0.33290047175255766,0.38654900868912473,0.0,0.03359647944497363,0.2609448813747889,-0.3956578504165541,0.46285080930650135,0.44877799904207705,90,78,True,-0.004029255488526459,0.028713832840110264,0.04615794348093858,-0.1501799247241944,-0.2251846710458133,-0.27986538174826814,-0.31477217834152343,-0.5422603635815026,-0.5706379590339994,-0.3815766416278186,-0.6042311720626662,-0.41639498110229034,-0.2293141999016094
choque_B_tpu_primero,empleo,completa,3261,Fabricación de productos de plástico,0.2303591490643638,0.524248422355608,-0.004230393741541974,0.29322434536786235,0.993,-0.05685586916047175,0.13946400728820074,0.0,0.033609589539560586,0.2608295823908987,-0.39545507349346776,0.462674252572589,0.44873559507368566,90,78,True,0.08402570723097781,0.14785590441443816,0.22529166805089737,0.1275144285442832,0.06471406988157742,0.0689043217371643,-0.0005716259853131457,0.040637145437434366,0.07444845385166202,0.017534145311512463,-0.2348119016226969,-0.1873286783548854,-0.48320875713709727
choque_B_tpu_primero,empleo,completa,3312,Fabricación de productos de hierro y acero,0.0669975578374552,6.615743671162022,0.15421046544867148,0.41634146782529846,0.647,0.1015849900297417,0.326817855147781,0.0,0.033773225823138256,0.3757995144110073,-0.5844169753829688,0.6519634270292453,0.4641951300569657,90,78,True,0.05800529693487619,0.15982721814622963,-0.044614901228472656,-0.1837515806880643,0.005482300010808925,-0.17650956393608358,-0.11161546423121252,0.11995614174320113,0.24171097143987894,0.18352871604570517,0.5837231248918124,0.5663429562007862,0.6026508355032638
choque_B_tpu_primero,empleo,completa,3121,Industria de las bebidas,0.2419442465750293,0.00012329106015767006,0.06724707660504405,0.3535899104330483,0.581,0.014621601186114268,0.24185846557960927,0.0,0.03379888079325315,0.2610308985865007,-0.3955969473815405,0.4631947089680468,0.44848801529553295,90,78,True,-0.0016248613998186313,0.07635180565590197,0.014573994914169287,0.11741629743583192,-0.01357058607802617,-0.06096903525718426,0.06736024734620627,0.11441967486364457,0.1621634070949356,0.1750691811687057,0.14051681896392862,0.03526254176885319,0.04724250938842453
choque_B_tpu_primero,empleo,completa,3279,Fabricación de otros productos a base de minerales no metálicos,0.2243733059375072,0.09096728123609459,0.2850480080683394,0.364349573777541,0.378,0.23242253264940962,0.2573330614677168,0.0,0.03504701322753165,0.2609483037878157,-0.3942129465034252,0.46430697295848844,0.4465801675863454,90,78,True,0.45659601729008614,0.4672661082098153,0.38808015111193334,0.12578730039746144,0.049735516545487905,0.1019861670998496,0.14368343831602837,0.25067030611466823,0.0864481842214307,0.5507106288899087,0.27385053487201333,0.25100225821671596,0.5598074936030133
choque_B_tpu_primero,empleo,completa,3323,Fabricación de estructuras metálicas y productos de herrería,0.2249299265714363,0.042986145911046665,0.21986314341259872,0.38061284360854625,0.343,0.16723766799366893,0.27988538606410945,0.0,0.03510581970893646,0.2610355762485953,-0.39429770322000285,0.46450934263787574,0.4465088538961526,90,78,True,0.05750133535370175,-0.18978518164749328,-0.14580703607730625,0.07126305170585032,0.4274117297578536,0.4187640264366318,0.6471867049355754,0.8026820141321367,0.5728449438867991,0.3114728872773574,0.25113847140475876,0.05881731314708043,-0.4252693959491619
choque_B_tpu_primero,empleo,completa,3372,Fabricación de muebles de oficina y estantería,0.2214380514733216,0.0,0.4110961639742213,0.5753571144421125,0.593,0.3584706885552915,0.5143009836191509,0.0,0.03548695476475128,0.26115478929432917,-0.3941126736244202,0.46508658315392276,0.44595619340594883,90,78,True,-0.034809040581552965,0.10314246632183467,0.1823519262367727,0.26434155433509626,0.4166849568920952,0.25868375317217124,1.0600193577913641,0.47958801099922427,0.29846433380238985,0.4520813793660623,0.766827727379383,0.4613032206144831,0.6355704853355525
choque_B_tpu_primero,empleo,completa,3131,"Preparación e hilado de fibras textiles, y fabricación de hilos",0.2001267979454507,0.0774387648863754,-0.1913831137384125,0.4134875949468508,0.707,-0.24400858915734228,0.3231743860323755,0.0,0.03707217082763142,0.26116198260403856,-0.392539290556012,0.46668363221127485,0.4435594060490056,90,78,True,-0.13978988904861273,-0.20580840895433622,0.008558547597962476,0.1451045820636668,0.15352219750787519,0.07218155255888152,0.04366863817187082,-0.17537190200774302,-0.3336696862939951,-0.12316800460240299,-0.4678081485097747,-0.7947913711113546,-0.6706085859713994
choque_B_tpu_primero,empleo,completa,3113,"Elaboración de azúcares, chocolates, dulces y similares",0.2016423568218791,0.005446138950690162,0.05300903948769776,0.3187856223083055,0.812,0.0003835640687679803,0.18733383464544118,0.0,0.037104405670633674,0.2613000535126861,-0.39273418235773494,0.4669429936990023,0.4435403080463119,90,78,True,0.06554797083732478,-0.04462730975925295,-0.13868027333719257,0.2086376774445385,0.43383080320773215,0.2931009883549719,0.3640536718905747,0.21943486890538413,0.022368024177894442,-0.1912107657691076,-0.20694864026449314,-0.11785270764408204,-0.21853679470422127
choque_B_tpu_primero,empleo,completa,3219,Fabricación de otros productos de madera,0.1827036170504173,0.16703782379480125,0.013065764520581467,0.47091267426039773,0.972,-0.03955971089834831,0.39399040520240003,0.0,0.03831085609437962,0.2611938081758495,-0.39135295835489275,0.467974670543652,0.44169389190566954,90,78,True,-0.205899346815717,-0.3767930405386266,-0.17154191099482533,0.1540575569286941,0.06197062145900278,-0.04438752685865118,0.46992943270638593,0.05862693651241152,-0.2237450243277306,0.36858512030319196,0.48928127331009036,-0.18452212869565246,-0.22570702422101446
choque_B_tpu_primero,empleo,completa,3253,"Fabricación de fertilizantes, pesticidas y otros agroquímicos",0.1679807884786191,0.549472772838495,-1.2183561389560835,0.659677496211984,0.051,-1.2709816143750132,0.6071606802329875,0.0,0.03868877021323451,0.2613931986554223,-0.3913030415749352,0.4686805820014042,0.4411674941905816,90,78,True,-0.6291513255861848,-1.0445123644326093,-1.0720897420426416,-0.6523729923867277,-1.011941176431789,-0.9474235062917021,-1.30026577372843,-1.4766903232419812,-1.494504339389082,-0.8500920430833588,-1.5269254634187603,-2.063002634861585,-1.7696581215342349
choque_B_tpu_primero,empleo,completa,3162,Fabricación de calzado,0.1604241815757467,0.208928615610855,-0.48121546256521175,0.3718611474464239,0.173,-0.5338409379841416,0.2678626618113151,0.0,0.040053270847867944,0.26140654658716417,-0.38996049828801715,0.470067039983753,0.4391115487566954,90,78,True,-0.38384259489066264,-0.5115510328697139,-0.329086233900893,-0.227188577525581,-0.15258652259086025,-0.22351531908165945,-0.36620135628908296,-0.705709296671004,-0.7678448798310916,-0.4265979142383537,-0.5977598982294138,-0.6501566987881109,-0.9137606884413252
choque_B_tpu_primero,empleo,completa,3222,Fabricación de productos de cartón y papel,0.1574973850413846,0.21291333042696917,0.15888193210901866,0.3313537496959937,0.537,0.10625645669008887,0.2080024039526157,0.0,0.04028547848095118,0.26144025262513526,-0.38978373708739633,0.47035469404929864,0.43876916035771446,90,78,True,0.11660227279424998,0.1908553417934303,0.3276534239718528,0.17126906565227387,0.1335055549493212,0.36492261441932117,0.1486538351932383,0.16277197843770033,0.09025961049170678,0.1500972539857426,-0.06604063865967327,0.24180528084350095,0.033109523544577905
choque_B_tpu_primero,empleo,completa,3328,Recubrimientos y terminados metálicos,0.1588822707072484,,-0.6321461397818884,0.4862498516068243,0.134,-0.6847716152008182,0.4121997219796862,0.0,0.04041843677250095,0.26157543332477917,-0.3898731510467608,0.4707100245917627,0.4386001716206024,90,78,False,-0.5194403638145658,-0.6892596437168104,0.08530767789109303,-0.18481665962018157,-0.4071443331434314,-0.3960422824941841,-0.5878070063076941,-0.5146587988954551,-0.4754877961331126,-0.8741660380235531,-1.1032057714548773,-1.2007299472608512,-1.3504488541909256
choque_B_tpu_primero,empleo,completa,3132,Fabricación de telas,0.1336042055792961,0.37885838528697496,0.47295761526969965,0.33967534728021576,0.235,0.4203321398507699,0.22101817609058103,0.0,0.041890222102284984,0.2617113876815399,-0.38862501063384813,0.4724054548384181,0.4364158555780968,90,78,True,-0.01315803340140359,0.1672964614128051,0.2784540242387957,0.4363467765648466,0.4596952450578098,0.6465467658988563,0.6705115515237796,0.7521902807697838,0.8792418439325862,0.9516387194802923,0.5637369925117091,0.2837630802874712,0.07218529022876295
choque_B_tpu_primero,empleo,completa,3251,Fabricación de productos químicos básicos,0.135778270214786,0.24687503499913044,0.5114839503124126,0.41464238811029236,0.066,0.4588584748934828,0.32465058544576547,0.0,0.04199906382655931,0.2617155134207514,-0.3885229557505767,0.47252108340369536,0.436253055247745,90,78,True,0.18349649237891327,0.3677741229585487,0.6824039038397841,0.5835829724234621,0.6903676214921238,0.569785785125545,0.5370438731193816,0.6078999023381118,0.4326215628787151,0.46762131426085113,0.5779280743705326,0.35910809451009407,0.5896576343652995
choque_B_tpu_primero,empleo,completa,3327,Maquinado de piezas y fabricación de tornillos,0.1233232283296124,0.4326418816534467,0.4482679350090748,0.3614614619246056,0.225,0.39564245959014505,0.25322733080997595,0.0,0.042619147328406985,0.2618907062978653,-0.3881910645315815,0.47342935918839546,0.43536299809654533,90,78,True,-0.3401679998603923,0.8470014540870122,0.681788433772437,0.2875327671985013,-0.04526529328654766,1.0664160443633723,-0.1029410429000721,0.5403424702808933,0.6887857390880898,0.34779231026180424,0.1389252834218187,0.982024870784647,0.7352481179064085
choque_B_tpu_primero,empleo,completa,3254,Fabricación de productos farmacéuticos,0.1290966945098601,0.009184281116309617,-0.1079959247901678,0.40671847475385176,0.428,-0.16062140020909757,0.3144671848040292,0.0,0.04306727684083889,0.2621956079730329,-0.3882444982748002,0.47437905195647795,0.4347646963648918,90,78,True,-0.08542350828325536,-0.11106210576300757,-0.10937382613412786,-0.03488711658951457,-0.06990866183472483,-0.17038062244138585,-0.06624187511304738,-0.0039156267496725065,-0.048437188197173214,-0.19301984016962517,-0.12016691714908946,-0.2475782008022212,-0.1435515330453363
choque_B_tpu_primero,empleo,completa,3122,Industria del tabaco,0.1071479040489181,0.7594394974604725,-0.09262580616742357,0.4618853375869963,0.787,-0.14525128158635334,0.3831550047830844,0.0,0.04323792636881519,0.2627093705795973,-0.3889189882346224,0.47539484097225276,0.4346354621363777,90,78,True,0.2020090328595215,-0.02381330529709213,0.5565194200410836,0.5821625193467428,0.309237040520983,0.12675735436867624,0.44025355165389685,-0.0035268471794563097,-0.35851841222026987,-0.33366097021008334,-1.1442151330644856,-0.7584470553546355,-0.7988926756413873
choque_B_tpu_primero,empleo,completa,3274,"Fabricación de cal, yeso y productos de yeso",0.1199075903205221,0.0,0.11076394149736528,0.4285723883033231,0.646,0.0581384660784355,0.34226303427113813,0.0,0.04384363105432337,0.2623691187305908,-0.38775356925749854,0.4754408313661453,0.4336430569876515,90,78,True,-0.05141960443836925,-0.1297765630450532,0.06335297115466092,0.07684372198056152,-0.0016455610582804044,-0.10109681133920287,0.09344168612771013,0.23377513225484153,0.27344641441115686,0.28163427278702313,0.2371938908909815,0.19137674665492696,0.27280494308479164
choque_B_tpu_primero,empleo,completa,3119,Otras industrias alimentarias,0.1089707298904361,0.0323275826493142,0.09949751055223098,0.40309311720644236,0.781,0.0468720351333012,0.30976402914424805,0.0,0.04467332358711354,0.26248181793679776,-0.3871092669189188,0.4764559140931458,0.4324280464674544,90,78,True,-0.051616351013096126,0.03188284264097559,0.09263601837154822,0.3505062584421,0.4570285614701766,0.4619715151242228,0.49183933360758025,0.32540725855786967,-0.05541286678982342,-0.055439447445186044,-0.09630027222502448,-0.25082629755744396,-0.40820891600489634
choque_B_tpu_primero,empleo,completa,3315,Moldeo por fundición de piezas metálicas,0.0974402319506194,0.2715351086932004,0.2567582133852305,0.47284401176508883,0.67,0.20413273796630074,0.39629679796154715,0.0,0.04510078602445477,0.26234510808963574,-0.38645691678299604,0.4766584888319056,0.4317525863348014,90,78,True,-0.029301963446370753,-0.09030289175450912,0.026265814892579176,0.3931669513155335,0.46056305734150343,0.310407510047005,0.3518649690254092,0.4915052428395009,0.6412937382167448,0.8858978186580158,0.2662715174183665,-0.40825622625186697,0.03848123570608537
choque_B_tpu_primero,empleo,completa,3231,Impresión e industrias conexas,0.1024504665734745,2.5074260643867242e-05,0.0908175445176453,0.4144237306465615,0.845,0.038192069098715524,0.32437127051495435,0.0,0.04528042134820253,0.26267819030973083,-0.3868252017113047,0.47738604440770976,0.43156946473412344,90,78,True,-0.21113308856151106,-0.007139071220058261,0.4813456925390651,0.5997870567029875,0.1444465237987527,-0.11600399526097785,-0.13699241631256737,-0.39546448396848705,-0.31453082059473364,0.4473509149780198,0.2920709279906204,0.13241699475984475,0.26447384387843365
choque_B_tpu_primero,empleo,completa,3212,Fabricación de laminados y aglutinados de madera,0.0775332943220637,0.706229815707303,-0.13739292835255554,0.4273214845419876,0.79,-0.19001840377148532,0.34069538265676574,0.0,0.04579143943637412,0.263118734591858,-0.3870388789672322,0.4786217578399805,0.4309196194373457,90,78,True,0.2435479201158884,0.22445665057541933,0.06479829278188487,-0.17619558308462283,-0.13054705340284167,-0.17524363332110388,-0.21093799546160474,-0.4793465901500305,-0.5361121870279665,-0.44002386175109287,-0.14439184863829174,0.01927658978942614,-0.045388769008285416
choque_B_tpu_primero,empleo,completa,3255,"Fabricación de pinturas, recubrimientos y adhesivos",0.0704773870608603,0.2102982954347221,0.15538619833395856,0.3121296956018908,0.561,0.10276072291502877,0.1757687102103242,0.0,0.04745354278990726,0.26293705651875965,-0.38507791518345236,0.4799850007632669,0.42838987318707805,90,78,True,0.039341768357386266,0.16200538315487664,0.05153921434174457,0.09373438390992742,0.1027198639528189,0.01703400724450239,0.014217200775864261,0.15141088678214285,0.19158204797707956,0.17883078126341964,0.4031514213015935,0.3447420272625739,0.26971159201753103
choque_B_tpu_primero,empleo,completa,3221,"Fabricación de pulpa, papel y cartón",0.0619018679380005,0.001245006131624058,-0.18705453706645225,0.37066006848462885,0.165,-0.23968001248538204,0.26619274780035174,0.0,0.0486151983037837,0.2635056118732297,-0.3848515332276791,0.4820819298352465,0.4268129758476562,90,78,True,-0.014149744034800993,-0.17436608433499964,-0.12664418950057138,-0.10948316999215132,-0.16091375339321806,-0.1707882013480739,-0.3107888198023942,-0.2791478733362225,-0.23617142553226406,-0.11901189729641103,-0.2503231941732051,-0.30675180585980133,-0.17316882325976596
choque_B_tpu_primero,empleo,completa,3112,Molienda de granos y de semillas y obtención de aceites y grasas,0.0609807080676099,0.015464642605078835,-0.2902999504375209,0.43409271710120173,0.187,-0.34292542585645064,0.3491506546646818,0.0,0.04866001112952767,0.2634906137566504,-0.38478204850016223,0.48210207075921757,0.4267421535795582,90,78,True,0.03786295055199607,-0.12757534458568265,-0.20486835846816337,-0.32115699197659553,-0.23468875561514974,-0.2435942376655975,-0.19694938276788548,-0.2810017115176582,-0.4194395557926372,-0.40930168157744495,-0.45407716442477236,-0.5211641281216371,-0.3979449937265428
choque_B_tpu_primero,empleo,completa,3241,Fabricación de productos derivados del petróleo y del carbón,0.0588949583065286,0.029050875130591527,0.04960986780444489,0.5104085912439411,0.891,-0.00301560761448489,0.44043912476992375,0.0,0.04880205905780119,0.26350490732221543,-0.38466351348724315,0.4822676316028456,0.4265346703869156,90,78,True,-0.09404833640267675,-0.35578625495190735,-0.08655125618733917,-0.046707062308066,0.0716453501931821,0.17464260394391903,0.13748620778583548,0.24755139103343543,0.07435892286127532,-0.05927867154037537,0.21590958578345734,0.1850913051409609,0.18061449610608232
choque_B_tpu_primero,empleo,completa,3115,Elaboración de productos lácteos,0.0498313429839448,0.009728495317546031,-0.0762779187675992,0.39438949148319113,0.468,-0.128903394186529,0.29835006888694027,0.0,0.049590190231265915,0.26376148340545996,-0.3842974499707157,0.48347783043324755,0.42543382095521554,90,78,True,-0.08747028990164782,-0.015985555741079235,-0.10693515247004863,-0.01318192760944299,0.11710026007828066,0.047420890448482494,-0.03903434032076656,-0.07980712380677882,-0.09802751215341116,-0.23900472020729463,-0.10633542344928881,-0.14884749588171262,-0.22150455296408147
choque_B_tpu_primero,empleo,completa,3116,"Matanza, empacado y procesamiento de carne de ganado, aves y otros animales comestibles",0.044361709007407,0.0005565343123640996,-0.14779432784201427,0.3697139240259046,0.236,-0.20041980326094405,0.2648737024151402,0.0,0.05006037883068865,0.26391508533099384,-0.38407993653879624,0.48420069420017353,0.4247785136076784,90,78,True,-0.051537445583848165,-0.1501792536804159,-0.13008828141919485,-0.20548606192397617,-0.25831445664256997,-0.2213580466283782,-0.10906539627372168,-0.2394528015737018,-0.161359361316752,-0.12096126847518666,-0.08494060978222756,-0.06944267825138935,-0.11914060039482334
choque_B_tpu_primero,empleo,completa,3118,Elaboración de productos de panadería y tortillas,0.043199849411286,0.00024549054628625414,0.04296883933996075,0.35107950365287394,0.716,-0.009656636078969029,0.23817327830304605,0.0,0.05015668632146988,0.2639439242010317,-0.3840310689892273,0.484344441632167,0.42464366851271906,90,78,True,0.061499088629157914,-0.004426117419697462,0.015044239893411707,0.01304636120950306,0.1067491615398297,0.006939425522570534,0.13001768609311026,0.0316154404523835,-0.0374028630314479,-0.08663973119073246,0.04921761336317446,0.1281429517265497,0.14479165463167665
choque_B_tpu_primero,empleo,completa,3273,Fabricación de cemento y productos de concreto,0.0343074151008847,0.00012961613710545992,0.026972293031220933,0.46207692095780517,0.923,-0.025653182387708844,0.38338593283311484,0.0,0.050888849325494215,0.26416301583902013,-0.3836593117296939,0.4854370103806823,0.4236197376762646,90,78,True,0.07220681287204748,-0.32394514459193724,-0.2594598583277885,-0.24873961145289555,0.12935015848086653,-0.10007802702292709,0.3824104697073308,0.8152172456381467,0.5217146232624154,0.15365445833682875,-0.2193394099404537,-0.29727302208141404,-0.2750788854743473
choque_B_tpu_primero,empleo,completa,3111,Elaboración de alimentos para animales,0.02886946578166,0.0027127477990509046,-0.4180183397996319,0.39923556192723103,0.117,-0.47064381521856163,0.30472729861274955,0.0,0.051330798701343085,0.2642937854014751,-0.3834324782840834,0.4860940756867696,0.4230023157234373,90,78,True,-0.05146109388371641,-0.12397441269170684,-0.13699886457912439,-0.43463963841654546,-0.5923220480868108,-0.6613642356841486,-0.5335194645880738,-0.46749459029977813,-0.4728719262370698,-0.610342246433913,-0.6008587450176561,-0.36335724702860844,-0.38503390444806285
choque_B_tpu_primero,empleo,completa,3211,Aserrado y conservación de la madera,0.0034917286527276,0.0,-0.6595405480435678,0.45399977122307267,0.159,-0.7121660234624976,0.3736114089305548,0.0,0.05342548126837156,0.26497907949998806,-0.3824651045091088,0.4893160670458519,0.42010631527251807,90,78,True,-0.1119288983615059,-0.3673624415456477,-1.0340790304803726,-0.5524802631692448,-1.0414773058647626,-0.7166626544272928,-0.9678486391997724,-0.6592939350343099,-1.0951124827876328,-0.1199443551725701,-0.9405164731737048,-0.45740480825576585,-0.5099158370937997
choque_B_tpu_primero,empleo,sin pandemia,3364,Fabricación de equipo aeroespacial,0.9896704181454756,0.014151309535923225,0.30421929164968264,0.5605695184949224,0.599,0.3484921313491227,0.5482816473511658,0.0,-0.07953895373384055,0.1536500767150083,-0.33229332993002925,0.1732154224623481,0.6976532776669703,73,49,True,-0.14747617914497604,-0.10492227504274376,-0.007148461330661244,-0.035177721182325844,0.0776673746187901,0.37186996989650517,0.33728791764557947,0.07862668638536646,0.5179046442968548,0.5712991698224843,0.7311619795803412,0.8597209882216471,0.7040366976790126
choque_B_tpu_primero,empleo,sin pandemia,3343,Fabricación de equipo de audio y de video,0.9478363435009872,0.05955715398719757,0.12474965463245608,0.39207193632157417,0.718,0.16902249433189614,0.3742926435390194,0.0,-0.07832179828179822,0.15010610182665352,-0.32524633578664325,0.1686027392230468,0.6990869347027268,73,49,True,-0.24570531301320764,-0.06793907790906921,0.01220587217957646,-0.03774210573166718,0.26358898716938145,0.04230991039081054,0.21398915591465828,0.544276314762473,0.535092240712703,0.0738823643820266,0.04073660977037688,-0.10907783512061359,0.3561283867144803
choque_B_tpu_primero,empleo,sin pandemia,3345,"Fabricación de instrumentos de medición, control, navegación, y equipo médico electrónico",0.9203173609236356,0.08650546749963084,0.11139482307969081,0.4272049851455371,0.763,0.15566766277913088,0.410948511482494,0.0,-0.07753587198006101,0.14787782625541906,-0.3207948961702254,0.16572315221010336,0.6999733462601314,73,49,True,0.11888714743744659,0.18551996460701145,0.22661967066493713,0.11946937189395695,0.15834168759193465,0.2747035202229583,-0.044630878839093974,0.07279087231906332,0.1590805704515926,0.11201439082758269,0.13229832152740267,-0.08080932439499165,0.013847385726179861
choque_B_tpu_primero,empleo,sin pandemia,3342,Fabricación de equipo de comunicación,0.895054776922478,0.01288857306848177,1.135229110491536,1.2050550875830854,0.367,1.179501950190976,1.1993883207145035,0.0,-0.07731063804334389,0.14637707266377448,-0.3181009225752529,0.1634796464885651,0.7013061476376378,73,49,True,-0.051505691985319756,0.5597422133783005,0.9455274978005579,0.6843675351791793,1.257185193988335,1.4110933802639214,0.6134455349572602,1.0507110587211776,1.7176902747547445,1.271744315503413,2.2204299350267243,2.9630289653074415,0.11451822349423484
choque_B_tpu_primero,empleo,sin pandemia,3334,"Fabricación de equipo de aire acondicionado, calefacción, y de refrigeración industrial y comercial",0.8482017522901368,0.11367478899586249,-0.34677668202544726,0.6960283613681569,0.667,-0.3025038423260072,0.6861705761582324,0.0,-0.07569552174559072,0.14254473179037036,-0.31018160554074997,0.15879056204956854,0.7023009874060827,73,49,True,-0.19519057151192667,-0.45300727795855233,-0.46360805487949064,-0.3273853842507983,-0.3072888339908582,-0.30638413149167426,-0.15236640945029378,-0.37690665674542034,0.0561418116359925,-0.0675047260815536,-0.35732358634762607,-0.8073867606580645,-0.7498862846005485
choque_B_tpu_primero,empleo,sin pandemia,3333,Fabricación de maquinaria y equipo para el comercio y los servicios,0.8664849575372038,0.26580327730216874,-0.015126418076500536,0.7344210933875328,0.987,0.02914642162293954,0.725085458528178,0.0,-0.07535978424887488,0.14343537420281682,-0.3113109748125086,0.1605914063147588,0.7003446095336884,73,49,True,0.21283137738012264,0.3855129479375466,0.3645486652392795,0.7047020327048333,0.8467858669975188,0.6400802509109323,0.03174173089637839,-0.4083721243284396,-0.7311088079042948,-0.9226954403610831,-0.24379573122972165,-0.13781983778316317,-0.9390543654544163
choque_B_tpu_primero,empleo,sin pandemia,3353,Fabricación de equipo de generación y distribución de energía eléctrica,0.8989208694711824,0.45389419359827005,-0.05574030458272952,0.3519945790063003,0.834,-0.011467464883289445,0.3320764421128087,0.0,-0.0751768659408141,0.14586296215914887,-0.315121438692614,0.1647677068109858,0.6968610669818628,73,49,True,-0.035653511610166805,-0.13570526088405901,-0.07991574869292385,-0.0774281320817214,-0.20490426059558636,0.0581402835171574,-0.10081299909287886,-0.16150560438616773,-0.2528476870460144,-0.007914593893846522,0.24897223140678404,0.16328160713915504,-0.13833028335521544
choque_B_tpu_primero,empleo,sin pandemia,3365,Fabricación de equipo ferroviario,0.8018618332294466,0.036159697120880414,0.7047031578387973,1.1397196122818742,0.541,0.7489759975382374,1.1337263225207503,0.0,-0.07499213941536767,0.13979091864145907,-0.3049482005805678,0.1549639217498325,0.7041794239391661,73,49,True,0.32784968568647693,0.6257099792855957,0.7925571108241322,0.48833794909667416,0.21215470447651202,-0.5779188659312138,-0.9151358000056687,-0.5670454686915093,-1.1412313269740497,1.713542538912886,3.5779884954598136,3.81422991608917,0.8101021336755483
choque_B_tpu_primero,empleo,sin pandemia,3341,Fabricación de computadoras y equipo periférico,0.7847307234340066,1.5964343991395392e-06,0.38186541993237366,0.6193695900939334,0.598,0.42613825963181373,0.6082707200659967,0.0,-0.07476996184593812,0.13889654612658697,-0.3032547802241737,0.15371485653229744,0.7048198723679526,73,49,True,0.7024472264613958,0.8919904804240104,0.5379450569067465,0.6329045253461163,0.3770603194183883,0.2715335822195054,-0.05700820311530428,0.5153909149510577,-0.3913981445075156,0.1029494405419132,0.44121386735444557,0.5437361726807113,0.3954852204393862
choque_B_tpu_primero,empleo,sin pandemia,3391,"Fabricación de equipo no electrónico y material desechable de uso médico, dental y para laboratorio, y artículos oftálmicos",0.7835186733412709,0.04630745160306291,-0.19492911533385257,0.23008122536504566,0.477,-0.1506562756344125,0.19827241366856832,0.0,-0.07450769982129432,0.1385587599821984,-0.3024368599920107,0.15342146034942206,0.7046195080409915,73,49,True,-0.2035579557366397,-0.10287682332438441,-0.22193139088670163,-0.24784522166613207,-0.15394259581653674,-0.24654297312413165,-0.23724451943023983,-0.10398990776545823,0.21006897139520722,-0.40632958994865276,-0.37907501763477064,-0.40941402274501537,-0.03139745265662716
choque_B_tpu_primero,empleo,sin pandemia,3336,"Fabricación de motores de combustión interna, turbinas y transmisiones",0.8385248456652771,0.34629757144673917,0.0624473883416656,0.40242768507053744,0.885,0.10672022804110567,0.3851267602591523,0.0,-0.07429327408828731,0.1414609006662428,-0.3069964556842567,0.1584099075076821,0.7002730260916158,73,49,True,0.0630365287118794,0.11997638753477216,-0.040264632917478185,0.1430779625360755,0.3544579506065046,0.010019094597228911,-0.39334560697712767,-0.28057025806071506,-0.24578132818049264,0.1295391479578889,0.7114484286454507,0.6332790542040689,-0.39305668021640294
choque_B_tpu_primero,empleo,sin pandemia,3117,Preparación y envasado de pescados y mariscos,0.7478643561015712,0.0,-0.028664990024943684,0.6101386632298719,0.958,0.015607849674496393,0.5988687403132793,0.0,-0.07389923876880446,0.13662257504805103,-0.2986433747228484,0.15084489718523947,0.7057119663485918,73,49,True,0.13762151628955044,0.10105143598066496,-0.27914012879311456,-0.9583990923299736,-0.49955898088894807,0.10633933125088518,0.046427264732119326,0.3936054058435165,0.2177452750524642,0.0475297629848079,0.5308628096654087,-0.001415664688872078,-0.21531380542277656
choque_B_tpu_primero,empleo,sin pandemia,3351,Fabricación de accesorios de iluminación,0.831395116765869,0.5101170356130816,0.07705842707038398,0.5454558173452181,0.889,0.12133126676982406,0.5328195083067238,0.0,-0.07329833270256687,0.14129155559829062,-0.30572294166175495,0.15912627625662118,0.6980406943020487,73,49,True,-0.15041848154323142,-0.022299261104938857,-0.0844447952614566,-0.19151520776426625,0.15551342671362567,0.29230693205296815,0.9082978633036332,0.5057836570635756,0.3495661458015126,0.10806338840851228,0.13785506063502548,-0.26410575341473247,-0.7428434229752354
choque_B_tpu_primero,empleo,sin pandemia,3325,Fabricación de herrajes y cerraduras,0.8134327973740351,0.4498475651046204,-0.31590203489127205,0.3138309539376317,0.237,-0.271629195191832,0.29131503120485025,0.0,-0.07317817650677147,0.1399259566139699,-0.30335637513675195,0.15700002212320902,0.699505167676223,73,49,True,0.12781769057295575,-0.1701895494333345,-0.4018023008898931,-0.2614792417974934,-0.37907133271033716,-0.34615883530706576,-0.2602571801952791,-0.3530548304350565,-0.18463459872697907,-0.35635500071430803,-0.710556982075452,-0.5622408382813311,-0.2487434535929632
choque_B_tpu_primero,empleo,sin pandemia,3361,Fabricación de automóviles y camiones,0.6801529750236635,0.005320890179200327,-0.16398491052845665,0.43442753504742165,0.671,-0.11971207082901658,0.4184517450840153,0.0,-0.07227314587881828,0.13277475824352286,-0.2906876231894134,0.14614133143177682,0.7068924386315757,73,49,True,0.09198198773496646,-0.11628967060338727,-0.25851757202251013,-0.16884291671931914,-0.05486439780668143,-0.4100541138099427,-0.5098862641389128,-0.18742192359419735,-0.2695282928779059,-0.3762060478825455,-0.20161320601252025,0.16836308904059205,0.16107549182242792
choque_B_tpu_primero,empleo,sin pandemia,3359,Fabricación de otros equipos y accesorios eléctricos,0.7464127593691879,0.35377894678325833,0.06895516267489873,0.41281664781067484,0.885,0.1132280023743388,0.3959699034852544,0.0,-0.07207997058753537,0.1355884599365442,-0.29512298718315055,0.15096304600807983,0.7025013933418206,73,49,True,0.1603885371766486,0.3057191845100617,0.4053400277242268,0.30471735274701706,-0.26614329475920645,0.23602877113825826,0.21979146401598773,-0.19981670867915446,0.02502536771923806,0.2181950259153843,-0.5713477278235094,-0.030997022931641756,0.0895161380203732
choque_B_tpu_primero,empleo,sin pandemia,3369,Fabricación de otro equipo de transporte,0.6740711386128929,0.017177780878001966,-0.16657915710416313,0.8403390143612991,0.842,-0.12230631740472306,0.832192428957509,0.0,-0.07206967788876806,0.13238637984481938,-0.2898452727334959,0.14570591695595983,0.7069130644175543,73,49,True,-0.3200068732816166,-0.16675581651181187,0.19177664402732802,0.03986435082261271,0.030257486770704396,-0.17347724149423618,-0.08192424563617257,-0.11810861597330229,-0.1958262292801894,-0.23181980606718686,-0.6332280045798175,-0.6234804681978946,0.11719977704746218
choque_B_tpu_primero,empleo,sin pandemia,3332,"Fabricación de maquinaria y equipo para las industrias manufactureras, excepto la metalmecánica",0.6992566972513394,0.19177087548725835,-0.2983878112517051,0.37649546427864605,0.479,-0.25411497155226503,0.35794331168338955,0.0,-0.07178361950244558,0.13302576319962098,-0.29061099996582207,0.14704376096093094,0.7052711062388737,73,49,True,-0.08062420349576138,-0.3885345537972225,-0.626049038957966,-0.5562523068674976,-0.39582066515906156,-0.2759695414012001,-0.15191368806232672,-0.15369082968699105,0.015339248104496557,-0.321846435461976,-0.5500130299775775,-0.27970703081524595,-0.1139594706938364
choque_B_tpu_primero,empleo,sin pandemia,3339,Fabricación de otra maquinaria y equipo para la industria en general,0.6417221502759753,0.05817408393586083,-0.5946864391611043,0.3711207797496355,0.088,-0.5504135994616642,0.3522856978624826,0.0,-0.07109879491669047,0.13054142137292266,-0.28583943307514825,0.1436418432417673,0.7070013151880511,73,49,True,-0.12608138909380429,-0.260475523644566,-0.27118139258897433,-0.4948776487647205,-0.7003036211220718,-0.36058933322787406,-0.5856044688020666,-0.5521233464156641,-0.5188902674020376,-0.5080219299904174,-1.3690353508794788,-1.3211813195844995,-0.662558117578181
choque_B_tpu_primero,empleo,sin pandemia,3346,Fabricación y reproducción de medios magnéticos y ópticos,0.6054992436078728,0.0,0.5083327542101069,1.3314696164159292,0.719,0.552605593909547,1.3263430624070307,0.0,-0.07053677741133309,0.12918328478603341,-0.28304328088435804,0.1419697260616919,0.707474225218347,73,49,True,0.18900054953425804,1.369700255984841,0.7420356112968527,0.22166527578486114,0.2180789049388586,-0.007619442558034307,0.20225775945956903,0.6866361051578413,0.1913390582053892,-0.14881518606412159,1.8350185503862557,1.486159911646094,-0.37713154904127544
choque_B_tpu_primero,empleo,sin pandemia,3169,"Fabricación de otros productos de cuero, piel y materiales sucedáneos",0.6136094363212712,0.09965937863884373,-0.15071060211356524,0.4476740189734161,0.694,-0.10643776241412517,0.4321881615920194,0.0,-0.07022549952079433,0.12903985833378726,-0.28249606647987435,0.1420450674382857,0.706853429238665,73,49,True,-0.5816169070318508,0.3492888539770206,-0.14339768653683402,-0.6915887653544067,-1.291150308766701,-0.24739458968107259,-0.5616337116763749,-0.31343402727256586,0.11407814221747721,0.5914769678184556,-0.13524806300480016,0.7643062951416049,0.187075972693699
choque_B_tpu_primero,empleo,sin pandemia,3366,Fabricación de embarcaciones,0.5822911532336551,0.042726088375579084,-0.19442094878513116,1.9812137766632834,0.911,-0.1501481090856911,1.977772132627232,0.0,-0.06977306184873103,0.12794881749554046,-0.2802488666288951,0.14070274293143303,0.7072333085672349,73,49,True,0.03357892208148694,1.2887623619199604,2.7856065770827376,2.1091390962551837,0.3205612207481009,-1.5701970411899684,-4.859535416371576,-3.21986464244402,-3.3956382269520082,2.7149131132030595,3.7151239276831456,-0.9373230285475613,-1.512599197675246
choque_B_tpu_primero,empleo,sin pandemia,3399,Otras industrias manufactureras,0.618987370047973,0.23749558020146458,-0.08907666479838333,0.506636227506492,0.852,-0.044803825098943255,0.4930059297599664,0.0,-0.06965706928001011,0.12891564620682583,-0.28172330729023864,0.1424091687302184,0.7055154726198998,73,49,True,0.22078644911104253,0.1572165262166919,0.3931950313380705,0.47260924035635293,-0.2769717152803148,-0.20168003186958397,-0.5778569895463249,-0.6473967320152265,-0.36205318631394817,0.0274363932179418,-0.486769947820904,0.0059953005551883765,0.117493019672031
choque_B_tpu_primero,empleo,sin pandemia,3329,Fabricación de otros productos metálicos,0.6293046757254936,0.5034107843425879,-0.19687266761758251,0.2415183441989601,0.457,-0.15259982791814244,0.21143720188530282,0.0,-0.06855908031628158,0.1297683299598702,-0.28202798310026805,0.1449098224677049,0.7013610428124947,73,49,True,-0.06872266703796333,-0.12859969191501705,-0.27211622102525934,-0.30710732433227333,-0.16902219475949187,0.07767628196886057,-0.019180082711630533,-0.1896452675191114,-0.021068336700389736,-0.3061975892073699,-0.2866289815382984,-0.4741393667878134,-0.39459323746281505
choque_B_tpu_primero,empleo,sin pandemia,3331,"Fabricación de maquinaria y equipo agropecuario, para la construcción y para la industria extractiva",0.519899184727109,0.06935837629721166,0.01378528558069521,0.6519759630057832,0.979,0.058058125280135285,0.6414415297545033,0.0,-0.06816507974689658,0.12547911455919836,-0.2745782231967779,0.1382480637029847,0.706517181987206,73,49,True,-0.024892672674414616,-0.6214283655122825,-0.3363892628721373,-0.05210860047295372,-0.19595326379796335,-0.24077812056870754,-0.43785402330990475,-0.28480827612789505,-0.3839787563727042,0.5965342118282565,0.783294512901039,1.092474451927194,0.2850968776015113
choque_B_tpu_primero,empleo,sin pandemia,3314,"Industrias de metales no ferrosos, excepto aluminio",0.4934732886739018,0.006965209188103637,0.040922309554818966,0.3450142824640722,0.896,0.08519514925425904,0.32466819194475693,0.0,-0.0678557409771782,0.12496273506282468,-0.2734194401555248,0.1377079582011684,0.7064377871019306,73,49,True,-0.049996819830607594,-0.18450533828096366,-0.19959730816688814,-0.24150068234649463,-0.13967909395886088,-0.11133298398338257,-0.04728373279971136,0.25653801501989376,0.30757074743831775,0.4082889278174206,0.47554385644715047,0.05900373386079515,-0.0010592970040223775
choque_B_tpu_primero,empleo,sin pandemia,3363,Fabricación de partes para vehículos automotores,0.5296068171162411,0.23933342280456002,-0.152910614068598,0.3546040121877318,0.687,-0.10863777436915792,0.3348411342952296,0.0,-0.06753675502457801,0.12533171828658793,-0.2737074316060152,0.13863392155685914,0.705009661409695,73,49,True,-0.0531276260566549,-0.16178890483036698,-0.25095789729129897,-0.17113815749171246,-0.17549501148490995,-0.13202405449845336,-0.11967878650277332,-0.11111033383294289,0.020095622162003116,-0.15363952514325258,-0.3197127356240449,-0.33546354882576446,-0.023797023471602015
choque_B_tpu_primero,empleo,sin pandemia,3335,Fabricación de maquinaria y equipo para la industria metalmecánica,0.6052735791408839,0.6140783535938158,0.2664197103149944,0.7244338218436128,0.709,0.31069255001443447,0.714967790874122,0.0,-0.0674331293404233,0.12928833477450588,-0.2801124400444855,0.14524618136363887,0.699015694707023,73,49,True,-0.10478278307608317,-0.08008008530665386,0.08295476937936201,0.479205385849577,0.13176144042830143,0.38644692154679816,0.6217815462185567,0.4887397646961344,0.4168527951312139,0.40525843781068266,0.3246637394677179,0.6533516463050776,-0.34269734435575744
choque_B_tpu_primero,empleo,sin pandemia,3159,Confección de accesorios de vestir y otras prendas de vestir no clasificados en otra parte,0.6664841032423205,0.9146421435264246,0.45507846259802665,0.4254235505944206,0.283,0.4993513022974667,0.40909629325727515,0.0,-0.06736234712776507,0.1348408945729311,-0.2891756187002368,0.15445092444470662,0.6913107472531086,73,49,True,0.10541248202547568,0.09646222571903222,0.339563000003455,0.11276043665013347,0.22346130474924444,0.4308556820200481,0.8721292414856572,0.7355538105390234,0.9403970407892169,0.3637630661944704,0.3410042030732644,0.7182296538111622,0.6364278667141631
choque_B_tpu_primero,empleo,sin pandemia,3362,Fabricación de carrocerías y remolques,0.4826387565231524,0.11902321441005292,-0.42929472591462664,0.8135003210027407,0.596,-0.38502188621518657,0.8050822020315945,0.0,-0.06703445866054858,0.12412171196347449,-0.27121467484046413,0.13714575751936697,0.7054257474865351,73,49,True,0.1910561355552063,0.0636308670237942,0.21225986444028294,-0.33243695516948446,-0.5266962492240886,-0.530336412018603,-0.436992723011329,-0.5537654277519798,-0.0040610900062498356,0.06425769843924967,-1.462410964655244,-1.6729569029701064,-0.5923792775415943
choque_B_tpu_primero,empleo,sin pandemia,3322,Fabricación de herramientas de mano sin motor y utensilios de cocina metálicos,0.4783144421423179,0.12768954532932958,-0.46957321440753674,0.3703636353109644,0.151,-0.4253003747080967,0.35148798289163735,0.0,-0.06688859873564068,0.1239701680829326,-0.2708195252320648,0.13704232776078346,0.7052476727281665,73,49,True,-0.06392314572865666,-0.24635003753777462,-0.026804004100923196,-0.06677519617551958,-0.29342059752400973,-0.5526468011212735,-0.6543377962764301,-0.501392175787169,-0.5875866428527481,-0.9490130849564473,-1.0634750678692737,-0.8560212523894238,-0.24270598497832677
choque_B_tpu_primero,empleo,sin pandemia,3321,Fabricación de productos metálicos forjados y troquelados,0.4526204884780047,0.03826066742265268,0.21534205127238495,0.4987379395594352,0.689,0.25961489097182505,0.48488566911434877,0.0,-0.06673295546000488,0.12367027410557171,-0.2701705563636704,0.1367046454436606,0.7052648679131012,73,49,True,0.2575671081622584,-0.11044642998836499,-0.24682256218632528,0.1472367133100672,0.004052825562003504,0.04456845624162065,0.14144335546652523,0.21587005057863812,0.5738171367243688,0.47446864782369885,0.8106947997042301,0.38670691633802873,0.10028964880425485
choque_B_tpu_primero,empleo,sin pandemia,3344,Fabricación de componentes electrónicos,0.4744887481943934,0.16122574159735625,-0.05063818061672855,0.38491376103074226,0.912,-0.0063653409172884715,0.3667876540824545,0.0,-0.0666290351826442,0.1237660750848117,-0.27022422869715945,0.13696615833187104,0.7048310779960492,73,49,True,-0.00409564313721339,0.08602564076653252,-0.026890271192380737,-0.13849843388080374,-0.07212453293578153,-0.09092532913184649,0.15643654907777788,-0.16455982867523072,-0.10803969142459816,-0.10660186427675201,-0.03833532793769859,-0.02897459462313248,-0.12171302064634361
choque_B_tpu_primero,empleo,sin pandemia,3262,Fabricación de productos de hule,0.4171737487232005,0.17319420214525957,-0.10245564333550997,0.25549129808982046,0.71,-0.05818280363606989,0.22726720651273127,0.0,-0.06521494986785756,0.12239090497911924,-0.2665479885585087,0.13611808882279358,0.702928338261834,73,49,True,0.0022881072340591533,0.036913228047997855,0.08755530837586796,-0.0078341432255991,-0.14341610909579572,-0.22959240007251772,-0.01467956139308108,-0.047338362578692554,0.23894534695432368,-0.2927167307449043,-0.48638086762919996,-0.42059839176502134,-0.0550687874690667
choque_B_tpu_primero,empleo,sin pandemia,3352,Fabricación de aparatos eléctricos de uso doméstico,0.3900028883753999,0.07493595431888583,-0.10136167939092877,0.3717423636799513,0.743,-0.057088839691488695,0.352940454908241,0.0,-0.06506897254082505,0.1222236069221825,-0.26612680592781524,0.13598886084616515,0.7027673610471038,73,49,True,-0.196762770593279,0.02989541933585884,0.24685267033859593,0.13925433448409283,0.030035991986829557,-0.2868079888769522,-0.46119048626183873,-0.6447682045335024,-0.09184329708654139,0.027417674495141587,-0.2566017754175772,-0.2543942859270963,0.40121088597419463
choque_B_tpu_primero,empleo,sin pandemia,3371,"Fabricación de muebles, excepto de oficina y estantería",0.3642278188643361,0.004901686321007664,0.11308280017921706,0.4859971415871397,0.831,0.15735563987865714,0.4717709204554147,0.0,-0.06481355836648231,0.12220344291972694,-0.26583822196943313,0.1362111052364685,0.7020737592389787,73,49,True,-0.05227350427497213,0.21824455724527841,0.044660252815544546,-0.11443892718159203,0.12007272296072065,0.4575911638324579,0.5997720542908737,0.4309771609624134,1.0039545182695693,0.17565022615623707,-0.5969536517976665,-0.7078851677878659,-0.10929500316117625
choque_B_tpu_primero,empleo,sin pandemia,3259,Fabricación de otros productos químicos,0.3514735701280596,0.037375188977905587,-0.04052059600943962,0.5501760159112823,0.942,0.003752243690000455,0.5376506563192223,0.0,-0.06434847685175352,0.12188276938319588,-0.26484563248711074,0.1361486787836037,0.7012343147782425,73,49,True,0.011823023989142903,0.2380860102515251,0.11722780489846342,-0.12252101756861343,0.10989482820846301,0.30343336690497447,0.4562857135999813,0.49304004613138286,0.023882386519087372,-0.1655093383410319,-0.13441017653399365,-0.7112341561016184,-1.146766240080478
choque_B_tpu_primero,empleo,sin pandemia,3271,Fabricación de productos a base de arcillas y minerales refractarios,0.3488287256548686,0.03778046576634959,0.3493870836115202,0.30290313782071165,0.218,0.3936599233109603,0.2795083015906898,0.0,-0.06428396457446504,0.12185306374556754,-0.26473225443592363,0.13616432528699357,0.7010952326216677,73,49,True,0.2478002587397562,0.3526982686462885,0.2502864001618692,0.4818089569895433,0.39951092732459753,0.6033215681252089,0.2251136810031619,0.0526855448543618,-0.05622803574914507,0.9120201461942642,0.4904703103649626,0.6272808929084713,-0.044736832613577235
choque_B_tpu_primero,empleo,sin pandemia,3114,"Conservación de frutas, verduras, guisos y otros alimentos preparados",0.3156513149608729,0.011841552492554095,0.08536908380324004,0.25242300205760404,0.783,0.1296419235026801,0.22381231361176737,0.0,-0.06363123553843303,0.1217232830978102,-0.2638660362343308,0.13660356515746477,0.6994269937209756,73,49,True,-0.04267491176614211,-0.34027374427671514,0.08887936842157067,0.07777253507123497,-0.18480157006402997,0.2314015635801941,0.23148788057536143,0.010094904248045796,0.1805141675952525,0.08743720594667956,0.14760072143367686,0.14985906573322746,0.4725009029437643
choque_B_tpu_primero,empleo,sin pandemia,3151,Fabricación de prendas de vestir de tejido de punto,0.3365154443339868,0.18378899573785,-0.2767520913274465,0.387400780821108,0.545,-0.23247925162800642,0.36939673081564095,0.0,-0.06325645971574001,0.1212488671108167,-0.26271084611303347,0.13619792668155345,0.6990630460652033,73,49,True,-0.1842159076464519,0.08154615247610564,0.18827251214716734,0.2666455461846403,0.1387440820870058,-0.19591507382739648,-0.3645326331916705,-0.9887251430956862,-0.4425152016089863,-0.20982366019042953,-0.7360513037939096,-1.150083389252555,-0.0011231675446377648
choque_B_tpu_primero,empleo,sin pandemia,3326,"Fabricación de alambre, productos de alambre y resortes",0.3138914060002775,0.11398215213683333,-0.7587320757949859,0.3900868371343336,0.054,-0.7144592360955458,0.3722127352226775,0.0,-0.06307432094901831,0.12127206568979744,-0.2625668690087351,0.13641822711069845,0.6985051285136291,73,49,True,-0.41558516114910005,-0.4547799129329876,-0.4410933828164088,-0.8168988823207879,-0.9343074913670008,-0.850825886724325,-0.581522588801972,-0.9872927219861062,-0.8051835526144919,-0.9351948480151291,-0.918126009659966,-1.003174036835084,-0.719532510111455
choque_B_tpu_primero,empleo,sin pandemia,3149,"Fabricación de otros productos textiles, excepto prendas de vestir",0.3944218335152466,0.6202783960190488,0.030300896975309452,0.40179309898934634,0.93,0.07457373667474954,0.38446361876248003,0.0,-0.062421829000290044,0.12318053150570923,-0.26505380332718176,0.14021014532660164,0.6938351481245993,73,49,True,-0.05048992436920602,0.12659456019502066,-0.11083717722753536,-0.12949989768680578,-0.03389119041515631,0.02602168400276794,0.2886980020867561,0.24700643020565993,0.22103809405225974,-0.1470136282847225,-0.03757369776073427,0.15319308805148174,-0.15933468217076302
choque_B_tpu_primero,empleo,sin pandemia,3141,"Confección de alfombras, blancos y similares",0.5072465584471345,1.2182657542027042,-0.5136220425773605,0.5404266113301505,0.373,-0.4693492028779205,0.527669879745157,0.0,-0.06206945699203796,0.1334506090178086,-0.2815957088263331,0.15745679484225722,0.6790743127046961,73,49,True,-0.34510982049096567,-0.4613701141075026,-0.7735852296785675,-0.21262064278802614,-0.5474975769722185,0.15171578703332853,-0.19686831718820638,-0.8216462576939007,-0.5342362746492534,-0.9508353286836582,-1.089228520156781,-0.7501509434634435,-0.14565331466649248
choque_B_tpu_primero,empleo,sin pandemia,3121,Industria de las bebidas,0.2419442465750293,0.00012329106015767006,0.08094696199558109,0.23072063591704292,0.615,0.12521980169502117,0.19901404873637343,0.0,-0.061949503693914464,0.12175665949541227,-0.2622392085638676,0.1383402011760387,0.6945529708399787,73,49,True,-0.0046668974663049805,0.10930170730321083,0.0734373943407685,0.14333046038729966,-0.02148266647155255,-0.03322954450294765,0.13498572925619354,0.1349818306406696,0.09481926686851642,0.23918522312116894,0.2545680668515993,-0.0791816193479991,0.00626155496193178
choque_B_tpu_primero,empleo,sin pandemia,3324,"Fabricación de calderas, tanques y envases metálicos",0.2575554192946691,0.07360055114277667,0.010644245352033876,0.4089968284576306,0.978,0.054917085051473954,0.39198595057078184,0.0,-0.061947489552965786,0.12135079264410785,-0.2615695434525232,0.13767456434659164,0.6951433609469353,73,49,True,-0.0674313612294014,0.45387368562725294,0.2063670548996718,0.030865781775739055,0.07072975910198623,-0.4194570110624233,-0.3129110510902955,0.0497759211912498,-0.33271476364633573,-0.24183450250643773,0.5102853059162695,0.37377526594007787,-0.18294889534091327
choque_B_tpu_primero,empleo,sin pandemia,3272,Fabricación de vidrio y productos de vidrio,0.272472982882299,0.15198381360749708,0.07259336628029066,0.2547423001629738,0.791,0.11686620597973074,0.22642486446678414,0.0,-0.06190434022930774,0.12107898563574863,-0.26107927160011424,0.13727059114149875,0.6954198261087663,73,49,True,0.08985551219247792,-0.005041318862929979,0.15046873811135744,0.28925454266744804,0.2135144533976155,0.29127217569412145,0.19404566880045263,0.1584953449219519,0.11961630421605313,-0.06405048016575773,-0.06088436221870769,-0.4410165040888874,0.00818368697858323
choque_B_tpu_primero,empleo,sin pandemia,3161,Curtido y acabado de cuero y piel,0.262669438610518,0.10967177111390917,-0.08731519660269328,0.4835247734553055,0.864,-0.043042356903253205,0.4692235994720251,0.0,-0.06188627890142455,0.12120958871326233,-0.2612760523347411,0.13750349453189198,0.6951747708474596,73,49,True,0.24345119710336718,0.630290233005834,0.43353927517144947,0.10196241982154355,0.32868881853706244,-0.10327071904133191,-0.5824812166951538,-0.09511986859589537,0.2413978639149375,-0.796992774497343,-0.9984980640099357,-0.5949671927376057,0.05690247218805871
choque_B_tpu_primero,empleo,sin pandemia,3379,"Fabricación de colchones, persianas y cortineros",0.3523025337449802,0.5315470058345413,-0.02429255575561558,0.4293396953043825,0.947,0.019980283943824496,0.4131672224663265,0.0,-0.061874723266276556,0.12207935074513916,-0.26269525524203047,0.13894580870947737,0.693866528409877,73,49,True,0.4171025700093256,0.678107608678866,0.7322380392448573,0.7667629910898984,0.5068086103657139,0.01602378174714508,-0.42225873810686515,-0.3973115197857009,-0.1418219769299918,-0.4281716826943018,-0.8674683862728082,-1.070156756373327,-0.10565776579581411
choque_B_tpu_primero,empleo,sin pandemia,3256,"Fabricación de jabones, limpiadores y preparaciones de tocador",0.2434658656862863,0.0355111400392335,-0.25451220446530487,0.32830729112731066,0.37,-0.2102393647658648,0.30685543365538054,0.0,-0.061806893594491055,0.12156878451709224,-0.2617875441251078,0.1381737569361257,0.6944173904055266,73,49,True,-0.06416894213291738,-0.004995396956491097,0.008445794930605308,-0.05716355515635935,-0.22155404565663184,-0.3182652124314131,-0.28791137874729844,-0.4534155348331109,-0.48243796193393523,-0.3436458538957736,-0.784963628710528,-0.36241961693634167,0.06383667441123257
choque_B_tpu_primero,empleo,sin pandemia,3133,Acabado de productos textiles y fabricación de telas recubiertas,0.3062290364360683,0.3483594395688712,-0.02142970946206814,0.9399884963605784,0.987,0.022843130237371938,0.9327126851537401,0.0,-0.06171080147570729,0.12108356579778314,-0.26089326721306055,0.13747166426164598,0.6948532826282747,73,49,True,-0.0624481738589158,0.027514515836518236,0.2610319937813807,-0.18938574185965368,-0.0023577317552663265,0.4167379892311514,0.26406571456262684,-0.1487839223990767,-0.572865691527042,-0.5686507035552661,1.0055037986600326,0.22029643486237788,-0.9292447049857526
choque_B_tpu_primero,empleo,sin pandemia,3152,Confección de prendas de vestir,0.4259861529321015,0.9248468204807683,0.03661875097546159,0.22126130813272665,0.88,0.08089159067490168,0.1879658113410105,0.0,-0.061630640331129846,0.12690598628797597,-0.2703909877748503,0.14712970711259066,0.6863888324561079,73,49,True,-0.12152793705265627,-0.30543290295189046,-0.03885132008889696,-0.002814365173352737,0.03468129522792488,0.09355782686653481,0.2516717598565906,0.11985272195345806,-0.13085494187420685,0.0496723504760538,0.22174921973597575,0.3808449483866628,-0.07650489268119677
choque_B_tpu_primero,empleo,sin pandemia,3372,Fabricación de muebles de oficina y estantería,0.2214380514733216,0.0,0.0338734439510313,0.3159422680032814,0.928,0.07814628365047138,0.29358831119023837,0.0,-0.06146579861016101,0.12188588458458456,-0.2619680787518026,0.13903648153148057,0.6929710998335505,73,49,True,-0.06959207581293766,-0.09293210413213057,-0.05711983204236895,0.01546099411804427,0.013304096835366512,-0.1600864045446849,0.2768462690704526,-0.5392950000250863,-0.4283076004473608,-0.3287144380661322,0.394072611044575,0.8568039254129667,0.5599143299527033
choque_B_tpu_primero,empleo,sin pandemia,3323,Fabricación de estructuras metálicas y productos de herrería,0.2249299265714363,0.042986145911046665,-0.11890712644864754,0.2614733494137306,0.577,-0.07463428674920747,0.23397199022556908,0.0,-0.0613313861210161,0.12164596559612272,-0.26143899952663796,0.13877622728460576,0.6929323314300875,73,49,True,0.08094443362315924,-0.30835400885881575,-0.35503946569133366,-0.27982366866155983,-0.03358254914645581,-0.021540870030724708,-0.06949352659733407,0.054840184070248994,-0.14025797476996624,-0.27549626559754137,-0.20648287899983922,0.2594167353252437,-0.25092278849749916
choque_B_tpu_primero,empleo,sin pandemia,3279,Fabricación de otros productos a base de minerales no metálicos,0.2243733059375072,0.09096728123609459,0.32353059931181677,0.2746936978333608,0.193,0.36780343901125684,0.24865881722924016,0.0,-0.0610761518199833,0.1214584172445039,-0.2608752481871922,0.1387229445472256,0.692467408657115,73,49,True,0.5549143498400143,0.5436082153026487,0.46522719874387103,0.0422968770515481,0.029781494124742985,0.21848965377514984,0.2404036492418576,0.35248105664085494,0.5154823823401935,0.5221546298687108,0.249120571355931,0.05555455152067196,0.4163831612474228
choque_B_tpu_primero,empleo,sin pandemia,3113,"Elaboración de azúcares, chocolates, dulces y similares",0.2016423568218791,0.005446138950690162,-0.22321547734438368,0.20754219717652325,0.295,-0.17894263764494361,0.1716051962072763,0.0,-0.06097077410501564,0.12203757884831669,-0.2617225913104966,0.13978104310046532,0.6913239286055097,73,49,True,-0.05066686232955552,-0.4154484729144996,-0.6299866922085667,-0.2881911644433604,-0.03631025980241506,0.17343954509503745,0.29011696147794175,-0.09223769567591637,-0.17472250892763835,-0.38913124623530276,-0.5349051159407344,-0.4285981207260356,-0.32515957284594194
choque_B_tpu_primero,empleo,sin pandemia,3131,"Preparación e hilado de fibras textiles, y fabricación de hilos",0.2001267979454507,0.0774387648863754,-0.16851083188564422,0.38951950993465906,0.689,-0.12423799218620415,0.3716181217005111,0.0,-0.06057174162421307,0.12173180518726712,-0.2608205611572675,0.13967707790884132,0.6906111934670942,73,49,True,-0.0459274733676213,-0.2180119274736768,-0.00674961437139098,0.16890148433072844,0.10312923486325448,-0.013877060543749566,0.14669258433174986,-0.3770242835788837,-0.44995249141666716,-0.45737016110911877,-0.8586886840424478,-0.4133798136093976,0.23161739147384616
choque_B_tpu_primero,empleo,sin pandemia,3219,Fabricación de otros productos de madera,0.1827036170504173,0.16703782379480125,0.007996940865622514,0.4583080141852561,0.985,0.05226978056506259,0.4431938803987616,0.0,-0.05970816089717543,0.1217042457808499,-0.25991164520667354,0.14049532341232265,0.6881454751130449,73,49,True,0.07359843282062224,-0.2384045166626659,-0.014092460770375329,-0.04857659399393296,0.09465074641359189,-0.36215682452094067,0.5411830525959078,-0.13344507980599055,-0.034971953051973814,0.1577104636408398,0.47673997497230425,-0.3006558022188679,-0.10761920816542621
choque_B_tpu_primero,empleo,sin pandemia,3328,Recubrimientos y terminados metálicos,0.1588822707072484,,-0.25758290211820123,0.31048546891216783,0.426,-0.21331006241876116,0.2877078486278879,0.0,-0.05948549099070369,0.12222989570800029,-0.2605536694303642,0.1415826874489568,0.6867535120751512,73,49,False,-0.46117724565591706,-0.9421348626817915,-0.14936297106156007,-0.2908570026281257,-0.39377209914637074,-0.20565072830420963,-0.21991220314693782,-0.23351197272507418,0.2664227081143313,-0.10970871255825555,-0.32532534742164665,-0.2777564910933296,-0.005830799227728942
choque_B_tpu_primero,empleo,sin pandemia,3254,Fabricación de productos farmacéuticos,0.1290966945098601,0.009184281116309617,-0.13415852633438854,0.19709984038510697,0.433,-0.08988568663494848,0.15881727499335074,0.0,-0.0592384880906085,0.12315171554609246,-0.2618230601639306,0.1433460839827136,0.6847490017658321,73,49,True,-0.09202052946168848,-0.08272083813669505,-0.08509822620647142,-0.05817084633847661,-0.16119582709566987,-0.19710439375309943,-0.10126098477746676,-0.03418288757662253,0.0054936510390323785,-0.2650127787035583,-0.3351513601990901,-0.3474915444680358,0.009855723330790553
choque_B_tpu_primero,empleo,sin pandemia,3274,"Fabricación de cal, yeso y productos de yeso",0.1199075903205221,0.0,-0.04801910677076062,0.3413240460995514,0.853,-0.0037462670713205443,0.32074395427232555,0.0,-0.05906779360561576,0.12339319001636447,-0.26204959118253535,0.1439140039713038,0.6839224492716118,73,49,True,-0.021409400664019182,-0.033091373117406404,0.09323461274931528,0.1650961433897524,0.059793975710961525,-0.2028864936797502,-0.2314549969224988,-0.02751110825151042,-0.175852999297461,0.011197110631145077,0.04467038875500845,-0.016959624345077626,-0.2890746229783472
choque_B_tpu_primero,empleo,sin pandemia,3261,Fabricación de productos de plástico,0.2303591490643638,0.524248422355608,-0.07532851552451644,0.16115897121723247,0.512,-0.031055675825076366,0.1111161273635637,0.0,-0.05903141889254649,0.12193796371090296,-0.25961936919698186,0.1415565314118889,0.6858461886730658,73,49,True,0.05485989422227489,0.05572202559127078,0.08141695361869944,-0.14173761697411247,-0.17415039916955108,-0.02810141463759478,-0.1544829317050685,-0.21094743056709625,0.12311691997698854,-0.11311601717703444,-0.3058904988893455,-0.012251890470070585,-0.15370829563807384
choque_B_tpu_primero,empleo,sin pandemia,3162,Fabricación de calzado,0.1604241815757467,0.208928615610855,-0.35333135106517166,0.34548732307552077,0.343,-0.3090585113657316,0.3251708322749262,0.0,-0.058970593311296,0.12199398263996157,-0.2596506947540328,0.1417095081314408,0.6855903495626942,73,49,True,-0.2793998785628218,-0.5395533033893529,-0.21836309765869968,-0.42439084900685053,-0.6495779358500005,-0.38870131518834117,-0.4965618533388223,-0.8488653712966617,-0.7125559604291357,-0.30699723284629565,-0.243530063033628,-0.008521973182673838,0.5237112699360512
choque_B_tpu_primero,empleo,sin pandemia,3222,Fabricación de productos de cartón y papel,0.1574973850413846,0.21291333042696917,-0.06602675610659571,0.25741860852251436,0.698,-0.021753916407155634,0.22943173226506056,0.0,-0.058881361755396225,0.12204137515307154,-0.2596394238821989,0.14187670037140643,0.6852641206537544,73,49,True,0.06405731536315101,0.010349854693381698,0.053430022190422505,-0.10388815023376784,-0.17898589342972937,0.03541773286746954,-0.12479747209316013,0.0191624742617213,-0.03156874442040124,0.040658343645432804,-0.3571601177913504,-0.11910281000445061,-0.16592038443446352
choque_B_tpu_primero,empleo,sin pandemia,3252,"Fabricación de resinas y hules sintéticos, y fibras químicas",0.3119319594154858,0.9457986711094967,-0.05418322302393542,0.48041688977394303,0.928,-0.009910383324495342,0.46602035120426644,0.0,-0.05883113051061233,0.12601332119090677,-0.26612304386965396,0.1484607828484293,0.6797015428026006,73,49,True,0.09873721027434275,-0.1872630355818637,-0.4445274326884585,-0.05360782688763408,0.1513560190710619,0.21933769142862183,0.23181991439797492,-0.14821057487379663,0.09775315151691762,-0.09142569380295319,-0.1738574725089942,-0.3405421649332704,-0.06395168472310873
choque_B_tpu_primero,empleo,sin pandemia,3231,Impresión e industrias conexas,0.1024504665734745,2.5074260643867242e-05,-0.41300845209111087,0.37537012703483646,0.268,-0.3687356123916708,0.3567594596175807,0.0,-0.05865535467431857,0.1237957947580523,-0.26229943705131464,0.14498872770267748,0.6821813455903212,73,49,True,-0.2688161348663573,-0.039475528580770906,0.44368476561879877,0.4893987400207531,-0.08384410758259958,-0.5723511652666625,-0.8420822879255617,-1.3848759162927757,-1.057474523877395,-0.5538946144828534,-0.8738137672141534,-0.7005277313825706,0.07496239464770749
choque_B_tpu_primero,empleo,sin pandemia,3119,Otras industrias alimentarias,0.1089707298904361,0.0323275826493142,0.06447941360463237,0.3897462916687871,0.895,0.10875225330407245,0.3718558210194513,0.0,-0.05864637245239522,0.12348833119014105,-0.26178467726017723,0.14449193235538682,0.682575965246569,73,49,True,-0.07402938074944429,-0.1328019159464311,-0.09998175731382052,0.1529979279388455,0.3919324111838047,0.5437812247301357,0.6513251523950755,0.41337062342982406,0.2688116242797621,-0.203665348367191,-0.48487125912872,-0.4279968622249995,-0.16064006336661982
choque_B_tpu_primero,empleo,sin pandemia,3251,Fabricación de productos químicos básicos,0.135778270214786,0.24687503499913044,0.45812212366587496,0.3782433951283736,0.196,0.5023949633653151,0.3597813860036646,0.0,-0.05819703417299882,0.12244337301549528,-0.25961638278348853,0.14322231443749092,0.6827125444278631,73,49,True,0.24677482927567368,0.41212216316103295,0.8208480202759038,0.6694352837341608,0.740692692887345,0.5901489515996927,0.5303598557579586,0.6624619154515756,0.3646506711025856,0.3464020723073361,0.5052484623623424,0.05535283151720588,0.011089858223561401
choque_B_tpu_primero,empleo,sin pandemia,3221,"Fabricación de pulpa, papel y cartón",0.0619018679380005,0.001245006131624058,-0.10735285885966613,0.21286170506973398,0.521,-0.06308001916022604,0.17800192482575394,0.0,-0.057691499341040384,0.12488351410775693,-0.26312488004830054,0.14774188136621974,0.677945890675916,73,49,True,0.04594427006499173,-0.09461260706656442,-0.029063400702313148,-0.010119531598505592,-0.08788838526823294,-0.041760823781888896,-0.002869420666638163,-0.2771246362242599,-0.14459294904953215,-0.10759554522120102,-0.2097323270654413,-0.28517483209258376,-0.15099697650349003
choque_B_tpu_primero,empleo,sin pandemia,3112,Molienda de granos y de semillas y obtención de aceites y grasas,0.0609807080676099,0.015464642605078835,-0.15235251584992934,0.22063562041465903,0.484,-0.10807967615048927,0.18722888866903112,0.0,-0.057597998007304,0.12484402257312467,-0.2629664151400941,0.14777041912548608,0.6777297121260296,73,49,True,0.004635646997450033,-0.15580108648573407,-0.20989550347298952,-0.33344814847486554,-0.0587389895459212,0.08665678714289453,0.3593472366019445,0.09194820214094095,0.09732341869289343,-0.3504684164479294,-0.48883075733582476,-0.6715327566911281,-0.3517783391708124
choque_B_tpu_primero,empleo,sin pandemia,3241,Fabricación de productos derivados del petróleo y del carbón,0.0588949583065286,0.029050875130591527,-0.16383649107997672,0.44946722366853326,0.701,-0.11956365138053665,0.4340453489081276,0.0,-0.05748018654271483,0.12484671599959156,-0.26285303436204294,0.1478926612766133,0.6773876126615246,73,49,True,-0.14858162656514357,-0.43533946075056545,-0.10271464338421074,-0.1871348921996681,-0.18702134430380984,-0.05609410778588077,-0.2362507818139716,-0.010362393027242655,-0.30801482539335845,-0.33954980024234593,0.15773119938877503,0.11628407140483661,-0.39282577936711205
choque_B_tpu_primero,empleo,sin pandemia,3132,Fabricación de telas,0.1336042055792961,0.37885838528697496,0.16926877704795706,0.25144190826108914,0.433,0.21354161674739713,0.2227052154451191,0.0,-0.05747976690451767,0.12269462993860095,-0.25931243315351626,0.1443528993444809,0.6802786933817714,73,49,True,-0.1124080276400821,-0.11612705198144348,-0.05110392292227073,0.002786366782850153,-0.08108094709505227,0.13821949352891527,0.29150414161011634,0.23555666148428858,0.5903145800073455,0.5363508910096828,0.2772233576928865,0.1883064301758003,0.30095212897040446
choque_B_tpu_primero,empleo,sin pandemia,3253,"Fabricación de fertilizantes, pesticidas y otros agroquímicos",0.1679807884786191,0.549472772838495,-0.24294230317895033,0.7273999872859633,0.757,-0.19866946347951026,0.7179730644391185,0.0,-0.05743086190637326,0.12285936658742483,-0.2595345199426871,0.14467279612994058,0.6799117522011168,73,49,True,-0.5216126684215014,-0.6332696006323819,-0.36229334986123096,-0.04986710667844507,-0.2875767559691571,-0.16648911739926062,-0.4297970368339313,-0.5373170764965365,-0.28303331896027434,0.31293964784372974,-0.19597624291813895,-0.4997955015843004,0.4958381865850741
choque_B_tpu_primero,empleo,sin pandemia,3115,Elaboración de productos lácteos,0.0498313429839448,0.009728495317546031,0.04283371129253599,0.18883407084882853,0.782,0.08710655099197606,0.1484347872630245,0.0,-0.05736360746977319,0.1252111568361055,-0.2633359604651668,0.14860874552562037,0.6765722557219094,73,49,True,-0.04633712905716288,0.04855780169738826,-0.05757777040428766,-0.03864581853059088,0.06876046670523724,0.1829698943081521,0.1744152618136576,0.05711324819698948,-0.038108943971411825,0.1082283537225414,0.03620483922795822,-0.09688671272572523,0.158144755820222
choque_B_tpu_primero,empleo,sin pandemia,3116,"Matanza, empacado y procesamiento de carne de ganado, aves y otros animales comestibles",0.044361709007407,0.0005565343123640996,-0.15268155786341137,0.20715034950585606,0.261,-0.1084087181639713,0.1711310815044341,0.0,-0.05728069941719587,0.1254274037763546,-0.2636087786292992,0.14904737979490745,0.6760509349981917,73,49,True,-0.03269283919237587,-0.11860889973815472,-0.06662264559986004,-0.13424356375213134,-0.18281755147825465,-0.12795710487255962,0.03043058569206387,-0.18743687759979555,-0.10841246950544078,-0.22260930124053338,-0.3176248485965565,-0.3307697181485432,-0.18549501819220582
choque_B_tpu_primero,empleo,sin pandemia,3118,Elaboración de productos de panadería y tortillas,0.043199849411286,0.00024549054628625414,-0.036348276693465485,0.21076915994321385,0.759,0.007924563005974591,0.17549421226823123,0.0,-0.05725482731113827,0.12546612089139852,-0.26364659617748887,0.14913694155521232,0.6759261524851616,73,49,True,0.10449423744594702,0.040506311156724664,0.0012849134385978236,0.0036587502914911655,0.045904752363812286,-0.07361933367677617,-0.095482008477289,-0.13563269868758315,-0.25962498330750233,-0.05915831019783328,-0.04810927692669039,-0.006883678157755774,0.010133727719805844
choque_B_tpu_primero,empleo,sin pandemia,3315,Moldeo por fundición de piezas metálicas,0.0974402319506194,0.2715351086932004,-0.100818900731329,0.36506513144868663,0.772,-0.056546061031888924,0.34590046249770434,0.0,-0.05716712243385455,0.12334082584254147,-0.26006278094483526,0.14572853607712616,0.6784930697542573,73,49,True,-0.03208014141936994,-0.19717194305231203,-0.1299582808723326,0.009252642194889324,-0.05332611536835465,-0.13107130460445596,-0.13437298773957723,-0.12564573428358672,-0.008019585639002444,0.10485613464100198,0.08592336506918788,-0.48581715790816876,-0.21321460052519545
choque_B_tpu_primero,empleo,sin pandemia,3273,Fabricación de cemento y productos de concreto,0.0343074151008847,0.00012961613710545992,0.0006622386563660554,0.4016341015611125,0.999,0.04493507835580613,0.3842974515831207,0.0,-0.057045385309203916,0.1257573498047505,-0.26391622573801854,0.14982545511961068,0.6749469223911233,73,49,True,-0.009517325523752507,-0.29044814675008984,-0.18441652269662773,-0.09933540250190588,0.17725761156185899,-0.1355053901519031,0.19326076702036668,0.3447554213715675,0.3840800003640912,0.007620015666613971,-0.19301790760534696,0.0638504548834033,-0.2499744731055169
choque_B_tpu_primero,empleo,sin pandemia,3327,Maquinado de piezas y fabricación de tornillos,0.1233232283296124,0.4326418816534467,0.03172085625833623,0.2626262685931186,0.891,0.0759936959577763,0.23525972182170032,0.0,-0.05696558145987396,0.12311081637267643,-0.2594828743929267,0.14555171147317877,0.6782167158221846,73,49,True,-0.4208363072895844,0.9337311837849834,0.7781470255400089,0.07656643801811314,-0.5285397434245237,0.6985299956926276,-1.128888479763649,-0.015906251263420212,0.09714704031715961,-0.23643428424323482,-0.39381899577982926,0.33815391416287144,0.21451959560684813
choque_B_tpu_primero,empleo,sin pandemia,3111,Elaboración de alimentos para animales,0.02886946578166,0.0027127477990509046,-0.009973070775272087,0.25584889681797174,0.967,0.034299768924167987,0.22766914099071947,0.0,-0.05690391555368512,0.12592792258032984,-0.2640553481983277,0.15024751709095746,0.6743211560340676,73,49,True,-0.11862199479612676,-0.04169812074157402,0.019268811461758843,-0.17061624161887054,-0.26934148207931946,-0.3285392137059577,-0.05177388385464773,0.15686883009564667,0.21220190528671765,0.15866563086893984,0.25937574890250076,0.09596216050791405,-0.051402070405518877
choque_B_tpu_primero,empleo,sin pandemia,3255,"Fabricación de pinturas, recubrimientos y adhesivos",0.0704773870608603,0.2102982954347221,-0.029144465567413232,0.24295965425244545,0.853,0.015128374132026844,0.21308208125261677,0.0,-0.056839267340013315,0.1240730129104106,-0.26093937357763874,0.14726083889761213,0.6765638119253052,73,49,True,0.031079673162652397,0.1684327863559057,0.047493520784545204,0.01802543515207917,-0.08752548723610055,-0.1709628150336068,-0.26715227576834016,-0.10484756832793066,0.022230465231103856,-0.0038387158431095712,0.22712986014641698,-0.00796064244412245,-0.2509822885558652
choque_B_tpu_primero,empleo,sin pandemia,3211,Aserrado y conservación de la madera,0.0034917286527276,0.0,-0.5717831997098238,0.4189470374921504,0.144,-0.5275103600103838,0.40235705533757976,0.0,-0.056318216624302884,0.126843668621549,-0.26497605150675096,0.1523396182581452,0.6714776471761535,73,49,True,-0.44406945778757334,-0.5213779953354735,-0.36551307863715105,0.556276711978696,-0.5104096999041368,-0.3866246526728876,-1.2132787518981285,-1.1843355666906403,-1.2104664456829413,-0.3711144960416397,-0.4920399382392164,-0.8303016450902603,-0.4599265802263562
choque_B_tpu_primero,empleo,sin pandemia,3122,Industria del tabaco,0.1071479040489181,0.7594394974604725,-0.20626766842586053,0.4523353635137789,0.685,-0.16199482872642046,0.4370147146740272,0.0,-0.05493469347158025,0.12597399142406496,-0.2621619093641671,0.1522925224210066,0.6686105275565464,73,49,True,0.08836596474944593,-0.2452052150264629,0.397858249476161,0.3482126322278133,-0.03820209367155219,-0.13651259761641907,0.1769545605179538,-0.35321611444551443,-0.18755915429829778,0.007005300147684283,-1.6391998661403864,-0.9300198642804045,-0.16996149117620812
choque_B_tpu_primero,empleo,sin pandemia,3212,Fabricación de laminados y aglutinados de madera,0.0775332943220637,0.706229815707303,0.27182899989184717,0.27565776637495676,0.22,0.31610183959128724,0.2497234148399168,0.0,-0.05450370675878006,0.1262222282469134,-0.2621392722249526,0.1531318587073925,0.667059341538558,73,49,True,0.33145756180138164,0.40408640078318436,0.24685800614603318,0.07574374442254046,0.17433008864992983,0.34445895891456313,0.40406106054972724,-0.2120419087915829,-0.017532213347057776,0.0793802759515733,0.3983339548150862,0.8404900193475817,0.4641510493510521
choque_B_tpu_primero,empleo,sin pandemia,3313,Industria básica del aluminio,0.2650002880058719,3.4239119691147217,-0.2659212782891524,0.39099027435859945,0.432,-0.22164843858971234,0.37315944902881903,0.0,-0.04521940761992134,0.20268056400012224,-0.37862893540012243,0.2881901201602798,0.5882737984310039,73,49,True,-0.31245196347667065,-0.4881467624249,-0.5590329083229508,0.15870349411175724,-0.2208156143435382,-0.20655500064425186,-0.677798541518916,-0.9613638353494232,-0.0036850999976889218,-0.08488476428673504,-0.4394582744141711,-0.04818261443181043,0.3866952673403182
choque_B_tpu_primero,empleo,sin pandemia,3312,Fabricación de productos de hierro y acero,0.0669975578374552,6.615743671162022,-0.013434339334992523,0.4558818384428553,0.977,0.030838500364447553,0.4406845020856946,0.0,-0.024438551532174575,0.35045772121246804,-0.6009415029266845,0.5520643998623354,0.527797006795878,73,49,True,0.017277793823907324,0.2965045817471189,0.026603220585197852,-0.18289987130273552,-0.06058661200020972,-0.3077842486296981,-0.26418244467030516,-0.03871153003216591,-0.35079326842442865,-0.2939158474152862,0.5170995589513026,0.33438055428885277,0.13236170172354714
choque_B_tpu_primero,empleo,sin pandemia,3311,Industria básica del hierro y del acero,0.279574215702268,10.234472970162127,-0.40082904601675456,1.7709611993139842,0.821,-0.3565562063173145,1.7671101123676771,0.0,-0.011201094296213382,0.5262490381209373,-0.8768807620051552,0.8544785734127284,0.5084907570201356,73,49,True,-0.007461522922621459,-1.429398709735818,-0.26124050115214176,0.7054754102716329,-0.5057786383690782,0.19577249446151493,0.07912765764029396,-0.7282268911119771,0.38028133625664107,1.2559958198949701,-2.27613159131602,-1.5122624947303516,-1.1069299674048545
choque_B_tpu_primero,horas,completa,3311,Industria básica del hierro y del acero,0.279574215702268,10.234472970162127,-0.25331411718742874,1.4190342471335,0.815,-0.4049568330985792,1.2645755425000278,0.0,-0.052632917354017844,0.9006369877096518,-1.5341807621363952,1.4289149274283595,0.5233007868070423,90,78,True,-0.2700606107130959,-0.20259689846184492,-0.8877427469015851,-0.2550556482131642,-0.023197776136311687,0.15143710830084103,-0.3875422900328791,-0.14391531110390263,0.17261449883185673,0.5033158980779218,0.0003273181279205789,-0.9979443987073109,-0.952722666505019
choque_B_tpu_primero,horas,completa,3364,Fabricación de equipo aeroespacial,0.9896704181454756,0.014151309535923225,1.397033211861493,1.386060304174847,0.357,1.2453904959503426,1.2274592762942358,0.0,-0.009427229797276254,0.6645489988312869,-1.1026103328747432,1.0837558732801909,0.5056591679806605,90,78,True,-0.00748092486499917,1.1039742117863782,1.3340663699599304,2.074065661277535,0.605116846652577,2.3663613904686813,2.6187695681803467,2.104320620978069,1.5644579796708211,2.694510196924331,0.34236783874568233,0.19265900454322962,1.168242989876826
choque_B_tpu_primero,horas,completa,3343,Fabricación de equipo de audio y de video,0.9478363435009872,0.05955715398719757,-0.6735984851912241,0.8539292441648567,0.185,-0.8252412011023746,0.560970821158698,0.0,-0.0020295174634193114,0.6623337974806467,-1.091568614319083,1.0875095793922445,0.5012224335539465,90,78,True,-0.42173966013550307,0.29646456912484026,-0.06620399236397524,-0.2232411315212284,-1.2886717690439273,-0.664872437245062,-0.35349597981144726,-0.4890818409208365,-0.791069684316172,-0.45080465215369264,-2.262621039212981,-1.7774172143753602,-0.2640254755105699
choque_B_tpu_primero,horas,completa,3353,Fabricación de equipo de generación y distribución de energía eléctrica,0.8989208694711824,0.45389419359827005,-0.408114928911981,0.8724084157325633,0.432,-0.5597576448231314,0.5887185677320713,0.0,0.0005255952561945276,0.6600473151726308,-1.0852522382027832,1.086303428715172,0.49968232255007367,90,78,True,-0.14386097278942953,0.14727095975881388,0.12627512192607088,0.36940357928262446,-0.6016030028445098,-0.16909215040827924,-0.21836550552393952,-0.43005171737473386,-0.406927078611855,-0.8478749005040392,-1.1905541621803624,-1.0115644756951747,-0.9285497708909395
choque_B_tpu_primero,horas,completa,3345,"Fabricación de instrumentos de medición, control, navegación, y equipo médico electrónico",0.9203173609236356,0.08650546749963084,0.2673095320966517,0.7642193729502953,0.681,0.11566681618550123,0.41173335806568173,0.0,0.00288894802027051,0.6609575667877056,-1.0843862493455052,1.0901641453860462,0.4982562876962323,90,78,True,0.023150375158704616,0.35337148341402336,0.41748075723719363,0.5554025579358977,-0.405706003648922,0.5720350216070301,0.9612310737159282,-0.028204398762897712,0.87988014320553,0.9521405838409441,-0.5115440261030643,-0.1410719122379181,-0.15314173810597728
choque_B_tpu_primero,horas,completa,3342,Fabricación de equipo de comunicación,0.895054776922478,0.01288857306848177,0.2297994321407518,1.3558281660772997,0.86,0.07815671622960133,1.193215455850298,0.0,0.009160815395400979,0.6598481481108939,-1.0762893882470195,1.0946110190378215,0.4944615754448146,90,78,True,1.588509330972834,0.02904293825603143,0.3973341016337366,0.4143020038668487,-0.8981941693987666,0.3222027363554415,0.6592888896015536,-0.8947564183495192,0.6709994536666652,0.5380000170781357,-1.306971464860743,0.45394580121383665,1.0136893977937191
choque_B_tpu_primero,horas,completa,3333,Fabricación de maquinaria y equipo para el comercio y los servicios,0.8664849575372038,0.26580327730216874,1.1515683691432819,1.2319929900938966,0.473,0.9999256532321315,1.050380805133072,0.0,0.010249585989111187,0.6584207715199387,-1.072852583161188,1.0933517551394103,0.49378994672781734,90,78,True,0.3326360762641814,1.597121547608331,1.6940569476930283,2.1966161939985462,2.107506314197215,1.7856349758550378,1.7769661906558283,1.0601773495681401,1.736783592631282,0.7268143995312517,-0.5387913061845675,-0.32547719568477423,0.8203437127291604
choque_B_tpu_primero,horas,completa,3351,Fabricación de accesorios de iluminación,0.831395116765869,0.5101170356130816,-0.09588592694284241,0.905142829659586,0.892,-0.2475286428539929,0.6362205987200216,0.0,0.012771333788504091,0.6571420516665588,-1.0682273412029852,1.0937700087799933,0.4922471795959439,90,78,True,-0.6729416609794473,-0.10286612337936463,-0.3446160641687727,-0.6769635071253456,0.3507640101174194,-0.20016821693586184,2.2060553819279676,-0.5667070007289352,0.28138519750854774,-0.3445522635260048,-0.6675172922005822,-0.2728099225431013,-0.23557958822347036
choque_B_tpu_primero,horas,completa,3336,"Fabricación de motores de combustión interna, turbinas y transmisiones",0.8385248456652771,0.34629757144673917,0.0970928184985432,1.1373673441650338,0.952,-0.05454989741260727,0.937602039100024,0.0,0.01429824778262398,0.6572520167241446,-1.066881319728594,1.0954778152938418,0.4913218589908621,90,78,True,-0.035560556912713585,1.1978372930322057,1.0122794027829536,1.8046465862526333,0.6266246435990438,0.2361896452047007,1.1697571481791145,0.15768332167966095,0.9240643696963013,0.1631124632994305,-1.486925796582713,-2.674263375209953,-1.8332385045396027
choque_B_tpu_primero,horas,completa,3334,"Fabricación de equipo de aire acondicionado, calefacción, y de refrigeración industrial y comercial",0.8482017522901368,0.11367478899586249,-0.4746618196688488,0.884265213468602,0.544,-0.6263045355799992,0.6061502090259251,0.0,0.016554221261785323,0.6576740682799029,-1.065319621058655,1.0984280635822257,0.48995934035628175,90,78,True,-0.1311895873838988,0.19880644027529668,0.2656277117098658,0.20860822982462623,-0.08221745840440767,-0.31204839924487393,0.15796946146217178,-0.01769213993863289,-0.5610952205793547,-0.6159541671394468,-1.431032276029929,-2.2202320763227346,-1.6301541739237158
choque_B_tpu_primero,horas,completa,3325,Fabricación de herrajes y cerraduras,0.8134327973740351,0.4498475651046204,-0.24535345527460367,0.9966284466609205,0.778,-0.39699617118575414,0.7607636747671774,0.0,0.017372349705398166,0.6563209503850517,-1.0622756136780118,1.097020313088808,0.4894415139384344,90,78,True,-0.013911159695682228,1.364425312381438,1.1934931641413307,1.0837882240725734,-0.6461848446911395,0.2508007520120875,0.49344514007911183,0.7552005084066624,-0.857494602691328,-0.7830723097109242,-2.6020505771829066,-2.7864369783371328,-0.6415975473539395
choque_B_tpu_primero,horas,completa,3365,Fabricación de equipo ferroviario,0.8018618332294466,0.036159697120880414,0.5338016706718787,1.9548927929533788,0.804,0.3821589547607282,1.8458328581138006,0.0,0.02703150980080324,0.6558813816378382,-1.0518933629934406,1.105956382595047,0.48356263754975204,90,78,True,-0.001675650628554505,-0.258893463375088,0.05730496975253314,-0.425999258633191,-0.3648022869102494,-0.7280034314958493,0.8385007241275557,0.8424783313810669,0.21750163939536934,2.20413578575855,1.4021994920711771,1.6550506493332204,1.5016242179578831
choque_B_tpu_primero,horas,completa,3391,"Fabricación de equipo no electrónico y material desechable de uso médico, dental y para laboratorio, y artículos oftálmicos",0.7835186733412709,0.04630745160306291,-0.5566963798697536,1.0284590091090808,0.186,-0.7083390957809041,0.8020106243492867,0.0,0.030449561987064167,0.6551755039716999,-1.047314142046382,1.1082132660205104,0.4814656592517921,90,78,True,-0.45493547988003835,0.04568035435240314,-0.37371921517859386,-0.06270107419741813,-0.7042156379500359,-0.35199774226537167,-0.45939924605381205,-0.773354111414034,-0.035626004100791385,-1.0768915851536254,-1.123023465558759,-0.9159383333303239,-0.9509313975763977
choque_B_tpu_primero,horas,completa,3341,Fabricación de computadoras y equipo periférico,0.7847307234340066,1.5964343991395392e-06,-0.20993701006780308,1.05811054558168,0.816,-0.36157972597895355,0.8396969898854352,0.0,0.031038782688504254,0.6552866960408069,-1.046907832298623,1.1089853976756316,0.48111047566145887,90,78,True,0.9841530846331258,0.832518773370182,-0.42319857131139615,0.46994653289920074,-0.005068749768579108,-0.5845821544836177,-0.4356571542645984,-0.11882412214638863,-0.6805870224658607,-1.0622709112973097,-0.9323677537308219,-0.5523609442632306,-0.22088213805214582
choque_B_tpu_primero,horas,completa,3359,Fabricación de otros equipos y accesorios eléctricos,0.7464127593691879,0.35377894678325833,-0.16509367828540303,0.84171287598536,0.813,-0.31673639419655353,0.5421933914675154,0.0,0.03223887025434673,0.6537352146136446,-1.0431555577850986,1.1076332982937922,0.48033418278643114,90,78,True,0.09998530342120049,0.5452433276881001,0.4965807112947395,0.7516933052233512,-0.5794219772721825,-0.08131036120866089,0.6754628726359384,-0.16784586580094044,-0.5539908838364631,0.05696091168629859,-1.4587076273235737,-1.4315110283480483,-0.4993565058699986
choque_B_tpu_primero,horas,completa,3159,Confección de accesorios de vestir y otras prendas de vestir no clasificados en otra parte,0.6664841032423205,0.9146421435264246,0.21073341720157568,0.7883353359255689,0.848,0.05909070129042521,0.45493484151071567,0.0,0.03790513981084208,0.6524586042890482,-1.0353892642446423,1.1111995438663265,0.4768361384260093,90,78,True,-0.44961698717685084,0.1638101084876524,0.9446348752116344,0.8224813677739221,0.7787763230409067,0.9136344541224896,1.122638410926957,1.4969868043073447,0.20902295277627883,0.5816942710414374,-0.4980816160819735,-2.2363436417205893,-1.1101028990887256
choque_B_tpu_primero,horas,completa,3117,Preparación y envasado de pescados y mariscos,0.7478643561015712,0.0,0.3686405249304816,1.249698676295096,0.629,0.21699780901933113,1.0710928483027113,0.0,0.03827273403494463,0.6539764485869742,-1.037518523890628,1.1140639919605173,0.47666597843686903,90,78,True,-0.4936346661383123,-0.3582155528624553,-0.40268201822777056,-0.39077094711270816,-0.10590450679533983,0.08908895990855338,0.6441671130679735,0.7609750307614149,1.0249783846411424,0.8877258699026306,1.3982304927451903,1.0830870269446728,0.6552816372612694
choque_B_tpu_primero,horas,completa,3332,"Fabricación de maquinaria y equipo para las industrias manufactureras, excepto la metalmecánica",0.6992566972513394,0.19177087548725835,-0.8189236814894014,0.8490283534107295,0.114,-0.9705663974005518,0.5534819356102192,0.0,0.0443853958757105,0.6522041061509735,-1.0284903587426408,1.117261150494062,0.4728711424112659,90,78,True,0.002111867342469465,-0.6248711058714519,-0.509309007074893,-0.654885605928367,-0.6580224251968793,-0.8237679737123478,-0.4130942886282531,-0.68609856416636,-0.4115619900783939,-0.7428808980572488,-1.4014876781037247,-1.9124002173083798,-1.8097399725783874
choque_B_tpu_primero,horas,completa,3361,Fabricación de automóviles y camiones,0.6801529750236635,0.005320890179200327,0.5218864919561583,2.858362833703959,0.864,0.37024377604500786,2.7849113445945863,0.0,0.05146403483794215,0.6518510652429756,-1.0208309674867526,1.1237590371626371,0.4685359566198577,90,78,True,-0.20066473436632287,5.238317765878252,4.731355144198027,2.286603397076493,-0.6587343397223221,0.4405784469078869,4.715820313031897,7.0976226571732415,-3.416517539163437,0.6708869730863993,-5.614682064232681,-8.04754160448524,-0.45852001995213504
choque_B_tpu_primero,horas,completa,3369,Fabricación de otro equipo de transporte,0.6740711386128929,0.017177780878001966,-2.011019279070582,1.6125953556089778,0.299,-2.1626619949817325,1.4784981870408722,0.0,0.052445642563210645,0.6516594251503827,-1.0195341118091688,1.1244253969355902,0.4679276950032293,90,78,True,-2.0320064427107662,-0.3126928059907034,1.1846339214209574,0.4941269713577379,-2.9024078760195486,-2.063483233717704,-1.5776591167821592,-1.7789374020488122,-2.54720311064612,-2.5461685537754812,-4.970873340269795,-4.883975356444012,-2.206604282291156
choque_B_tpu_primero,horas,completa,3329,Fabricación de otros productos metálicos,0.6293046757254936,0.5034107843425879,-0.2986466607620743,0.7482179958268934,0.603,-0.4502893766732248,0.3812129030223314,0.0,0.052545320865531625,0.6503866150739793,-1.0173406609311644,1.1224313026622275,0.4678041220387674,90,78,True,0.0179647069086181,0.22962588763872938,0.3951378819457176,0.37980739435357774,-0.3940443898163306,0.1627146170987924,0.11635114657783331,-0.023169879634001155,-0.1790758608239609,-0.33491365638017895,-1.3736689582179262,-1.9360807982165724,-0.9430546813412642
choque_B_tpu_primero,horas,completa,3312,Fabricación de productos de hierro y acero,0.0669975578374552,6.615743671162022,0.1296357212707367,0.8324658033968235,0.741,-0.02200699464041378,0.5277238122129978,0.0,0.05371149357355971,0.7592788510259662,-1.1953022163641547,1.302725203511274,0.4718022861617621,90,78,True,0.00851926999655703,0.3369626714399702,0.07252941691449026,-0.160670394562419,-0.19201413671158613,-0.07895413320107637,-0.06414562426016894,0.048225422038470245,0.2650835453615807,0.22656667657598553,0.3498639362863259,0.459468175325057,0.4138295513163903
choque_B_tpu_primero,horas,completa,3335,Fabricación de maquinaria y equipo para la industria metalmecánica,0.6052735791408839,0.6140783535938158,0.15657426646909384,0.9957536572656207,0.905,0.004931550557943365,0.7596173076683808,0.0,0.055284118712829275,0.6499868044960074,-1.013944174683103,1.1245124121087615,0.46610914394925285,90,78,True,-0.5720568557306985,-0.39105717658327055,0.20957397057314803,0.3560138138118315,-0.11578257655248372,0.08471850482479293,0.7347234758343489,0.5230885627883092,0.07630555045514319,1.1728197327986734,0.4827983485433723,-0.4811884400081796,-0.0444914466567672
choque_B_tpu_primero,horas,completa,3339,Fabricación de otra maquinaria y equipo para la industria en general,0.6417221502759753,0.05817408393586083,0.2682366998687377,0.8251694607827491,0.606,0.11659398395758724,0.5161373336235165,0.0,0.05806094712745796,0.6507327493110534,-1.0123944254892248,1.1285163197441408,0.46445196545545764,90,78,True,0.6004038437823725,0.6910529619578009,0.6653440073711906,0.7833072243336627,0.16270639016364744,0.8480905117812212,0.8202281828079736,0.7982614841787613,0.16789572253835316,0.001963807701214583,-0.7785644348122129,-0.7889278113087733,-0.4846847922016216
choque_B_tpu_primero,horas,completa,3399,Otras industrias manufactureras,0.618987370047973,0.23749558020146458,0.10707082049613346,0.7646837319849445,0.886,-0.04457189541501701,0.4125946171654725,0.0,0.05931918285373183,0.6500108638252363,-1.009948688138782,1.1285870538462457,0.4636434945452386,90,78,True,0.0032065004798915477,0.44900596887052235,0.862215496223707,1.1291019065896923,-0.5937838372465915,0.07275249113941704,0.4218517501317341,0.48484812112521253,0.018820863143781678,0.8243400966743005,-1.0253301927258338,-1.3883548386289584,0.13324634067285987
choque_B_tpu_primero,horas,completa,3169,"Fabricación de otros productos de cuero, piel y materiales sucedáneos",0.6136094363212712,0.09965937863884373,0.5906677870228517,0.8250990422249026,0.532,0.43902507111170125,0.5160247451740585,0.0,0.06283627577264062,0.6499956135059269,-1.0064065084446092,1.1320790599898904,0.46149349940790796,90,78,True,-0.6250896415013052,1.305285316267483,0.7426547245729137,0.9495063212473601,-0.27656614465006973,1.1789516569067577,0.9009823712546196,1.8346873943356274,0.19794854751232446,1.9444353191290495,-0.19792287567298011,-0.17344602982063992,-0.1027457282840694
choque_B_tpu_primero,horas,completa,3141,"Confección de alfombras, blancos y similares",0.5072465584471345,1.2182657542027042,-0.09553866987405171,1.141618808070443,0.944,-0.24718138578520218,0.9427547990287184,0.0,0.0637278561477591,0.650338610973851,-1.006079158904226,1.133534871199744,0.4609693992587609,90,78,True,-0.3559096455068067,0.3499050277400697,0.599311887887033,1.1223793943602012,0.3794548346885394,0.4605231078745027,0.8404720557401277,0.817622690859586,-0.06487990374928089,0.5749414061282089,-2.1604244577261773,-2.442948816120705,-1.3624502905379705
choque_B_tpu_primero,horas,completa,3346,Fabricación y reproducción de medios magnéticos y ópticos,0.6054992436078728,0.0,0.4024601871057196,1.3103059555772993,0.751,0.25081747119456915,1.1412251335178523,0.0,0.06620763276344523,0.6499665492401704,-1.002987340736635,1.1354026062635256,0.4594326543852495,90,78,True,1.0849914845396245,1.0461774077897046,0.364131911314878,0.13646152782729346,-0.09930259902508762,0.17786838527723453,1.3550271466427275,1.1713739696372325,-0.9821659916203117,0.6265867961867707,0.7100379151895235,-0.3318390967004587,-0.027366424684777377
choque_B_tpu_primero,horas,completa,3366,Fabricación de embarcaciones,0.5822911532336551,0.042726088375579084,-0.3527950479742204,2.301850199652614,0.873,-0.5044377638853709,2.209979060939782,0.0,0.06999841431480364,0.6493964720644861,-0.9982587822312761,1.1382556108608832,0.45708115694112855,90,78,True,-0.6846563893157162,-0.5207849188429095,-1.880886152608105,-1.217317665320886,-1.755671121180871,-2.8405742330670414,-1.4798983090874887,-0.029894813931463864,-1.012718884051284,4.6418760127786864,2.917948979170948,-0.67905379663708,-0.044704331571653204
choque_B_tpu_primero,horas,completa,3313,Industria básica del aluminio,0.2650002880058719,3.4239119691147217,-0.012373590235967643,0.8908604908494091,0.978,-0.16401630614711812,0.6157316966893538,0.0,0.07186733224542202,0.6750388287653986,-1.0385715410736587,1.1823062055645026,0.4576071093887216,90,78,True,-0.1475437001568034,-0.4081313250979276,-0.702334715725673,-0.23312441545315704,-0.0681837815343514,-0.3481789423512328,0.2525911949568607,-0.04804362302040953,0.5802674102877415,0.6521718098195095,-0.1255218111483596,0.15835107556938754,0.2768241507868354
choque_B_tpu_primero,horas,completa,3363,Fabricación de partes para vehículos automotores,0.5296068171162411,0.23933342280456002,0.15134607500118688,1.244663140219208,0.924,-0.0002966409099635914,1.0652133311087693,0.0,0.07682462028804195,0.6482188325970524,-0.9894953593341093,1.1431445999101932,0.4528292153311664,90,78,True,0.06174432676170762,2.1429895124526044,2.4076852968422457,1.7026782047445665,-0.29801522263014923,0.9738341267039836,2.4800271532351053,2.6658969601895968,-1.0975623740243265,-0.22373706797770826,-3.269481205163602,-4.379003681564628,-1.1995570545539673
choque_B_tpu_primero,horas,completa,3331,"Fabricación de maquinaria y equipo agropecuario, para la construcción y para la industria extractiva",0.519899184727109,0.06935837629721166,0.651420295765899,0.8737279950312931,0.445,0.4997775798547485,0.5906722589159775,0.0,0.08176530550327081,0.6482427616301376,-0.9845940373783055,1.148124648384847,0.4498130168872839,90,78,True,0.3956659117340671,0.5594891478769043,1.0212419078961832,1.073778668235686,0.7279468327950284,0.8448651200762523,1.2291741341174347,0.7158254154219064,0.7535416373200741,1.2498177148687772,-0.403902497841105,-0.05933030658027956,0.36035015903575757
choque_B_tpu_primero,horas,completa,3152,Confección de prendas de vestir,0.4259861529321015,0.9248468204807683,0.19290310050617507,0.7892347360416743,0.842,0.041260384595024596,0.4564915954607179,0.0,0.08491341382676881,0.6479935370834845,-0.9810359546755631,1.1508627823291009,0.44787162441379574,90,78,True,-0.2833150683949939,0.9036521598449454,2.1380761784390976,1.3227844693784125,-0.169537716658667,0.4283749663307462,0.6275368749892787,1.4842386784408865,0.12908245502073287,0.6161932135338292,-1.5512362033926494,-2.042088877561399,-1.0960208233899456
choque_B_tpu_primero,horas,completa,3314,"Industrias de metales no ferrosos, excepto aluminio",0.4934732886739018,0.006965209188103637,0.07801120970375555,0.8615484311690089,0.848,-0.07363150620739492,0.5725022335338796,0.0,0.08806497585245017,0.6479835844262452,-0.977868020528723,1.1539979722336233,0.44594772360189705,90,78,True,0.005686503198451683,-0.0917456985733108,0.09864923357526531,-0.5120473373335863,-0.06587476751690005,0.06472411626589739,0.5654588758577563,0.2220584182113858,0.560797202362548,0.050960708518206735,0.11731536037932222,-0.07241457944122898,0.07057769064501493
choque_B_tpu_primero,horas,completa,3362,Fabricación de carrocerías y remolques,0.4826387565231524,0.11902321441005292,0.28869837033355705,1.2126733027871093,0.859,0.13705565442240658,1.0276524935230276,0.0,0.088189508321245,0.6476607603268257,-0.9772124424163835,1.1535914590588734,0.4458449451156408,90,78,True,0.45128165975778833,1.3273436554962288,1.4397764931948167,1.4726953378859071,0.49879949398377155,0.7010329799992704,1.1108934548126261,1.3955514413788177,-0.10970501559262351,1.1089151700807862,-1.660512564783817,-2.687086084259645,-1.2959072076176859
choque_B_tpu_primero,horas,completa,3322,Fabricación de herramientas de mano sin motor y utensilios de cocina metálicos,0.4783144421423179,0.12768954532932958,0.05357657109906678,0.972176242181872,0.92,-0.0980661448120837,0.7284365133725562,0.0,0.08888324011175583,0.6475976462700553,-0.9764148880024852,1.154181368225997,0.44541631262071674,90,78,True,-0.0917558614308427,0.10054573727473685,0.2687613987719289,0.15236138976743163,0.09453279438644699,0.8217468362505534,1.0346419681748291,0.4784284136004068,0.2231218065196019,-0.0401949189463634,-0.6909266341975597,-0.9889039735185071,-0.665863532364794
choque_B_tpu_primero,horas,completa,3344,Fabricación de componentes electrónicos,0.4744887481943934,0.16122574159735625,0.0960701148186112,0.7783887491492113,0.869,-0.05557260109253927,0.43747245965154663,0.0,0.08903494238888417,0.6475134187066466,-0.9761246313835493,1.1541945161613176,0.4453166689228538,90,78,True,0.2464914173835341,0.6599095560171649,0.49142918011560777,0.44644266323032744,0.32059656480544996,0.5480464851613146,1.1855905420050494,0.3947182295729314,0.11923359059408903,0.019636832870077,-0.7793211637476514,-1.4191757936159721,-0.9846866117499761
choque_B_tpu_primero,horas,completa,3321,Fabricación de productos metálicos forjados y troquelados,0.4526204884780047,0.03826066742265268,0.3351319000605867,0.8216706817315318,0.704,0.1834891841494362,0.5105250408830704,0.0,0.09552216204631023,0.6474655531547409,-0.9695586728932384,1.160602996985859,0.4413558948248366,90,78,True,0.3022299101522197,0.22907061895000436,-0.3124653554740665,0.5645145696403958,-0.016903658460236344,0.6795758004507929,1.8969900409577158,1.0048707218177406,0.8003330724122676,1.7691231289458371,-0.12385709335754298,-1.6583547063550415,-0.7784123488924586
choque_B_tpu_primero,horas,completa,3149,"Fabricación de otros productos textiles, excepto prendas de vestir",0.3944218335152466,0.6202783960190488,1.147760647275758,0.9474448972457391,0.209,0.9961179313646076,0.6950862834702535,0.0,0.09654673612470235,0.6469655580445507,-0.9677116068585836,1.1608050791079882,0.44068603404177,90,78,True,0.5278498934942198,0.8929684233392203,0.5795826520236397,0.6141680900464294,-0.26596886155236255,0.34567051467819965,1.9856956162936652,1.8414771123883615,2.279102280761798,2.0125052330971713,0.810321797095562,1.6181132876632116,1.6794023752557397
choque_B_tpu_primero,horas,completa,3262,Fabricación de productos de hule,0.4171737487232005,0.17319420214525957,-0.09436566886588875,0.7622665339089122,0.929,-0.24600838477703924,0.40809726398128077,0.0,0.10006753455364004,0.6469772738916513,-0.9642100809981263,1.1643451501054063,0.4385410092655916,90,78,True,0.20577902901691295,0.7325033191303107,0.7206321300469982,0.9006043385610323,0.03423978796301931,0.06772765019747136,0.8508024432432126,0.9949459174061102,-0.2153742596704318,-0.02165902198923962,-1.8054837587139014,-2.308283593534584,-1.3831876769134637
choque_B_tpu_primero,horas,completa,3379,"Fabricación de colchones, persianas y cortineros",0.3523025337449802,0.5315470058345413,-0.02593913326181284,0.8915689196080656,0.981,-0.17758184917296332,0.6167562294477402,0.0,0.10639618382567942,0.646691376296625,-0.9574111301822686,1.1702034978336275,0.4346593689384273,90,78,True,-0.3193145482487851,1.4906759046737743,1.3494288326729345,1.1258595283912236,1.0450796102551134,0.9056347810436494,1.1201215725300544,1.1852339609516997,-0.2144134499447621,-0.4776853506106577,-2.956562023836643,-2.8166184336174003,-1.7746491166637708
choque_B_tpu_primero,horas,completa,3252,"Fabricación de resinas y hules sintéticos, y fibras químicas",0.3119319594154858,0.9457986711094967,-0.011619367687003505,0.893202752293389,0.978,-0.16326208359815397,0.6191157120086563,0.0,0.10691892863158073,0.6476296550883079,-0.9584318539886859,1.1722697112518474,0.43443550919774465,90,78,True,0.45464327118617254,0.18632595231296087,0.24634757522814438,0.44191752626394076,0.14790818770364272,0.4304026744441498,0.30713763363918045,0.27988516422713117,-0.3529147542422232,-0.12916579963049774,-0.7115281806941897,-0.7988732722449966,-0.6531377581244611
choque_B_tpu_primero,horas,completa,3352,Fabricación de aparatos eléctricos de uso doméstico,0.3900028883753999,0.07493595431888583,-0.26672089685054634,0.950460277349322,0.781,-0.4183636127616968,0.6991908516066629,0.0,0.10715395293205718,0.6469681127522526,-0.9571085925453985,1.1714164984095128,0.4342261215347753,90,78,True,-0.0866425336022869,0.7579819740096384,1.0897695698540408,1.096397539998011,-0.24893876959398006,-0.44075000558157573,0.24124521241525326,0.2598346508244556,-0.08045049714914777,-0.7130147382479592,-1.6738975690831044,-2.9261152238458448,-0.7427912690546032
choque_B_tpu_primero,horas,completa,3371,"Fabricación de muebles, excepto de oficina y estantería",0.3642278188643361,0.004901686321007664,0.7326843861104197,1.063403378233363,0.572,0.5810416701992693,0.8463568118646113,0.0,0.11346239249614307,0.6470273757030355,-0.9508976405353502,1.1778224255276364,0.4303985836637758,90,78,True,0.8871882181105967,1.3156805271505454,1.3362746085252375,0.6626410686263932,-0.10996929820041078,0.7073009787716366,1.7731134404786772,2.255114445166485,1.1770321955839336,1.553929696316082,-0.7190466523742602,-1.3236232750034664,0.00926106628400657
choque_B_tpu_primero,horas,completa,3259,Fabricación de otros productos químicos,0.3514735701280596,0.037375188977905587,0.5533899683152682,0.856405568192525,0.306,0.40174725240411774,0.5647332161141773,0.0,0.11538503714104348,0.6469392045315038,-0.9488299543132803,1.1796000285953672,0.4292219751612295,90,78,True,0.5944383961234544,0.11054830934185929,0.40293269446272806,0.15232592691070923,0.2893414816578746,0.3842249286591088,1.1239179465203113,0.8947279542202677,1.1059470931394886,0.4608303353542561,0.7182101326413578,0.7488473363587728,0.20777705270829844
choque_B_tpu_primero,horas,completa,3151,Fabricación de prendas de vestir de tejido de punto,0.3365154443339868,0.18378899573785,0.9782230477932015,1.539960084380557,0.613,0.826580331882051,1.398917499224623,0.0,0.1157050871760667,0.6466978057974183,-0.9481128033606865,1.17952297771282,0.4290015245596739,90,78,True,0.882626332437673,2.364682425511814,4.150314436439628,3.9391739994737516,1.2775907476968833,0.8291389536996955,2.9875236387218207,4.611406876464544,0.8139674887942536,1.1806575973676825,-1.9268988975926677,-4.8095545023456525,-3.5837294753578046
choque_B_tpu_primero,horas,completa,3271,Fabricación de productos a base de arcillas y minerales refractarios,0.3488287256548686,0.03778046576634959,0.3690272121961819,0.74523114879421,0.475,0.21738449628503143,0.3753166307061791,0.0,0.11589677034996967,0.6469361658075793,-0.9483132224034981,1.1801067631034374,0.4289110802227542,90,78,True,0.26247137508744345,0.5370352224084862,0.781062101082898,0.9923119708281067,0.1805078648710293,0.5212938067875899,0.7894277430056754,0.6629638259677231,-0.20925376412629387,0.46231768985102417,-0.2401792218493222,-0.25898348835157115,0.31637863298757435
choque_B_tpu_primero,horas,completa,3133,Acabado de productos textiles y fabricación de telas recubiertas,0.3062290364360683,0.3483594395688712,1.2502454689306315,1.5427480136723053,0.527,1.098602753019481,1.4019859278328524,0.0,0.11870856646486753,0.6466253370454734,-0.9449901129749363,1.1824072459046713,0.42717081758371156,90,78,True,-0.0658617636461464,1.1469515075228953,2.468482641112507,2.4726910119793852,0.985066076586186,1.0849941277074167,3.6834387396090156,3.6155279777346094,0.8505600077527544,1.195753596471314,0.6223962010172535,-2.550457594488834,0.7436485667398555
choque_B_tpu_primero,horas,completa,3326,"Fabricación de alambre, productos de alambre y resortes",0.3138914060002775,0.11398215213683333,0.1722695366831417,0.7455923731348906,0.823,0.02062682077199124,0.3760333695676731,0.0,0.12139116910949913,0.6468200319156419,-0.9426277833917318,1.18541012161073,0.42556618747932773,90,78,True,-0.3153993005254392,-0.0661749593589389,0.29884613415415423,0.46676025288295714,0.1745912685027486,0.29547356092238886,1.0804122662024658,0.8786942163534526,0.39773060808575444,0.7727005292203997,-0.2413510853056243,-0.8035328780024753,-0.6992466362510015
choque_B_tpu_primero,horas,completa,3114,"Conservación de frutas, verduras, guisos y otros alimentos preparados",0.3156513149608729,0.011841552492554095,-0.10616006617301804,0.9053988480323334,0.71,-0.2578027820841685,0.6365847800330893,0.0,0.1228701296557404,0.6470154235740405,-0.9414702421235563,1.1872105014350371,0.4246925952155405,90,78,True,0.06295930042672601,-0.28707131656583434,-0.07986059863637267,-0.11964543709329364,-0.1642487038964163,0.0451394630265206,-0.15124080670666992,-0.05367960569964797,0.008474562356591124,0.19942193426440058,-0.1068538288227859,-0.21255301356976342,-0.5209228093326886
choque_B_tpu_primero,horas,completa,3272,Fabricación de vidrio y productos de vidrio,0.272472982882299,0.15198381360749708,0.25489509599883864,0.8341606656590246,0.389,0.10325238008768817,0.5303933674964341,0.0,0.12883956523621337,0.646919977313153,-0.9353437974439234,1.19302292791635,0.4210694090955849,90,78,True,0.2656953230093253,0.2796696575121659,0.35200546747354716,0.4854747796378009,0.32940873150399186,0.562753347570984,0.419595507750372,0.4475923869898486,0.2789906551293635,0.21817967428868365,-0.003117751637157842,-0.1458918363423911,-0.1767196949016316
choque_B_tpu_primero,horas,completa,3261,Fabricación de productos de plástico,0.2303591490643638,0.524248422355608,0.10095996589333318,0.6758963518168739,0.869,-0.05068275001781729,0.20574009466037413,0.0,0.13045428569170428,0.6470941329202649,-0.9340155629621315,1.1949241343455401,0.4201146570706008,90,78,True,0.26084791016745235,0.6103235420012957,0.8863296932114956,0.45947864324788806,-0.06925176109091757,0.26953694221166,0.5225583061629473,0.4629617644886108,0.05876037523465994,0.12647195928768887,-0.6986792922282089,-1.069899408009917,-0.506959118071324
choque_B_tpu_primero,horas,completa,3161,Curtido y acabado de cuero y piel,0.262669438610518,0.10967177111390917,1.4728866655777977,1.3763752575149508,0.391,1.3212439496666473,1.2165122102350012,0.0,0.1315189353289701,0.6470464666391206,-0.9328725022923834,1.1959103729503235,0.41946574574833095,90,78,True,-0.008085815887054829,3.3213836571086985,3.791685594293005,3.442127448601312,1.5640904022474782,2.3071057393540557,3.4375806119375025,4.064476672361289,1.2191507900163574,1.161974937824569,-1.6579875724004798,-3.426649747208594,-0.06932606573676661
choque_B_tpu_primero,horas,completa,3324,"Fabricación de calderas, tanques y envases metálicos",0.2575554192946691,0.07360055114277667,0.4499552280789755,0.7513620766219072,0.394,0.298312512167825,0.387347490423115,0.0,0.13316666160249516,0.6471476427309081,-0.9313912106898488,1.197724533894839,0.41848342245586495,90,78,True,0.5220677095346056,0.7714581526643185,0.8133919174836428,0.3499133114780057,-0.3340682812126601,0.44197900448728633,0.6930507242924653,0.11844457937095702,0.48248476886267766,0.3654415025671952,0.10929759899084168,0.9033534943255703,0.6126034821817753
choque_B_tpu_primero,horas,completa,3256,"Fabricación de jabones, limpiadores y preparaciones de tocador",0.2434658656862863,0.0355111400392335,-0.22950469750488822,0.951169106348658,0.416,-0.3811474134160387,0.7001541094813377,0.0,0.13661161430492527,0.6473342686248018,-0.9282532575828738,1.2014764861927243,0.41642912011042293,90,78,True,0.06611466740152183,-0.010233494274904378,0.32151222912669153,-0.12511562277366517,-0.588060321351789,-0.2140976461453602,-0.1744251743928042,-0.444981449929438,-0.35061610194343035,-0.3200529136137141,-0.5998380132918819,-0.29631768067372044,-0.24744954570105207
choque_B_tpu_primero,horas,completa,3121,Industria de las bebidas,0.2419442465750293,0.00012329106015767006,0.03144023871181666,0.8688474118706467,0.841,-0.1202024771993338,0.583428601686463,0.0,0.13754223399711818,0.647429840799266,-0.9274798541176745,1.2025643221119109,0.41588054254687074,90,78,True,0.1697922815037307,-0.022858526315687567,0.23780319088469434,0.15925700700557008,-0.3279605672791923,-0.25755228457279833,0.0715675564772033,-0.2208512136786959,0.13618961928645434,0.14271975301228831,0.24464353266099773,-0.10150289081875198,0.17747564508780403
choque_B_tpu_primero,horas,completa,3279,Fabricación de otros productos a base de minerales no metálicos,0.2243733059375072,0.09096728123609459,0.8049698985649812,0.9078182673957237,0.425,0.6533271826538307,0.6400211830626187,0.0,0.13936747987056466,0.647390028804345,-0.925589117512583,1.2043240772537123,0.4147761037934823,90,78,True,-0.5681929927041239,2.4728808910014664,-0.06172664534460576,3.1422202020501446,2.369327831688847,0.179669556624215,-0.42163653498547116,1.8771324147023376,0.34098663751633135,1.317983157820427,-0.15619410840009745,-0.6696133294175056,0.641771600792791
choque_B_tpu_primero,horas,completa,3323,Fabricación de estructuras metálicas y productos de herrería,0.2249299265714363,0.042986145911046665,0.21413320575814856,0.7420695092686921,0.766,0.06249048984699809,0.36899900370838107,0.0,0.14011523048659194,0.6474837434721427,-0.9249955275250829,1.2052259884982668,0.41433813456873025,90,78,True,-0.056922237908381294,0.38205328133588046,0.22198397354742277,0.1309170632736436,0.23440522737301028,0.829986917647457,0.7564710340620238,1.1650008546674042,0.23284522002836677,0.4909074945413307,-0.25888262606033385,-0.6573390752802711,-0.6876954523716211
choque_B_tpu_primero,horas,completa,3372,Fabricación de muebles de oficina y estantería,0.2214380514733216,0.0,0.6678850547706828,1.1261191665152974,0.676,0.5162423388595323,0.923925043141817,0.0,0.1415681640052604,0.6476194914706384,-0.9237658994639397,1.2069022274744605,0.4134817026391654,90,78,True,-0.26592759660030046,1.3666055062113593,1.6045407370866744,1.213642282187511,0.5278141871325822,1.1989042213841103,2.733593301058106,2.4716105568769318,-0.04080608516858116,1.1119482826219669,-0.9990594327242861,-1.6566112620186713,-0.5837489860285273
choque_B_tpu_primero,horas,completa,3253,"Fabricación de fertilizantes, pesticidas y otros agroquímicos",0.1679807884786191,0.549472772838495,-1.1841018002609314,0.9580822181058191,0.042,-1.3357445161720818,0.7095171913365218,0.0,0.14224365330797437,0.6478092416775552,-0.9234025492516039,1.2078898558675526,0.41310051714777324,90,78,True,-0.891294630886339,-1.015540751758338,-1.1967754388901184,-0.9191783363560284,-0.9919215866559142,-0.9817993358022121,-1.0139564459752581,-1.2296813376790716,-1.3015147517934549,-0.6455688231278467,-1.239834111596716,-2.3257031896348703,-1.6405546632359407
choque_B_tpu_primero,horas,completa,3131,"Preparación e hilado de fibras textiles, y fabricación de hilos",0.2001267979454507,0.0774387648863754,2.5572436308084576,2.680543915252418,0.436,2.405600914897307,2.602077783185634,0.0,0.1443667595674631,0.6476772372916623,-0.9210622957773213,1.2097958149122476,0.4118069665887727,90,78,True,0.16933828581475027,3.4664918095232666,5.329982660551505,4.071004877574129,3.810312533569095,3.2794168361609586,5.840370044837876,7.597192717091233,4.640544206137433,2.2169959408876947,-0.03327143684825543,-5.074587149807898,-2.0696241249818454
choque_B_tpu_primero,horas,completa,3113,"Elaboración de azúcares, chocolates, dulces y similares",0.2016423568218791,0.005446138950690162,-0.12461392854094498,0.832526798579538,0.668,-0.27625664445209547,0.5278200247286903,0.0,0.14535520629769866,0.6478222796215434,-0.9203124436797403,1.2110228562751375,0.4112327115254528,90,78,True,-0.22500547148548064,-0.09466921649306709,-0.24054013198759858,-0.008907207515549638,-0.10703305950247984,-0.03569876339033838,0.4855789428424453,0.14997940298222354,0.03986345808141175,-0.24112876446605855,-0.6173454817568474,-0.17500683481487145,-0.5500679435260737
choque_B_tpu_primero,horas,completa,3219,Fabricación de otros productos de madera,0.1827036170504173,0.16703782379480125,0.2596325182953076,0.7718416855381384,0.713,0.10798980238415712,0.425714335776768,0.0,0.14618524719851309,0.6477351299188728,-0.9193390415180328,1.211709535915059,0.4107225255761834,90,78,True,-0.5452311561997513,0.5215153394152562,0.5537396934907288,1.257009221373188,0.5643570389678816,0.44934275291345094,1.3819840288714103,1.13872231748419,0.04273807725567208,0.8062341971677125,-0.3716849749912677,-1.5224775208761057,-0.901026277033367
choque_B_tpu_primero,horas,completa,3162,Fabricación de calzado,0.1604241815757467,0.208928615610855,0.19951650480270694,1.8631536345894522,0.935,0.04787378889155647,1.748380557611925,0.0,0.14980872685764343,0.6479888444266473,-0.9161329222241913,1.215750375939478,0.4085834877750104,90,78,True,-0.969241264123419,1.693749886007568,2.7931076580162895,2.43777407600147,0.3763093745104461,0.7720827211825393,2.351595283540013,4.181226940753061,-0.5585314775363017,0.8544953533201058,-2.7225645644123104,-5.7393070709373815,-2.87698235388689
choque_B_tpu_primero,horas,completa,3222,Fabricación de productos de cartón y papel,0.1574973850413846,0.21291333042696917,0.13960622346335144,0.782832215090058,0.665,-0.01203649244779903,0.4453306469740288,0.0,0.15031185390249538,0.6480277794698657,-0.9156938433254337,1.2163175511304245,0.40828733949121526,90,78,True,0.015511035341279818,0.2193109643584402,0.38137278931483587,0.26277246039253627,-0.07050662688747399,0.37494669817460574,0.5738091717934499,0.18222775906931316,0.10768793449011718,0.204013968873946,-0.378349130651712,-0.08203320115988635,0.024117081914116968
choque_B_tpu_primero,horas,completa,3122,Industria del tabaco,0.1071479040489181,0.7594394974604725,-0.029741569977150554,0.9516040597179535,0.953,-0.18138428588830102,0.7007448855490782,0.0,0.15043016194472644,0.6490978968803105,-0.9173358784233844,1.2181962023128372,0.40836506527977645,90,78,True,0.05645987729041106,-0.8262542580053642,0.16915225294774464,0.955430901101544,0.6695851850804192,-0.08282111288297044,0.8405665740951123,0.2934128493162195,-0.04255854203524977,0.3846367819279823,-0.9430392252528567,-0.2928163428689985,-1.5683953504169512
choque_B_tpu_primero,horas,completa,3132,Fabricación de telas,0.1336042055792961,0.37885838528697496,1.3393327437369231,1.0513551765328957,0.353,1.1876900278257727,0.8311683435827044,0.0,0.15203630182649472,0.6482846010662291,-0.9143918669274522,1.2184644705804417,0.40729029662983013,90,78,True,0.6873133761185481,1.848702740735865,1.6632432316848438,2.141898090661734,1.958808543026361,1.6706953938088767,2.384016522678104,3.4728706098258932,1.8148526075357576,2.249903788709876,-0.46585201347584415,-1.2921148717260613,-0.723012351003955
choque_B_tpu_primero,horas,completa,3328,Recubrimientos y terminados metálicos,0.1588822707072484,,-0.19119614501937227,0.8290070136582016,0.821,-0.34283886093052274,0.5222506456156758,0.0,0.15206289244874593,0.6481892771598918,-0.9142084684792762,1.218334253376768,0.40726098910675473,90,78,False,-0.5977965838775626,0.4086465190549119,1.606792684582788,0.8977332853943029,0.3352628119627621,0.47917132849492944,0.6860714315545242,1.1563860515724402,-0.5740871370757761,-1.631147043587443,-2.16220211768469,-1.6891985029325862,-1.4011826127104403
choque_B_tpu_primero,horas,completa,3327,Maquinado de piezas y fabricación de tornillos,0.1233232283296124,0.4326418816534467,0.4587882196506678,0.746389947246556,0.504,0.3071455037395173,0.3776123164069428,0.0,0.153093032064322,0.6484569144837328,-0.9136185922614184,1.2198046563900624,0.40668211129868764,90,78,True,-0.48413144152118626,0.571029438233925,0.8481932366060239,0.518184034753154,0.05304656370283109,1.251061411392456,0.6430915197352838,1.0205827964183711,0.7594038276662383,0.45782471045328205,-0.2706694975395255,0.1930512279481053,0.403579027609722
choque_B_tpu_primero,horas,completa,3251,Fabricación de productos químicos básicos,0.135778270214786,0.24687503499913044,0.3544377415825619,0.9294821574153579,0.378,0.20279502567141144,0.6703955467520712,0.0,0.15396700545604744,0.6483363490910087,-0.9125462887986618,1.2204802997107567,0.4061421631743054,90,78,True,-0.2942949869513037,0.5941778708681438,0.5844262174000509,0.5136114612116787,0.8601626994922316,0.41032446058540584,0.17313869121560024,0.6330347730043223,0.37327247981264794,0.6159282354509533,0.23982062621282565,-0.38789826580950154,0.2919863780802497
choque_B_tpu_primero,horas,completa,3212,Fabricación de laminados y aglutinados de madera,0.0775332943220637,0.706229815707303,-0.24086414030977965,0.8510179585456302,0.787,-0.3925068562209301,0.556529131239931,0.0,0.15719149970635496,0.6495836647046581,-0.9113736287328077,1.2257566281455177,0.40439470223926327,90,78,True,0.09987997498876003,0.6364525779879358,0.6571285486436641,0.186632666320936,-0.5300950792885555,-0.4059111832775091,0.08791422405813637,0.6096189715264034,-0.28098363223011147,-0.7383432021862446,-0.9976586283833296,-1.6033590471617505,-0.85251001502547
choque_B_tpu_primero,horas,completa,3254,Fabricación de productos farmacéuticos,0.1290966945098601,0.009184281116309617,-0.19369859662501862,0.9503466364768758,0.332,-0.34534131253616906,0.6990363635851939,0.0,0.15952335911320487,0.6488869342454601,-0.9078956477205771,1.2269423659469867,0.4029024521254615,90,78,True,-0.13894862487058005,-0.24936641994521266,-0.07322888271114733,-0.21495645085463927,-0.24721076937623152,-0.037442844480336,-0.11307515276039644,0.05068325038439759,-0.0661618954049489,-0.26926130492795236,-0.2926243480852784,-0.3817111674959532,-0.48477714559696367
choque_B_tpu_primero,horas,completa,3315,Moldeo por fundición de piezas metálicas,0.0974402319506194,0.2715351086932004,0.3403472291831663,0.7728679596796604,0.723,0.18870451327201582,0.42757220589147454,0.0,0.16104925657386762,0.6490205020637208,-0.906589469320953,1.2286879824686883,0.40201226349926245,90,78,True,0.10391411780994889,-0.0889522446338718,0.3751262811049563,0.6861976113138792,0.5320679106696379,0.4914682315299585,1.2146984217186745,1.1619842073572477,0.8627311717390063,1.108705406278643,-0.1405329602002656,-1.2420348343938912,-0.640859340912762
choque_B_tpu_primero,horas,completa,3274,"Fabricación de cal, yeso y productos de yeso",0.1199075903205221,0.0,0.10055619731913529,0.7833790755731249,0.81,-0.051086518592015184,0.44629125489673677,0.0,0.16149048275654126,0.6490785152702814,-0.9062436748630716,1.2292246403761542,0.40175789562536274,90,78,True,-0.13207481430423895,-0.2535563028958565,0.2789540349372163,0.29057091329288126,-0.25859794511150336,0.08547348336100878,0.3773102151615663,0.6123041779523749,0.2573473676780899,0.6809641706496063,-0.11319588794171788,-0.45189040017492377,-0.06637844745574473
choque_B_tpu_primero,horas,completa,3119,Otras industrias alimentarias,0.1089707298904361,0.0323275826493142,0.08997996858407022,0.8239390031108219,0.816,-0.061662747327080256,0.5141678607213361,0.0,0.16305912547480664,0.6492045215729595,-0.9048823125127117,1.231000563462325,0.40084227620964463,90,78,True,-0.10819895548303707,-0.033396319109530684,0.289688375727671,0.5495413281828485,0.3788620772549465,0.5827219061284232,0.5880371936702926,0.3652145221155358,-0.010371545082276404,0.026361026399626047,-0.3039485424217932,-0.5252313531836409,-0.6295401226061523
choque_B_tpu_primero,horas,completa,3231,Impresión e industrias conexas,0.1024504665734745,2.5074260643867242e-05,0.4293367857943801,0.8585349186379723,0.663,0.27769406988322964,0.5679571415804278,0.0,0.16491547374289875,0.6494164740464599,-0.9033746260635277,1.2332055735493253,0.3997693771015341,90,78,True,0.004490987161363824,0.7785203122144121,1.4516599810634252,1.667180675351261,0.2716600652274801,0.3144412189890877,0.1513282112188974,0.31234470926354596,-0.04202302716847402,1.1569735157874463,-0.20238746036413302,-0.5542331920752905,0.27142221865791977
choque_B_tpu_primero,horas,completa,3255,"Fabricación de pinturas, recubrimientos y adhesivos",0.0704773870608603,0.2102982954347221,0.4279035153373591,0.6877810426212726,0.545,0.2762607994262086,0.24194187471519923,0.0,0.1674336339380001,0.649667434209564,-0.9012692953367327,1.2361365632127328,0.39831070717409717,90,78,True,0.278399666017393,0.5355937806158222,0.5173418949801892,0.7193623421431778,0.33433247705675245,0.5751891230940291,1.0786331928910036,1.1615402176387002,0.43685895995417245,0.8451472250970685,-0.015119466839499458,-0.881512806457609,-0.023020906805531482
choque_B_tpu_primero,horas,completa,3112,Molienda de granos y de semillas y obtención de aceites y grasas,0.0609807080676099,0.015464642605078835,-0.3011319545906389,0.9704651266064069,0.209,-0.4527746705017894,0.7261512721951878,0.0,0.17277691491569633,0.6502800855754416,-0.896933825855905,1.2424876556872977,0.39523661449409464,90,78,True,0.13836338844889862,-0.24874726810993242,-0.22268363309052083,-0.430956924959833,-0.3246639479883405,-0.2239745379704816,-0.014089501794659069,-0.40568868079109255,-0.37526749627653544,-0.38420993974364936,-0.49034475852864523,-0.5400721570461756,-0.3923799518273389
choque_B_tpu_primero,horas,completa,3221,"Fabricación de pulpa, papel y cartón",0.0619018679380005,0.001245006131624058,-0.0903635598129068,0.8742108079210019,0.598,-0.24200627572405725,0.5913862061609075,0.0,0.17285013573780522,0.6502965528556992,-0.89688769370982,1.2425879651854304,0.3951958446680288,90,78,True,0.0710206616791493,-0.10301693996910012,-0.020003514934072843,0.08975770776472675,-0.09953828558900103,0.058083925545077617,-0.2662917173704206,-0.13496994857381028,-0.09549308695743103,0.03446029306050727,-0.24831421196025114,-0.18225483451764732,-0.2781663257455147
choque_B_tpu_primero,horas,completa,3241,Fabricación de productos derivados del petróleo y del carbón,0.0588949583065286,0.029050875130591527,0.1600590435194802,0.943791867338075,0.591,0.008416327608329721,0.6900986864246235,0.0,0.17294352301595928,0.6502940490805414,-0.8967901877215314,1.24267723375345,0.3951401489256624,90,78,True,-0.08620235811040877,-0.2423849176905771,-0.037411655092061936,-0.005069194728522428,0.07988534132230377,0.3249890444513529,0.37364624353001463,0.502834169476872,0.2959215426514367,0.14236126526771786,0.3273486234033361,0.188020937887519,0.21682852338426006
choque_B_tpu_primero,horas,completa,3115,Elaboración de productos lácteos,0.0498313429839448,0.009728495317546031,-0.0358395082728559,0.9339260633017857,0.859,-0.18748222418400637,0.6765434205325416,0.0,0.1750670955158115,0.6505629367101634,-0.8951089353724073,1.2452431264040305,0.39392600489572116,90,78,True,0.15832251019925456,0.14728045256944725,0.1927555320614768,-0.12468614557300173,-0.08644569111975045,0.14684162578759827,0.2837663207506194,-0.09111860358442467,0.1742101829600347,-0.579533023490473,-0.32929058752502893,-0.20060446065395224,-0.15741171992892664
choque_B_tpu_primero,horas,completa,3116,"Matanza, empacado y procesamiento de carne de ganado, aves y otros animales comestibles",0.044361709007407,0.0005565343123640996,-0.2744251350357432,0.9331028677231715,0.14,-0.42606785094689364,0.6754065959884511,0.0,0.1763041642423991,0.6507230089357355,-0.894135185456886,1.246743513941684,0.3932202019124124,90,78,True,-0.019720855985434525,-0.27690227656855987,-0.13092478997031612,-0.5260802290689565,-0.5040632003109702,-0.3787102529133693,-0.08996219700946742,-0.44588028820923303,-0.22803460761474645,-0.3701277827625496,-0.10187532883711493,-0.14218114017221006,-0.3530638060417334
choque_B_tpu_primero,horas,completa,3118,Elaboración de productos de panadería y tortillas,0.043199849411286,0.00024549054628625414,0.2124410204885086,0.8309944710579048,0.407,0.06079830457735813,0.5253997707273074,0.0,0.17653769988708096,0.6507528941369555,-0.8939508109682108,1.2470262107423726,0.393086984181619,90,78,True,0.06908813146691163,0.19131641118714268,0.10462431275378846,0.07076606800680685,0.29966498552886345,0.13250962792218485,0.41928368029799484,0.2244277538531212,0.33235960892558153,0.20207365714801606,0.1436411743769592,0.373675554543371,0.19830230033986979
choque_B_tpu_primero,horas,completa,3273,Fabricación de cemento y productos de concreto,0.0343074151008847,0.00012961613710545992,0.08618215685376336,0.8051742143054478,0.886,-0.06546055905738711,0.48352727279223406,0.0,0.17828464395288868,0.6509790995977122,-0.8925759748853479,1.2491452627911253,0.3920916744226053,90,78,True,0.3493729434930364,-0.0655085934927326,-0.03167438126089857,0.30387166964318546,0.43911493878270186,-0.08085121878008292,0.8027065317131821,1.224240585025777,0.33892481884392117,0.16577246127103842,-0.4789784852745202,-0.9800268632183574,-0.8665963676473268
choque_B_tpu_primero,horas,completa,3111,Elaboración de alimentos para animales,0.02886946578166,0.0027127477990509046,-0.4821793714711887,0.8944990639266308,0.115,-0.6338220873823392,0.6209844470815022,0.0,0.17930554277006347,0.6511133093204644,-0.8917758510621004,1.2503869366022273,0.39151099797833,90,78,True,-0.023802774224560317,-0.1632212981266444,-0.3582383912823162,-0.33384625921381994,-0.7177621112569649,-0.835934270853385,-0.5214818303458225,-0.6757806233297726,-0.5099060482492414,-0.39561700367320957,-0.7513507434728964,-0.5010388129523723,-0.4803516621444486
choque_B_tpu_primero,horas,completa,3211,Aserrado y conservación de la madera,0.0034917286527276,0.0,-1.0400658686771251,0.797007732171449,0.191,-1.1917085845882756,0.469802547132917,0.0,0.18433361650691793,0.6518129889878987,-0.8878987503781756,1.2565659833920115,0.38866454601833533,90,78,True,-0.40250642534878706,-0.6241403705933599,-1.5097362066255096,-0.736610427980695,-1.2084777820398316,-0.8623563959815055,-0.8656636555078445,-0.6313821172198496,-1.181015357576987,-0.47938697112332346,-1.6687893002369825,-1.9027568014998915,-1.44803448106806
choque_B_tpu_primero,horas,sin pandemia,3364,Fabricación de equipo aeroespacial,0.9896704181454756,0.014151309535923225,0.025823303936906922,0.6599809906587712,0.979,0.20498663669318384,0.645584822544144,0.0,-0.2744764424426255,0.18594299717977328,-0.5803526728033526,0.03139978791810155,0.9300457946899778,73,49,True,-0.2190319729422685,-0.10458564951296904,0.12155246860130399,0.055696762030598826,-0.2887830887764879,1.120266123058087,-0.34746499464923025,-0.8197693641013661,0.6482157720276615,-0.23514224403648007,0.5087692365706785,0.16414381282341706,-0.26816390991315464
choque_B_tpu_primero,horas,sin pandemia,3343,Fabricación de equipo de audio y de video,0.9478363435009872,0.05955715398719757,-0.19615021264574073,0.4360498551972785,0.647,-0.01698687988946382,0.41393759346789005,0.0,-0.26902937417961514,0.18137801645150795,-0.5673962112423457,0.02933746288311545,0.9309963151061207,73,49,True,-0.45897269231202736,0.07285949913761106,-0.009617050664069513,-0.0974853763626856,-0.3644685971831321,-0.16484594014015885,-0.4108809396029791,-0.6729492692160165,0.7234873928658051,-0.17085188840403098,-0.850139182059795,-0.10442254995291476,-0.04166617050023604
choque_B_tpu_primero,horas,sin pandemia,3345,"Fabricación de instrumentos de medición, control, navegación, y equipo médico electrónico",0.9203173609236356,0.08650546749963084,-0.070595613634065,0.4767115823749661,0.855,0.10856771912221191,0.4565728724298726,0.0,-0.26545767317223723,0.17849438020729425,-0.5590809286132363,0.028165582268761813,0.931519616528971,73,49,True,0.031083236251943633,0.12671983282353333,0.22121492085158154,0.0920891520508571,-0.9288669691803386,0.13761291658936442,0.0422568557930325,-0.9500045230602102,0.47969660191186553,0.27787191464244104,-0.26247832737336996,-0.10248546804342717,-0.08245312050011827
choque_B_tpu_primero,horas,sin pandemia,3342,Fabricación de equipo de comunicación,0.895054776922478,0.01288857306848177,0.9102531145524397,1.5315990421266572,0.558,1.0894164473087167,1.5254509106856615,0.0,-0.26256445251186605,0.1764056126642462,-0.5527516853445511,0.02762278032081894,0.9316790287267634,73,49,True,1.2659712237097103,0.0014219509054603178,0.25309708057385716,0.46216705066896063,-0.2468397066467726,1.225395673490747,1.0942307423342466,-0.17006366491656635,1.6542721502804572,1.175482979358153,2.2225237298510834,2.507767697868837,0.3878635817035415
choque_B_tpu_primero,horas,sin pandemia,3353,Fabricación de equipo de generación y distribución de energía eléctrica,0.8989208694711824,0.45389419359827005,-0.45664825783843943,0.4178748142787259,0.185,-0.2774849250821625,0.3947457605559562,0.0,-0.2613223466768745,0.1759723162312392,-0.5507968068772631,0.028152113523514044,0.9312306899596708,73,49,True,-0.5007727581454027,-0.3121191277913813,-0.23472010747191477,-0.33490484304171464,-1.095669359121923,-0.10190005224198395,-0.7627753072264889,-0.30774080717108365,0.1849512452396626,-0.7927842938616073,-0.23573592928238454,-0.8594733988726323,-0.5827826129108583
choque_B_tpu_primero,horas,sin pandemia,3333,Fabricación de maquinaria y equipo para el comercio y los servicios,0.8664849575372038,0.26580327730216874,-0.3390066752101296,0.957151231358212,0.748,-0.1598433424538527,0.9472820777144273,0.0,-0.2579744543564248,0.17280874067942018,-0.542244832774071,0.026295924061221387,0.9322594432698902,73,49,True,-0.2852943301460431,0.5396800378870045,-0.06245431346643747,0.685608596133195,0.4084938398939363,-0.08046762272402436,-0.601141918313928,-1.557350700299195,-0.2073369573705459,-1.8238723399868095,-1.20418837042766,0.5582172549136004,-0.7769799538247778
choque_B_tpu_primero,horas,sin pandemia,3334,"Fabricación de equipo de aire acondicionado, calefacción, y de refrigeración industrial y comercial",0.8482017522901368,0.11367478899586249,-0.5525698533645451,0.8796019756826496,0.575,-0.3734065206082682,0.8688523986807203,0.0,-0.25626811314057873,0.17151324356960929,-0.538407398812586,0.025871172531428566,0.93243301014224,73,49,True,-0.512459733741907,-0.3038539774324151,-0.027243149021012845,-0.27775056406373555,-0.3639164776198019,-0.3339984638461992,-0.11250029439363292,-0.28908385043293555,-0.32391302329759236,-0.6692942310496055,-0.7031070850912096,-1.4958340763467082,-1.7704531674023316
choque_B_tpu_primero,horas,sin pandemia,3336,"Fabricación de motores de combustión interna, turbinas y transmisiones",0.8385248456652771,0.34629757144673917,-0.33886761180330854,0.6428191268722797,0.61,-0.15970427904703163,0.6280296847612067,0.0,-0.2541372556992686,0.1702120505606587,-0.5341360788715521,0.025861567473014935,0.9322896062196642,73,49,True,-0.5749876648612762,0.2786239128995401,0.1007089178895565,0.40017855707052763,-0.5530278849780526,-0.22447387820525347,-0.9232487430144558,-1.8492110850626957,1.110429838165262,-0.5196815427988397,-0.06776970985981426,-0.5744558823931178,-1.008363788294392
choque_B_tpu_primero,horas,sin pandemia,3351,Fabricación de accesorios de iluminación,0.831395116765869,0.5101170356130816,-0.1470715561477376,0.6511447948465495,0.809,0.03209177660853932,0.6365488189637741,0.0,-0.2525969741706203,0.16988433591629543,-0.5320567067529263,0.026862758411685672,0.9314762431003851,73,49,True,-1.1438582617843018,-0.3421657851216796,-0.6264137574045843,0.025035230142114635,0.15096039754895862,-0.48382930694746634,2.878178272750607,-0.7085531291761593,1.3144749627612415,-0.3883855237300672,-1.1947642736674202,-0.31000516132705397,-1.0826038939647782
choque_B_tpu_primero,horas,sin pandemia,3365,Fabricación de equipo ferroviario,0.8018618332294466,0.036159697120880414,0.07254429184326515,1.3039223057531122,0.961,0.25170762459954205,1.2966951201068557,0.0,-0.25073546330011676,0.16776184967980737,-0.5267037060233999,0.025232779423166374,0.9324894794492095,73,49,True,0.0779855561432837,-0.4510440490977618,0.12414335131640435,-0.31130698595125117,-0.9471823913554407,-1.7512620550441866,-0.7880159836840783,-0.9444228081044815,-2.4081177206747952,1.1201032816784118,2.75104415923905,3.184971148479592,1.2861802910177005
choque_B_tpu_primero,horas,sin pandemia,3325,Fabricación de herrajes y cerraduras,0.8134327973740351,0.4498475651046204,-0.5435645287574382,0.45008712431852604,0.169,-0.3644011960011613,0.42869951544845597,0.0,-0.25057089855800024,0.16813347398524933,-0.5271504632637354,0.026008666147734893,0.9319285504151514,73,49,True,-0.25608969862928505,0.0448827453139982,-0.47646616524656343,-0.24232879325256634,-1.0244054167782595,-0.12713421510375653,-0.6506617852757574,-0.7202169591603468,0.3457733103135554,-1.0853155392218696,-1.1198743759373937,-0.9542742728756173,-0.800227707992834
choque_B_tpu_primero,horas,sin pandemia,3341,Fabricación de computadoras y equipo periférico,0.7847307234340066,1.5964343991395392e-06,0.02874467541844064,0.7211728824021559,0.968,0.20790800817471755,0.7080220204066076,0.0,-0.2487195463247986,0.16651225884255605,-0.5226322121208034,0.025193119471206116,0.9323731212162052,73,49,True,0.454398211883532,0.47023275431406647,-0.7246370493391535,0.5637611457602025,0.04253934958417307,-0.20961709757389363,-0.3864193186125179,0.5769911109297963,0.13933188453109693,-0.21378659420118878,0.3623667576300438,0.3456212591163492,-1.0471016335827783
choque_B_tpu_primero,horas,sin pandemia,3391,"Fabricación de equipo no electrónico y material desechable de uso médico, dental y para laboratorio, y artículos oftálmicos",0.7835186733412709,0.04630745160306291,-0.20347681267367887,0.34035939213361766,0.6,-0.02431347991740196,0.31152748013937126,0.0,-0.2483853366342506,0.16614789985632403,-0.5216986318979037,0.024927958629402447,0.9325382442398922,73,49,True,-0.5083832213893389,-0.06678510064638321,-0.5027170445323518,0.007476815848525427,-0.6923559050487464,0.024709439689878206,0.058240280646342665,-0.21754740863268962,1.295408755965819,-0.6103774261094297,-0.7673640541800021,-0.22981423348829655,-0.4356894628811523
choque_B_tpu_primero,horas,sin pandemia,3117,Preparación y envasado de pescados y mariscos,0.7478643561015712,0.0,-0.26303967424753316,0.7397913568144214,0.724,-0.08387634149125625,0.7269773770109654,0.0,-0.24407619437694097,0.16349663490591604,-0.5130281587971729,0.024875770043290918,0.9322619666622726,73,49,True,-0.4468243396603344,-0.4713743858478823,-0.6490007151592927,-1.2833129638624667,-0.984222247212255,0.05047976358270254,0.7643435258844737,0.9206675250158709,-0.1000636876105589,0.7544230112263455,0.3534186383830887,-0.8564411018315325,-1.4716087881260895
choque_B_tpu_primero,horas,sin pandemia,3359,Fabricación de otros equipos y accesorios eléctricos,0.7464127593691879,0.35377894678325833,-0.16615880430211769,0.4749558933802853,0.758,0.013004528454159225,0.4547394371781335,0.0,-0.24250630826473485,0.16242499743088643,-0.509695429038543,0.024682812509073337,0.9322860696504287,73,49,True,-0.03580483740356645,0.09266793247819513,0.06827248497588125,0.29687497617760367,-0.7121360245141415,0.0018661594352785734,0.08475888121374547,-0.5641037883459197,0.18411952147893032,-0.026625485209174612,-0.848633906356914,-0.6447654595767504,-0.056554910280698006
choque_B_tpu_primero,horas,sin pandemia,3332,"Fabricación de maquinaria y equipo para las industrias manufactureras, excepto la metalmecánica",0.6992566972513394,0.19177087548725835,-0.8612605812538451,0.5006227360308021,0.105,-0.6820972484975681,0.4814851803528191,0.0,-0.23720213473003154,0.15897096137305886,-0.49870936618871337,0.024305096728650277,0.9321648228145046,73,49,True,-0.13671860526287544,-1.0637600830261293,-0.9066909357909692,-1.1548001357129265,-1.1861181627895048,-0.9615850768050559,-0.529020020812588,-0.8070552605376236,0.0671050457861683,-0.8967200327982129,-1.2813286066301537,-0.9985538434500955,-1.341141838470021
choque_B_tpu_primero,horas,sin pandemia,3361,Fabricación de automóviles y camiones,0.6801529750236635,0.005320890179200327,0.13956686926539236,0.8008585837362959,0.87,0.31873020202166924,0.7890369612461298,0.0,-0.23552701231999587,0.158383938118901,-0.49606859052558805,0.02501456588559628,0.9315010122168406,73,49,True,0.14567605259572594,-0.1142638128616444,-0.5962956902251388,-1.0757232318990668,-0.02628954496842414,-0.9587894007223066,-1.0926466213382673,1.1494233964085703,0.14811048522374984,0.616462280674022,1.2032942279304273,1.329127414059084,1.086283745573369
choque_B_tpu_primero,horas,sin pandemia,3369,Fabricación de otro equipo de transporte,0.6740711386128929,0.017177780878001966,-0.5144767993971261,1.1245982849288663,0.638,-0.33531346664084916,1.1162106241804761,0.0,-0.23471451141191293,0.15788791517021933,-0.4944401318669237,0.025011109043097862,0.9314383640901056,73,49,True,-1.1071320736923878,-0.2618291720575532,0.7410366206814855,0.6374200946903328,-1.1344836629830284,-0.7106401780344319,-1.9116766736564716,-1.6823899699803007,0.28588284379067075,0.09663646553587084,-1.759968935204589,0.33079767505227503,-0.2118514263045103
choque_B_tpu_primero,horas,sin pandemia,3339,Fabricación de otra maquinaria y equipo para la industria en general,0.6417221502759753,0.05817408393586083,-0.4489207851171812,0.4482969831801745,0.313,-0.2697574523609043,0.42681968112642876,0.0,-0.23047938829014789,0.15549127570338636,-0.4862625368222184,0.025303760241922685,0.9308651975956915,73,49,True,0.24226628522890362,-0.008123318498727824,-0.19052007029644558,-0.09793248182293098,-0.5636384989172013,-0.11221237818626281,-0.2884683623408134,-0.33087459163300564,-0.10354255393669323,-0.7620173934068185,-1.7173828486936344,-1.0133496064657106,-0.8901743875540151
choque_B_tpu_primero,horas,sin pandemia,3159,Confección de accesorios de vestir y otras prendas de vestir no clasificados en otra parte,0.6664841032423205,0.9146421435264246,0.18301898884054915,0.4380992346183519,0.68,0.36218232159682606,0.4160958957279035,0.0,-0.2302402407893273,0.16023659582505662,-0.49382944092154546,0.03334895934289084,0.9246234928833204,73,49,True,0.004999150152178211,-0.1993728175658016,0.10615825411558254,-0.051475605017497726,0.1438321533934485,0.28666562093131254,0.05917184214284949,0.9044555270518277,0.6972794627358738,0.4292285149032247,0.25441795880820617,-0.09953157599438536,-0.1565816307296801
choque_B_tpu_primero,horas,sin pandemia,3329,Fabricación de otros productos metálicos,0.6293046757254936,0.5034107843425879,-0.508930302300068,0.30152733366102963,0.101,-0.32976696954379103,0.26855835122585664,0.0,-0.22716976111320508,0.15451327651599475,-0.48134410098201647,0.0270045787556063,0.9292500068268001,73,49,True,-0.257006540475391,-0.2666602699396053,-0.2805115070109857,-0.47859219132657327,-0.9962574591150991,0.029362219522804395,-0.3915574745439649,-0.5960893270976204,0.2767532715047675,-0.7166608242425405,-0.8905974546949844,-1.5585713960868912,-0.48970497639480043
choque_B_tpu_primero,horas,sin pandemia,3399,Otras industrias manufactureras,0.618987370047973,0.23749558020146458,-0.0624600719380049,0.5243691722535305,0.902,0.11670326081827201,0.5061303032602112,0.0,-0.2269128553450326,0.1534935073678687,-0.4794096749651766,0.02558396427511142,0.9303392172093182,73,49,True,0.14560027736588071,0.1338281136583918,0.5117290455020691,0.5315060378525795,-0.6334436640856277,0.06092545500822915,-0.5488695935690027,-0.46745598962633483,0.08548399004527737,0.44141867730922885,-0.6803430778043492,-0.39081252806370353,-0.001547678786702488
choque_B_tpu_primero,horas,sin pandemia,3169,"Fabricación de otros productos de cuero, piel y materiales sucedáneos",0.6136094363212712,0.09965937863884373,-0.07637569982744576,0.4472254915669469,0.845,0.10278763292883115,0.4256941335932619,0.0,-0.22677591125360202,0.15353795481818652,-0.47934584692951887,0.02579402442231482,0.9301624886223987,73,49,True,-0.23478455399088674,0.4455307306854366,-0.4368445297671315,-0.6729830399877383,-1.223131050871327,-0.1910132329978807,-0.6236063227416642,-0.140004792706378,-0.012552896193117644,0.6209056378376865,0.03265853841655213,1.297291300885951,0.14565011367370242
choque_B_tpu_primero,horas,sin pandemia,3346,Fabricación y reproducción de medios magnéticos y ópticos,0.6054992436078728,0.0,0.29065484177117007,1.58324629790092,0.879,0.469818174527447,1.5772994943527336,0.0,-0.22614515692148532,0.15356272244391414,-0.47875583534172406,0.026465521498753447,0.9295781728470142,73,49,True,0.861079194916047,0.41100271095561824,-0.2195615711576393,-0.2182485543400341,0.015309836026247286,0.48696184385233954,1.3778018967613639,0.09539991825368871,-0.5375061117306645,-0.6232287059181558,1.8392300239684367,1.2762452623121145,-0.9859728008741511
choque_B_tpu_primero,horas,sin pandemia,3335,Fabricación de maquinaria y equipo para la industria metalmecánica,0.6052735791408839,0.6140783535938158,-0.080302181903748,0.8721955449792129,0.917,0.09886115085252892,0.8613535416714829,0.0,-0.22370912619383337,0.1536655336566929,-0.4764889290590932,0.029070676671426432,0.9272785994324639,73,49,True,-0.20865276660854679,-0.24998881871972004,0.362519892506201,0.08521312650602042,-0.5018732562187199,0.11781426389129562,-0.11718127897384924,-0.5164331155180408,-0.2810007023758733,0.5628799828377202,0.4545149951724843,0.039113025572086915,-0.7908537128197821
choque_B_tpu_primero,horas,sin pandemia,3366,Fabricación de embarcaciones,0.5822911532336551,0.042726088375579084,-0.4128206725242087,1.8833623960705845,0.814,-0.23365733976793177,1.8783659840406912,0.0,-0.2230545576838402,0.15198141455485295,-0.4730639846265733,0.0269548692588929,0.9288994774015507,73,49,True,0.3843759935700949,0.5874622327482568,2.6536591903657243,2.7682585511189224,0.20027248509270107,-3.342575247658737,-4.773756840108812,-2.8457466830964706,-3.801046999059758,2.7858995405577214,5.165461014814292,-1.8020253347526403,-3.3469066464060058
choque_B_tpu_primero,horas,sin pandemia,3363,Fabricación de partes para vehículos automotores,0.5296068171162411,0.23933342280456002,-0.4229916010946361,0.4462038932112695,0.359,-0.24382826833835922,0.4246207359342154,0.0,-0.21564807396175661,0.14864957727650743,-0.46017662858161135,0.028880480658098118,0.9265702901833779,73,49,True,-0.3263755563446293,-0.4927240639707012,-0.25253440590543386,-0.4554427057972139,-0.7702565419487487,0.007029738065281317,-0.3672558398086672,-0.4241209246709338,-0.03417898546996865,-0.6086452909816721,-0.7624663393560448,-0.4872896158104524,-0.5246302822310857
choque_B_tpu_primero,horas,sin pandemia,3331,"Fabricación de maquinaria y equipo agropecuario, para la construcción y para la industria extractiva",0.519899184727109,0.06935837629721166,0.1126509642973371,0.7250947278620506,0.864,0.291814297053614,0.7120163056010459,0.0,-0.2150918060159556,0.14868426600900117,-0.4596774236007625,0.029493811568851336,0.926000357078943,73,49,True,0.1839260886358114,-0.0595489392272715,0.6051251514460041,-0.3669713314157053,-0.3058654481270853,0.05934155095416988,-0.8303761013600132,-0.4583307037561321,0.31125562058789835,0.5002269457741738,0.8252902482750771,0.89246714523054,0.10792230884791502
choque_B_tpu_primero,horas,sin pandemia,3314,"Industrias de metales no ferrosos, excepto aluminio",0.4934732886739018,0.006965209188103637,0.11043968103607547,0.39515093268641466,0.77,0.28960301379235237,0.37060641477363027,0.0,-0.21200806026029873,0.14786875410038292,-0.4552521607554286,0.031236040234831175,0.9241793821797175,73,49,True,-0.16145266474799816,-0.2312934623105876,0.20190167865652028,-0.4884027388052396,-0.09800399628906765,0.15494629845815072,0.48111789708285635,0.5511632012242468,0.7618062417704731,0.2787680616025126,0.6433497802499487,-0.03137091977512077,-0.6268135236477134
choque_B_tpu_primero,horas,sin pandemia,3362,Fabricación de carrocerías y remolques,0.4826387565231524,0.11902321441005292,-0.44287492567536096,0.8905477763473935,0.604,-0.2637115929190841,0.8799319274953648,0.0,-0.21020409521607636,0.14690381436373814,-0.45186086984442564,0.031452679412272894,0.9237700026808441,73,49,True,0.327608430369468,0.12246763949626892,0.37652547290932925,0.25186484762498446,-0.24328447295226285,-0.04305111072536498,-0.5411821261081717,-0.4041001069277981,-0.5445983606710391,-0.40659915456629453,-1.6387268268818114,-1.6068726860700062,-1.4074255792769952
choque_B_tpu_primero,horas,sin pandemia,3322,Fabricación de herramientas de mano sin motor y utensilios de cocina metálicos,0.4783144421423179,0.12768954532932958,-0.6328584370462733,0.5459047053719764,0.179,-0.4536951042899964,0.5284096918260348,0.0,-0.20962546525962292,0.14670678954942207,-0.4509581340684222,0.03170720354917639,0.9234797233133857,73,49,True,-0.4833775389403671,-0.2513164068723631,-0.029532534940537706,-0.7207063078245879,-0.568885529771177,-0.23125669480157096,-0.7053832920903091,-0.5449981484036404,-0.5769749741048541,-1.3838999510217582,-0.9470535723613758,-1.1400931132890701,-0.6436816171799414
choque_B_tpu_primero,horas,sin pandemia,3344,Fabricación de componentes electrónicos,0.4744887481943934,0.16122574159735625,-0.2408249480399235,0.4052477441178694,0.624,-0.06166161528364658,0.3813536274654311,0.0,-0.20901213015896153,0.14646220604554536,-0.44994245910388364,0.03191819878596058,0.92322044543655,73,49,True,-0.0661960940872941,0.2105003354598704,0.047504954626888835,-0.5289257801215936,-0.4122549484460865,-0.15833079578172776,0.026989713237105202,-0.20824581498669867,0.09926615928669848,-0.8103922372544856,-0.008226221270054575,-0.9164778298100329,-0.4059357653715947
choque_B_tpu_primero,horas,sin pandemia,3141,"Confección de alfombras, blancos y similares",0.5072465584471345,1.2182657542027042,-0.64239037981042,0.6898357320613525,0.384,-0.4632270470541431,0.6760755817932214,0.0,-0.20899368986244873,0.1566883021260105,-0.466745946859736,0.04875856713483853,0.908868257463017,73,49,True,-0.7007980707323623,-0.8603052015445551,-0.557179250950915,-0.3895515990897065,-1.028473465058986,-0.3991662607770336,-0.23678410057041874,-0.9701536636325849,-0.06640693929647491,-0.4708849208172321,-1.6682763939127994,-0.8382866965625106,-0.16480837458988035
choque_B_tpu_primero,horas,sin pandemia,3321,Fabricación de productos metálicos forjados y troquelados,0.4526204884780047,0.03826066742265268,0.27014955624294373,0.7262783103309808,0.693,0.4493128889992206,0.7132215918812645,0.0,-0.20673990694409483,0.146160674289183,-0.4471742161498009,0.03369440226161122,0.9213880431697268,73,49,True,0.36522049578168786,-0.29022321157072883,-1.0842859864897538,-0.07632749332057889,-0.1412567457261433,0.9580936042465505,1.6308668842838658,-0.12237797102604689,0.69007634717193,1.507306448051796,0.8158979138246356,-0.22649780551282092,-0.5145482485561246
choque_B_tpu_primero,horas,sin pandemia,3262,Fabricación de productos de hule,0.4171737487232005,0.17319420214525957,-0.3861158173883835,0.33378880347711837,0.278,-0.2069524846321066,0.30433504628140845,0.0,-0.20174632039931784,0.14457390714630794,-0.4395703976549944,0.03607775685635872,0.9185605983598879,73,49,True,-0.03574952908129695,-0.16873288717556598,-0.34898017982926677,-0.299345261313847,-0.5699601188740195,-0.6426813952148586,-0.31939617087060446,-0.18384571996450277,0.3644691092902204,-0.30402211425467074,-0.9433744546964014,-0.9607320968307232,-0.6071548072334504
choque_B_tpu_primero,horas,sin pandemia,3152,Confección de prendas de vestir,0.4259861529321015,0.9248468204807683,-0.24009188389630126,0.2673238589831612,0.362,-0.06092855114002435,0.22949270282531797,0.0,-0.19990925862775782,0.1492607404717498,-0.4454431767037863,0.04562465944827063,0.909768226235534,73,49,True,-0.8990897737726015,-0.3449551178623665,0.6445807699482475,-0.7690988091121326,-0.8220866433663855,0.3107205629445082,-0.42692321641416714,-0.36579286123404314,0.6030859075065034,-0.06942904343711531,-0.7767493173984708,-0.06508035300575932,-0.14037659544813336
choque_B_tpu_primero,horas,sin pandemia,3352,Fabricación de aparatos eléctricos de uso doméstico,0.3900028883753999,0.07493595431888583,0.14218907923818933,0.6489494156746983,0.81,0.32135241199446624,0.6343029238250073,0.0,-0.1987093612968635,0.1442181655947326,-0.43594824370019863,0.03852952110647162,0.9158734436185184,73,49,True,-0.1337751107728936,0.3496651845921244,0.4051489762130491,0.7418143209892325,-0.019531715755461043,0.06706637684106675,-0.17700471490937503,-0.31687509133424946,0.27693758555379816,0.5081650376349104,-0.811546840187973,0.18127915295307734,0.7771148682791543
choque_B_tpu_primero,horas,sin pandemia,3149,"Fabricación de otros productos textiles, excepto prendas de vestir",0.3944218335152466,0.6202783960190488,-0.31791281004515104,0.6636516783271691,0.594,-0.13874947728887413,0.6493368965451517,0.0,-0.1971278159806371,0.14523265946541855,-0.4360355408012506,0.0417799088399764,0.9126609032158557,73,49,True,-0.003925327792104931,-0.14150808174921942,-0.5985271636906397,-0.5618492442145722,-1.117480832187343,-0.4010887835282527,-0.04922158236275201,-0.4555486157540517,-0.06959645212980882,0.0824705085083902,-0.8847847343917539,0.17141963913229322,-0.10322586042714885
choque_B_tpu_primero,horas,sin pandemia,3371,"Fabricación de muebles, excepto de oficina y estantería",0.3642278188643361,0.004901686321007664,-0.3124676181801375,0.6324782926761614,0.644,-0.1333042854238606,0.617441208355073,0.0,-0.19573754618979447,0.14405158509358862,-0.43270240366874774,0.0412273112891588,0.9128952909790118,73,49,True,-0.19402428527825483,0.44553544668953593,0.012034570386661982,-0.47391145674416013,-0.2986335169868439,-0.014078713433216563,0.09804206481094692,0.02958621753472177,0.29789918268927856,-0.48693017018089674,-1.9207147190604372,-1.318979535935779,-0.2379041208333443
choque_B_tpu_primero,horas,sin pandemia,3259,Fabricación de otros productos químicos,0.3514735701280596,0.037375188977905587,0.05713544539687951,0.5531071517252992,0.911,0.23629877815315642,0.5358473442670905,0.0,-0.1940038165971175,0.14366415260457638,-0.4303313476316456,0.04232371443741065,0.911555859961447,73,49,True,0.6406036474864424,0.21613647595512017,0.37442794338801244,-0.1482279540977476,-0.04712610633955618,0.2887915263694901,0.8213421850361068,0.6779796834377467,0.27197584298764,-0.023137856956586194,-0.31512742013679845,-0.4174826463572613,-1.5973945306131756
choque_B_tpu_primero,horas,sin pandemia,3271,Fabricación de productos a base de arcillas y minerales refractarios,0.3488287256548686,0.03778046576634959,0.2921311772980577,0.36951037651950647,0.349,0.47129451005433465,0.34313666872546295,0.0,-0.19366910665768694,0.14362210177803106,-0.429927464082548,0.04258925076717415,0.9112452619446385,73,49,True,0.20301251018071034,0.15610525662205652,0.3677366020226489,0.6443854299301384,0.08523980920818491,0.49684963354706063,0.2999413286147833,-0.001050459489014374,-0.13864751786416507,0.8386695130210499,0.12105045210089398,0.6998787033928996,0.024534043587503385
choque_B_tpu_primero,horas,sin pandemia,3379,"Fabricación de colchones, persianas y cortineros",0.3523025337449802,0.5315470058345413,-0.2810581497785953,0.6899046599202072,0.703,-0.10189481702231837,0.6761459123946822,0.0,-0.19217073320958483,0.1438803474663719,-0.4288539047917666,0.04451243837259694,0.9091646810820049,73,49,True,-0.38798079758874066,0.14010007754213896,0.34730220730424444,-0.3538351789689724,0.447803325525489,0.609382714633738,-0.32603011942246407,-0.8208396600586705,0.7317689564869115,-1.2706787121792646,-1.7245376030385613,-0.7465278051623006,-0.2996833521952868
choque_B_tpu_primero,horas,sin pandemia,3151,Fabricación de prendas de vestir de tejido de punto,0.3365154443339868,0.18378899573785,-0.5245811302084483,0.40695099540897445,0.274,-0.3454177974521714,0.3831631085226966,0.0,-0.19154578225407423,0.1429584157136825,-0.426712376103082,0.0436208115949335,0.9098562956558307,73,49,True,0.49112897196451716,-0.4159663309554561,-0.025373823770935305,-0.30425932300533015,-0.733022208401047,-1.0823409916330902,-0.3678259141606926,-0.1653516913468322,-0.9316062705173015,-0.4947012239289106,-0.666050473844928,-0.8561280102220736,-1.2680574028877483
choque_B_tpu_primero,horas,sin pandemia,3114,"Conservación de frutas, verduras, guisos y otros alimentos preparados",0.3156513149608729,0.011841552492554095,-0.12249212018505305,0.33430296246142793,0.749,0.05667121257122386,0.3048988779561308,0.0,-0.18959207478502849,0.14336770915339286,-0.42543195634235975,0.04624780677230278,0.9069855421821302,73,49,True,-0.152354860405569,-0.519990094317266,-0.08054045852092599,-0.385628943651802,-0.42273829601468754,0.07735405058134774,-0.07542032417579442,-0.30779222695674713,0.34061455698766685,0.10864218236136301,-0.08474951884872076,-0.14634727472320477,0.05655364527865018
choque_B_tpu_primero,horas,sin pandemia,3326,"Fabricación de alambre, productos de alambre y resortes",0.3138914060002775,0.11398215213683333,-0.5013755935184341,0.3695058761547625,0.2,-0.32221226076215714,0.34313182245504326,0.0,-0.18896995121830992,0.14290459888412002,-0.42404801638268735,0.04610811394606751,0.9069742487775836,73,49,True,-0.4877261158474298,-0.39142048199205864,-0.14604971553412702,-0.5147238368649589,-1.0536282577260117,-0.6318814626310777,0.061513853774529004,-0.7436520238992133,-0.5769119789194632,-0.4711378369575511,-0.597368541949964,-0.8150807167351883,-0.1498156004571285
choque_B_tpu_primero,horas,sin pandemia,3133,Acabado de productos textiles y fabricación de telas recubiertas,0.3062290364360683,0.3483594395688712,-0.0020788312176974943,1.1149290801000804,0.997,0.1770845015385794,1.106468123680584,0.0,-0.18708594800201134,0.14269827315685477,-0.42182460734503746,0.04765271134101476,0.9050811941218795,73,49,True,0.42422587309229337,0.1226067687997659,0.27528762957025793,-0.6583462289822851,-0.32125772651425893,0.13922835683285745,0.569630196276073,0.37562724756598587,-0.9922446680431869,-0.9468883100006258,1.9291309624050437,-0.8356155735460024,-0.10840933328598558
choque_B_tpu_primero,horas,sin pandemia,3252,"Fabricación de resinas y hules sintéticos, y fibras químicas",0.3119319594154858,0.9457986711094967,-0.21272684568335123,0.5435448321540451,0.731,-0.033563512927074324,0.5259713296652107,0.0,-0.1854618659370062,0.14777517128716733,-0.42855202270439646,0.057628290830384066,0.8952655649402087,73,49,True,0.14975337455090748,-0.42390616163355754,-0.4374619223015198,-0.08242682973058402,-0.018154093960278023,0.15258863416890905,0.18971875074413103,-0.11671259537271855,-0.1906849482602141,-0.29088324280219274,-0.6734144921084821,-0.6652052504618462,-0.3586602167161202
choque_B_tpu_primero,horas,sin pandemia,3272,Fabricación de vidrio y productos de vidrio,0.272472982882299,0.15198381360749708,0.11324758258573976,0.28365060321617885,0.694,0.2924109153420167,0.24831939065107825,0.0,-0.183604264179754,0.14262866074174355,-0.41822841109992215,0.051019882740414135,0.9010031607746964,73,49,True,0.23056024948668558,0.12887524836880168,0.1642943883473036,0.16121942765833017,0.048502837606174284,0.42263109466251075,0.3537072269624899,0.25444830652192235,0.556949330729337,0.011424524595719729,-0.27335088445871364,-0.38114411970966544,-0.20589905715627924
choque_B_tpu_primero,horas,sin pandemia,3161,Curtido y acabado de cuero y piel,0.262669438610518,0.10967177111390917,0.4518334866150639,0.5604011082868301,0.387,0.6309968193713408,0.5433730369069927,0.0,-0.18253538955169918,0.1427529389246297,-0.41736397408271503,0.05229319497931667,0.8994951933190822,73,49,True,0.539281554343722,1.0903718201559678,0.6706314665450221,0.7511209380255535,0.3109360134252305,0.7599281272926203,0.4118790852531606,0.29997696037658594,0.6678331527260708,-0.1549991685406009,-0.843083001935338,0.19869174576196283,1.1712666325658732
choque_B_tpu_primero,horas,sin pandemia,3324,"Fabricación de calderas, tanques y envases metálicos",0.2575554192946691,0.07360055114277667,-0.12362058497204509,0.43145089906005635,0.729,0.05554274778423182,0.40909012866133987,0.0,-0.18203269728161375,0.14289364605892818,-0.41709274504855065,0.053027350485323116,0.8986511680484973,73,49,True,0.3387374648629022,0.27654963570168567,0.35731129746765816,-0.06050224827980914,-0.7709095300069512,0.16220525971480407,-0.30380494203145647,-0.6917211440670764,-0.32991132077706065,-0.016559731957793703,-0.1224450328586912,0.5657751361944828,-1.0117924485992804
choque_B_tpu_primero,horas,sin pandemia,3256,"Fabricación de jabones, limpiadores y preparaciones de tocador",0.2434658656862863,0.0355111400392335,-0.23121043625154036,0.3124159820214442,0.399,-0.05204710349526345,0.28072869623685426,0.0,-0.18040743960615568,0.1431145273782108,-0.4158308371433124,0.05501595793100106,0.8962700579954328,73,49,True,-0.197807651492583,-0.1325529371975605,0.46455349475414903,-0.1905854027826666,-0.69206580442512,-0.0631154461970614,-0.20633725756053412,-0.42439915973714204,-0.12290456035468213,-0.4048075835298653,-1.0144845291258278,-0.19839564567620127,0.17716681205507023
choque_B_tpu_primero,horas,sin pandemia,3121,Industria de las bebidas,0.2419442465750293,0.00012329106015767006,-0.03661661437631558,0.2383000504087422,0.812,0.14254671837996133,0.19491477392242415,0.0,-0.18035453468299123,0.14330580709553745,-0.4160925873551503,0.05538351798916788,0.8958997729129425,73,49,True,0.03641902975663762,0.03631173179763169,0.3220973270687721,0.13295419427280714,-0.3270678371434217,-0.18863025789892532,0.05944407769134448,-0.32683702328170705,-0.04841964567785173,0.24225512202063737,0.2463291431949704,-0.3881942601621809,-0.2726775885308166
choque_B_tpu_primero,horas,sin pandemia,3323,Fabricación de estructuras metálicas y productos de herrería,0.2249299265714363,0.042986145911046665,-0.548920373154622,0.3502390106591896,0.103,-0.3697570403983451,0.3222921340274202,0.0,-0.17804351119799977,0.14320621882303433,-0.41361774116189126,0.05753071876589172,0.8931151992314867,73,49,True,-0.3227252237349008,-0.5060903123502176,-0.7401124066778841,-1.1368820197613154,-0.6913074134987138,0.04769244635212325,-0.45985172273451486,-0.40846446435651684,-0.8521049879682536,-0.5695727670285001,-0.31523911624520257,-0.15552963986717208,-1.0257772231390183
choque_B_tpu_primero,horas,sin pandemia,3279,Fabricación de otros productos a base de minerales no metálicos,0.2243733059375072,0.09096728123609459,0.3382630789923398,0.42226832941801046,0.477,0.5174264117486167,0.39939378700462785,0.0,-0.1777852852989595,0.1430169004452601,-0.4130480865314124,0.05747751593349337,0.8930857647825238,73,49,True,-0.710784431810082,2.447521214001914,-0.7584720042606421,2.4873225936322876,1.0832999144788484,-1.412643949393319,-1.6072554261419256,0.3531827237057881,0.8981659560370719,0.5515634966983091,0.326292116114487,-0.02260532145414481,0.761833145291825
choque_B_tpu_primero,horas,sin pandemia,3372,Fabricación de muebles de oficina y estantería,0.2214380514733216,0.0,-0.35586635542705924,0.3522457335898213,0.397,-0.17670302267078233,0.32447174283849745,0.0,-0.17777224096810235,0.1434539586742052,-0.4137540029871699,0.05820952105096522,0.8923695645148367,73,49,True,-0.03616441841845278,-0.3946205158785046,-0.08292881962085447,-0.5732618350048321,-0.6368046168376819,-0.35428337740495985,0.03040178669711037,-1.029070896173826,-0.41736166804899166,-0.5619415883942007,-0.4457245424083662,0.26574342064458534,-0.3902455497027961
choque_B_tpu_primero,horas,sin pandemia,3261,Fabricación de productos de plástico,0.2303591490643638,0.524248422355608,-0.05000589008822378,0.19584610393319243,0.784,0.12915744266805312,0.1398590415176347,0.0,-0.17684044955940303,0.1435165879770472,-0.41292523678164567,0.0592443376628396,0.8910619103907069,73,49,True,0.12368830505915954,0.04512081133759834,0.32175477247805334,-0.3049602790130814,-0.40092779242064835,0.10090584872024148,-0.01603552191622597,-0.35090722532650037,0.3748882358926236,0.02525775289160822,-0.10908030469077322,-0.11612048181675617,-0.3436606923422081
choque_B_tpu_primero,horas,sin pandemia,3113,"Elaboración de azúcares, chocolates, dulces y similares",0.2016423568218791,0.005446138950690162,-0.39403031011213147,0.2512098170110844,0.095,-0.21486697735585455,0.21050232120136628,0.0,-0.17525759955815556,0.14364231270181943,-0.4115492039526485,0.06103400483633739,0.8887860062035118,73,49,True,-0.5211282301793319,-0.5775697318485349,-0.7909878920494853,-0.7776723578170733,-0.7455426763982492,-0.050011483691274325,0.6508370394522645,0.14540883765451737,0.045847487865351665,-0.31387968176607534,-0.9801044730640095,-0.6646500959363265,-0.5429407736794823
choque_B_tpu_primero,horas,sin pandemia,3131,"Preparación e hilado de fibras textiles, y fabricación de hilos",0.2001267979454507,0.0774387648863754,-0.17132551638545704,0.536801743959802,0.776,0.007837816370819872,0.5189999685806401,0.0,-0.17478445286559963,0.1433358057727233,-0.41057185336172947,0.06100294763053021,0.8886548157270298,73,49,True,0.26459115239322756,0.06218497639845816,0.06111217296291622,0.3636161159472544,0.03389513819439319,-0.25327823019456847,0.3527663376083053,-0.37297109360009456,-1.0180721164270838,-0.38860116893272806,-0.8812276993234853,-0.22147875436999923,-0.22976854366753707
choque_B_tpu_primero,horas,sin pandemia,3219,Fabricación de otros productos de madera,0.1827036170504173,0.16703782379480125,-0.5128514952332732,0.4325337430796517,0.174,-0.3336881624769963,0.4102320001790631,0.0,-0.17223869496228317,0.14335601347891397,-0.4080593371350967,0.06358194721053032,0.8852165395332936,73,49,True,-0.9231613651675716,-0.23158669721465128,-0.6283575485960098,0.027919633928406747,-0.2719277619926084,-0.751107390023369,0.16011710440822027,-0.786143927915104,-0.6252609646597377,-0.49396551434766794,-0.028542293986275547,-0.9157965485226562,-1.1992561639435269
choque_B_tpu_primero,horas,sin pandemia,3313,Industria básica del aluminio,0.2650002880058719,3.4239119691147217,-0.628719967629616,0.5967676137383487,0.265,-0.4495566348733391,0.5808067147299381,0.0,-0.16983486929051814,0.2283856649022884,-0.5455292880547825,0.20585954947374627,0.7714504050339459,73,49,True,-0.31284727241129634,-0.9924194706783404,-1.1883119671291953,-0.436421766100421,-0.4731937293100164,-1.282957530880859,-0.6794602312142295,-1.121035931341143,-0.4133325134122485,0.00017294598077597986,-1.2185580989081437,-0.34145941346557646,0.28646539968568724
choque_B_tpu_primero,horas,sin pandemia,3328,Recubrimientos y terminados metálicos,0.1588822707072484,,-0.33920235176324054,0.47281190589722655,0.485,-0.16003901900696363,0.4524996722944542,0.0,-0.16950254072190565,0.14397304224528312,-0.4063381952153964,0.06733311377158507,0.880466371649768,73,49,False,-0.6483045390752757,-1.2248191753713393,0.18664877086555007,0.045102621978643016,-0.173218660056301,-0.32432428719859124,0.15891204197050376,-0.25440251383824586,-0.09187133121259683,0.0020099653626801423,-1.4048601342514433,-0.47966688730584334,-0.20083644478986742
choque_B_tpu_primero,horas,sin pandemia,3162,Fabricación de calzado,0.1604241815757467,0.208928615610855,-0.7556803617250086,0.4953087491869379,0.148,-0.5765170289687317,0.47595757383358195,0.0,-0.1692683357327613,0.14373058222618462,-0.405705143494835,0.06716847202931242,0.8805374872940746,73,49,True,-0.6192556899950274,-0.9441447206468294,-0.4931515659853231,-1.3260173799454098,-1.0162048938630985,-0.5352494650809418,-0.8612045797387742,-0.9838883495814842,-0.11664061906323385,-0.5277174352029593,-0.9888895270513997,-0.6639952489194682,-0.7474852273511635
choque_B_tpu_primero,horas,sin pandemia,3253,"Fabricación de fertilizantes, pesticidas y otros agroquímicos",0.1679807884786191,0.549472772838495,-0.5270611965957315,0.6591276143716509,0.456,-0.34789786383945454,0.6447123909897222,0.0,-0.1688849319034167,0.14460047825796138,-0.4067527186377632,0.06898285483092978,0.8785848638370501,73,49,True,-0.8265972299822905,-0.7425279301640569,-0.8278566116807393,-0.48956644697225404,-0.5966022077056103,-0.7726140762048102,-0.5279672208487912,-0.5627860657315451,-0.3003471576108823,0.11295862331756115,-0.25609608392957073,-0.833408118996592,-0.2283850292349279
choque_B_tpu_primero,horas,sin pandemia,3222,Fabricación de productos de cartón y papel,0.1574973850413846,0.21291333042696917,-0.1733073833836046,0.26727138022350133,0.362,0.005855949372672309,0.22943157096397193,0.0,-0.16888407978062184,0.1437908700012469,-0.405420060932673,0.06765190137142932,0.8799049645154106,73,49,True,-0.17924034701696742,-0.11565354892630181,0.05871492138179962,-0.26747645922538904,-0.5427435316702175,0.02333176032977506,0.10725777140489898,-0.08040732132090835,0.2276531847088686,-0.18853909452549678,-0.6683764627859903,-0.13932187906515875,-0.48819497727577277
choque_B_tpu_primero,horas,sin pandemia,3254,Fabricación de productos farmacéuticos,0.1290966945098601,0.009184281116309617,-0.30358148568205995,0.2687054767135505,0.255,-0.12441815292578304,0.23110060208549238,0.0,-0.1661057400911089,0.145048537790759,-0.40471058475690747,0.07249910457468964,0.8739313509899929,73,49,True,-0.23993530839120183,-0.19848593008025564,-0.02909998317256015,-0.31440839694199424,-0.4118617161618778,-0.07652777426871825,-0.2882647341768571,-0.080619190063807,0.008643396897321604,-0.4529326571413719,-0.7407788623950747,-0.5693035757140175,-0.5529845822563652
choque_B_tpu_primero,horas,sin pandemia,3251,Fabricación de productos químicos básicos,0.135778270214786,0.24687503499913044,0.5463874473501629,0.49147951668618994,0.244,0.7255507801064398,0.471971366070561,0.0,-0.16601538098989657,0.14430142646343433,-0.40339122752224604,0.0713604655424529,0.8750261389057579,73,49,True,-0.18054651769964758,0.6926070127892278,0.8490687708055533,0.7845523339896928,1.0667675117722288,0.9169626471919603,0.7066148973790539,0.33933260962154976,0.7001079991295744,0.5694384571665104,0.624925823976607,-0.27585485893920714,0.3090601283690105
choque_B_tpu_primero,horas,sin pandemia,3132,Fabricación de telas,0.1336042055792961,0.37885838528697496,0.4681957630952874,0.3959401060469045,0.218,0.6473590958515643,0.371447738780107,0.0,-0.16522409003773908,0.14457483767146992,-0.4030496980073071,0.07260151793182895,0.8734448759517737,73,49,True,0.04437547964532233,0.0957942281660487,-0.21761439947895278,0.4416957517060909,0.4725449982541296,0.4340257338192983,0.7434165304239809,0.6074216416535432,0.8622111527059351,1.433866740719144,0.004214094245585803,0.516250531522639,0.6483424368559706
choque_B_tpu_primero,horas,sin pandemia,3274,"Fabricación de cal, yeso y productos de yeso",0.1199075903205221,0.0,-0.3663034551618376,0.39478176489278605,0.241,-0.1871401224055607,0.37021277255152024,0.0,-0.16498437131442498,0.14534486165396207,-0.40407666873519255,0.07410792610634262,0.8718382164227765,73,49,True,-0.13419532332696027,-0.5309370470794911,-0.20450958173560968,-0.14441855044216606,-0.22682995779472515,-0.1450245268688981,-0.42310997521490523,-0.6578561472060567,-0.34987585116673314,-0.08991747662931723,-0.4507658301564213,-0.4007268763147578,-1.0037777731678466
choque_B_tpu_primero,horas,sin pandemia,3327,Maquinado de piezas y fabricación de tornillos,0.1233232283296124,0.4326418816534467,0.09454132421672844,0.35395292300842457,0.828,0.27370465697300533,0.32632426629754085,0.0,-0.1637183218397656,0.14505701492893577,-0.40233711139786493,0.07490046771833375,0.8704768408159808,73,49,True,-0.7422176817070696,0.4838986044094341,0.7472813622470267,-0.07556322765752164,-0.5878578753507948,0.7811510257594101,-0.4917718029752973,0.33418049145990647,0.2926654797169081,-0.19538374293185967,0.12217888912038617,0.4571222688753725,0.10335342385156833
choque_B_tpu_primero,horas,sin pandemia,3119,Otras industrias alimentarias,0.1089707298904361,0.0323275826493142,-0.12855438293351246,0.4520448548953705,0.806,0.050608949822764454,0.4307544612720769,0.0,-0.16348011581983107,0.14550781294532855,-0.40284046811489654,0.0758802364752344,0.8693904451540259,73,49,True,-0.26091660578081854,-0.42009211015343223,-0.1286644075754471,0.04505489764145809,0.15474783045066623,0.5391444527596994,0.49471868007720304,0.05696236060985662,0.12022360519945988,-0.3215732090360419,-0.5865063956132386,-0.6747145746804956,-0.689591502034531
choque_B_tpu_primero,horas,sin pandemia,3231,Impresión e industrias conexas,0.1024504665734745,2.5074260643867242e-05,-0.4885694233988552,0.5157941348448335,0.351,-0.3094060906425783,0.497240831598483,0.0,-0.1627855296884108,0.1458610127713017,-0.4027268956972021,0.07715583632038048,0.8677957400919034,73,49,True,-0.08450360531675091,0.630043285334335,0.8825120915658312,0.7960406256223055,-0.303122655774612,-0.5260016041034975,-1.5472827311783355,-1.7737150724779907,-1.1429571206846376,-0.5618359475886077,-1.3640791884969314,-1.4480913349601636,0.09159075387393699
choque_B_tpu_primero,horas,sin pandemia,3315,Moldeo por fundición de piezas metálicas,0.0974402319506194,0.2715351086932004,-0.0001540252237929957,0.4090829612673852,1.0,0.17900930753248392,0.38542667819925697,0.0,-0.16108997987119333,0.14544205567549434,-0.40034216145738155,0.07816220171499486,0.8659802608114022,73,49,True,-0.02627828096425145,-0.5497386985308991,0.03129863408941093,-0.3812027130459939,-0.024812924685786872,0.2135128432756382,0.3290389010371315,0.01994985560389125,0.25818034720602645,0.34279470664109757,0.5120237782318258,-0.4443615842790248,-0.28240719248837465
choque_B_tpu_primero,horas,sin pandemia,3122,Industria del tabaco,0.1071479040489181,0.7594394974604725,-0.03187070936257183,0.6512172483917634,0.961,0.14729262339370508,0.6366229336674577,0.0,-0.1603997518815351,0.14809380007411577,-0.40401405300345555,0.08321454924038535,0.8606170170438658,73,49,True,0.25873025208809447,-0.9014578894422894,-0.06886379654342743,0.9541317743982052,0.7378414640159812,0.2527581403964232,1.2143665960965184,0.10028804351319605,-0.5416892454660696,0.42492103366090744,-1.4240343039546748,-0.23413418171645028,-1.187177108759848
choque_B_tpu_primero,horas,sin pandemia,3255,"Fabricación de pinturas, recubrimientos y adhesivos",0.0704773870608603,0.2102982954347221,-0.1339556004328847,0.2928880196111871,0.503,0.0452077323233922,0.25882087840857004,0.0,-0.1579340711383486,0.1463802061726878,-0.39872951029242,0.08286136801572283,0.8596906476622668,73,49,True,0.010943034429830394,-0.13888776821979054,-0.1803451479068752,-0.14474097496487892,-0.4621758635138555,0.13886234698608285,-0.1574450154513256,-0.20301698533113982,-0.2667888494575754,-0.17243070172586278,0.3884882651472603,-0.09325187497573048,-0.4606332706436405
choque_B_tpu_primero,horas,sin pandemia,3221,"Fabricación de pulpa, papel y cartón",0.0619018679380005,0.001245006131624058,-0.12824601746562714,0.23760708120694635,0.459,0.05091731529064977,0.194066947490048,0.0,-0.15767360756026197,0.14726438309875894,-0.39992351775772045,0.08457630263719651,0.8578442132142619,73,49,True,0.03585778790319563,-0.14263633838888345,0.1028958062548658,0.06467256484804604,-0.14785555917788396,0.018185312188894163,-0.1751937791524271,-0.18863535625411396,-0.041534224823998406,-0.22881094364967705,-0.4016240149785915,-0.2572063029393745,-0.30531317888320425
choque_B_tpu_primero,horas,sin pandemia,3112,Molienda de granos y de semillas y obtención de aceites y grasas,0.0609807080676099,0.015464642605078835,-0.22778240873527816,0.2328402277782122,0.334,-0.04861907597900125,0.1882004961211059,0.0,-0.15750183577267854,0.14723225300838882,-0.3996988919714781,0.08469522042612107,0.857634276672269,73,49,True,-0.06431712900795906,-0.3810401563075098,-0.26760305244618116,-0.6157258546162685,-0.2165573450201003,0.11724078424146327,0.4315160430937474,-0.08748626216085939,0.13468504244415727,-0.35531379805103547,-0.5588107408361926,-0.7172405611243996,-0.38051828376747804
choque_B_tpu_primero,horas,sin pandemia,3241,Fabricación de productos derivados del petróleo y del carbón,0.0588949583065286,0.029050875130591527,-0.16074816260036204,0.42826053438906286,0.652,0.018415170155914873,0.40572397067911375,0.0,-0.15718586602636875,0.1472526876609257,-0.3994165372285915,0.08504480517585403,0.8571171687030952,73,49,True,-0.20983715792691418,-0.35384376611676943,-0.10402624906913854,-0.21466195012391465,-0.25452499572140175,0.022697613724043414,-0.0808664333130536,0.19182777757556374,-0.10149175151751944,-0.24958885099155176,0.045636255802715825,-0.20968918027220404,-0.5713574258545622
choque_B_tpu_primero,horas,sin pandemia,3212,Fabricación de laminados y aglutinados de madera,0.0775332943220637,0.706229815707303,0.006571076259092157,0.38466019412915214,0.984,0.18573440901536906,0.35939994437380995,0.0,-0.15687837868739613,0.14854582602169247,-0.40123626249308025,0.087479505118288,0.8545373998504457,73,49,True,0.26812435443706467,-0.05428665261806346,-0.2240688333647086,-0.40513163538114944,-0.41044208716385155,-0.0036079620453098923,0.4280656185078501,-0.5842873236516568,-0.2943911063666313,0.05079589157001547,0.1412359043550364,0.7563787624458214,0.4170390606437811
choque_B_tpu_primero,horas,sin pandemia,3115,Elaboración de productos lácteos,0.0498313429839448,0.009728495317546031,-0.07403560366649152,0.24830783439715196,0.752,0.10512772908978539,0.20703051874403466,0.0,-0.15612005100177534,0.14769938697045668,-0.3990855425681766,0.0868454405646259,0.8547469856507742,73,49,True,-0.0177236896600507,-0.08297522827306546,-0.036067781019482215,-0.4532852393731528,-0.42567231016460516,0.3934200586472339,0.4562901900490158,0.18647883297083395,0.5179287209569612,-0.2385868445446567,-0.5793328226384372,-0.3355310857512174,-0.347405648863767
choque_B_tpu_primero,horas,sin pandemia,3116,"Matanza, empacado y procesamiento de carne de ganado, aves y otros animales comestibles",0.044361709007407,0.0005565343123640996,-0.27155315559034304,0.24827800043545445,0.225,-0.09238982283406613,0.20699473560612155,0.0,-0.1554671051542077,0.1479668851455647,-0.3988726312186616,0.08793842091024623,0.853299161124516,73,49,True,-0.037334342854677884,-0.22664590119338934,0.04985451840042778,-0.6095141284080929,-0.6227467969567246,-0.11218098388600924,0.02897361625750693,-0.3913150473360608,0.06565562336896946,-0.39169123995621374,-0.3904153240405364,-0.3958643435073201,-0.4969666725623383
choque_B_tpu_primero,horas,sin pandemia,3118,Elaboración de productos de panadería y tortillas,0.043199849411286,0.00024549054628625414,-0.25114025110409366,0.2652343469610114,0.213,-0.07197691834781675,0.22705531016969152,0.0,-0.15532198720612347,0.1480165804474398,-0.39880926204216194,0.08816528762991499,0.8529926947008968,73,49,True,0.041312421762839543,0.06185136812124498,0.004330375624473199,-0.2038945698447819,-0.027797648838824275,-0.35884821091873226,-0.3393340245439436,-0.4736058341657694,-0.5735460192540496,-0.5377109423513132,-0.29918631373538485,-0.22473864112778227,-0.333655225081194
choque_B_tpu_primero,horas,sin pandemia,3273,Fabricación de cemento y productos de concreto,0.0343074151008847,0.00012961613710545992,-0.025917354811585264,0.4957462879364565,0.963,0.15324597794469164,0.4764128850809943,0.0,-0.15420242994651262,0.1483936075907046,-0.3983099144332217,0.08990505454019646,0.850631276270482,73,49,True,0.20240654073995878,-0.2837955965354935,-0.43497443480737297,-0.17062246987002264,0.35289471115917215,-0.1849971454255884,0.2951929030684955,0.22189548298580053,0.12894923785492754,-0.041178859204876975,0.12221220091493151,0.04475993240316891,-0.5896681158337088
choque_B_tpu_primero,horas,sin pandemia,3111,Elaboración de alimentos para animales,0.02886946578166,0.0027127477990509046,-0.1433005134444249,0.2844547440874436,0.604,0.03586281931185201,0.2492375503455964,0.0,-0.15350738679482567,0.14861816888222745,-0.39798427460608987,0.0909695010164385,0.8491741469826714,73,49,True,-0.05911272465237552,-0.11060537221026931,-0.1735397975879677,-0.15982609918728521,-0.39074263995844205,-0.6406975380615589,-0.17207686130462,-0.2389485828808541,0.09200469350793737,0.36428669985288664,0.05228577723854901,-0.18293268150577607,-0.24300154802774787
choque_B_tpu_primero,horas,sin pandemia,3211,Aserrado y conservación de la madera,0.0034917286527276,0.0,-0.8190337895886539,0.5027762303279454,0.123,-0.639870456832377,0.4837238807948185,0.0,-0.1503216696215031,0.14980251672844697,-0.39674680963979836,0.09610347039679218,0.8421818623733057,73,49,True,-0.7003938762395858,-0.8217460826405907,-1.1228972393435015,0.29454270063771304,-0.4867930973561309,-0.48781896080748405,-1.5235014078778542,-1.548066319673496,-1.5468211450116613,-0.26216199250833894,-0.7176782764218282,-1.0580451704821767,-0.6660583969275666
choque_B_tpu_primero,horas,sin pandemia,3311,Industria básica del hierro y del acero,0.279574215702268,10.234472970162127,-0.01137178142516622,1.377448749840197,0.994,0.16779155133111068,1.3706093219822864,0.0,-0.14496840377612913,0.579669210298325,-1.0985242547168736,0.8085874471646155,0.5987404123434842,73,49,True,-0.26615612560864277,-0.2813367488329023,-0.39312841173828794,-0.16618923315692014,0.17170972298223014,0.9315306532801332,0.6429644377903869,0.6251233386942967,1.1256441173019762,0.14788901502178695,0.3284504801173933,-0.8184880324163426,-2.1958463719622685
choque_B_tpu_primero,horas,sin pandemia,3312,Fabricación de productos de hierro y acero,0.0669975578374552,6.615743671162022,-0.12231362091193591,0.4836730077536489,0.775,0.056849711844341,0.46383664527275326,0.0,-0.1323820466487661,0.3883150503789065,-0.7711603045220673,0.5063962112245352,0.6334158467557036,73,49,True,-0.09006719829788991,0.2937465043537467,0.08004230802608386,-0.2960394942706004,-0.39620353086632476,-0.2097324233828168,-0.36252843278884156,-0.3079736984194655,-0.16934336269493414,-0.5028274820493177,0.32581823893196016,0.20023027076248465,-0.1551987711592516
choque_B_tpu_primero,produccion,completa,3312,Fabricación de productos de hierro y acero,0.0669975578374552,6.615743671162022,0.7782998136823215,1.7949848554390262,0.725,0.5456403194627104,1.4929842046549944,0.0,-0.2014122093212965,1.3322596327123215,-2.3929793051330654,1.9901548864904723,0.560083491356102,90,78,True,0.20702338911568877,0.7779402287548098,-0.03148141891411473,0.4828989014239459,0.48149602678400644,0.7235166130922988,0.9108995680177028,3.5970944427334874,2.8553114893064495,2.808965944284957,0.7220031312105438,-2.339509156064425,-1.0782615818751713
choque_B_tpu_primero,produccion,completa,3211,Aserrado y conservación de la madera,0.0034917286527276,0.0,-1.0266747787330834,1.3943311803720284,0.205,-1.2593342729526946,0.9752900310428168,0.0,-0.16055142900233038,1.0126173228523372,-1.826306925094425,1.5052040670897642,0.5629886582701973,90,78,True,0.2463640141261302,-0.5850399629395909,-2.15789280030418,-2.3974601670372078,-2.154406531152138,-1.065171088100069,-1.8212964502976092,-1.49542547936427,0.5659745774327248,-0.8910138010768056,-0.5004857898875529,-0.38109596734219375,-0.7098226775873221
choque_B_tpu_primero,produccion,completa,3111,Elaboración de alimentos para animales,0.02886946578166,0.0027127477990509046,0.2047174871243172,1.540682780368779,0.745,-0.02794200709529393,1.1750466517626932,0.0,-0.1443804078063312,1.0110847568943646,-1.8076148328975612,1.5188540172848985,0.5567749568100507,90,78,True,0.07653089885949757,-0.4609363740580035,-0.6171882432006484,-0.24009262818669813,-0.17213949897131237,0.21933720599494033,0.35892456350027635,0.4607640716728396,0.5866253091794348,0.9449728088829789,0.7414011403935229,0.721543359837238,0.04158471871205726
choque_B_tpu_primero,produccion,completa,3273,Fabricación de cemento y productos de concreto,0.0343074151008847,0.00012961613710545992,-0.07246913392775667,1.2265623288040668,0.901,-0.3051286281473678,0.715182739259764,0.0,-0.14087633615228534,1.0107885486821695,-1.8036234987344542,1.5218708264298835,0.5554221807164643,90,78,True,-0.2374195447210626,0.28955205692414254,0.46499358308984284,0.1342345406117773,0.28759518634322806,0.07223980136922924,0.541397704935888,0.7181635691811864,0.7123888486416864,0.14073016807861843,-0.9323819639591616,-1.8663652885902757,-1.2672274029659358
choque_B_tpu_primero,produccion,completa,3118,Elaboración de productos de panadería y tortillas,0.043199849411286,0.00024549054628625414,0.06024801944582232,1.4255589582913408,0.767,-0.17241147477378882,1.019435896787305,0.0,-0.13519969110523555,1.0102925905842048,-1.7971310026162526,1.5267316204057815,0.5532284585954022,90,78,True,0.03266293386758412,-0.018746841978631825,0.13845546507917514,-0.025804383580828916,-0.12047933248149924,0.07645424926171752,0.11769502341489528,0.293455353967144,0.3458288602507636,0.18982978279652357,-0.2950782869873822,-0.07679743915492404,0.125748868341153
choque_B_tpu_primero,produccion,completa,3116,"Matanza, empacado y procesamiento de carne de ganado, aves y otros animales comestibles",0.044361709007407,0.0005565343123640996,0.38272910263232207,1.513085790808902,0.297,0.15006960841271094,1.1386218926586842,0.0,-0.13446163847004705,1.0102272668904406,-1.796285492504822,1.527362215564728,0.5529430047857694,90,78,True,0.45700217148078065,0.17630883627311486,-0.618378310224568,-0.11729031544128284,0.06937297806080112,0.16935425622487477,0.5179767526106289,0.8771585484631864,0.8755245890892084,0.6502540903763162,0.7345345898261102,0.8333344583521838,0.3503256891288328
choque_B_tpu_primero,produccion,completa,3115,Elaboración de productos lácteos,0.0498313429839448,0.009728495317546031,-0.14324982340357528,1.485998062758174,0.666,-0.3759093176231864,1.1023708299002157,0.0,-0.1310819893631674,1.009882417214273,-1.7923385656806465,1.5301745869543117,0.5516373753791797,90,78,True,-0.31064093851067814,-0.22060424268275244,-0.3060423171082702,0.10241719301166306,-0.177711913924082,0.2726728377597274,-0.024193613611552842,0.26645914325910386,0.29767939655715525,0.06421758501832679,-0.03720953026824188,-0.6374968048180921,-1.1517944989287856
choque_B_tpu_primero,produccion,completa,3241,Fabricación de productos derivados del petróleo y del carbón,0.0588949583065286,0.029050875130591527,0.9245534496378275,1.8229728081840748,0.662,0.6918939554182164,1.5265192640357919,0.0,-0.12553238899645264,1.0093062489073983,-1.7858411684491229,1.5347763904562177,0.5494907869322121,90,78,True,0.1697913083979652,-0.4060028690515663,0.8917209064684931,0.8798356411191394,0.7482717931777669,2.581296237828552,2.187281763656456,0.7084130920368127,1.027604532673191,0.2641351262583968,1.7636515745739927,-0.3272255337076704,1.5304212718602257
choque_B_tpu_primero,produccion,completa,3112,Molienda de granos y de semillas y obtención de aceites y grasas,0.0609807080676099,0.015464642605078835,-0.581199598248843,1.5143804187670504,0.418,-0.8138590924684541,1.1403417280968504,0.0,-0.12403339127845181,1.0092657072339954,-1.7842754796783744,1.5362086971214706,0.548904752802452,90,78,True,-0.20202868742635371,-0.22226423126929457,-0.8166313456142918,-0.27771318630195996,-0.23291444007470624,-0.5022125240677586,-0.8717023011345473,-0.6838863345660768,-0.8864630775436011,-0.38358879049022454,-0.4090427911354425,-0.8127627815461119,-1.254384286064591
choque_B_tpu_primero,produccion,completa,3221,"Fabricación de pulpa, papel y cartón",0.0619018679380005,0.001245006131624058,-0.13776517766292323,1.2934910770215509,0.871,-0.37042467188253436,0.8247122955480993,0.0,-0.12327022271327953,1.0092926585175297,-1.783556645974616,1.5370162005480568,0.5486040518371309,90,78,True,0.644823210058689,0.22299216425031898,-0.12007929844429323,0.2876637997893229,-0.16397079621013363,-0.4759136417236732,0.03849201461921649,-0.17798286001199062,-0.22952063268030626,-0.23174217620201146,-0.4324662915132834,-0.19231019208482816,-0.9609326094650296
choque_B_tpu_primero,produccion,completa,3212,Fabricación de laminados y aglutinados de madera,0.0775332943220637,0.706229815707303,-0.2502209009342392,1.5239413839349127,0.87,-0.48288039515385034,1.1530084760153767,0.0,-0.12196441341475045,1.009386038370518,-1.7824044465342526,1.5384756197047518,0.5480872732665896,90,78,True,0.4704130409077802,0.7540481685369469,0.6808606462682476,-0.1785040076942379,-0.7469298373325008,0.1022715195266401,1.0857925868873168,1.0849122052365827,0.2501916776143595,0.2154499565520895,-1.1124343746422045,-2.9042926372486697,-2.9546506567574595
choque_B_tpu_primero,produccion,completa,3255,"Fabricación de pinturas, recubrimientos y adhesivos",0.0704773870608603,0.2102982954347221,-0.3265046448682275,1.190650163350982,0.669,-0.5591641390878386,0.6516740102087579,0.0,-0.12036704841806972,1.0081447725809516,-1.778765199313735,1.5380311024775957,0.5475186329397764,90,78,True,-0.14116589419584036,0.13921133444258052,-0.31417080599609554,0.5105139578605398,-0.8894526481594393,0.031013308214281384,-0.32622952764505986,1.2446507583593618,0.5066899758006472,0.7163746385924777,-0.768072231710174,-2.7472962824947746,-2.2066269663554623
choque_B_tpu_primero,produccion,completa,3311,Industria básica del hierro y del acero,0.279574215702268,10.234472970162127,-1.0621409994493867,2.5017212079514217,0.7,-1.2948004936689979,2.294698282216589,0.0,-0.11020682644581026,1.6958838101652909,-2.8999356941677137,2.679522041276093,0.5259069854144136,90,78,True,0.8588576149401558,-0.2352671174975183,-0.8852961853070708,0.9695249687597728,0.2622237627432595,-0.35596633541043965,-2.6025445853631113,0.3379429136277426,0.6929657758216251,1.1900561991659377,-3.2952600621758985,-4.856509220097376,-5.888560722049107
choque_B_tpu_primero,produccion,completa,3315,Moldeo por fundición de piezas metálicas,0.0974402319506194,0.2715351086932004,0.23295609814987014,1.6427747507673365,0.877,0.0002966039302590151,1.3060398484933484,0.0,-0.10390406793166862,1.0068102538973867,-1.7601069355928698,1.5522987997295323,0.541098372611052,90,78,True,-0.7990317998936631,-1.0408670540831393,0.7143124769748923,1.6568974188818382,1.775456926793777,1.3566278144537318,2.0891278324913767,1.9602005197928325,2.138180646162019,1.4669369754970185,-1.1661832062609723,-4.413034938196086,-2.7101943366653147
choque_B_tpu_primero,produccion,completa,3122,Industria del tabaco,0.1071479040489181,0.7594394974604725,2.1734068535959485,4.450560905846113,0.677,1.9407473593763374,4.337571161461172,0.0,-0.103709426937515,1.00846895418992,-1.7626408565799336,1.5552220027049037,0.5409544226777071,90,78,True,1.3954076199868912,4.676595127852035,8.910186451376743,7.6235522446755635,2.2880856592365273,-0.2739632463259168,11.766698782260123,12.489963332883052,1.007320415281703,-1.487317401716473,-2.627147385970786,-13.541683710463758,-3.973408792328374
choque_B_tpu_primero,produccion,completa,3231,Impresión e industrias conexas,0.1024504665734745,2.5074260643867242e-05,0.4163067747875021,1.2145658647064064,0.489,0.18364728056789098,0.694407260765514,0.0,-0.09736378292625425,1.0073634004923908,-1.7544765767362374,1.5597490108837286,0.5384986577933186,90,78,True,0.4057714313629552,1.370238581274297,0.7574036926553133,1.5551400627940728,0.16487869028398364,0.5797759258382115,0.4084830718516344,0.5890750784860568,-0.07600068195055047,0.7323201610650305,-0.21376182941679847,-0.7539574722768296,-0.10737863972984747
choque_B_tpu_primero,produccion,completa,3119,Otras industrias alimentarias,0.1089707298904361,0.0323275826493142,-0.2925879345690898,1.371700928349394,0.277,-0.525247428788701,0.9426529801196374,0.0,-0.0935979137553225,1.006915310805029,-1.7499736000295953,1.5627777725189504,0.5370303842752056,90,78,True,-0.3697864344855266,-0.2139931520031032,-0.31688753444740164,-0.16727819409459785,-0.3696489437384824,-0.32303547609040195,-0.34521616922306475,0.06761813097838797,0.37823926531876273,0.512598174164609,-0.8832994608506797,-0.8840506714890516,-0.8889026834376176
choque_B_tpu_primero,produccion,completa,3327,Maquinado de piezas y fabricación de tornillos,0.1233232283296124,0.4326418816534467,-0.07298994564417269,1.2779053966148128,0.909,-0.3056494398637838,0.8000458779289513,0.0,-0.08935956640005999,1.0059008583900868,-1.7440664784517528,1.565347345651633,0.5353936228226445,90,78,True,-0.003026048057446748,0.06642168491782736,-0.022889163314371685,-0.29769419990274876,-0.3190921816772263,-0.21721917562616175,0.11316932627169528,-0.15029512594481909,0.14427508447986492,-0.029811678730045907,-0.3650164550375479,-0.5431223079807189,0.6754309472274548
choque_B_tpu_primero,produccion,completa,3274,"Fabricación de cal, yeso y productos de yeso",0.1199075903205221,0.0,-0.17913231480744682,1.108884253518465,0.86,-0.4117918090270579,0.4864724984981655,0.0,-0.08621660683318977,1.0066233997587746,-1.742112099436374,1.5696788857699944,0.5341274034810224,90,78,True,0.1841221086496568,0.4472650669572865,0.5156053797852902,-0.6487803401451082,0.02735503776957282,0.16657663245848903,0.6055639369144405,0.5376360246396009,-0.2318334374670346,-0.34568418533095413,-1.4027472539476207,-1.0012658753866426,-1.1825331873937854
choque_B_tpu_primero,produccion,completa,3132,Fabricación de telas,0.1336042055792961,0.37885838528697496,0.8876711148965297,1.4726224747839496,0.653,0.6550116206769185,1.0842731008987765,0.0,-0.08213303040942171,1.0053775706967694,-1.7359791342056072,1.571713073386764,0.5325548624858132,90,78,True,0.6984150880407922,1.7533482826076234,2.204651400882321,1.8839554905630236,1.0015314497588212,1.2929371664085052,2.5737258362421094,4.076168710506151,0.9325484357933981,0.8426102104033742,-1.6299759258401145,-3.0870589767305323,-1.0031326749805816
choque_B_tpu_primero,produccion,completa,3254,Fabricación de productos farmacéuticos,0.1290966945098601,0.009184281116309617,-0.7031494026495227,1.6534857155973184,0.281,-0.9358088968691338,1.3194871033012108,0.0,-0.08046212234383354,1.0062074188724361,-1.735673326388991,1.5747490817013239,0.5318677484926347,90,78,True,-0.38733957465321234,-0.5391680644676053,-1.2605594603385106,-0.4211394567695181,-1.4472217920392554,-0.9114464216725876,-0.43299481584920835,-0.0009945759534247722,-0.6216700571669587,0.09328079462117612,-0.37405327769803093,-0.8861062541488409,-1.9515292783078186
choque_B_tpu_primero,produccion,completa,3251,Fabricación de productos químicos básicos,0.135778270214786,0.24687503499913044,-0.4383236445043308,1.9876652265174988,0.851,-0.670983138723942,1.7198384391566273,0.0,-0.07912068723531224,1.0052333585884634,-1.7327295621133347,1.5744881876427101,0.5313678675444153,90,78,True,-0.5937732088234953,-0.2525363700422894,-0.1615249279039111,0.6985185482967973,1.140105069846092,1.0194216415664563,-1.2881999374498907,-2.1593611953396294,-2.1206625154246415,-0.4295689266629156,-0.609579836259671,-0.5681952756052531,-0.3728504447539497
choque_B_tpu_primero,produccion,completa,3222,Fabricación de productos de cartón y papel,0.1574973850413846,0.21291333042696917,0.2247675705503411,1.3282429278083068,0.702,-0.007891923669270023,0.8782143698247182,0.0,-0.064834496811919,1.0044907952024773,-1.7172218549199942,1.5875528612961562,0.525731718215903,90,78,True,0.21977116184647394,0.25241420774976914,0.4425964254970529,0.3869781401264941,0.15522887683155187,0.14904348640796372,0.22203941718482129,0.19493669444800557,0.11481608002295912,1.0757508396823414,-0.18644465621117623,-0.2186168757661,0.11346461933427765
choque_B_tpu_primero,produccion,completa,3162,Fabricación de calzado,0.1604241815757467,0.208928615610855,-0.2139344204119383,1.2617157869045714,0.877,-0.4465939146315494,0.7739237242894588,0.0,-0.06291661987834007,1.004398224238115,-1.7151516987500393,1.5893184589933593,0.5249738537743107,90,78,True,0.36873312183490764,1.0448752509363066,1.5410614449618798,1.4030342705987393,0.15645331943646382,0.13889620706407213,1.7038054512829586,1.99240170243206,-1.3386788698711896,-0.640617870286739,-2.8964112420179933,-4.189247620218917,-2.065452631507746
choque_B_tpu_primero,produccion,completa,3328,Recubrimientos y terminados metálicos,0.1588822707072484,,-0.6581681096599827,1.9941085087404857,0.781,-0.8908276038795939,1.7272810856154965,0.0,-0.06261814874822169,1.0047086741816853,-1.7153639177770938,1.5901276202806507,0.5248478634065477,90,78,False,0.8400578112415159,-0.36782079009875385,-1.4834703792922386,-0.47017951756796567,0.5800281408148261,0.07545983765846699,-0.4776397197977852,-0.7309978093833214,-1.0478678534475834,0.2355341173704408,-1.721541660709638,-1.5483685746488367,-2.439379027718903
choque_B_tpu_primero,produccion,completa,3253,"Fabricación de fertilizantes, pesticidas y otros agroquímicos",0.1679807884786191,0.549472772838495,-1.8182717027240385,2.450805623867722,0.449,-2.0509311969436497,2.2390800365497205,0.0,-0.06228213093253854,1.0047332428231688,-1.7150683153766513,1.5905040535115742,0.5247140938641456,90,78,True,1.439250456209825,-0.2914026025746676,-1.055618917669292,-2.2488440041326707,-3.2324481395742946,-1.4748460739922082,-1.1973416139540534,-3.1217290543140055,-4.5416733197756045,-2.430506508769041,-1.0183499788006225,-2.952856463342782,-1.5111659147230783
choque_B_tpu_primero,produccion,completa,3219,Fabricación de otros productos de madera,0.1827036170504173,0.16703782379480125,-0.08450449531743223,1.3630249110170536,0.904,-0.3171639895370434,0.9299828558349292,0.0,-0.0481750762640446,1.0037810508170495,-1.699394904858091,1.603044752330002,0.5191393323835735,90,78,True,0.4747590006381544,0.27605267860928506,1.070639462430524,0.39860016763187905,0.2737059544788353,0.06272127569300935,-0.4122067553373749,-0.07089326808479364,-0.8518219641830723,-0.4114339535168947,-1.0507185771133547,0.09672129671492856,-0.9546837570877447
choque_B_tpu_primero,produccion,completa,3131,"Preparación e hilado de fibras textiles, y fabricación de hilos",0.2001267979454507,0.0774387648863754,2.140692426652929,2.6366562762205716,0.536,1.9080329324333178,2.441103750975606,0.0,-0.03594730722262096,1.003582584116721,-1.686840658094627,1.6149460436493852,0.5142866516151343,90,78,True,-0.4326335591340762,2.9452992726626794,4.175553776899671,2.0844604248351657,2.355653761972383,2.9215696811533567,6.047636086494234,7.216385899331929,4.0582981668210625,2.5982453872265676,-0.0937438281695607,-5.2046301311158745,-0.843093392489457
choque_B_tpu_primero,produccion,completa,3313,Industria básica del aluminio,0.2650002880058719,3.4239119691147217,-0.40891029514168264,1.4673647780168377,0.786,-0.6415697893612937,1.0771214396985362,0.0,-0.035704287722862216,1.0907573049587493,-1.8300000543800048,1.7585914789342805,0.5130564394309045,90,78,True,-0.7786831078785986,1.5595014651987567,0.5803766914858766,0.6565805678933981,0.017913155243154864,1.0231587410647678,0.8074443034935547,2.05323401166508,-0.8660776727678373,-0.8811383862700953,-2.8384600134314333,-3.9063784735113427,-2.743305119027155
choque_B_tpu_primero,produccion,completa,3113,"Elaboración de azúcares, chocolates, dulces y similares",0.2016423568218791,0.005446138950690162,-0.19607879821924348,1.596550951421802,0.796,-0.42873829243885464,1.2473997533187606,0.0,-0.03409366367955591,1.00387970430021,-1.6854757772534013,1.6172884498942894,0.5135462343366592,90,78,True,0.27729024107013023,-1.1797510876902122,-2.0749235873773033,-0.45172651083302323,0.00392563382044085,0.8008848912434928,2.092874808207706,0.5204574509612802,-0.8144300906394776,0.07856245066919877,-0.41006067375234667,-0.46655819575886215,-0.9255697067711887
choque_B_tpu_primero,produccion,completa,3261,Fabricación de productos de plástico,0.2303591490643638,0.524248422355608,-0.1899947335739899,1.0677589039080204,0.823,-0.42265422779360107,0.383588687227219,0.0,-0.022141380313489167,1.0029816341527114,-1.6720461684946992,1.627763407867721,0.5088061586204254,90,78,True,-0.2434718928151181,0.3580300676470421,0.4773993447204703,0.4160167174842509,-0.03347105543551663,-0.007812675256275478,0.18023716892089392,0.7793998213176023,0.02147341010687087,0.018249322568063726,-1.2008365605667548,-1.9842466737691862,-1.2508985313842118
choque_B_tpu_primero,produccion,completa,3372,Fabricación de muebles de oficina y estantería,0.2214380514733216,0.0,0.30999509943608766,1.264342213451078,0.79,0.07733560521647653,0.77819819892378,0.0,-0.021386534140165447,1.003438643035203,-1.6720431019330744,1.6292700336527433,0.5085021110695065,90,78,True,-0.09453675865031179,-0.6029557608140931,-0.30897716566227595,-0.4139520950253367,0.4076017492415912,0.8848994649769863,2.2242748204436262,1.8277826302904956,0.17301210032878028,0.4540985453411462,-0.415777184019983,-0.44831327143799976,0.3427792176565153
choque_B_tpu_primero,produccion,completa,3279,Fabricación de otros productos a base de minerales no metálicos,0.2243733059375072,0.09096728123609459,0.15443170870151868,1.1969091203277837,0.817,-0.07822778551809245,0.6630404560942516,0.0,-0.020631702943967878,1.0029565775453886,-1.6704952730061322,1.6292318671181962,0.5082060164372048,90,78,True,-0.11530371544729628,-0.023433829509979204,0.4834683507715175,0.8119570371540332,0.05121429668538554,0.08231439146029902,0.3233689075082492,0.3345620430861861,0.2393108612396494,0.5965992366767509,-0.3938871648697907,-0.4128059654339233,0.030247763798661752
choque_B_tpu_primero,produccion,completa,3323,Fabricación de estructuras metálicas y productos de herrería,0.2249299265714363,0.042986145911046665,-0.11756686416701735,1.285820222811315,0.848,-0.35022635838662847,0.8126283587744054,0.0,-0.019685845690149806,1.003146013511046,-1.6698610379158205,1.6304893465355208,0.5078283839265786,90,78,True,0.03916884441216414,-0.4033351753153348,-0.32650761268364287,-0.24868652279589087,0.6835484635124224,0.0569640312055733,-0.7322277334649921,-0.05559724648258218,-0.4223938909371414,-0.031586631958071765,0.8271296127045817,0.22004165151149566,-1.1348870238798068
choque_B_tpu_primero,produccion,completa,3121,Industria de las bebidas,0.2419442465750293,0.00012329106015767006,-0.30734598256568757,1.1041512243171778,0.68,-0.5400054767852986,0.47558503998230134,0.0,-0.008294265432618741,1.0030277257599483,-1.6582748743077338,1.6416863434424962,0.5032989072689273,90,78,True,0.2848897607754166,0.6911316154571256,0.6319544428570808,0.21757785519083253,-0.5860841063091857,-0.27954319782401066,-0.10954437639811519,0.31375803400050317,-0.8792964559840691,-0.7700533119419556,-0.9969634838822082,-1.6584070779975404,-0.8549174712978126
choque_B_tpu_primero,produccion,completa,3256,"Fabricación de jabones, limpiadores y preparaciones de tocador",0.2434658656862863,0.0355111400392335,0.10967291962955797,1.452911378523433,0.756,-0.12298657459005316,1.0573469997766614,0.0,-0.007758139177768075,1.002818928686774,-1.6573952768675113,1.641878998511975,0.5030863187495253,90,78,True,0.28970925610430387,-0.01947828060413649,-0.4083386795461512,-0.1268787571359209,-0.31593203424773203,-0.29674251379662614,0.09603904923527665,0.6758274827218116,1.189766483747478,0.6363079686293391,-0.28544173130118516,-0.15215146683990532,0.14306117821770156
choque_B_tpu_primero,produccion,completa,3324,"Fabricación de calderas, tanques y envases metálicos",0.2575554192946691,0.07360055114277667,-0.35857058582395773,1.2792781216143527,0.616,-0.5912300800435688,0.8022366960785271,0.0,0.0007697244305066853,1.0024173394732776,-1.648206799003035,1.6497462478640483,0.49969366492645473,90,78,True,0.3839831998948399,-0.25136251058474085,0.6128407106496374,0.6814545226385331,0.3325252581152513,-0.7891181623861087,-0.575002413380129,-0.7956743605310503,-1.2742792864722063,-0.9376756168163416,-1.1714615224665674,-0.6420973517133349,-0.23555008265923313
choque_B_tpu_primero,produccion,completa,3161,Curtido y acabado de cuero y piel,0.262669438610518,0.10967177111390917,0.3049685150363038,2.312628563812005,0.923,0.07230902081669266,2.0869312586314437,0.0,0.003591290551954812,1.0022071333688756,-1.6450394438398455,1.6522220249437551,0.49857044065191763,90,78,True,-1.2867861544713433,1.3379705996615565,2.3394321134816245,5.0208749516862445,1.7602241564699226,0.5408162548493406,1.567249111953387,4.439015586950272,0.3992344099619846,1.2463279985862477,-3.9021401688844706,-5.173059358274007,-4.324568806498809
choque_B_tpu_primero,produccion,completa,3272,Fabricación de vidrio y productos de vidrio,0.272472982882299,0.15198381360749708,0.37481777579522135,1.0950461563300604,0.693,0.14215828157561022,0.4540454697352274,0.0,0.009330453668643046,1.0019493646709183,-1.6388762512150175,1.6575371585523038,0.496284983257109,90,78,True,-0.051037235212544725,0.6169081115618438,1.2425203235928457,2.1381763359232373,1.214242924988268,1.1335309242447769,1.011230300665712,1.8631998992930856,0.5383216400462392,0.08828422154811914,-1.159521524695207,-2.5346284716517884,-1.2285963649667093
choque_B_tpu_primero,produccion,completa,3252,"Fabricación de resinas y hules sintéticos, y fibras químicas",0.3119319594154858,0.9457986711094967,0.18990338731483086,1.3412992669493045,0.896,-0.04275610690478027,0.8978390321280233,0.0,0.02475771624938919,1.0054794916695255,-1.6292560475469802,1.6787714800457587,0.49017791817791756,90,78,True,-0.06427328343316299,0.26718031670641584,0.14393883668720828,0.5055711645525427,-0.2083052742743854,-0.49792765614585666,-0.1449482813818515,2.0315316815362703,1.5910358406226233,2.070372750315282,0.30667025539829085,-2.0944422018177575,-1.4376601136728173
choque_B_tpu_primero,produccion,completa,3133,Acabado de productos textiles y fabricación de telas recubiertas,0.3062290364360683,0.3483594395688712,-0.4808673208032214,1.6184773023105623,0.836,-0.7135268150228326,1.2753430841104365,0.0,0.028468118723560393,1.0014882799182825,-1.6189801017420142,1.6759163391891352,0.4886612682975198,90,78,True,0.12512874081060144,2.0836525770076624,3.1642858010916326,2.910140793864586,0.2845631609891963,-0.6475224535969436,1.0244372433738387,2.482494133284503,-2.20099778165022,-2.037967911330828,-3.7917547648833,-6.661484115428987,-2.9862505939736197
choque_B_tpu_primero,produccion,completa,3326,"Fabricación de alambre, productos de alambre y resortes",0.3138914060002775,0.11398215213683333,0.22196390136070082,1.220462238224822,0.864,-0.010695592858910308,0.7046696240271654,0.0,0.0362449242237273,1.0017084424720484,-1.6115654636427923,1.6840553120902468,0.4855681777292786,90,78,True,0.9782654356056438,1.3576714113204984,1.1585550155107114,0.9044019699045013,0.773162508455037,1.366872538089425,1.169177776024398,1.8835908557724652,-0.403952018420962,-0.8078962732406232,-1.7055937420570366,-2.213224693628192,-1.575500065646757
choque_B_tpu_primero,produccion,completa,3114,"Conservación de frutas, verduras, guisos y otros alimentos preparados",0.3156513149608729,0.011841552492554095,0.49018290308021456,1.5142122463614156,0.244,0.25752340886060343,1.140118384697277,0.0,0.03862558272942318,1.0021394047351935,-1.60989373805997,1.6871449035188166,0.4846273247592812,90,78,True,0.8376215561002792,0.21933760082202153,0.5957288363618845,-0.15121352099348973,-0.12730774476619947,-0.02682904347854601,0.4216591041797559,0.8379143503514385,0.8075862372308493,0.9228731045361636,0.8249843764751127,0.9461803920967966,0.2638424911267235
choque_B_tpu_primero,produccion,completa,3151,Fabricación de prendas de vestir de tejido de punto,0.3365154443339868,0.18378899573785,1.0412512160820546,1.8485413416333416,0.663,0.8085917218624434,1.5569638068437681,0.0,0.049831994114552386,1.0014641798760995,-1.5975765817816312,1.697240570010736,0.4801571648217539,90,78,True,0.8628613579327861,2.159175950824736,4.691158611408765,5.532172233832314,3.9757638150123795,2.201063998902569,2.757393029843484,1.9743710069345877,0.06009265482834542,1.019220134295963,-2.554675766393189,-5.4690334342775095,-3.673297784078517
choque_B_tpu_primero,produccion,completa,3379,"Fabricación de colchones, persianas y cortineros",0.3523025337449802,0.5315470058345413,1.3948648810381008,1.9365487493621538,0.573,1.1622053868184896,1.6604975949244751,0.0,0.05563310788518075,1.0019211612666168,-1.5925272023984038,1.7037934181687655,0.47785953610882537,90,78,True,1.3444084400600602,4.6672960667901355,4.140035443259584,3.3155419104843173,1.9667031079212045,1.9125802901345186,3.4952629845320673,4.498247336452388,0.360709065758866,-0.06726562587949864,-1.5062129471113175,-4.798993261103645,-1.1950693578033709
choque_B_tpu_primero,produccion,completa,3271,Fabricación de productos a base de arcillas y minerales refractarios,0.3488287256548686,0.03778046576634959,-0.09131579408346648,1.1601160366136816,0.945,-0.3239752883030776,0.5940542252202917,0.0,0.05949110307742994,1.00196946582697,-1.5887486682079357,1.7077308743627955,0.4763270439769168,90,78,True,0.6515653463850418,0.8114613846681747,0.9026591341399924,0.47521830067805354,0.41819206510737145,0.18599949957209921,1.2187135888569331,1.495923248752016,-1.6945306572560153,-0.710296501563611,-1.801875025936526,-2.9701612304664913,-0.1699744760221019
choque_B_tpu_primero,produccion,completa,3259,Fabricación de otros productos químicos,0.3514735701280596,0.037375188977905587,0.15227990841685474,1.5493439544842216,0.919,-0.08037958580275639,1.186380163940147,0.0,0.06118489831670573,1.0019771045248496,-1.5870674386266717,1.7094372352600833,0.47565405280427236,90,78,True,0.8420850157154997,2.0644176790267763,0.8482173264645179,-0.055170329085270406,-0.0303040089901978,-1.1621787922493776,-0.7373681175020625,0.8262788184400705,1.0990989702307092,-0.6751417177029183,-0.8908326766735974,-0.1750566239044464,0.025593265649408534
choque_B_tpu_primero,produccion,completa,3371,"Fabricación de muebles, excepto de oficina y estantería",0.3642278188643361,0.004901686321007664,-0.14171237919311275,1.2751967653573133,0.785,-0.3743718734127239,0.7957122560772825,0.0,0.06972845474432071,1.002188463526555,-1.5788715677568623,1.7183284772455036,0.4722654943989428,90,78,True,-0.9188153060901338,-0.5941955161079321,-0.4473971442660797,0.494702340672385,0.9245322059693332,0.15703478774116753,-1.2855105731539935,0.1699944550706953,0.21354960245697474,0.7673241899025572,-0.461590100350574,-0.3232042116600455,-0.5386856596948201
choque_B_tpu_primero,produccion,completa,3149,"Fabricación de otros productos textiles, excepto prendas de vestir",0.3944218335152466,0.6202783960190488,0.04595670022616953,1.175453926460698,0.935,-0.18670279399344158,0.6234766533926641,0.0,0.0814355749932737,1.0026679462794732,-1.5679531966364597,1.7308243466230073,0.46763393959595856,90,78,True,0.07950750729970048,0.46254701255320757,0.38567118215558177,0.2309654324894946,0.46976889164630126,0.26744802882695184,0.3756332715538376,0.5025323717977231,0.2191583677793299,0.633536710156166,-0.7399810905860903,-1.31333737173935,-0.9760132109926499
choque_B_tpu_primero,produccion,completa,3352,Fabricación de aparatos eléctricos de uso doméstico,0.3900028883753999,0.07493595431888583,-0.707092046907752,1.5251680284629514,0.607,-0.9397515411273631,1.1546292561421654,0.0,0.08532474860821804,1.002041989152476,-1.5630343235476052,1.7336838207640413,0.4660707237793774,90,78,True,0.04826069571638336,-0.30991971175657534,1.7415939522788089,0.822817026385802,-0.42595285432962354,-1.9273105537443644,-1.5219292502741009,-0.13906778011946466,1.2051365858876588,-1.3202406131175093,-1.7950975127387476,-4.472481172446122,-1.0980054215429187
choque_B_tpu_primero,produccion,completa,3152,Confección de prendas de vestir,0.4259861529321015,0.9248468204807683,0.0621372362593843,1.1119334882362915,0.964,-0.17052225796022683,0.49338350839399864,0.0,0.09784237268485257,1.0058488363946023,-1.5567789631842683,1.7524637085539734,0.4612546253635843,90,78,True,-0.30516627141213426,0.5144555197085903,0.13115238516962674,0.7161642860194332,0.2541037272511728,0.26523030900799766,1.6126687970916567,1.834820699633909,0.19208653944294554,-0.1409511178007533,-1.5253138795787307,-1.6121135046310389,-1.1293534185306786
choque_B_tpu_primero,produccion,completa,3262,Fabricación de productos de hule,0.4171737487232005,0.17319420214525957,-0.049548864795114965,1.5088909159614468,0.983,-0.2822083590147261,1.1330414821906645,0.0,0.10146497990449099,1.0020616289786775,-1.5469263997654332,1.7498563595744154,0.45967353161407476,90,78,True,0.1818180687741911,1.991532426258314,2.778592535162241,1.9160449584003896,0.26289892744546384,0.03318157270652986,2.2310844622496178,2.5791803321762914,-0.5807286438831516,-1.398352402606748,-2.3885923450775155,-5.589463168647539,-2.6613319652945786
choque_B_tpu_primero,produccion,completa,3321,Fabricación de productos metálicos forjados y troquelados,0.4526204884780047,0.03826066742265268,0.27809386017291443,1.1497317774327858,0.796,0.0454343659533033,0.5735105614830445,0.0,0.12575917168514722,1.0031735991916992,-1.524461398985198,1.7759797423554924,0.4501187523169272,90,78,True,0.3312015843727493,1.5265623603892975,1.2936103393285978,1.639802840926035,0.4174065747837674,0.6549768306591904,1.323549002653618,2.3925704082821664,-0.18365146277279906,-0.8446686270254623,-1.4640653731341535,-2.6217421890840416,-0.8503321071310777
choque_B_tpu_primero,produccion,completa,3344,Fabricación de componentes electrónicos,0.4744887481943934,0.16122574159735625,0.0001159462889705508,1.3546596575375576,0.999,-0.23254354793064058,0.9176785885339249,0.0,0.13820950877331978,1.0032383924982513,-1.5121176468863038,1.7885366644329432,0.4452137146628012,90,78,True,-0.3025705306730917,0.7711665826618542,0.7176031673408425,0.5143212402580868,0.7769847778290961,0.9311982828233053,1.144998718790512,1.46830209980776,-0.06904572345456325,-1.2403661442806784,-1.3084272209854215,-1.7408983120475598,-1.6617596363135252
choque_B_tpu_primero,produccion,completa,3322,Fabricación de herramientas de mano sin motor y utensilios de cocina metálicos,0.4783144421423179,0.12768954532932958,-0.1136915588871423,1.6703816047543336,0.885,-0.3463510531067534,1.340599086078872,0.0,0.14106500743557718,1.0034303374649338,-1.509577897694239,1.7917079125653934,0.44409978380212933,90,78,True,0.2133448248879709,-0.41699162365293285,-0.7034680118139518,-1.1811138720376844,-0.8046787439607781,-0.21266917986640324,0.7912534663421117,0.2979427682796507,-0.1653821555444537,-0.22173022983367102,0.4147015244375045,0.3462969480581302,0.16450401917165666
choque_B_tpu_primero,produccion,completa,3362,Fabricación de carrocerías y remolques,0.4826387565231524,0.11902321441005292,0.44044009242126864,2.037293702133253,0.887,0.2077805982016575,1.7769628113288303,0.0,0.14393284940869056,1.0035725897159258,-1.5069440606740074,1.7948097594913883,0.4429790598999232,90,78,True,0.9706413731982158,3.104255101575392,3.115830566167849,2.0397521386264774,0.9741495856074543,1.6917054847543869,3.00870793261165,3.847476808383727,0.6238514494571656,0.07500432239995636,-2.668656760001899,-7.270880763002985,-3.7861160383009005
choque_B_tpu_primero,produccion,completa,3141,"Confección de alfombras, blancos y similares",0.5072465584471345,1.2182657542027042,0.6634092093453849,2.1554464463596794,0.808,0.4307497151257738,1.911277213597864,0.0,0.14611872948751992,1.0120588876733738,-1.51871814073518,1.8109555997102198,0.4426011145048379,90,78,True,-0.31359762224213433,3.608990898629168,4.643858012233699,3.8826900517671015,0.644035042709029,1.803602796086912,2.4803140067903082,4.385785942217868,-1.679532760684526,0.47246864613677386,-3.9401699125183236,-5.747962232426464,-1.6161631472094076
choque_B_tpu_primero,produccion,completa,3314,"Industrias de metales no ferrosos, excepto aluminio",0.4934732886739018,0.006965209188103637,-0.4160589301985226,1.3181332373275905,0.6,-0.6487184244181337,0.8628478634391801,0.0,0.15222995178422444,1.0043596526099978,-1.499941676759222,1.804401580327671,0.43976337840067936,90,78,True,-0.26672849860051095,-0.9066135141661125,-0.415421671574557,-0.6329082498007619,0.20079322761267548,0.18282802304686355,0.7513110625476519,0.4352889872272952,-0.25997584182339556,-1.1259649447368951,-0.6186509209275859,-1.0708414764962333,-1.6818822748892281
choque_B_tpu_primero,produccion,completa,3331,"Fabricación de maquinaria y equipo agropecuario, para la construcción y para la industria extractiva",0.519899184727109,0.06935837629721166,-0.4754039970925065,1.3657355772705582,0.809,-0.7080634913121177,0.9339512145269627,0.0,0.16833584555334116,1.0048904226203863,-1.4847088996571942,1.8213805907638767,0.4334817863086595,90,78,True,-0.37137449482374796,-0.608363743697465,0.19925015840405613,1.689138057681017,1.0767336947660673,-0.2472463339957331,1.241392061921979,1.0133012893674676,-0.574969423129931,-0.722547539034856,-1.131909387323859,-4.286269849997571,-3.457386452340008
choque_B_tpu_primero,produccion,completa,3363,Fabricación de partes para vehículos automotores,0.5296068171162411,0.23933342280456002,-0.11120663316857521,1.9881081987051614,0.967,-0.34386612738818634,1.7203503753167626,0.0,0.17244278952335657,1.0047848072518626,-1.4804282184059576,1.8253137974526705,0.4318675073496813,90,78,True,0.24809965685521543,3.7562576012582034,3.769343320416256,2.443260205983543,-0.5984283362919603,0.8387050212979789,3.7775941426844817,4.221646706283626,-2.400329795154815,-1.861638240521836,-5.186413262168441,-8.066237696579577,-2.3875455552541562
choque_B_tpu_primero,produccion,completa,3366,Fabricación de embarcaciones,0.5822911532336551,0.042726088375579084,0.2941341944552402,5.614071371571753,0.955,0.061474700235629065,5.5249279243439355,0.0,0.20850261080522378,1.0074819242082316,-1.4488051545173173,1.8658103761277647,0.4180228154687657,90,78,True,-7.090333933569015,2.6577397173757644,2.7453422561618583,-1.8889090425342547,-1.696744705350446,-10.759858145861603,-3.2604150089177852,-2.3590653633900436,6.403194371032928,2.6809712784986006,4.82730869649304,4.046349729786293,7.518164678192789
choque_B_tpu_primero,produccion,completa,3335,Fabricación de maquinaria y equipo para la industria metalmecánica,0.6052735791408839,0.6140783535938158,3.868910099334683,2.0427505739239495,0.052,3.6362506051150723,1.783216507146698,0.0,0.21614667711839766,1.0089479287068903,-1.4435726656044368,1.8758660198412322,0.4151839430819693,90,78,True,1.5498190091297968,2.2371354173931146,2.227855056615973,4.4383575140534814,7.160003964137417,7.712390913600754,9.29694122631058,5.322112690908505,0.2665556643426792,2.4016317350193,3.0474213934362036,1.079474584454307,3.556132121948779
choque_B_tpu_primero,produccion,completa,3346,Fabricación y reproducción de medios magnéticos y ópticos,0.6054992436078728,0.0,-1.1407555946351007,1.7449802563355084,0.472,-1.3734150888547119,1.4324759331641774,0.0,0.2238474057232705,1.0088033914048902,-1.435634173137774,1.8833289845843149,0.41219820611451463,90,78,True,0.7591916814456907,-0.08091598096031746,-0.8996724196053965,0.3609519565080088,1.384497033074299,-1.7630550073498352,-1.7199058819234643,-0.5608351957266609,-4.031476941636715,-2.5097934325440807,0.10882719129930343,-2.046107936670661,-3.8315277961664784
choque_B_tpu_primero,produccion,completa,3169,"Fabricación de otros productos de cuero, piel y materiales sucedáneos",0.6136094363212712,0.09965937863884373,-0.18019360110487367,1.3493705369819298,0.662,-0.4128530953244848,0.9098527629065847,0.0,0.22779961949998145,1.008756265290767,-1.43160443690333,1.8872036759032929,0.4106698316765782,90,78,True,-0.04218322465275348,0.10634025342689131,-0.22392436943233884,0.49652163071460187,-0.12587733000659437,-0.2690465492903904,-0.9771636234378598,0.041110981795695646,0.2612259921463207,-0.002046142949562872,-0.5291710231729024,-0.5733649278402242,-0.5049384816642409
choque_B_tpu_primero,produccion,completa,3399,Otras industrias manufactureras,0.618987370047973,0.23749558020146458,0.60297834489745,1.1076021085431886,0.628,0.3703188506778388,0.4835427953585512,0.0,0.22953741783692283,1.008710383040543,-1.4297911622647703,1.8888659979386162,0.4099959775777873,90,78,True,0.22380078033460996,0.9691202465812621,1.1134914353439391,1.2385977153621397,1.2057792340353617,1.1661922762131607,2.4319411103565907,2.730956391128227,0.15392236403319914,0.414302824344658,-0.7558537593203548,-2.0869222945904538,-0.9666098401554879
choque_B_tpu_primero,produccion,completa,3329,Fabricación de otros productos metálicos,0.6293046757254936,0.5034107843425879,-0.032670889574026356,1.1707129480245013,0.986,-0.2653303837936375,0.6144916685896262,0.0,0.23285304911596044,1.009640352272619,-1.4280053303724978,1.8937114286044185,0.40880124707755267,90,78,True,-0.15693993081972182,-0.089315825175427,0.6388152372935816,1.0576726568334887,0.8439740324137185,0.6913895650929531,1.8583075915011193,2.1049557876402467,-0.12609466628772475,-0.4297135348086182,-1.43199060666109,-2.894426280737332,-2.4913555907475358
choque_B_tpu_primero,produccion,completa,3339,Fabricación de otra maquinaria y equipo para la industria en general,0.6417221502759753,0.05817408393586083,0.26100902575000673,1.187879055344075,0.776,0.0283495315303956,0.6465971344036227,0.0,0.24626088659484088,1.0104340012134467,-1.415903045401279,1.9084248185909607,0.4037246416403182,90,78,True,0.5387469837419246,0.6600824515828437,1.2621382805966597,0.3837716588570074,0.15267762506570476,0.3975591268701876,0.8996438682595592,1.2103885805218346,1.032700287549984,-0.3426825707890374,-0.7217354196512757,-1.4158600005560933,-0.6643135372992126
choque_B_tpu_primero,produccion,completa,3159,Confección de accesorios de vestir y otras prendas de vestir no clasificados en otra parte,0.6664841032423205,0.9146421435264246,-0.739320388452165,1.5331171717326755,0.722,-0.971979882671776,1.165109207909474,0.0,0.25153269511467863,1.0149597157520236,-1.4180760372974002,1.9211414275267573,0.4021347897880012,90,78,True,-0.4782716116091556,0.4556485412405049,1.537197679417894,1.147729787320133,0.48232698203781227,-0.49473042069448186,-0.03210349743252353,1.238081704507541,-1.5082677483597349,-0.9674041363984351,-4.962255230982856,-5.759376311394736,-0.2697407875301059
choque_B_tpu_primero,produccion,completa,3369,Fabricación de otro equipo de transporte,0.6740711386128929,0.017177780878001966,2.1905031966731383,2.4440166633202187,0.404,1.9578437024535271,2.2316470721600985,0.0,0.26742111740483127,1.012547517685414,-1.3982195491876745,1.9330617839973372,0.3958486474924396,90,78,True,1.6937442801814262,4.126407997657414,4.795994656579401,4.242646468368892,2.225227926344267,4.887200218094186,2.562666102962425,-2.176127367670901,-0.20232901009409987,-0.5871959518026074,2.678303306429816,2.5456339919452717,1.6843689377553068
choque_B_tpu_primero,produccion,completa,3361,Fabricación de automóviles y camiones,0.6801529750236635,0.005320890179200327,0.22664546473567865,4.137318906418312,0.97,-0.0060140294839324815,4.015524739993549,0.0,0.27145044885400327,1.0129918689810207,-1.3949211756197757,1.9378220733277822,0.3943615787061193,90,78,True,-0.6054597095683281,8.15067733459172,7.942386090722146,3.773936722106079,-2.2232710416243333,0.3185370628268944,8.06484153844329,10.545237418813077,-4.519644713406731,-0.6553360540090191,-9.19869911610727,-14.892807617341596,-3.754006873882105
choque_B_tpu_primero,produccion,completa,3332,"Fabricación de maquinaria y equipo para las industrias manufactureras, excepto la metalmecánica",0.6992566972513394,0.19177087548725835,1.1871048523462757,1.6416633410038837,0.279,0.9544453581266645,1.3046416095195945,0.0,0.28135432720052034,1.0135514310776912,-1.3859377769222816,1.9486464313233223,0.3906625755156,90,78,True,0.5094568358576763,3.313872141078155,0.29935347456788874,0.42638801382343383,-0.12749732756438692,2.6261795246659716,1.3547782534477935,2.5167524288502867,-0.33402059107310683,1.5133638973463448,-0.31649777474474294,1.781782324358372,1.8684518798879013
choque_B_tpu_primero,produccion,completa,3359,Fabricación de otros equipos y accesorios eléctricos,0.7464127593691879,0.35377894678325833,0.1822729274165101,1.2856354526306044,0.893,-0.050386566803101024,0.8123359656906393,0.0,0.3094711921554685,1.0168324847710246,-1.363218245292867,1.982160629603804,0.3804312928188094,90,78,True,1.0810501238177448,1.2057386456474428,0.7753955246429572,1.2990522037466676,0.6086616017179222,0.22935026254738722,0.8528099766134275,1.306188349974762,-0.5735406458623081,-0.31230341079503793,-1.547864294724004,-1.4347145101464016,-1.1202757707659283
choque_B_tpu_primero,produccion,completa,3117,Preparación y envasado de pescados y mariscos,0.7478643561015712,0.0,-0.11318186053277324,1.668360606366796,0.858,-0.34584135475238437,1.338080086157188,0.0,0.31475155889191364,1.017720497136331,-1.3593986588973508,1.988901776681178,0.37855764851677864,90,78,True,0.6700979143875279,-0.07812810453504959,-1.2335082392631256,-1.2299703206174215,-0.33542455096012935,0.34643619709530693,1.030190843496577,0.427751533179983,-0.6892586039342077,-0.9943842093396185,1.011380678535155,1.2693279526052714,-1.665875277576321
choque_B_tpu_primero,produccion,completa,3391,"Fabricación de equipo no electrónico y material desechable de uso médico, dental y para laboratorio, y artículos oftálmicos",0.7835186733412709,0.04630745160306291,2.8118863303093935,2.0282900962211374,0.177,2.5792268360897825,1.7666329325931278,0.0,0.3369480059887287,1.020291399344427,-1.3414313459328537,2.0153273579103113,0.3706067302144169,90,78,True,1.8093084888602458,4.412634867394378,2.83586120112988,3.580394172438808,3.98636431061442,5.60958285778376,1.018962333592577,1.8036053292636893,2.608392040493149,1.7364692200845744,3.4603701187774205,3.696048486362831,-0.0034711327736232185
choque_B_tpu_primero,produccion,completa,3341,Fabricación de computadoras y equipo periférico,0.7847307234340066,1.5964343991395392e-06,-0.5800009380667673,2.5620035309282763,0.783,-0.8126604322863784,2.3602739876088115,0.0,0.33829175808306644,1.0206247843957927,-1.3406360122480125,2.017219528414145,0.3701502022605182,90,78,True,0.4683782159493737,0.6531477652975147,1.625885870736899,1.105849606489298,-1.138013877739037,-2.1946110225907636,-1.5294950403567775,-1.0787343116414854,-0.557692530179336,-1.360430706120982,-2.1730405240188664,-1.097446403478023,-0.2638092372157917
choque_B_tpu_primero,produccion,completa,3365,Fabricación de equipo ferroviario,0.8018618332294466,0.036159697120880414,1.0792368030506452,3.001321268115803,0.753,0.846577308831034,2.831070567565933,0.0,0.3487855074277091,1.0218704797363098,-1.3321914317385206,2.0297624465939386,0.36643109785558603,90,78,True,-2.574718054311613,-3.157301068392125,1.6593332179007079,-1.858006136800739,-2.3598069342849213,-1.5471582687380323,-2.078493391446232,2.7396839023714503,6.441455537268132,5.632962233744785,6.338490271755023,2.8910215925944107,1.9026155379975385
choque_B_tpu_primero,produccion,completa,3325,Fabricación de herrajes y cerraduras,0.8134327973740351,0.4498475651046204,0.12301549110747097,2.02123874085298,0.958,-0.10964400311214016,1.7585326984787018,0.0,0.35108319591398385,1.02246195071806,-1.3308667130172247,2.0330331048451926,0.3656599024803805,90,78,True,0.3617681941078423,3.893347194924104,5.036495456069496,3.7927674360676544,-1.11555997845672,0.09029343214438078,2.4620030135615734,3.529933947672259,-2.8952971222006423,-1.3322214464641058,-5.266799911732892,-5.760863053405001,-1.1966657778908272
choque_B_tpu_primero,produccion,completa,3351,Fabricación de accesorios de iluminación,0.831395116765869,0.5101170356130816,3.1957324017897393,2.076861353567387,0.192,2.9630729075701283,1.822192164958351,0.0,0.36181098994557975,1.0242595180235858,-1.323095917203219,2.0467178970943785,0.36195369125767285,90,78,True,1.2495084151126485,4.872345655245261,6.409995796973844,6.704136711528785,0.8726898048110789,2.8243340628683797,3.4366978254169736,4.937621092200653,5.547394629030784,1.0082602028306218,2.459827447537697,-1.3941955535208137,2.6159051332307013
choque_B_tpu_primero,produccion,completa,3336,"Fabricación de motores de combustión interna, turbinas y transmisiones",0.8385248456652771,0.34629757144673917,-0.30463108426449476,2.125133676865742,0.906,-0.5372905784841059,1.8770253990403944,0.0,0.36837942918129457,1.024507423156595,-1.3169352819113043,2.0536941402738935,0.35958534815588566,90,78,True,0.6351499152280667,3.159767118721056,0.7008386296224473,2.111779426611987,0.2831254578059256,0.5382974693519299,-1.0818979184461115,-0.8021361637266047,-0.1161549133156735,-1.3486296486558529,-1.1433140455476993,-3.698881780671355,-3.1981476424165467
choque_B_tpu_primero,produccion,completa,3334,"Fabricación de equipo de aire acondicionado, calefacción, y de refrigeración industrial y comercial",0.8482017522901368,0.11367478899586249,0.040601826877923,1.21274415782597,0.969,-0.19205766734168814,0.6912160273278282,0.0,0.37742098327438817,1.0256860441216293,-1.309832559305692,2.0646745258544685,0.3564480600745302,90,78,True,0.9883617212532407,1.587541566077268,0.792351970206312,0.3322838781573293,0.2809657729446977,1.3184413604500698,0.7627042736021467,0.48942591265566826,-0.7126942907796752,-1.8396522364167345,-0.9960890847162809,-1.8445145650526014,-0.631302528968441
choque_B_tpu_primero,produccion,completa,3333,Fabricación de maquinaria y equipo para el comercio y los servicios,0.8664849575372038,0.26580327730216874,0.07083907338111949,1.5896245546643875,0.964,-0.16182042083849163,1.2385222762977646,0.0,0.3872232867592454,1.0271206914167281,-1.3023902506212726,2.0768368241397632,0.353087241604175,90,78,True,0.3515381452642108,0.7235114154675206,0.5013072819582456,-0.7433008896872563,1.3220156107237244,2.4859561784258037,2.136735583164743,1.0685358096967281,-2.254414834275394,0.06577559099908062,-1.4445470132325202,-2.369596837149789,-0.9226080874005439
choque_B_tpu_primero,produccion,completa,3353,Fabricación de equipo de generación y distribución de energía eléctrica,0.8989208694711824,0.45389419359827005,-0.667867831237727,1.609019659227535,0.341,-0.900527325457338,1.2633192264327084,0.0,0.4056199527974611,1.0305572149408515,-1.2896466657802397,2.100886571375162,0.3469408299119403,90,78,True,0.4582833419422895,-1.0377412385795886,-1.9575311638642634,0.6911128510377006,0.27734471608107963,-1.4171422844177757,-0.9104457629502307,1.1124962756447083,-1.3642858739615709,-0.6873334122821878,-0.6295596785007812,-0.8224893261180113,-2.394990250121819
choque_B_tpu_primero,produccion,completa,3342,Fabricación de equipo de comunicación,0.895054776922478,0.01288857306848177,1.6641038907586885,1.750105089788599,0.411,1.4314443965390773,1.4387143668559803,0.0,0.40857820566599906,1.0306781172167834,-1.2868872971556096,2.1040437084876076,0.345898756974728,90,78,True,-0.25413293365122896,0.4943682089989969,2.893548648155491,2.2317320298044634,2.289687508380038,4.239916108401893,3.9390054238198533,1.5592588278321269,0.5607502743437343,2.0140383226977097,0.4943535123479958,0.1130340254247197,1.0577906233071592
choque_B_tpu_primero,produccion,completa,3345,"Fabricación de instrumentos de medición, control, navegación, y equipo médico electrónico",0.9203173609236356,0.08650546749963084,0.3801937571291574,1.663484437967983,0.802,0.14753426290954624,1.3319953751629547,0.0,0.4238031764692124,1.0329594555353068,-1.2754151278863675,2.123021480824792,0.34080007805784224,90,78,True,1.1304378961783879,1.6616874811381757,2.6646863513862638,0.9722206355725407,0.4531993312294494,1.4245920628239088,1.773542617523641,0.4526355357777131,0.35038283521331176,-1.3024529640648819,-1.7150873315935542,-2.617683041022728,-0.3056425674831815
choque_B_tpu_primero,produccion,completa,3364,Fabricación de equipo aeroespacial,0.9896704181454756,0.014151309535923225,2.921329356897464,3.485265387193495,0.377,2.688669862677853,3.339776343299483,0.0,0.46897743135141207,1.0410240286383956,-1.2435070957587486,2.181461958461573,0.3261763252024363,90,78,True,-1.8053499623905587,-0.12810447610859066,2.9742279993379315,7.294051829316257,1.444924798503489,3.375166365888009,3.7248848658029345,2.5730322998432564,2.0371449189198003,4.790455647336722,2.067191029309434,1.6263032650335316,8.003353058874826
choque_B_tpu_primero,produccion,sin pandemia,3311,Industria básica del hierro y del acero,0.279574215702268,10.234472970162127,-1.700706707715613,2.6895400025600553,0.554,-1.5673924555248693,2.6842867642923744,0.0,-1.4743525692238022,1.337510751177779,-3.674557754911249,0.7258526164636445,0.8648367159018285,73,49,True,1.5918963588783686,-0.61191434655476,-0.6428965997301136,0.38367818776634294,1.0917447098468314,0.9940321943573296,-3.081009545154354,-0.19628844710517915,1.928083775255463,-2.5954211656570854,-7.67443029276463,-6.159045751038747,-7.137616278402434
choque_B_tpu_primero,produccion,sin pandemia,3312,Fabricación de productos de hierro y acero,0.0669975578374552,6.615743671162022,-0.595485737101591,1.3678336403312468,0.665,-0.46217148491084725,1.3574751840112271,0.0,-0.9975850883428301,0.8768773345380731,-2.4400483036579605,0.44487812697230034,0.8723680014652122,73,49,True,0.014589602278485892,-0.07026103106957124,-1.5133620808937436,-1.7350843648880039,-1.422947718507001,-1.3245632520237445,-0.8245365490580503,1.2225788169414347,2.1699825404564757,-0.05564150238189228,-1.1246886457575977,-2.5182887598887005,-0.5590916375287749
choque_B_tpu_primero,produccion,sin pandemia,3313,Industria básica del aluminio,0.2650002880058719,3.4239119691147217,0.43390289570737395,1.1729043592474944,0.727,0.5672171478981177,1.1608077547665934,0.0,-0.5864169625768798,0.46218874202710664,-1.3467174432114701,0.17388351805771063,0.8977406661752779,73,49,True,-1.1064857602365186,-0.09896018534419086,-1.3638531378679861,-0.6273201840742489,0.6054405652635804,1.9030740843086233,1.4773034371703868,2.75653231310876,3.22876517774176,0.010414506861650524,0.5395214914567315,-0.19753640807394032,-1.4861582561187459
choque_B_tpu_primero,produccion,sin pandemia,3141,"Confección de alfombras, blancos y similares",0.5072465584471345,1.2182657542027042,0.12717495763134506,0.7508994414228511,0.836,0.2604892098220889,0.731860627929686,0.0,-0.3048465474043742,0.23021881468305327,-0.6835564975579969,0.07386340274924841,0.9072750451511582,73,49,True,-0.2429158916439948,0.564089438540988,0.9032095562601341,1.0827487203429917,0.5922758023951491,0.9080767178543909,-0.5191257783557002,-0.9934864284879843,-1.6167305745661362,-0.4123127575617433,0.47421987516488184,0.6542594927706303,0.2589662764938786
choque_B_tpu_primero,produccion,sin pandemia,3159,Confección de accesorios de vestir y otras prendas de vestir no clasificados en otra parte,0.6664841032423205,0.9146421435264246,-0.6581377568998095,0.9499501838823922,0.516,-0.5248235047090657,0.9349734538705765,0.0,-0.2691414775819588,0.22991160351641737,-0.6473460653664653,0.10906311020254783,0.8791262833810657,73,49,True,-0.7824266028907753,-0.616515758109117,-0.5432568525635032,-0.32146557163692335,0.11383628034129653,-2.853211110161823,-0.856588578409307,1.2640941932220149,-0.11375232084697917,-1.4310916927165733,-1.8045535118757665,-0.8535520117265308,0.24269269767646343
choque_B_tpu_primero,produccion,sin pandemia,3152,Confección de prendas de vestir,0.4259861529321015,0.9248468204807683,-0.6869762987704765,0.5474929946240776,0.184,-0.5536620465797327,0.5210744541300454,0.0,-0.26463483664252996,0.20654534078240233,-0.6044019222295818,0.07513224894452186,0.899945891450322,73,49,True,-0.7346694648610607,-0.6301980054321502,-1.521739965808002,-1.215310108179427,-1.1531613063831667,-1.201592896585329,0.8056159793812214,0.046771064138894314,-0.4122225955916879,-1.2975545446765753,-0.3370286356473016,-1.101701878958969,-0.1778995254126403
choque_B_tpu_primero,produccion,sin pandemia,3252,"Fabricación de resinas y hules sintéticos, y fibras químicas",0.3119319594154858,0.9457986711094967,-0.946817951000496,0.5523712316617367,0.081,-0.8135036988097523,0.5261976673760428,0.0,-0.2645974324405713,0.2052229560911444,-0.6021891952105038,0.07299433032936126,0.9013560368282169,73,49,True,-0.32382300636261796,-0.8589364559019581,-1.6111470223944782,-0.795189429802008,-1.0327280461910917,-1.8424693414987239,-1.576032288354116,-0.8536074311357857,0.5748094799797521,0.6073239344004993,-0.7762189843665662,-1.5181609282351027,-2.3024538431442525
choque_B_tpu_primero,produccion,sin pandemia,3122,Industria del tabaco,0.1071479040489181,0.7594394974604725,0.9391780675476832,1.1391856792194057,0.391,1.072492319738427,1.1267271272686492,0.0,-0.23534046372095876,0.20490105513387694,-0.5724026994161864,0.10172177197426882,0.8746305737467844,73,49,True,1.2504004032087763,-2.4556541215467838,-1.5363660032012318,0.3257554568459298,-0.019176258663700856,-1.4406692687265361,6.23819177431064,2.233973464852015,-1.7003327808774862,2.778612832991742,3.494097586228496,3.0380177147883063,0.0024640779097137014
choque_B_tpu_primero,produccion,sin pandemia,3335,Fabricación de maquinaria y equipo para la industria metalmecánica,0.6052735791408839,0.6140783535938158,1.8880562604130808,1.8016647052540455,0.298,2.021370512603825,1.7938131780491053,0.0,-0.2284852015041755,0.21083144813926843,-0.575302933693272,0.11833253068492106,0.8607586145405961,73,49,True,1.0961320798177707,-0.924606366739978,-1.6197887010262746,1.5144213426278479,4.50271684413991,5.644771865469209,7.719970924170775,2.1647424879262287,-1.0618154033597758,-0.44627931189717807,2.952262486766719,2.6250720228760924,0.3771311145987032
choque_B_tpu_primero,produccion,sin pandemia,3212,Fabricación de laminados y aglutinados de madera,0.0775332943220637,0.706229815707303,-0.24772974996818453,0.850317933213317,0.757,-0.11441549777744073,0.8335529947931634,0.0,-0.22768724029717027,0.20527604398816562,-0.5653663326577028,0.10999185206336218,0.8663228459010727,73,49,True,0.5637216433548833,-0.09212758215184606,-0.7311302715825658,-1.3828119727548014,-0.5384678384199418,0.5041400410648768,1.09732654125274,-0.08064091107405824,-1.1121288390688466,1.4464096900872025,-0.6502577742673802,-0.4747074019591827,-1.769812074067479
choque_B_tpu_primero,produccion,sin pandemia,3149,"Fabricación de otros productos textiles, excepto prendas de vestir",0.3944218335152466,0.6202783960190488,-0.5641970330749129,0.4420358375863294,0.146,-0.4308827808841691,0.408859009066857,0.0,-0.22417613232960204,0.1911950351082558,-0.5386919650826829,0.09033970042347877,0.8795017653225519,73,49,True,-0.1366615222645215,-0.5777099114713669,-0.35925037943905047,-0.5912704836208739,0.07792230758468673,-0.11197923833928321,-0.655209880981665,-0.8473324957466662,-0.23245781204770427,-0.8244092905887217,-0.7330641520546182,-0.837660803053317,-1.5054777679507647
choque_B_tpu_primero,produccion,sin pandemia,3351,Fabricación de accesorios de iluminación,0.831395116765869,0.5101170356130816,1.547900362434391,1.9025813577241981,0.398,1.6812146146251348,1.8951479705669785,0.0,-0.22042417337547926,0.24864567668221743,-0.6294463115177269,0.18859796476676843,0.8123256857140753,73,49,True,1.383095978056893,4.3995773513442575,7.115535191456991,6.669750507328495,-1.545597560167643,1.079271907003899,-0.08909398226825725,1.4763085058806398,2.3274960777450797,-0.8968360381642001,-1.159530708730917,-2.242330716856725,1.6050581990185684
choque_B_tpu_primero,produccion,sin pandemia,3353,Fabricación de equipo de generación y distribución de energía eléctrica,0.8989208694711824,0.45389419359827005,-0.5945141044195071,0.8227660109579379,0.484,-0.46119985222876336,0.8054277847033351,0.0,-0.21473572654550507,0.2627438995391577,-0.6469494412874195,0.21747798819640937,0.7931162097860348,73,49,True,0.34836567671841523,-0.5485676586314108,-1.1330383273179676,0.5852808816440256,0.37675372755441944,-1.7148799572888975,-0.9729559148612096,1.3456284932651033,-0.0013903649108498387,-2.2894927061047237,-1.2189350704984676,-1.226437398952891,-1.2790147380691401
choque_B_tpu_primero,produccion,sin pandemia,3329,Fabricación de otros productos metálicos,0.6293046757254936,0.5034107843425879,-0.39750707713380695,0.6442663954451597,0.532,-0.2641928249430632,0.6219720217858544,0.0,-0.21464572486867406,0.2121137064528811,-0.5635727719836634,0.13428132224631534,0.8442159308493146,73,49,True,-0.5846722710496769,-1.6185764294470957,-1.1514715616260818,-1.003679572018985,-0.5994983967279138,0.027912755934055542,0.9409387060334766,0.21713790409444464,-0.9066271305439124,-0.5118639329467868,0.8450000884977528,0.2986959136385522,-1.1208880765773201
choque_B_tpu_primero,produccion,sin pandemia,3325,Fabricación de herrajes y cerraduras,0.8134327973740351,0.4498475651046204,-0.6614695163683733,0.7691885821679447,0.366,-0.5281552641776295,0.7506138038445719,0.0,-0.21213367285973614,0.2445617175049593,-0.6144376981553942,0.19017035243592192,0.8071394986944009,73,49,True,0.11466297742775136,-0.1376508249286962,0.15879615402295,0.21368086485900784,-0.9396705349532173,0.14999264751295063,-0.021000994939816615,-1.2245576980512003,-2.0337066129290893,-0.7502478140925345,-1.4884096549089687,-0.3515294670050359,-2.289462754802952
choque_B_tpu_primero,produccion,sin pandemia,3379,"Fabricación de colchones, persianas y cortineros",0.3523025337449802,0.5315470058345413,0.22794330868349716,1.1755383933559127,0.855,0.361257560874241,1.1634691752849686,0.0,-0.21159009358601077,0.18690685980339297,-0.5190518779625922,0.09587169079057067,0.8711957479203835,73,49,True,1.8226509632572976,1.7554750795147762,0.12486900766258476,0.444490275298527,1.9680358622342402,1.3888248589447734,-0.7670389765831915,-0.33184113722471775,-1.0479754862238617,-0.11758321083781768,-0.21095004040816556,-1.544963255368997,-0.5207309273799847
choque_B_tpu_primero,produccion,sin pandemia,3253,"Fabricación de fertilizantes, pesticidas y otros agroquímicos",0.1679807884786191,0.549472772838495,0.13040907645882513,2.602096563552215,0.962,0.26372332864956893,2.5966664271012423,0.0,-0.20945301891075652,0.19099463924250643,-0.5236392004646796,0.10473316264316657,0.8636013557406123,73,49,True,2.063935462656265,0.9315169566770439,0.24824737842150454,-0.9391880819197235,-2.305985880264284,0.5312397162316084,2.423438090130336,0.6767930701577968,-0.035098185135931305,0.08246195060500623,-0.42983614906823453,-0.22928932426332502,-1.3229170102633367
choque_B_tpu_primero,produccion,sin pandemia,3261,Fabricación de productos de plástico,0.2303591490643638,0.524248422355608,-0.2289982287890318,0.3664080988151476,0.522,-0.095683976598288,0.32561465332784917,0.0,-0.20767951003725788,0.18706775717988944,-0.5154059705981759,0.10004695052366025,0.8665399877908513,73,49,True,-0.37210112240046866,-0.3085518195365052,-0.24411141940545827,-0.4380551720497399,-0.4026174846245476,-0.1481431504297797,-0.44907640081426986,-0.15640069802543055,0.1709537474457333,0.31495494652147027,0.3261496528600854,-0.4255016406602907,-0.8444764131382119
choque_B_tpu_primero,produccion,sin pandemia,3336,"Fabricación de motores de combustión interna, turbinas y transmisiones",0.8385248456652771,0.34629757144673917,1.1153606037430017,1.2929103070973842,0.412,1.2486748559337455,1.2819465939668222,0.0,-0.19924753747557944,0.24968658966953786,-0.6099819774819693,0.21148690253081032,0.7875620111778963,73,49,True,0.6149291565363794,3.5170912195463213,1.1463351233231702,2.7031802149280177,0.8410368023562688,1.2812165579312145,-2.0974156654083713,-1.106327095877631,0.5155292174845111,2.845231790850291,2.756021875717419,2.1792903398412102,-0.6964316885697792
choque_B_tpu_primero,produccion,sin pandemia,3359,Fabricación de otros equipos y accesorios eléctricos,0.7464127593691879,0.35377894678325833,0.1832713696200376,0.9120170261063977,0.841,0.3165856218107814,0.8964067511417136,0.0,-0.19798710753144905,0.23114129501451108,-0.5782145378303198,0.1822403227674217,0.8041568109301784,73,49,True,1.0530745367845722,0.5563779224248825,0.31974418349526634,1.099957213527931,0.6310390246682557,0.6185325402755432,0.6931017398180987,0.15060870152572178,-0.5910947497059924,-0.26680702831873304,-1.3555252398998408,0.44288597196432794,-0.9693670114995447
choque_B_tpu_primero,produccion,sin pandemia,3327,Maquinado de piezas y fabricación de tornillos,0.1233232283296124,0.4326418816534467,-0.43738249144535746,0.6878428608769156,0.525,-0.3040682392546137,0.6670066032985164,0.0,-0.19314333090586483,0.19092879590079312,-0.5072212001626695,0.12093453835093987,0.8441350276327488,73,49,True,0.07192110366628811,-0.33906711396152206,-0.9153063930559547,-0.9689779927261589,-0.45668134446482594,-1.0864890091312251,-1.137960237194558,-0.92188825277023,0.13908565400809744,-0.4758131718114972,-0.7233522956409588,-0.02750595158999218,1.1560626158828897
choque_B_tpu_primero,produccion,sin pandemia,3333,Fabricación de maquinaria y equipo para el comercio y los servicios,0.8664849575372038,0.26580327730216874,-0.8539744021447477,1.501083988059501,0.567,-0.720660149954004,1.4916511478201264,0.0,-0.1894357250920295,0.25618926464302155,-0.6108670654298,0.23199561524574097,0.7701790451346796,73,49,True,-0.244248168570258,-0.29199654143857817,-1.251155715393387,-3.1866245761128758,-0.3843508585959919,1.0557469460639197,0.011599450009132239,-1.5608358607902055,-4.427046324685077,-0.8019588514510817,1.0687844800097486,-0.5396214736307959,-0.5499597332962703
choque_B_tpu_primero,produccion,sin pandemia,3133,Acabado de productos textiles y fabricación de telas recubiertas,0.3062290364360683,0.3483594395688712,-0.23935470371815765,0.5552471763530645,0.67,-0.10604045152741384,0.5292158675177225,0.0,-0.18659815233939547,0.18237981505491513,-0.4866129481047309,0.11341664342593993,0.8468766681132748,73,49,True,0.08672639724510066,-0.3210146682302539,0.2585762881901545,0.5809258601703073,0.15045914335429564,-1.0619234325491214,-0.637636538007563,-0.24082408969984243,-0.676658749767026,0.17490697118696702,0.31179606618015676,-1.3593358777552105,-0.3776085186540138
choque_B_tpu_primero,produccion,sin pandemia,3132,Fabricación de telas,0.1336042055792961,0.37885838528697496,0.36724655129494477,0.835424101285166,0.68,0.5005608034856885,0.8183541022030816,0.0,-0.18638353720890932,0.18890686637932397,-0.49713533240289726,0.12436825798507861,0.8380910288093346,73,49,True,0.357380553867083,0.19081096455874968,0.055638248016603165,-0.0076311371871717,-0.16685734842853944,-0.298113317060314,0.24463324862319685,0.9342242146148286,0.7454833542955019,0.3690783553779798,1.049974123624674,0.7506746884719983,0.5489092180596924
choque_B_tpu_primero,produccion,sin pandemia,3399,Otras industrias manufactureras,0.618987370047973,0.23749558020146458,-0.17090192475284288,0.39067860284359596,0.636,-0.03758767256209908,0.3527035274905946,0.0,-0.17974011244787555,0.20949154126609845,-0.5243536978306075,0.1648734729348564,0.8045489842722082,73,49,True,-0.3516906127434313,-0.4418090373917532,-0.3615823522029788,-0.7453067124704059,0.493340161486382,0.34403114646859273,0.7399180688880085,0.6270900834764502,-0.536729879552276,-0.9060589356206289,0.11298989320736484,-0.10860910417091357,-1.0873077411613676
choque_B_tpu_primero,produccion,sin pandemia,3363,Fabricación de partes para vehículos automotores,0.5296068171162411,0.23933342280456002,-0.43747932727053357,0.4923375416192938,0.421,-0.30416507507978974,0.4627810091957256,0.0,-0.17781048339077743,0.1971256654507687,-0.502082203057292,0.1464612362757371,0.8164757876995039,73,49,True,-0.10524165724392952,-0.25057515104314626,-0.32069259764594016,-0.27810273411423797,-0.7736435621107001,-0.14506010525284735,0.00675390758638843,-0.18450345264163928,-0.7527555504088937,-0.8426916692328092,-0.44219535153126033,-0.4070271023874896,-1.1914962284904322
choque_B_tpu_primero,produccion,sin pandemia,3332,"Fabricación de maquinaria y equipo para las industrias manufactureras, excepto la metalmecánica",0.6992566972513394,0.19177087548725835,0.6542215890494043,1.442283901587557,0.639,0.7875358412401481,1.4324639124121452,0.0,-0.17572909776444418,0.22341302319128206,-0.5432435209141031,0.1917853253852148,0.7842320282510468,73,49,True,0.729897087592936,2.8741753915340698,-0.24841948771732822,-0.906165958635911,-0.31075805107119464,2.0835697956334975,-0.010346723215323846,1.8344340554086822,-1.0200298383759425,0.3111789484686157,1.5665052526992347,1.1517166844788231,0.44912350084209657
choque_B_tpu_primero,produccion,sin pandemia,3315,Moldeo por fundición de piezas metálicas,0.0974402319506194,0.2715351086932004,-0.6795097621737893,1.59221966914886,0.662,-0.5461955099830456,1.5833298716341422,0.0,-0.17151905068568188,0.19040250072691606,-0.4847311643814588,0.14169306301009502,0.8161589196392764,73,49,True,-0.5300055674862351,-1.716303919974388,0.6227273651881459,-0.5383634599335805,-0.12005055562199103,0.34741658820647975,1.360111082652799,0.6703758288497598,3.3011685873269405,-1.111350443887729,-3.007379541071167,-5.899048908944191,-2.2129239635641045
choque_B_tpu_primero,produccion,sin pandemia,3251,Fabricación de productos químicos básicos,0.135778270214786,0.24687503499913044,1.783566185884092,1.6574373295495755,0.303,1.9168804380748359,1.6488991809595008,0.0,-0.16923565482589153,0.18697009260506997,-0.4768014571612316,0.13833014750944855,0.8173065771314381,73,49,True,-0.22322288088152073,0.12679302021084743,1.0314962658669224,1.357314289602681,2.5710142527710875,3.846873481065158,2.483290220670341,1.6640307843811701,1.2420036537665862,2.312071052760261,3.5480968417695666,2.8391531844521682,0.387446250057931
choque_B_tpu_primero,produccion,sin pandemia,3334,"Fabricación de equipo de aire acondicionado, calefacción, y de refrigeración industrial y comercial",0.8482017522901368,0.11367478899586249,-0.15954008512080106,0.8348287047269356,0.847,-0.026225832930057258,0.8177462771670302,0.0,-0.16916597057408006,0.2543710460058561,-0.5876063412537134,0.24927440010555318,0.7469863512368561,73,49,True,0.29101474687777806,0.7765289418799579,-0.06286192936618888,-0.742729286129594,-0.5958005850943476,1.1577210159121059,0.9702192015241421,0.3214844924049236,-1.502823836483854,-1.981418524992699,0.8852838752119727,-0.2520126788406418,-1.3386265394739687
choque_B_tpu_primero,produccion,sin pandemia,3345,"Fabricación de instrumentos de medición, control, navegación, y equipo médico electrónico",0.9203173609236356,0.08650546749963084,0.7070493473087824,1.3536913851484813,0.576,0.8403635994995262,1.343223873302473,0.0,-0.16737529441556168,0.27099047834841183,-0.6131546312986992,0.2784040424675758,0.7315945590560162,73,49,True,0.130880620064618,0.5057745473231536,1.6263283125148593,0.12321199609824796,0.4878867943609786,1.606511229038139,1.0291762893372358,-0.18780565414132175,1.526488054842266,1.4476779801459445,-0.2798767645630915,-0.41950700628943516,1.5948951162825773
choque_B_tpu_primero,produccion,sin pandemia,3262,Fabricación de productos de hule,0.4171737487232005,0.17319420214525957,0.3327594522009392,0.5455350878875616,0.552,0.46607370439168305,0.5190168973173936,0.0,-0.16646233467383917,0.1866297689448244,-0.4734683045880753,0.14054363524039695,0.813787135406022,73,49,True,0.18749067222165047,0.23213224975856572,0.5930601716852169,0.028947789585065706,-0.3920642210150786,-0.061456153837618564,0.6838463063597143,0.8786028995268141,0.3510798690581842,0.23550777193915118,0.9379495682703706,1.0706805797305528,-0.4199046246703785
choque_B_tpu_primero,produccion,sin pandemia,3344,Fabricación de componentes electrónicos,0.4744887481943934,0.16122574159735625,-0.02046923802281838,0.9842320879527421,0.979,0.11284501416792542,0.9697849300439241,0.0,-0.16629351010272964,0.19164949326414685,-0.4815569265222512,0.1489699063167919,0.8072196281777932,73,49,True,-1.2497774578806435,-0.6502957841158575,-0.2680927726823759,-0.03987793213077492,0.5190633086574751,0.8684449928821407,0.9079313075044884,0.40548900711250113,0.02841915467972024,-0.679138395639118,0.4860210508714465,0.8242080781550264,-1.4184946517106674
choque_B_tpu_primero,produccion,sin pandemia,3151,Fabricación de prendas de vestir de tejido de punto,0.3365154443339868,0.18378899573785,-0.44069476663634927,1.1607083926545478,0.72,-0.30738051444560544,1.1484833391752745,0.0,-0.16588562667135548,0.18239367107268853,-0.4659232155859281,0.13415196224321713,0.81845482134083,73,49,True,-0.14568830162821161,-0.8636978817462827,0.45975556942849244,0.9574261120151081,1.7694788558598498,0.46196356025644963,0.15379983580873127,-2.740589427624884,-1.2902656142231148,-0.9506741084964285,-0.9151908823453224,-2.4789160022701444,-0.14643368130678286
choque_B_tpu_primero,produccion,sin pandemia,3222,Fabricación de productos de cartón y papel,0.1574973850413846,0.21291333042696917,0.36787227123656263,0.5602410281335942,0.523,0.5011865234273064,0.5344530074652692,0.0,-0.16533671127973593,0.18529611920359979,-0.4701488273696576,0.13947540481018572,0.8138795620338675,73,49,True,0.07781168374889759,0.21161186721365982,0.44443404967259004,0.3177193165875259,0.4201412684287326,0.5299264027909664,0.813233874389588,0.42340939851523757,0.7820552962429932,0.8288476019260458,0.11641305755092873,0.16642984989473827,-0.34969414088658946
choque_B_tpu_primero,produccion,sin pandemia,3162,Fabricación de calzado,0.1604241815757467,0.208928615610855,-0.1191494841838075,0.7625635062518598,0.881,0.014164768006936307,0.7438233047247274,0.0,-0.16488843530121655,0.18510150031793915,-0.4693804033242265,0.13960353272179338,0.8134817896919612,73,49,True,0.11632600364708412,-0.4451841572036438,-0.5757095398443909,-0.5805352593908,-0.8879207912234587,-0.3749034734440497,0.8406580949102901,0.25654487639033724,-0.18991893053998313,-0.3098217987613147,-0.0509533638513887,0.5278774802141438,0.12459756470767698
choque_B_tpu_primero,produccion,sin pandemia,3255,"Fabricación de pinturas, recubrimientos y adhesivos",0.0704773870608603,0.2102982954347221,-0.9315032499398066,0.5921223193209519,0.11,-0.7981889977490628,0.5677841567202345,0.0,-0.1628840513208769,0.19256146424455886,-0.4796476600031762,0.1538795573614224,0.8011903863439195,73,49,True,-0.4799526762747001,-0.7483690605100543,-0.818749491917575,-1.0578475624060057,-2.333483553840062,-1.16494048865801,-1.112006015791971,-0.32307301635793084,0.581712073719891,0.6144811541982713,-1.5290713749434888,-2.24846159030207,-1.4897806461337806
choque_B_tpu_primero,produccion,sin pandemia,3322,Fabricación de herramientas de mano sin motor y utensilios de cocina metálicos,0.4783144421423179,0.12768954532932958,-0.48705459215543956,0.9367465351266068,0.531,-0.3537403399646958,0.9215552499205827,0.0,-0.1620157716123259,0.1924359107130553,-0.47857284473530187,0.1545413015106501,0.8000838212993466,73,49,True,0.005932407881478288,-0.8270675752478832,-1.4868259216572948,-1.7686117338488054,-1.0483065588613167,-0.17035818058084953,0.8496317746103054,0.20697639373695584,-0.5610260360368011,-0.5105383025022814,0.0010481874920909066,0.1678963170496003,-1.1904604700559116
choque_B_tpu_primero,produccion,sin pandemia,3169,"Fabricación de otros productos de cuero, piel y materiales sucedáneos",0.6136094363212712,0.09965937863884373,0.1426667543682486,0.4587424723553622,0.74,0.2759810065589924,0.4268660955465949,0.0,-0.16164618429343924,0.21040261968290463,-0.5077584936718174,0.18446612508493887,0.778836834104015,73,49,True,0.19206170338617282,0.2690122882502526,-0.5366907635803055,0.5665657879300884,-0.2989189547255765,-0.411035145119033,-0.40242483546672986,0.1739873146525819,1.3470272126864455,-0.18885207344481225,-0.8356871456618,0.5319229595980002,1.4476994582819473
choque_B_tpu_primero,produccion,sin pandemia,3362,Fabricación de carrocerías y remolques,0.4826387565231524,0.11902321441005292,0.06951172196356611,1.3682593514410097,0.95,0.20282597415430992,1.3579041425631844,0.0,-0.16099128293200324,0.19300062093811496,-0.4784773043752023,0.15649473851119586,0.7979014986425932,73,49,True,1.36829983081171,0.9977674972903833,0.3085902314454111,-0.6602392064106918,-0.11396962609311831,0.7846841387535086,1.265743515378182,-0.5589084303886288,1.347930815518398,1.312368170565039,0.03394390067937485,-1.9365333204282076,-3.246025131595001
choque_B_tpu_primero,produccion,sin pandemia,3272,Fabricación de vidrio y productos de vidrio,0.272472982882299,0.15198381360749708,-0.08118093481141794,0.5353624522436238,0.869,0.05213331737932586,0.5083138428734661,0.0,-0.16018641346107163,0.18161943550337853,-0.4589503848641293,0.13857755794198603,0.8111087250570173,73,49,True,-0.31897462043577485,-0.6755964682755573,-0.3204152344508282,0.7700231452285227,0.6244185060652399,0.508318366181201,-0.30435973791702503,0.5194042000822247,0.4872037444757648,0.5784202715707769,-0.18783149514411926,-0.6937770270495396,-2.042185802879319
choque_B_tpu_primero,produccion,sin pandemia,3219,Fabricación de otros productos de madera,0.1827036170504173,0.16703782379480125,-0.8287874351461626,0.6534934683108352,0.186,-0.6954731829554188,0.6315249169347231,0.0,-0.15996973685687188,0.1838441181599113,-0.462393311229926,0.14245383751618224,0.8078874789466095,73,49,True,0.1139950816647062,-0.409679247773355,0.240440808437572,-0.5714086817580061,-0.6305456462735242,-0.7656191700124817,-0.7411879522553878,-0.7340715162732541,-1.1003674342031358,-1.864083790209539,-1.7389010474552702,-0.6209250354619428,-1.951883025326497
choque_B_tpu_primero,produccion,sin pandemia,3364,Fabricación de equipo aeroespacial,0.9896704181454756,0.014151309535923225,2.251421277554514,3.5186127880721396,0.538,2.384735529745258,3.5145989756968405,0.0,-0.15962889056370602,0.28893712200430643,-0.6349304562607901,0.31567267513337804,0.7096865700423505,73,49,True,-1.0945328090229187,-0.09996376303690058,3.062156243055456,8.418184605662413,1.5220573220633256,3.7366584000444067,3.083256269486221,0.3082325300351227,0.9127842625675345,3.0159664008185354,2.393070365198539,1.875060266214308,2.1355465151226447
choque_B_tpu_primero,produccion,sin pandemia,3391,"Fabricación de equipo no electrónico y material desechable de uso médico, dental y para laboratorio, y artículos oftálmicos",0.7835186733412709,0.04630745160306291,1.5684047288474474,1.902145397387062,0.433,1.7017189810381912,1.8947102998572811,0.0,-0.1588165957735731,0.24224017909795384,-0.5573016903897072,0.23966849884256097,0.7439644636410259,73,49,True,2.838888731928869,3.971777517509121,1.48516481563893,2.9025300087027617,3.4809176077714152,4.343123401651885,-1.612007705984078,-0.3106689568886141,-2.316625314309377,-0.7888646604142409,6.632981494397186,3.1626306247942146,-3.400586089781257
choque_B_tpu_primero,produccion,sin pandemia,3365,Fabricación de equipo ferroviario,0.8018618332294466,0.036159697120880414,-0.5440558626351307,2.2715236228060243,0.816,-0.41074161044438695,2.2653012109982833,0.0,-0.15793925988566931,0.2462452663402008,-0.5630127230152997,0.24713420324396101,0.7393653470123435,73,49,True,-2.203879928545742,-3.0957783553614475,1.5286639588228765,-2.85958406211596,-4.2656011488756445,-4.452145601727896,-6.513015380292428,-0.48305917001184634,3.135382658108491,2.7597314544571363,4.445608412436268,3.6744653092057775,1.2564856396437145
choque_B_tpu_primero,produccion,sin pandemia,3342,Fabricación de equipo de comunicación,0.895054776922478,0.01288857306848177,0.8444633367644182,2.024787925928518,0.688,0.977777588955162,2.0178047855455183,0.0,-0.15716813207625252,0.26699245412751776,-0.5963707191160192,0.2820344549635142,0.7219557569244338,73,49,True,-0.9268238249751872,-1.5699324579731513,0.9856956363945927,-0.26274197481155054,1.0965324744024398,4.5589625715759805,2.6741676992876515,-1.2371797050204767,-0.42291328469812883,1.6154496557677427,0.9652495267645427,2.7314130331685957,0.7701440280543868
choque_B_tpu_primero,produccion,sin pandemia,3339,Fabricación de otra maquinaria y equipo para la industria en general,0.6417221502759753,0.05817408393586083,-0.3518828214853162,0.7587053677292055,0.629,-0.21856856929457238,0.7398674493485934,0.0,-0.15692189774632478,0.21573508206867487,-0.5118061077492949,0.19796231225664537,0.7665041277734059,73,49,True,0.12186536631108727,0.0959533900507872,0.6159868883013091,-0.7463564278688056,-0.948537339594582,-0.4099894213523573,-0.42167678966212624,0.6863307895434473,0.3229865296073755,-1.3409693427737641,-1.0434052336163484,-1.0745758545345168,-0.43208923372061664
choque_B_tpu_primero,produccion,sin pandemia,3326,"Fabricación de alambre, productos de alambre y resortes",0.3138914060002775,0.11398215213683333,0.026390616421564896,0.6307842943236411,0.958,0.1597048686123087,0.6079957512597094,0.0,-0.1562390406414567,0.18233790394638816,-0.4561848926332652,0.14370681135035182,0.8042403611143514,73,49,True,1.1660117807026085,0.6138443210619319,-0.39885823843878115,-0.5899504528781038,0.11749429161365804,1.1952990483921158,0.05195565261818814,0.5833632159610694,-0.820240955638256,-1.381920172050278,-0.19720885142692854,-0.34194178215019694,0.3452301557133168
choque_B_tpu_primero,produccion,sin pandemia,3331,"Fabricación de maquinaria y equipo agropecuario, para la construcción y para la industria extractiva",0.519899184727109,0.06935837629721166,-0.629481225976845,0.7588048996329166,0.417,-0.4961669737861012,0.7399695151095111,0.0,-0.155423005336544,0.19802027970789549,-0.4811663654560321,0.17032035478294408,0.7837392911670258,73,49,True,-0.2193013167968954,-1.2176663257975748,-0.044344864182867344,0.4634517334706286,-0.17695879278101576,-1.2525026573159803,-0.8216898079203856,-0.24905845223467923,-2.217893271340842,-0.7366747553604559,1.6815198466866688,-1.4133311767841035,-1.978806097341482
choque_B_tpu_primero,produccion,sin pandemia,3161,Curtido y acabado de cuero y piel,0.262669438610518,0.10967177111390917,-0.9781272171938398,0.8117968682535821,0.26,-0.844812965003096,0.7942192158911846,0.0,-0.15443420542801234,0.1819795115994142,-0.4537905020090487,0.144922091153024,0.8019578219782022,73,49,True,-0.8022009427957161,-1.209704777893456,-1.9070517294415505,-0.327261050669279,-0.2697559495190166,-1.783212297558099,-0.8418257173363873,-0.6952594489924736,0.11794695789523642,-1.0704859452331241,-0.9512705165922977,-1.7065345192541121,-1.2690378861296425
choque_B_tpu_primero,produccion,sin pandemia,3366,Fabricación de embarcaciones,0.5822911532336551,0.042726088375579084,-8.285197225070071,6.2785957363100735,0.172,-8.151882972879328,6.276347220126968,0.0,-0.15346633818106897,0.2068679540064794,-0.4937641225217276,0.18683144615958963,0.7709128607241178,73,49,True,-14.147121872484112,-4.47859514258101,-2.090071817332084,-3.248905005753429,-3.329276115379487,-12.471750451330786,-7.549908757758677,-17.5989253385933,-12.640023685213627,-3.6182135280301404,-6.205111784157144,-12.532035686902304,-7.797624740394812
choque_B_tpu_primero,produccion,sin pandemia,3352,Fabricación de aparatos eléctricos de uso doméstico,0.3900028883753999,0.07493595431888583,0.3271000287410753,1.2229812145343382,0.812,0.46041428093181913,1.211384769050845,0.0,-0.1529974927600782,0.18601517256936118,-0.45899245163667735,0.1529974661165209,0.7946038270339275,73,49,True,0.4190634099730685,-0.4521229642265443,1.9032350406464968,1.7386965171645303,0.29801359100038743,-0.39348808709580085,-1.6248508948957876,-0.2546724637438914,2.0284005215437335,1.5784362528499871,-1.3122096719831053,-0.49853829517062,0.8223374175715245
choque_B_tpu_primero,produccion,sin pandemia,3341,Fabricación de computadoras y equipo periférico,0.7847307234340066,1.5964343991395392e-06,-0.4444672318127934,1.353400726582152,0.744,-0.3111529796220496,1.342930949191946,0.0,-0.15281123023309381,0.2436537475681419,-0.5536216449826873,0.24799918451649963,0.7347246301104046,73,49,True,-0.3727311756826506,0.10437341946911856,0.753729481347172,0.5824248632147845,-1.1300829637821228,-1.5986063963744603,-2.063681823599391,-1.416387551055321,0.06640400014028133,-1.2065705590855034,-2.7449548140742954,0.8995543827097706,2.3484551232063047
choque_B_tpu_primero,produccion,sin pandemia,3369,Fabricación de otro equipo de transporte,0.6740711386128929,0.017177780878001966,3.400156318206249,3.130134974603376,0.278,3.5334705703969926,3.125622332723479,0.0,-0.15236414734514744,0.22220101463837644,-0.5178848164252767,0.2131565217349818,0.7535501404306268,73,49,True,3.219435396820554,4.511331045346239,3.7178380446870136,3.8131558566870187,2.099046471256788,6.2104171259905785,5.0063950166104325,-1.4084586994888924,2.0957221449416967,1.4018524024832046,1.433716751754413,8.296418705549465,3.8051618740427293
choque_B_tpu_primero,produccion,sin pandemia,3117,Preparación y envasado de pescados y mariscos,0.7478643561015712,0.0,-0.16085552124996438,0.8534970071357155,0.84,-0.02754126905922058,0.8367957628801116,0.0,-0.15191632548594985,0.23631213017146216,-0.5406497796180051,0.23681712864610538,0.7398435009445826,73,49,True,0.8350193704361494,0.18506779652301375,-1.4728042329844415,-1.3091335771190267,-0.45753716519730536,0.31165473446126024,1.221866555958292,0.8934476138411973,-1.662937484579858,-0.2608569404048701,1.032001880822237,1.6087906363203972,-3.015700964326582
choque_B_tpu_primero,produccion,sin pandemia,3328,Recubrimientos y terminados metálicos,0.1588822707072484,,-0.9462238199636869,0.9141652074893795,0.293,-0.8129095677729431,0.8985922513401641,0.0,-0.1512630024862499,0.1853889120743844,-0.4562277628486123,0.15370175787611245,0.7927277963006343,73,49,False,1.1066084111421923,-0.6101397847296355,-1.9064726486496264,-1.4369458370565045,0.2884985340425319,-0.25008247272458883,-0.5106529493606269,-1.764580837142703,-1.2973256324291036,-1.622052452744701,-1.7929000093244707,0.03393345753690222,-2.538797438087595
choque_B_tpu_primero,produccion,sin pandemia,3279,Fabricación de otros productos a base de minerales no metálicos,0.2243733059375072,0.09096728123609459,0.15399170587083305,0.6128616394290687,0.825,0.2873059580615769,0.58938051941693,0.0,-0.15106715983618782,0.18274970523670853,-0.4516904249505733,0.1495561052781977,0.7957777919417937,73,49,True,-0.11013572473559081,-0.33850210418766696,-0.03246444296162426,0.22188189965604405,-0.5402919137030895,-0.3641680287715868,-0.14974957162209876,-0.11401051229645821,0.5016513026728631,0.799347422631151,0.6433310308790854,0.7407853089377162,0.7442175098220849
choque_B_tpu_primero,produccion,sin pandemia,3361,Fabricación de automóviles y camiones,0.6801529750236635,0.005320890179200327,-0.38689447512473646,0.9310295931277617,0.693,-0.2535802229339926,0.9157434743770386,0.0,-0.15096650371805037,0.2235759737346808,-0.5187489805116003,0.21681597307549955,0.7502370206603843,73,49,True,-0.9526141059635406,0.35918309034401535,-0.7356306498735541,-1.8498993746734649,-1.4509854531928674,-1.055147275093524,0.8705220757413809,1.9918597569605647,0.998716341537057,-0.3208125075704208,-0.2947805509831827,-1.1555389207044238,-1.4345006031496135
choque_B_tpu_primero,produccion,sin pandemia,3321,Fabricación de productos metálicos forjados y troquelados,0.4526204884780047,0.03826066742265268,0.15032753247189656,0.6652468071496231,0.835,0.28364178466264034,0.6436795180889728,0.0,-0.14973745409087447,0.19150142468823678,-0.464757297703024,0.16528238952127505,0.7828671486945065,73,49,True,0.6998275793615776,0.6445160081527939,-0.5506831228913465,0.16754548646060496,-0.16376002533686723,1.0191234751716924,1.0435123981003374,1.3819496621641467,-0.207508176236743,-0.7261053314942819,-1.1613157524296158,-0.31373803894786234,0.1208937600602196
choque_B_tpu_primero,produccion,sin pandemia,3324,"Fabricación de calderas, tanques y envases metálicos",0.2575554192946691,0.07360055114277667,-0.7657393063549549,0.7962890706917721,0.329,-0.6324250541642111,0.7783612860925513,0.0,-0.14960913692193825,0.18241565341615876,-0.44968288679151946,0.15046461294764293,0.793936165948466,73,49,True,0.3706513236749728,-0.4547165269281413,0.5817386523550198,0.7388409866977559,0.25054679355782344,-1.4269784204062248,-1.2506385902058426,-1.5599185097711548,-2.4153564949077855,-1.924825993526432,-2.130239591373028,-0.49715204202584373,-0.23656256975553258
choque_B_tpu_primero,produccion,sin pandemia,3131,"Preparación e hilado de fibras textiles, y fabricación de hilos",0.2001267979454507,0.0774387648863754,-0.20506880743673875,0.8739504721808019,0.82,-0.07175455524599494,0.857647617270363,0.0,-0.14871563493614395,0.18364406957043872,-0.4508101293795157,0.15337885950722777,0.7909734782154468,73,49,True,-0.44596306716950884,-0.4416346658930225,-0.7781113331469931,-0.7056990195879302,-1.133375235392766,-0.6496105485986311,1.6893822438492843,0.2497600270846226,-0.5617000614007361,0.12698369387036135,-0.039604772732723025,0.07606864790771616,-0.052390405467276996
choque_B_tpu_primero,produccion,sin pandemia,3346,Fabricación y reproducción de medios magnéticos y ópticos,0.6054992436078728,0.0,-0.3774808414166564,1.89658005626923,0.84,-0.24416658922591258,1.889123055129729,0.0,-0.14846131745166163,0.21137121541210935,-0.4961669668045815,0.19924433190125823,0.7587765376922935,73,49,True,1.3027743762704844,-0.4053599943488747,-1.1967892008141978,1.2912575478076156,2.9831745441992745,-0.5553172194759217,0.8625119907998416,-1.5815765935783697,-5.513331809795203,-2.56444547002675,5.032477397311488,1.0531779469189504,-5.61580445368487
choque_B_tpu_primero,produccion,sin pandemia,3259,Fabricación de otros productos químicos,0.3514735701280596,0.037375188977905587,0.09488590426623081,1.7253868376804529,0.962,0.2282001564569746,1.7171865790371872,0.0,-0.14716735627865507,0.18467641206561722,-0.4509600541265954,0.15662534156928526,0.7872434372121881,73,49,True,0.7919993634133683,2.3344456149671733,1.0078398532321944,-0.8583122367161584,-0.20638480703893558,-0.7002422013847882,-0.6097549870948235,1.462902643291755,1.344860694530536,0.2507500037720363,-0.035680488936628056,-0.8716375882457106,-2.677269108329019
choque_B_tpu_primero,produccion,sin pandemia,3271,Fabricación de productos a base de arcillas y minerales refractarios,0.3488287256548686,0.03778046576634959,0.1480289495944255,0.6870552510966387,0.846,0.2813432017851693,0.6661943602612902,0.0,-0.14715598692632342,0.18455760782833522,-0.4507532518039349,0.15644127795128804,0.787374498304495,73,49,True,0.6782795630268276,-0.8106266448336813,-0.48897736322606555,-0.8942031117856158,0.43268837107677705,0.024995014215854653,0.5147970068290317,0.01199230030202111,0.5003915375385478,0.36544937327416477,0.790648940949654,0.27307084266634973,0.5258705146936662
choque_B_tpu_primero,produccion,sin pandemia,3314,"Industrias de metales no ferrosos, excepto aluminio",0.4934732886739018,0.006965209188103637,-1.3393753959871983,0.9776076420984928,0.158,-1.2060611437964546,0.9630611140908241,0.0,-0.14665033593031912,0.1963442962233237,-0.4696367032176866,0.17633603135704834,0.7724392377574041,73,49,True,-0.8670386874895467,-1.9715888014336345,-1.236893674460331,-1.5772535198084927,-1.0720496998009408,-1.8044467914955402,-0.703106366720711,-0.9965316437202567,-0.1874008103877072,-2.6045067631152796,-1.2434370989896455,-1.357869927237421,-1.7897563631740716
choque_B_tpu_primero,produccion,sin pandemia,3323,Fabricación de estructuras metálicas y productos de herrería,0.2249299265714363,0.042986145911046665,-0.11213538869837476,0.5696613554665679,0.832,0.02117886349236904,0.5443198209660309,0.0,-0.14482755811949663,0.18333267807163145,-0.44640981354733034,0.1567546973083371,0.785227741748619,73,49,True,0.32284484041443606,0.40931173074082267,0.5329416637085509,0.04654662591475721,0.7985086215108083,0.2858208869354358,-0.6025551111896853,-0.7810628918814191,-1.6814805911731103,-0.8381759514114329,0.11058560491498165,0.41242312821553173,-0.4734686097785484
choque_B_tpu_primero,produccion,sin pandemia,3256,"Fabricación de jabones, limpiadores y preparaciones de tocador",0.2434658656862863,0.0355111400392335,-0.11130680716286033,0.5409317507069663,0.819,0.022007445027883474,0.5141762018096404,0.0,-0.14430322493988815,0.18310890402861354,-0.4455173720669574,0.15691092218718114,0.7846730628484901,73,49,True,0.20271448014905427,0.022118505247766325,-0.500471096462193,-0.39773987536563093,-0.4537239790529424,-0.34625588607693986,0.13690153356707155,0.6690907298661851,1.1026479758199335,0.5060433986209837,-1.3582323962847243,-0.7639127992892236,-0.2661690838565246
choque_B_tpu_primero,produccion,sin pandemia,3371,"Fabricación de muebles, excepto de oficina y estantería",0.3642278188643361,0.004901686321007664,-0.34357351047921453,0.4942282848157373,0.454,-0.21025925828847072,0.4647920019711935,0.0,-0.1432447965446234,0.18593523583169116,-0.4491082594877554,0.16261866639850858,0.7794691371100348,73,49,True,-0.8703713110796327,-0.9508762639798302,-1.0582798317575335,-0.116396915517609,0.5166703351565365,-0.24168533082487118,-1.5790759386624431,-0.14826020917950586,0.40564864956196733,-0.23459689752061003,-0.5868110623385063,0.05170406708732902,0.34587507282492
choque_B_tpu_primero,produccion,sin pandemia,3114,"Conservación de frutas, verduras, guisos y otros alimentos preparados",0.3156513149608729,0.011841552492554095,0.4492548729706194,0.5902743715316869,0.438,0.5825691251613632,0.5658567321077063,0.0,-0.1429703442616245,0.18396396651338953,-0.4455910691761503,0.1596503806529013,0.7814692667123867,73,49,True,0.6554240249549095,0.06373029145236514,0.77573646336034,0.016052226785452865,0.16313817909146272,0.12493487371648714,0.4123274473704163,0.7457236469031449,0.7292143847868827,1.2359973115510368,0.8966063724906161,0.47380549443865233,-0.4523773682837149
choque_B_tpu_primero,produccion,sin pandemia,3119,Otras industrias alimentarias,0.1089707298904361,0.0323275826493142,-0.44415861108768084,0.31877917234016384,0.135,-0.31084435889693707,0.2709061983461514,0.0,-0.14062431551844484,0.18955219449995556,-0.4524376754708717,0.17118904443398203,0.7709189124385052,73,49,True,-0.1392522085319342,-0.3537145612465832,-0.5013860155353208,-0.40118533475649215,-0.4698537412132331,-0.45038564104181245,-0.6467383942179238,-0.48947371308876786,0.37616936593100214,-0.0944206942840669,-0.8491037215550227,-0.5025505065761346,-1.2521667780235604
choque_B_tpu_primero,produccion,sin pandemia,3121,Industria de las bebidas,0.2419442465750293,0.00012329106015767006,-0.12493451511479527,0.3885980295397919,0.775,0.008379737075948537,0.3503975401550265,0.0,-0.13965439898897047,0.18375291675068606,-0.441927947043849,0.16261914906590808,0.7763762569694024,73,49,True,0.19994822438611135,0.2668090147820285,0.41618092992008515,-0.2470448113043578,-0.14469767075244508,0.25391162246181526,-0.3591554935673122,-0.30303956819277394,-0.4467661801884011,-0.524520147449555,0.03861715123319454,-0.18991059262752974,-0.5844811751931982
choque_B_tpu_primero,produccion,sin pandemia,3113,"Elaboración de azúcares, chocolates, dulces y similares",0.2016423568218791,0.005446138950690162,-0.6870085862643862,1.1033959940423992,0.546,-0.5536943340736424,1.0905286457738277,0.0,-0.13937002350742136,0.1846031864083457,-0.44304226514915,0.16430221813430732,0.7748667619002696,73,49,True,-0.27817000957349186,-2.541549679146515,-3.9666913868848725,-1.7859176509110626,-0.886515695770243,0.5985673155441197,1.9539085346539031,0.9566582615515825,-0.053064255895526935,1.4136576292481062,0.04286873252698073,-1.2719331663433229,-3.1129302504366794
choque_B_tpu_primero,produccion,sin pandemia,3372,Fabricación de muebles de oficina y estantería,0.2214380514733216,0.0,-0.06583119587281351,0.8219560149266587,0.947,0.06748305631793029,0.8046003343639611,0.0,-0.13914067364195068,0.18413096644549107,-0.44203611344478344,0.1637547661608821,0.775073899546449,73,49,True,0.5011713322888943,-0.3163174544680355,-0.13833832950502822,-0.5386982533901635,0.26545674670468294,0.3056672852978665,0.925159638867229,-0.5544007052283704,-0.2728825185723073,-0.9370941356181963,-0.7660301505409616,0.4771799807235315,0.19332101709428295
choque_B_tpu_primero,produccion,sin pandemia,3241,Fabricación de productos derivados del petróleo y del carbón,0.0588949583065286,0.029050875130591527,0.022070320722445365,1.7051929466426716,0.988,0.15538457291318916,1.696895103671527,0.0,-0.13898200974612188,0.19420249552345453,-0.45844511488220463,0.18048109538996085,0.7628978345089132,73,49,True,0.23352172030580934,-0.8855730777384653,-1.3057819675618758,-0.28969253880674034,-0.6472715976422247,0.0006467526918317836,0.2152998848273057,0.9890694523396797,1.0338619063115841,-0.8989701555905888,0.7753895647282418,0.13041417579070555,0.9360000497365271
choque_B_tpu_primero,produccion,sin pandemia,3254,Fabricación de productos farmacéuticos,0.1290966945098601,0.009184281116309617,-0.223833962704769,0.8620187189625722,0.779,-0.09051971051402519,0.8454858244975834,0.0,-0.138096609694198,0.18833911092813607,-0.44791444717098183,0.1717212277825858,0.7682920907089635,73,49,True,-0.032376397626982883,-0.21336672893663028,-0.6465630058395178,0.7776232524146754,-0.6549153490195453,0.038627603968990586,0.18221585011363703,-0.484351985047373,-0.639914359065944,0.8404860182643513,-0.869247981230074,-0.5407074330891862,-0.6673510000683984
choque_B_tpu_primero,produccion,sin pandemia,3112,Molienda de granos y de semillas y obtención de aceites y grasas,0.0609807080676099,0.015464642605078835,0.1992649701649001,0.6137673742478821,0.778,0.3325792223556439,0.590322282550493,0.0,-0.137262011175488,0.19413884090404393,-0.4566204044626403,0.18209638211166426,0.7602261250065985,73,49,True,-0.19541601183519125,0.11573592125898985,-0.29813393398346255,-0.18493460023235342,-0.3532906444578863,0.0673215365632715,0.7162104350789585,0.536985728902541,0.5365807831883285,0.04785697769254115,0.6770430837768577,0.4661472383140103,0.45833809787709623
choque_B_tpu_primero,produccion,sin pandemia,3274,"Fabricación de cal, yeso y productos de yeso",0.1199075903205221,0.0,0.15175062760536143,0.3803097966372231,0.623,0.28506487979610523,0.3411825742952451,0.0,-0.13667666716688512,0.18914077727611853,-0.44781324578610004,0.17445991145232984,0.7650429193032775,73,49,True,0.46268538320090463,0.259724231354307,0.5300245497718754,-0.3863179220957044,0.44490343402982585,-0.05481510757975733,0.05611458955291467,0.10190638670243106,0.23994441051210214,-0.0312146323279147,-0.1550488121317432,0.7598574790783889,-0.2550058311979315
choque_B_tpu_primero,produccion,sin pandemia,3231,Impresión e industrias conexas,0.1024504665734745,2.5074260643867242e-05,-0.09057146593162996,0.4705802181115896,0.833,0.042742786259113846,0.43956313455797874,0.0,-0.13625627425643885,0.19051091078147908,-0.4496467224919719,0.17713417397909423,0.7627619205577969,73,49,True,0.5186245089914482,1.4564251029737336,0.8785270285272815,1.297573756875372,-0.5782468463032977,-0.05971565744765767,-0.8517147111658645,-0.7163974638069275,-1.6758937351820435,-0.14519318482397064,-0.9571123449101535,-0.9224664355695484,0.5781609247304386
choque_B_tpu_primero,produccion,sin pandemia,3115,Elaboración de productos lácteos,0.0498313429839448,0.009728495317546031,-0.6279004810478112,0.4597740193756284,0.139,-0.4945862288570674,0.4279744811052467,0.0,-0.1362438715677578,0.1953690777621232,-0.45762600448645047,0.18513826135093486,0.7572133041629456,73,49,True,-0.327291031650193,-0.44841099618316993,-0.6619971875230254,-0.3510038908088069,-0.7636159969566836,-0.3272918072657819,-0.6406729649865853,-0.4192545001690564,-0.28996115593748917,-0.6718601034666739,-0.8414347596167309,-1.087164656737848,-1.3327472023195004
choque_B_tpu_primero,produccion,sin pandemia,3221,"Fabricación de pulpa, papel y cartón",0.0619018679380005,0.001245006131624058,0.24538919612700485,0.6329063695277335,0.706,0.37870344831774866,0.6101970830586297,0.0,-0.1354312016329251,0.19422118354018783,-0.4549250485565341,0.1840626452906839,0.7571937068115724,73,49,True,0.22466124778568386,0.12956696683216085,0.25441576893783424,-0.031083666241273615,-0.023285630947781983,-0.2000195443464665,0.21778320785414917,-0.1369826936510184,-0.00947558323149955,0.2986093572485438,1.3352927868572295,1.0919718024789102,0.038605530074590784
choque_B_tpu_primero,produccion,sin pandemia,3116,"Matanza, empacado y procesamiento de carne de ganado, aves y otros animales comestibles",0.044361709007407,0.0005565343123640996,-0.16625749441167523,0.4115455138854772,0.65,-0.032943242220931424,0.3756856632661752,0.0,-0.13491580114415433,0.19606917996525414,-0.4574496021869974,0.18761799989868874,0.7543060556697581,73,49,True,0.41919185534037473,0.08756563509989723,-0.7364622141919202,-0.37309795170032867,-0.4596705774505878,-0.41720341753611623,0.003879011876649687,0.4299467738888526,0.564493024652313,-0.4282236622476388,-0.5617369491102109,-0.2587568661684248,-0.4312720898046381
choque_B_tpu_primero,produccion,sin pandemia,3118,Elaboración de productos de panadería y tortillas,0.043199849411286,0.00024549054628625414,0.2315356377886071,0.3137192728531378,0.338,0.3648498899793509,0.26493355722517664,0.0,-0.1348470678130652,0.19619955481881193,-0.45759533549001086,0.18790119986388043,0.7540517276799941,73,49,True,-0.08921135156319801,-0.14163739106885523,0.018246716748891473,-0.31436818037347214,-0.11967854228864543,0.4109123253571664,0.4472471346012416,0.6193953972382605,0.9612916075599921,0.5153966629385068,0.03264575834903309,0.18645768371807653,0.4832654700348945
choque_B_tpu_primero,produccion,sin pandemia,3111,Elaboración de alimentos para animales,0.02886946578166,0.0027127477990509046,-0.008685746186055587,0.501120548355191,0.981,0.12462850600468822,0.4721141933561115,0.0,-0.13482083254547592,0.19777757961830975,-0.46016495101759547,0.1905232859266436,0.7522790412058915,73,49,True,0.12174516691293606,-0.49009370375509437,-0.7618262528845202,-0.601334568706057,-0.5222793558327675,-0.04680208327346252,0.5196854237679304,0.4958293834057011,0.8695969586539735,0.41338911077343776,-0.307677529303701,-0.06353608362708042,0.2603888334499815
choque_B_tpu_primero,produccion,sin pandemia,3273,Fabricación de cemento y productos de concreto,0.0343074151008847,0.00012961613710545992,0.11407869260527596,0.5120008400524075,0.791,0.24739294479601975,0.483647462309951,0.0,-0.13461615924616757,0.19718811032923328,-0.4589906007377563,0.18975828224542116,0.7525951124340916,73,49,True,-0.578923233512873,-0.2099275537199523,-0.09044248434258256,-0.5077077919641081,0.16210790020940302,-0.07366184673894967,-0.14299496891978922,0.03156284532833272,1.240056873877913,0.9141460490109874,0.40057440259481164,0.05427783326894192,0.2839549787764528
choque_B_tpu_primero,produccion,sin pandemia,3211,Aserrado y conservación de la madera,0.0034917286527276,0.0,-1.1377468530480352,0.8338721797841242,0.166,-1.0044326008572915,0.8167697471150674,0.0,-0.13385141222671412,0.20086438680227342,-0.46427332851645386,0.19657050406302565,0.7474149276241355,73,49,True,-0.4468028063047291,-1.2616743090083675,-2.7849794221236706,-2.7875061007144617,-2.4275843893544193,-1.653010746444036,-1.8047225123495307,-0.1439741485064037,1.1338525680588194,-0.23252579413112145,-0.7524372575389829,-0.35284111982096156,-1.2765030513865907
