fecha,1111,1112,1113,1114,1119,1121,1123,1124,1125,1129,1132,1133,1141,1151,1152,2111,2121,2122,2123,3111,3112,3113,3114,3115,3116,3117,3118,3119,3121,3122,3131,3132,3133,3141,3149,3151,3152,3159,3161,3162,3169,3211,3212,3219,3221,3222,3231,3241,3251,3252,3253,3254,3255,3256,3259,3261,3262,3271,3272,3273,3274,3279,3311,3312,3313,3314,3315,3321,3322,3323,3324,3325,3326,3327,3329,3331,3332,3333,3334,3335,3336,3339,3341,3342,3343,3344,3345,3346,3351,3352,3353,3359,3361,3362,3363,3364,3365,3366,3369,3371,3372,3379,3391,3399,9100,9300,9800,9900
2013-01-01,0.000000,0.000000,0.000001,0.000000,0.000000,0.000000,,,0.000000,0.000000,0.000000,0.000000,0.000000,,,0.000008,,0.000000,0.000000,0.000381,0.000001,0.000082,0.000039,0.000000,0.000000,0.000000,0.000000,0.000371,0.000000,0.000000,0.000084,0.001265,0.001247,0.016520,0.006499,0.000099,0.009126,0.000832,0.001457,0.000858,0.000639,0.000000,0.000000,0.002846,0.000000,0.002124,0.000000,0.000047,0.002560,0.000969,0.004983,0.000003,0.000572,0.003066,0.000064,0.004639,0.002002,0.000408,0.001345,0.000000,0.000000,0.000969,0.000033,0.000000,0.000579,0.000015,0.000527,0.001408,0.001957,0.000220,0.001014,0.005830,0.001210,0.003412,0.005674,0.000888,0.001009,0.006752,0.000978,0.006278,0.003364,0.000624,0.000000,0.000117,0.000843,0.000929,0.002082,0.000024,0.004361,0.000846,0.005288,0.004373,0.000156,0.000876,0.004252,0.000186,0.001289,0.000110,0.002258,0.000000,0.000000,0.010078,0.000390,0.002213,0.000000,0.000044,0.000006,0.000000
2013-02-01,0.000000,0.000000,0.000000,0.000000,0.000000,0.000003,,,0.000000,0.000000,0.000000,0.000000,0.000000,,,0.000000,,0.000000,0.000000,0.000000,0.000006,0.000053,0.000006,0.000000,0.000000,0.000000,0.000000,0.000217,0.000002,0.000000,0.002345,0.001625,0.000760,0.007210,0.006937,0.000073,0.006640,0.000954,0.001283,0.000668,0.000444,0.000000,0.000000,0.002453,0.000000,0.001987,0.000000,0.000001,0.002893,0.001237,0.011643,0.000000,0.000698,0.001005,0.000110,0.004241,0.001642,0.000463,0.001345,0.000000,0.000000,0.001100,0.000032,0.000000,0.000435,0.000011,0.000457,0.001360,0.002471,0.000101,0.000906,0.004706,0.001089,0.002647,0.004559,0.000767,0.002241,0.005933,0.000412,0.005812,0.002885,0.000498,0.000000,0.000116,0.000914,0.000751,0.001520,0.000002,0.004315,0.000542,0.004229,0.003831,0.000103,0.000596,0.002910,0.000249,0.000537,0.000489,0.002049,0.000000,0.000000,0.005079,0.000369,0.002596,0.000000,0.000119,0.000005,0.000000
2013-03-01,0.000000,0.000000,0.000000,0.000000,0.000000,0.000000,,,0.000000,0.000000,0.000000,0.000000,0.000000,,,0.000006,,0.000000,0.000004,0.000161,0.000002,0.000001,0.000034,0.000000,0.000000,0.000000,0.000000,0.000089,0.000000,0.000000,0.001816,0.001126,0.001295,0.005596,0.005864,0.000875,0.005014,0.002321,0.001162,0.001204,0.000428,0.000000,0.000000,0.002484,0.000000,0.002134,0.000000,0.000000,0.002556,0.001103,0.020183,0.000000,0.001892,0.000142,0.000204,0.003898,0.001429,0.000177,0.001136,0.000000,0.000000,0.001415,0.000000,0.000000,0.000524,0.000010,0.000216,0.001182,0.001534,0.000358,0.000640,0.004348,0.000312,0.003392,0.004490,0.000809,0.001525,0.005548,0.000452,0.007065,0.002786,0.000475,0.000001,0.000138,0.000659,0.000710,0.001252,0.000008,0.004196,0.000651,0.003908,0.003863,0.000080,0.000499,0.002296,0.000218,0.000231,0.000520,0.000882,0.000000,0.000000,0.004324,0.000455,0.002407,0.000000,0.000341,0.000004,0.009704
2013-04-01,0.000000,0.000000,0.000000,0.000000,0.000000,0.000001,,,0.000000,0.000000,0.000000,0.000000,0.000000,,,0.000005,,0.000000,0.000000,0.000301,0.000005,0.000011,0.000116,0.000000,0.000000,0.000000,0.000000,0.000122,0.000000,0.000000,0.001507,0.001352,0.000203,0.004154,0.005360,0.000702,0.009064,0.002789,0.001611,0.000994,0.000368,0.000000,0.000000,0.002757,0.000000,0.001979,0.000000,0.000002,0.003965,0.001412,0.017976,0.000059,0.000552,0.000308,0.000094,0.004321,0.001212,0.000236,0.001071,0.000000,0.000000,0.001341,0.000000,0.000000,0.000522,0.000011,0.000304,0.000745,0.001246,0.000307,0.000321,0.004670,0.000276,0.003226,0.004158,0.000541,0.001803,0.003450,0.000405,0.003368,0.003057,0.000553,0.000000,0.000291,0.001097,0.001181,0.001102,0.000006,0.005225,0.000583,0.003729,0.003618,0.000123,0.000193,0.002016,0.000112,0.000676,0.002254,0.000492,0.000000,0.000000,0.003881,0.000359,0.001706,0.000001,0.000139,0.000009,0.000000
2013-05-01,0.000000,0.000002,0.000000,0.000043,0.000000,0.000000,,,0.000000,0.000000,0.000000,0.000000,0.000000,,,0.000000,,0.000000,0.000021,0.000000,0.000004,0.000008,0.000048,0.000000,0.000000,0.000000,0.000000,0.000161,0.000001,0.000000,0.002647,0.001185,0.000779,0.003309,0.003874,0.000354,0.014420,0.002815,0.001400,0.001154,0.000170,0.000000,0.000000,0.002102,0.000000,0.001678,0.000016,0.000016,0.004986,0.001038,0.004381,0.000008,0.000370,0.000121,0.000161,0.003908,0.000846,0.000234,0.000877,0.000000,0.000000,0.000958,0.000000,0.000000,0.000411,0.000011,0.000337,0.000758,0.001901,0.000120,0.000360,0.005620,0.000275,0.003762,0.004128,0.000938,0.000970,0.002669,0.000424,0.006582,0.003325,0.000605,0.000000,0.000249,0.001021,0.000902,0.001182,0.000030,0.004756,0.000391,0.003764,0.003710,0.000148,0.000409,0.001940,0.000178,0.000898,0.002423,0.001835,0.000000,0.000000,0.003824,0.000355,0.001247,0.000000,0.000143,0.000003,0.002435
2013-06-01,0.000000,0.000000,0.000001,0.000000,0.000000,0.000000,,,0.000000,0.000000,0.000000,0.000000,0.000000,,,0.000000,,0.000000,0.000000,0.000245,0.000001,0.000043,0.000058,0.000000,0.000000,0.000000,0.000000,0.000149,0.000000,0.000000,0.003677,0.001151,0.000771,0.003925,0.004498,0.000107,0.010622,0.004199,0.000907,0.001091,0.000178,0.000000,0.000000,0.001974,0.000000,0.001755,0.000000,0.000053,0.002413,0.000911,0.001073,0.000000,0.000861,0.000158,0.000185,0.003655,0.000897,0.000252,0.000886,0.000000,0.000000,0.000617,0.000000,0.000000,0.000705,0.000031,0.000237,0.000950,0.002093,0.000232,0.000617,0.004253,0.000342,0.002897,0.003847,0.000460,0.000662,0.003701,0.000375,0.002437,0.003484,0.000588,0.000000,0.000274,0.001023,0.000676,0.001215,0.000075,0.005190,0.000315,0.003946,0.003707,0.000109,0.000615,0.001907,0.000129,0.000560,0.001728,0.000864,0.000000,0.000000,0.005080,0.000314,0.001133,0.000000,0.000045,0.000004,0.010396
2013-07-01,0.000000,0.000000,0.000000,0.000187,0.000000,0.000000,,,0.000000,0.000000,0.000000,0.000000,0.000000,,,0.000002,,0.000000,0.000000,0.000000,0.000000,0.000000,0.000096,0.000000,0.000000,0.000000,0.000000,0.000144,0.000000,0.000000,0.000577,0.001305,0.000511,0.004235,0.004031,0.000670,0.011452,0.003030,0.000730,0.001019,0.000141,0.000000,0.000000,0.001461,0.000000,0.001696,0.000000,0.000000,0.003211,0.000736,0.011085,0.000000,0.000628,0.000224,0.000062,0.003570,0.000624,0.000274,0.001121,0.000000,0.000000,0.000236,0.000000,0.000000,0.000706,0.000022,0.000307,0.000589,0.002875,0.000199,0.000382,0.004029,0.000249,0.003089,0.003838,0.000394,0.000854,0.002868,0.000294,0.003796,0.003548,0.000372,0.000000,0.000289,0.001142,0.000775,0.001191,0.000007,0.003807,0.000215,0.003917,0.003325,0.000100,0.000436,0.002226,0.000136,0.000452,0.001401,0.005030,0.000000,0.000000,0.004856,0.000324,0.000647,0.000000,0.000234,0.000008,0.001745
2013-08-01,0.000000,0.000000,0.000000,0.000000,0.000000,0.000000,,,0.000000,0.000000,0.000000,0.000000,0.000000,,,0.000001,,0.000000,0.000000,0.000344,0.000000,0.000042,0.000013,0.000000,0.000000,0.000000,0.000085,0.000585,0.000001,0.000000,0.002864,0.001041,0.000326,0.005046,0.003576,0.000168,0.010512,0.002629,0.001153,0.002637,0.000229,0.000000,0.000000,0.002501,0.000000,0.001304,0.000000,0.000106,0.001846,0.001031,0.006747,0.000021,0.000103,0.000122,0.000060,0.004713,0.000706,0.000321,0.000879,0.000000,0.000000,0.000313,0.000002,0.000000,0.000631,0.000018,0.000451,0.000122,0.002101,0.000174,0.000289,0.004079,0.000342,0.002903,0.003503,0.000337,0.000685,0.002936,0.000265,0.004622,0.003166,0.000680,0.000000,0.000340,0.001205,0.000856,0.001090,0.000003,0.003859,0.000379,0.003814,0.003070,0.000043,0.000327,0.002133,0.000164,0.000788,0.002424,0.001808,0.000000,0.000000,0.004287,0.000327,0.001211,0.000000,0.000058,0.000010,0.019176
2013-09-01,0.000000,0.000003,0.000002,0.000000,0.000000,0.000000,,,0.000000,0.000000,0.000000,0.000000,0.000000,,,0.000000,,0.000000,0.000000,0.000000,0.000011,0.000052,0.000028,0.000000,0.000000,0.000000,0.000000,0.000171,0.000000,0.000000,0.000015,0.001361,0.000334,0.004334,0.004059,0.000761,0.011027,0.005821,0.000563,0.006300,0.000106,0.000000,0.000312,0.002488,0.000000,0.001444,0.000000,0.000001,0.002658,0.000945,0.011556,0.000000,0.000227,0.000085,0.000105,0.004479,0.000842,0.000305,0.001379,0.000000,0.000000,0.000206,0.000000,0.000000,0.000489,0.000013,0.000559,0.000458,0.001658,0.000086,0.000355,0.004122,0.000209,0.003224,0.003704,0.000442,0.000368,0.002147,0.000517,0.003395,0.002320,0.000762,0.000000,0.000262,0.000986,0.000797,0.001460,0.000016,0.004835,0.000386,0.003574,0.003036,0.000022,0.000276,0.002185,0.000136,0.000865,0.002219,0.000548,0.000000,0.000000,0.004887,0.000311,0.000793,0.000000,0.000020,0.000014,0.000017
2013-10-01,0.000000,0.000000,0.000000,0.000000,0.000000,0.000000,,,0.000000,0.000000,0.000000,0.000000,0.000000,,,0.000000,,0.000000,0.000000,0.000217,0.000000,0.000027,0.000046,0.000000,0.000000,0.000000,0.000000,0.000079,0.000000,0.000000,0.000065,0.001222,0.000726,0.003838,0.003627,0.000729,0.010254,0.003732,0.001945,0.010481,0.000104,0.000000,0.000000,0.002336,0.000003,0.001535,0.000008,0.000001,0.002301,0.000928,0.008796,0.001263,0.000419,0.000013,0.000204,0.004309,0.000925,0.000180,0.000952,0.000000,0.000000,0.000296,0.000000,0.000000,0.000702,0.000020,0.000598,0.000272,0.002310,0.000140,0.000335,0.004810,0.000263,0.003103,0.003441,0.000557,0.000564,0.002452,0.000791,0.001686,0.002660,0.000619,0.000000,0.000276,0.000868,0.000938,0.001353,0.000070,0.004442,0.000265,0.004174,0.003088,0.000036,0.000184,0.002065,0.000187,0.000846,0.001822,0.000828,0.000000,0.000000,0.005696,0.000368,0.000790,0.000000,0.000160,0.000017,0.021242
2013-11-01,0.000000,0.000000,0.000000,0.000000,0.002504,0.000000,,0.000000,0.000000,0.000000,0.000000,0.000000,0.000000,,,0.000001,,0.001624,0.000000,0.000000,0.000001,0.000005,0.000064,0.000000,0.000000,0.000000,0.000004,0.000078,0.000000,0.000000,0.000106,0.001132,0.000365,0.004373,0.004550,0.000516,0.010888,0.003248,0.000778,0.004718,0.000279,0.000000,0.000000,0.002407,0.000000,0.001545,0.000000,0.000109,0.002999,0.001050,0.011576,0.000617,0.000280,0.000045,0.000235,0.004287,0.000946,0.000246,0.000842,0.000000,0.000101,0.000122,0.000000,0.000000,0.000537,0.000016,0.000134,0.000765,0.001846,0.000175,0.000475,0.004407,0.000275,0.002922,0.003367,0.000508,0.000376,0.002791,0.001383,0.003839,0.002970,0.000682,0.000000,0.000317,0.000934,0.000769,0.001318,0.000112,0.003803,0.000212,0.003881,0.003144,0.000035,0.000179,0.001968,0.000139,0.000822,0.001355,0.000842,0.000000,0.000000,0.005267,0.000357,0.000631,0.000000,0.000000,0.000014,0.000000
2013-12-01,0.000000,0.000000,0.000002,0.000036,0.000000,0.000000,,,0.000000,0.000000,0.000000,0.000000,0.000000,,,0.000000,,0.000000,0.000008,0.000193,0.000002,0.000046,0.000010,0.001351,0.000000,0.000000,0.000000,0.000042,0.000000,0.000000,0.000850,0.001041,0.000641,0.005829,0.004394,0.001139,0.011320,0.003513,0.000671,0.003858,0.000202,0.000000,0.000000,0.003466,0.000000,0.001293,0.000000,0.000060,0.003192,0.000888,0.013594,0.000886,0.000440,0.000047,0.000179,0.004195,0.000897,0.000343,0.000949,0.000000,0.000000,0.000178,0.000000,0.000000,0.000799,0.000016,0.000208,0.000202,0.001503,0.000217,0.000410,0.004314,0.000327,0.002562,0.003192,0.000429,0.001012,0.004282,0.001011,0.002887,0.003074,0.000495,0.000000,0.000298,0.000896,0.000759,0.001480,0.000094,0.004111,0.000184,0.003813,0.003207,0.000041,0.000152,0.002069,0.000180,0.000543,0.000616,0.003343,0.000000,0.000000,0.004934,0.000364,0.000586,0.000000,0.000033,0.000035,0.015987
2014-01-01,0.000000,0.000001,0.000002,0.000050,0.000000,0.000000,,,0.000000,0.000000,0.000000,0.000000,0.000000,,,0.000000,,0.000000,0.000000,0.000720,0.000002,0.000465,0.000038,0.000000,0.000000,0.000000,0.000000,0.000063,0.000000,0.000000,0.000593,0.001301,0.000423,0.007161,0.005549,0.000614,0.009070,0.004014,0.000173,0.007478,0.000606,0.000000,0.000000,0.001845,0.000000,0.003198,0.000000,0.000089,0.003050,0.000908,0.004073,0.000000,0.000593,0.000328,0.000169,0.004878,0.002011,0.000304,0.001169,0.000000,0.000000,0.000193,0.000000,0.000000,0.001420,0.000020,0.000770,0.000061,0.001803,0.000204,0.001716,0.006396,0.000972,0.004648,0.005442,0.000882,0.001988,0.005356,0.000501,0.004988,0.003817,0.000641,0.000000,0.000330,0.001308,0.000874,0.001579,0.000185,0.006827,0.000787,0.005347,0.004406,0.000152,0.000113,0.002872,0.000312,0.000585,0.001722,0.002238,0.000000,0.000000,0.002245,0.000473,0.000954,0.000000,0.000387,0.000042,0.000019
2014-02-01,0.000000,0.000000,0.000003,0.000000,0.000000,0.000000,,0.000000,0.000000,0.000000,0.000000,0.000000,0.000000,,,0.000000,,0.000000,0.000000,0.000188,0.000002,0.000973,0.000106,0.000000,0.000000,0.000000,0.000000,0.000063,0.000000,0.000000,0.005816,0.001473,0.000579,0.008177,0.004547,0.000174,0.006620,0.003267,0.000732,0.001958,0.000574,0.000000,0.000000,0.002426,0.000000,0.001956,0.000005,0.000064,0.002965,0.000594,0.016028,0.000197,0.000987,0.000304,0.000255,0.003771,0.001731,0.000258,0.001342,0.000000,0.000000,0.000182,0.000036,0.000000,0.001220,0.000038,0.000436,0.000085,0.001843,0.000239,0.001614,0.004682,0.000958,0.005155,0.004827,0.001042,0.002149,0.005319,0.000479,0.006066,0.003552,0.000793,0.000000,0.000292,0.001607,0.000920,0.001178,0.000158,0.006863,0.000569,0.004394,0.004220,0.000004,0.000182,0.002487,0.000242,0.000727,0.001123,0.001338,0.000000,0.000000,0.001830,0.000398,0.000902,0.000000,0.000043,0.000007,0.000000
2014-03-01,0.000000,0.000000,0.000001,0.000003,0.000000,0.000003,,,0.000000,0.000000,0.000000,0.000000,0.000000,,,0.000002,,0.000000,0.000000,0.000250,0.000000,0.000010,0.000091,0.000000,0.000000,0.000000,0.000019,0.000077,0.000000,0.000000,0.000351,0.001538,0.001377,0.007889,0.004820,0.001962,0.006294,0.003502,0.000869,0.002204,0.001271,0.000000,0.000000,0.002700,0.000000,0.001402,0.000000,0.000083,0.002648,0.000551,0.017737,0.000000,0.001206,0.000163,0.000140,0.003210,0.001213,0.000388,0.000911,0.000000,0.000000,0.000170,0.000000,0.000000,0.000818,0.000017,0.000080,0.000137,0.001763,0.000210,0.000873,0.003993,0.000887,0.004643,0.004333,0.000852,0.001202,0.003036,0.000347,0.003146,0.003750,0.000470,0.000000,0.000310,0.001181,0.001082,0.000974,0.000023,0.005593,0.000482,0.004088,0.003721,0.000005,0.000149,0.002178,0.000200,0.000652,0.000590,0.001004,0.000000,0.000000,0.001805,0.000408,0.000695,0.000006,0.000444,0.000020,0.000009
2014-04-01,0.000013,0.000000,0.000000,0.000366,0.000000,0.000000,,0.000000,0.000000,0.000000,0.000000,0.000000,0.000000,,,0.000000,,0.000000,0.000000,0.000000,0.000008,0.000008,0.000066,0.000000,0.000000,0.000000,0.000000,0.000115,0.000000,0.000000,0.000121,0.001258,0.000394,0.007705,0.004992,0.000641,0.010957,0.003965,0.001093,0.002030,0.001147,0.000000,0.000000,0.001949,0.000000,0.001467,0.000016,0.000007,0.003009,0.000991,0.020608,0.000200,0.001483,0.000130,0.000132,0.003053,0.001351,0.001350,0.000854,0.000000,0.000000,0.000209,0.000018,0.000000,0.001134,0.000037,0.000430,0.000264,0.001551,0.000152,0.001029,0.003902,0.000855,0.004859,0.004199,0.000565,0.001462,0.003444,0.000307,0.003817,0.003412,0.000342,0.000000,0.000243,0.001085,0.000940,0.001125,0.000100,0.005392,0.000425,0.003775,0.003637,0.000015,0.000150,0.002084,0.000146,0.000916,0.001171,0.001108,0.000000,0.000000,0.001973,0.000393,0.000743,0.000021,0.000076,0.000006,0.000000
2014-05-01,0.000002,0.000000,0.000000,0.000000,0.000000,0.000000,,,0.000000,0.000000,0.000009,0.000000,0.000000,,,0.000000,,0.000000,0.000000,0.000000,0.000012,0.000000,0.000024,0.000026,0.000000,0.000000,0.000000,0.000087,0.000000,0.000000,0.000145,0.001161,0.000396,0.008064,0.005704,0.002261,0.011258,0.003929,0.001060,0.001094,0.000750,0.000000,0.000000,0.002552,0.000000,0.001208,0.000000,0.000065,0.002396,0.000995,0.006927,0.000056,0.000890,0.000288,0.000339,0.003112,0.001243,0.000339,0.000873,0.000000,0.000000,0.000122,0.000000,0.000000,0.000823,0.000019,0.000419,0.000187,0.001728,0.000126,0.001093,0.003951,0.000801,0.005203,0.003932,0.000591,0.000773,0.003875,0.000323,0.002789,0.003247,0.000439,0.000000,0.000189,0.000964,0.000886,0.000951,0.000050,0.005475,0.000395,0.003764,0.003449,0.000010,0.000095,0.001845,0.000103,0.000734,0.001183,0.001244,0.000000,0.000000,0.001693,0.000342,0.000641,0.000021,0.000258,0.000003,0.000000
2014-06-01,0.000000,0.000002,0.000000,0.000000,0.000000,0.000000,,,0.000000,0.000009,0.000000,0.000000,0.000000,,,0.000000,,0.000000,0.000000,0.000207,0.000000,0.000013,0.000280,0.000000,0.000000,0.000000,0.000000,0.000066,0.000000,0.000000,0.000203,0.000901,0.000650,0.007883,0.005002,0.000608,0.010003,0.004129,0.000637,0.003309,0.000883,0.000000,0.000000,0.002127,0.000000,0.001147,0.000000,0.000001,0.002425,0.000468,0.011680,0.000038,0.001344,0.000401,0.000479,0.003040,0.001160,0.000321,0.000856,0.000000,0.000000,0.000272,0.000000,0.000000,0.000577,0.000013,0.000458,0.000132,0.001628,0.000246,0.000956,0.004058,0.000806,0.004319,0.004167,0.000380,0.000628,0.004934,0.000421,0.003483,0.003034,0.000444,0.000000,0.000198,0.001162,0.000931,0.001074,0.000046,0.006194,0.000425,0.003727,0.003619,0.000006,0.000110,0.002004,0.000126,0.000868,0.000941,0.001156,0.000000,0.000000,0.001221,0.000312,0.000570,0.000000,0.000063,0.000007,0.000000
2014-07-01,0.000000,0.000008,0.000000,0.000000,0.000000,0.000003,,0.000000,0.000000,0.000000,0.000051,0.000000,0.000000,,,0.000000,,0.000000,0.000000,0.000384,0.000091,0.000018,0.000099,0.000000,0.000000,0.000000,0.000000,0.000094,0.000000,0.000000,0.000127,0.000809,0.000472,0.008790,0.004589,0.002560,0.009297,0.003526,0.000964,0.000877,0.000613,0.000000,0.000000,0.002291,0.000000,0.001104,0.000016,0.000020,0.001803,0.000572,0.000000,0.000000,0.000921,0.000422,0.000373,0.003049,0.001196,0.000378,0.000941,0.000000,0.000000,0.000327,0.000000,0.000000,0.000216,0.000022,0.000433,0.000136,0.001788,0.000237,0.000590,0.004330,0.000687,0.002844,0.004217,0.000277,0.000507,0.006044,0.000354,0.001759,0.003373,0.000391,0.000000,0.000281,0.001259,0.000622,0.001152,0.000349,0.006004,0.000602,0.003944,0.003511,0.000011,0.000140,0.001942,0.000162,0.000379,0.001485,0.000999,0.000000,0.000000,0.001260,0.000308,0.000579,0.000022,0.000141,0.000004,0.000000
2014-08-01,0.000000,0.000000,0.000007,0.000000,0.000000,0.000000,,,0.000000,0.000000,0.000028,0.000000,0.000000,,,0.000000,,0.000194,0.000000,0.000000,0.000033,0.000009,0.000085,0.000000,0.000000,0.000000,0.000000,0.000018,0.000000,0.000000,0.000348,0.000790,0.000272,0.009237,0.004252,0.002038,0.008858,0.003766,0.000886,0.008132,0.000789,0.000000,0.000000,0.002367,0.000000,0.001003,0.000009,0.000019,0.001379,0.000502,0.001400,0.000010,0.000850,0.000267,0.000199,0.002992,0.001137,0.000419,0.000789,0.000000,0.000000,0.000342,0.000011,0.000000,0.000354,0.000046,0.000651,0.000156,0.001489,0.000311,0.000753,0.004344,0.000793,0.002944,0.004012,0.000400,0.000575,0.005677,0.000320,0.003801,0.003914,0.000581,0.000000,0.000219,0.001466,0.000594,0.001083,0.000032,0.004637,0.000459,0.003880,0.003551,0.000009,0.000139,0.001970,0.000140,0.000387,0.002529,0.001578,0.000000,0.000000,0.001206,0.000273,0.000824,0.000021,0.000027,0.000005,0.000000
2014-09-01,0.000003,0.000000,0.000003,0.000000,0.000000,0.000000,,0.000000,0.000000,0.000000,0.000000,0.000000,0.000000,,,0.000000,0.000000,0.000000,0.000000,0.000379,0.000073,0.000012,0.000062,0.000023,0.000000,0.000000,0.000000,0.000079,0.000000,0.000000,0.002072,0.001185,0.000136,0.007759,0.004860,0.001329,0.008389,0.003300,0.000728,0.002740,0.000466,0.000000,0.000000,0.002316,0.000000,0.001069,0.000021,0.000020,0.001647,0.000781,0.003614,0.000580,0.000731,0.000437,0.000406,0.003175,0.001269,0.000336,0.000741,0.000000,0.000000,0.000255,0.000001,0.000000,0.000466,0.000019,0.000244,0.000138,0.001660,0.000361,0.000572,0.003910,0.000756,0.003728,0.004007,0.000484,0.000714,0.005963,0.000381,0.003917,0.003643,0.000630,0.000000,0.000185,0.000967,0.000627,0.001192,0.000050,0.005665,0.000574,0.004110,0.003720,0.000028,0.000147,0.001954,0.000100,0.000661,0.002242,0.000645,0.000000,0.000000,0.001470,0.000324,0.000916,0.000000,0.000078,0.000006,0.010687
2014-10-01,0.000000,0.000000,0.000007,0.000008,0.000000,0.000000,,0.000000,0.000000,0.000000,0.000057,0.000000,0.000000,,,0.000000,,0.000000,0.000000,0.000000,0.000036,0.000008,0.000164,0.000000,0.000000,0.000000,0.000000,0.000045,0.000000,0.000000,0.002570,0.001161,0.000809,0.009741,0.005096,0.000783,0.008270,0.003736,0.001381,0.002344,0.000669,0.000000,0.000000,0.002079,0.000000,0.000993,0.000040,0.000002,0.001371,0.000465,0.000000,0.000000,0.001101,0.000160,0.000266,0.003342,0.001126,0.000411,0.000770,0.000000,0.000000,0.000410,0.000000,0.000000,0.000383,0.000034,0.000572,0.000330,0.001644,0.000218,0.001026,0.004071,0.000577,0.003255,0.003679,0.000388,0.002115,0.004622,0.000446,0.004164,0.003592,0.000596,0.000000,0.000205,0.000780,0.000504,0.001034,0.000087,0.005673,0.000804,0.003924,0.003614,0.000012,0.000242,0.002083,0.000157,0.000759,0.000491,0.000457,0.000000,0.000000,0.001425,0.000299,0.000675,0.000019,0.000106,0.000016,0.000000
2014-11-01,0.000003,0.000005,0.000006,0.000053,0.000000,0.000008,,,0.000000,0.000014,0.000035,0.000000,0.000000,,,0.000000,0.000000,0.000000,0.000000,0.001044,0.000004,0.000015,0.000167,0.000000,0.000000,0.000000,0.000038,0.000053,0.000000,0.000000,0.000239,0.001099,0.000279,0.009904,0.004418,0.001081,0.008579,0.003259,0.000795,0.000558,0.000590,0.000000,0.000000,0.002125,0.000000,0.000963,0.000022,0.000029,0.001536,0.000757,0.004121,0.000015,0.001186,0.000173,0.000202,0.003569,0.000889,0.000332,0.001361,0.000000,0.000000,0.000419,0.000008,0.000000,0.000398,0.000023,0.000604,0.000395,0.001520,0.000187,0.000993,0.005962,0.000269,0.002885,0.003771,0.000400,0.000984,0.004813,0.000403,0.003636,0.003415,0.000449,0.000000,0.000245,0.000726,0.000516,0.001043,0.000037,0.005060,0.000710,0.004004,0.003981,0.000023,0.000078,0.001986,0.000156,0.000906,0.000316,0.000422,0.000000,0.000000,0.001542,0.000267,0.000622,0.000016,0.000277,0.000008,0.000000
2014-12-01,0.000000,0.000000,0.000007,0.000000,0.000000,0.000000,,0.000000,0.000000,0.000000,0.000000,0.000000,0.000000,,,0.000000,,0.000000,0.000000,0.001279,0.000030,0.000000,0.000099,0.000077,0.000000,0.000000,0.000002,0.000106,0.000000,0.003810,0.000842,0.001015,0.000381,0.009152,0.003946,0.000775,0.007561,0.003759,0.000816,0.003161,0.000437,0.000000,0.000423,0.002727,0.000000,0.000889,0.000000,0.000058,0.001223,0.000706,0.006775,0.000000,0.001931,0.000096,0.000489,0.003343,0.000975,0.000626,0.001242,0.000000,0.000000,0.000241,0.000000,0.000000,0.000218,0.000017,0.000523,0.000659,0.001349,0.000180,0.000556,0.006273,0.000373,0.002597,0.003892,0.000388,0.000752,0.006056,0.000645,0.006756,0.003412,0.000520,0.000000,0.000182,0.000850,0.000562,0.000943,0.000093,0.005816,0.000756,0.003724,0.003921,0.000016,0.000139,0.001955,0.000097,0.000822,0.000409,0.000281,0.000000,0.000000,0.001358,0.000341,0.000682,0.000031,0.000425,0.000005,0.014473
2015-01-01,0.000000,0.000000,0.000000,0.000000,0.000000,0.000001,,,0.000000,0.000000,0.000000,0.000000,0.000000,,,0.000001,0.000000,0.000000,0.000000,0.001115,0.000005,0.000053,0.000144,0.000000,0.000009,0.000000,0.000000,0.000015,0.000000,0.003896,0.000239,0.001483,0.000450,0.012090,0.004274,0.001388,0.004418,0.004375,0.001503,0.001764,0.000421,0.000000,0.000776,0.002182,0.000000,0.001290,0.000102,0.000261,0.001781,0.000499,0.004202,0.000000,0.001396,0.000067,0.000052,0.005547,0.001232,0.000486,0.001003,0.000000,0.000000,0.000382,0.000002,0.000000,0.000233,0.000014,0.000721,0.003595,0.001542,0.000781,0.001469,0.005707,0.001165,0.004335,0.005654,0.000616,0.001474,0.005421,0.004664,0.005721,0.004941,0.000884,0.000000,0.000300,0.001167,0.000635,0.001511,0.000175,0.010375,0.001005,0.005417,0.004601,0.000015,0.000217,0.003244,0.000244,0.000882,0.000110,0.000634,0.000000,0.000000,0.001512,0.000378,0.001001,0.000021,0.000069,0.000008,0.000000
2015-02-01,0.000000,0.000000,0.000000,0.000001,0.000000,0.000004,,0.000000,0.000000,0.000000,0.000000,0.000000,0.000000,,,0.000009,0.000000,0.000000,0.000000,0.002234,0.000000,0.000006,0.000109,0.000000,0.000000,0.000000,0.000000,0.000038,0.000000,0.001144,0.000170,0.002001,0.000467,0.008041,0.005128,0.000547,0.004853,0.004271,0.000495,0.002633,0.000425,0.000000,0.000540,0.002256,0.000000,0.001299,0.000238,0.000064,0.002697,0.000576,0.019416,0.000000,0.001386,0.000060,0.000174,0.004431,0.001412,0.000530,0.001169,0.000000,0.000340,0.000404,0.000011,0.000000,0.000177,0.000017,0.000742,0.001650,0.001076,0.000361,0.001299,0.003936,0.001679,0.004133,0.004500,0.000597,0.001393,0.005962,0.004090,0.002610,0.004565,0.000913,0.000000,0.000265,0.001532,0.000601,0.001031,0.000035,0.009092,0.000760,0.004624,0.004027,0.000009,0.000287,0.002590,0.000179,0.000802,0.000745,0.001726,0.000000,0.000000,0.001440,0.000363,0.000850,0.000030,0.000012,0.000008,0.000000
2015-03-01,0.000000,0.000000,0.000000,0.000505,0.000000,0.000001,,,0.000000,0.000000,0.000000,0.000000,0.000000,,,0.000001,,0.000000,0.000000,0.000937,0.000000,0.000001,0.000000,0.000000,0.000000,0.000000,0.000000,0.000059,0.000019,0.008284,0.000322,0.001276,0.000634,0.007526,0.004398,0.001111,0.004520,0.004578,0.000263,0.001072,0.000860,0.000000,0.000189,0.001830,0.000000,0.001697,0.000000,0.000180,0.003404,0.000721,0.013805,0.000018,0.001427,0.000090,0.000592,0.004296,0.000972,0.000323,0.000948,0.000000,0.000000,0.000487,0.000005,0.000000,0.000113,0.000011,0.000644,0.000970,0.001001,0.000288,0.001358,0.004270,0.001710,0.004321,0.004695,0.000621,0.001469,0.007784,0.003530,0.012096,0.004063,0.000862,0.000000,0.000203,0.001207,0.000812,0.001052,0.000056,0.008113,0.000369,0.004257,0.003839,0.000009,0.000206,0.002213,0.000370,0.000722,0.000345,0.001337,0.000000,0.000000,0.001469,0.000323,0.000748,0.000022,0.000147,0.000006,0.000337
2015-04-01,0.000000,0.000000,0.000000,0.000000,0.000000,0.000000,,0.000000,0.000000,0.000000,0.000054,0.000000,0.000000,,,0.000000,,0.000000,0.000007,0.000000,0.000010,0.000096,0.000097,0.000055,0.000000,0.000000,0.000000,0.000071,0.000000,0.007511,0.000881,0.001335,0.000703,0.006500,0.005137,0.000305,0.012557,0.004143,0.001209,0.001282,0.000462,0.000000,0.001457,0.002245,0.000000,0.001380,0.000040,0.000090,0.001489,0.001353,0.004894,0.000000,0.000738,0.000103,0.000724,0.004271,0.001120,0.000299,0.000928,0.000000,0.000000,0.000441,0.000000,0.000000,0.000011,0.000009,0.000320,0.005359,0.000822,0.000259,0.000755,0.004177,0.001014,0.003264,0.004567,0.000371,0.001043,0.005688,0.003167,0.003951,0.003803,0.000740,0.000000,0.000175,0.001162,0.000941,0.001131,0.000022,0.007195,0.000214,0.004016,0.003566,0.000004,0.000152,0.002046,0.000093,0.000571,0.000254,0.000663,0.000000,0.000000,0.001647,0.000297,0.000820,0.000030,0.000147,0.000005,0.000010
2015-05-01,0.000000,0.000000,0.000000,0.000007,0.000000,0.000002,,,0.000000,0.000000,0.000000,0.000000,0.000000,,,0.000000,,0.000000,0.000000,0.000371,0.000015,0.000217,0.000059,0.000000,0.000000,0.000000,0.000000,0.000038,0.000000,0.005921,0.000366,0.001199,0.001133,0.006614,0.004806,0.000427,0.012848,0.004358,0.000324,0.001923,0.000507,0.000000,0.000432,0.001526,0.000000,0.000992,0.000010,0.000004,0.001850,0.001919,0.000011,0.000040,0.000842,0.000149,0.000978,0.004096,0.001205,0.000343,0.001240,0.000000,0.000000,0.000339,0.000001,0.000000,0.000091,0.000012,0.000624,0.003593,0.000668,0.000287,0.000768,0.004311,0.000487,0.003438,0.004500,0.000370,0.000803,0.004293,0.003271,0.003033,0.003885,0.000876,0.000000,0.000164,0.001142,0.001109,0.000884,0.000046,0.005478,0.000189,0.003905,0.003917,0.000039,0.000250,0.001902,0.000126,0.001487,0.000481,0.000807,0.000000,0.000000,0.001587,0.000269,0.000851,0.000000,0.000339,0.000004,0.000000
2015-06-01,0.000000,0.000000,0.000000,0.001226,0.000000,0.000000,,0.000000,0.000000,0.000000,0.000048,0.000000,0.000000,,,0.000000,,0.000000,0.000000,0.000524,0.000007,0.000114,0.000000,0.000207,0.000000,0.000000,0.000000,0.000041,0.000000,0.008244,0.000518,0.001478,0.001040,0.006112,0.005480,0.001911,0.010035,0.003287,0.000185,0.001790,0.000410,0.000000,0.000539,0.001622,0.000000,0.001062,0.000032,0.000158,0.002342,0.001794,0.007143,0.000015,0.001432,0.000091,0.000470,0.003733,0.000929,0.000315,0.000801,0.000000,0.000000,0.000361,0.000021,0.000000,0.000111,0.000020,0.000374,0.000644,0.000597,0.000240,0.000566,0.003954,0.000245,0.002807,0.004400,0.000408,0.002015,0.003841,0.003406,0.003593,0.003501,0.000830,0.000000,0.000153,0.001361,0.000826,0.000890,0.000058,0.006391,0.000613,0.003623,0.003622,0.000013,0.000225,0.001919,0.000245,0.000462,0.000391,0.000731,0.000000,0.000000,0.001377,0.000274,0.000911,0.000002,0.000727,0.000008,0.000000
2015-07-01,0.000000,0.000005,0.000000,0.000410,0.000000,0.000000,0.000000,0.000000,0.000000,0.000000,0.000050,0.000000,0.000000,,,0.000000,,0.000000,0.000000,0.000985,0.000000,0.000122,0.000088,0.000000,0.000000,0.000000,0.000000,0.000080,0.000000,0.006929,0.000342,0.000984,0.000961,0.003941,0.005138,0.000926,0.010024,0.003432,0.000231,0.002654,0.000424,0.000000,0.000515,0.001587,0.000000,0.001302,0.000077,0.000229,0.002197,0.001638,0.004438,0.000000,0.001187,0.000043,0.000125,0.003664,0.000966,0.000317,0.000769,0.000000,0.000000,0.000417,0.000000,0.000006,0.000233,0.000033,0.000304,0.001332,0.001294,0.000260,0.000898,0.004597,0.000181,0.003245,0.003883,0.000337,0.002282,0.004218,0.002456,0.004106,0.004083,0.000836,0.000000,0.000177,0.001653,0.000984,0.000849,0.000069,0.006919,0.000343,0.003296,0.003401,0.000006,0.000225,0.001659,0.000315,0.001079,0.000515,0.000728,0.000000,0.000000,0.001373,0.000282,0.000601,0.000000,0.000075,0.000000,0.000544
2015-08-01,0.000000,0.000000,0.000000,0.000000,0.000000,0.000000,0.000000,0.000000,0.000000,0.000028,0.000000,0.000000,0.000000,,,0.000000,,0.000000,0.000084,0.000810,0.000040,0.000177,0.000008,0.000000,0.000000,0.000000,0.000000,0.000072,0.000000,0.005096,0.000505,0.000814,0.001624,0.002427,0.004753,0.002697,0.009588,0.003951,0.000156,0.000980,0.000493,0.000000,0.000479,0.002138,0.000000,0.001090,0.000004,0.000006,0.001774,0.002204,0.000000,0.000000,0.001235,0.000102,0.000119,0.003826,0.000881,0.000321,0.000827,0.000000,0.000000,0.000419,0.000005,0.000000,0.000131,0.000046,0.000306,0.000059,0.000854,0.000260,0.000970,0.004155,0.000290,0.002210,0.003601,0.000354,0.001413,0.004882,0.001016,0.002893,0.003324,0.000832,0.000000,0.000227,0.001247,0.000824,0.000938,0.000027,0.006913,0.000585,0.003110,0.003678,0.000088,0.000235,0.001649,0.000241,0.000596,0.000376,0.000875,0.000000,0.000000,0.001271,0.000306,0.000665,0.000000,0.000017,0.000000,0.010483
2015-09-01,0.000000,0.000004,0.000000,0.000002,0.000000,0.000000,0.000000,,0.000000,0.000000,0.000000,0.000000,0.000000,,,0.000000,,0.000000,0.000001,0.000642,0.000035,0.000202,0.000012,0.000000,0.000000,0.000000,0.000000,0.000152,0.000000,0.007124,0.000886,0.001343,0.002628,0.003580,0.004717,0.002738,0.010390,0.003972,0.000295,0.005277,0.000343,0.000000,0.000474,0.001939,0.000000,0.001021,0.000014,0.000260,0.002123,0.001665,0.000531,0.000000,0.000763,0.000266,0.000132,0.003870,0.000847,0.000395,0.000814,0.000000,0.000000,0.000331,0.000000,0.000000,0.000148,0.000025,0.000472,0.000668,0.001663,0.000260,0.001185,0.004424,0.000341,0.002145,0.003544,0.000413,0.001845,0.006042,0.000815,0.003100,0.002441,0.000853,0.000000,0.000119,0.000699,0.000868,0.000910,0.000014,0.007872,0.000715,0.003090,0.003763,0.000053,0.000451,0.001719,0.000195,0.000872,0.003348,0.000895,0.000000,0.000000,0.001316,0.000302,0.000588,0.000000,0.000135,0.000002,0.000104
2015-10-01,0.000000,0.000000,0.000000,0.000001,0.000000,0.000000,0.000000,,0.000000,0.000000,0.000000,0.000000,0.000000,,,0.000000,0.000000,0.000000,0.000000,0.000783,0.000020,0.000283,0.000007,0.001215,0.000000,0.000000,0.000000,0.000039,0.000000,0.004385,0.000420,0.001003,0.003918,0.003652,0.005242,0.000482,0.010278,0.003982,0.000663,0.001512,0.000280,0.000000,0.000719,0.002274,0.000000,0.001283,0.000000,0.000228,0.002642,0.001951,0.002441,0.000000,0.000824,0.000339,0.000419,0.003832,0.000781,0.000181,0.000881,0.000000,0.000000,0.000453,0.000000,0.000000,0.000456,0.000034,0.000343,0.000050,0.002072,0.000125,0.001605,0.004641,0.000291,0.002392,0.003280,0.000331,0.001636,0.006546,0.000786,0.007522,0.002551,0.000858,0.000000,0.000134,0.000651,0.000823,0.000946,0.000681,0.005928,0.000778,0.003418,0.003599,0.000031,0.000391,0.001690,0.000167,0.000954,0.001240,0.000753,0.000000,0.000000,0.001409,0.000295,0.000513,0.000002,0.000039,0.000006,0.009477
2015-11-01,0.000002,0.000000,0.000000,0.000116,0.000000,0.000003,0.000000,,0.000000,0.000000,0.000000,0.000000,0.000000,,,0.000000,,0.000000,0.000000,0.000819,0.000105,0.000032,0.000000,0.000048,0.000006,0.000000,0.000000,0.000037,0.000000,0.007926,0.000106,0.000927,0.003960,0.005140,0.005289,0.001497,0.010169,0.005137,0.000954,0.003875,0.000613,0.000000,0.000391,0.002011,0.000000,0.001128,0.000004,0.000180,0.002395,0.002231,0.007389,0.000000,0.000912,0.000142,0.000134,0.004089,0.000903,0.000310,0.001117,0.000000,0.000000,0.000350,0.000002,0.000000,0.000732,0.000031,0.000472,0.000078,0.002825,0.000230,0.001840,0.004319,0.000331,0.002218,0.003061,0.000312,0.001257,0.005379,0.000801,0.004238,0.002261,0.000814,0.000000,0.000154,0.001000,0.000776,0.000970,0.000089,0.005414,0.000923,0.003437,0.003655,0.000023,0.000240,0.001659,0.000077,0.000496,0.000270,0.000594,0.000000,0.000000,0.001479,0.000292,0.000557,0.000000,0.000277,0.000007,0.007450
2015-12-01,0.000000,0.000001,0.000000,0.000154,0.000000,0.000009,,0.000000,0.000000,0.000000,0.000000,0.000000,0.000000,,,0.000000,0.000000,0.000000,0.000000,0.000295,0.000116,0.000028,0.000004,0.000000,0.000000,0.000000,0.000000,0.000114,0.000000,0.008329,0.000170,0.000784,0.003544,0.003350,0.005143,0.001044,0.010200,0.004726,0.000229,0.001121,0.000596,0.000000,0.000255,0.003054,0.000000,0.001171,0.000149,0.000015,0.002593,0.001385,0.003941,0.000006,0.001421,0.000040,0.000327,0.004051,0.000849,0.000592,0.001034,0.000026,0.000000,0.000491,0.000007,0.000000,0.000559,0.000022,0.000411,0.000503,0.001853,0.000213,0.000737,0.003982,0.000308,0.002811,0.003763,0.000202,0.000761,0.004916,0.000783,0.003599,0.003410,0.000682,0.000000,0.000173,0.001429,0.000735,0.001183,0.000021,0.004600,0.000862,0.003623,0.003552,0.000023,0.000250,0.002036,0.000258,0.000213,0.000308,0.000381,0.000000,0.000000,0.002887,0.000260,0.000709,0.000000,0.000442,0.000002,0.000146
2016-01-01,0.000006,0.000004,0.000000,0.000000,0.000000,0.000002,,,0.000000,0.000000,0.000000,0.000000,0.000000,,,0.000000,,0.000000,0.000000,0.000758,0.000291,0.000032,0.000039,0.000000,0.000007,0.000000,0.000000,0.000171,0.000000,0.006082,0.000085,0.001499,0.002129,0.007752,0.005957,0.001632,0.007594,0.004518,0.000863,0.002646,0.000297,0.000000,0.000000,0.004295,0.000002,0.001586,0.000005,0.000017,0.003443,0.001627,0.008438,0.000000,0.001823,0.000086,0.000430,0.005237,0.001876,0.000310,0.001041,0.000000,0.000000,0.000295,0.000023,0.000000,0.000180,0.000018,0.000592,0.001189,0.000946,0.000315,0.000647,0.006179,0.001728,0.004960,0.004566,0.000789,0.001382,0.006665,0.001435,0.004626,0.002386,0.000971,0.000000,0.000204,0.001650,0.000917,0.001706,0.000162,0.005903,0.000548,0.004923,0.004661,0.000002,0.000400,0.003056,0.000170,0.000808,0.000003,0.000451,0.000000,0.000000,0.006842,0.000340,0.001397,0.000018,0.000356,0.000002,0.000000
2016-02-01,0.000000,0.000002,0.000000,0.000000,0.000000,0.000001,,0.000000,0.000000,0.000000,0.000000,0.000000,0.000000,,,0.000001,0.000000,0.000000,0.000000,0.000000,0.000167,0.000014,0.000019,0.000000,0.000000,0.000000,0.000000,0.000274,0.000000,0.005504,0.000148,0.001046,0.001627,0.007562,0.005795,0.001285,0.005626,0.006560,0.000593,0.000701,0.000142,0.000000,0.001119,0.003260,0.000000,0.001460,0.000101,0.000020,0.003191,0.002194,0.013778,0.000000,0.001405,0.000100,0.000203,0.005243,0.001317,0.000270,0.000861,0.000000,0.000000,0.000465,0.000000,0.000000,0.000308,0.000019,0.000300,0.000949,0.000706,0.000420,0.000822,0.003580,0.001042,0.003495,0.004142,0.000969,0.002390,0.006818,0.000505,0.004168,0.002887,0.000706,0.000000,0.000243,0.001998,0.001175,0.001450,0.000262,0.005844,0.000387,0.004694,0.004106,0.000058,0.000416,0.002291,0.000061,0.000709,0.000101,0.000741,0.000000,0.000000,0.003877,0.000375,0.001300,0.000000,0.000130,0.000001,0.000494
2016-03-01,0.000015,0.000001,0.000000,0.000000,0.000000,0.000011,,,0.000000,0.000000,0.000000,0.000000,0.000000,,,0.000000,0.000000,,0.000000,0.000215,0.000028,0.000208,0.000135,0.000000,0.000005,0.000000,0.000000,0.000093,0.000002,0.013107,0.000766,0.001254,0.001601,0.006042,0.005477,0.003339,0.007861,0.006922,0.000794,0.000733,0.000219,0.000000,0.000246,0.002752,0.000000,0.001319,0.000083,0.000063,0.002426,0.002076,0.009403,0.000000,0.001432,0.000503,0.000844,0.004806,0.001302,0.000295,0.000901,0.000000,0.000000,0.000418,0.000000,0.000000,0.000095,0.000016,0.000474,0.002530,0.000777,0.000428,0.000494,0.003139,0.000506,0.004522,0.003314,0.000582,0.002315,0.006504,0.000532,0.012846,0.001907,0.000668,0.000000,0.000144,0.001495,0.001065,0.001216,0.000058,0.005571,0.000544,0.004054,0.003741,0.000017,0.000370,0.001940,0.000104,0.000278,0.000082,0.000960,0.000000,0.000000,0.004521,0.000371,0.001224,0.000000,0.000104,0.000000,0.007314
2016-04-01,0.000000,0.000000,0.000000,0.000072,0.000000,0.000000,,0.000000,0.000000,0.000000,0.000000,0.000000,0.000000,,,0.000000,,0.000000,0.000000,0.000629,0.000002,0.000105,0.000096,0.000000,0.000000,0.000000,0.000000,0.000111,0.000000,0.005268,0.000879,0.000998,0.001405,0.005461,0.005606,0.002253,0.007637,0.007051,0.000855,0.000941,0.000374,0.000000,0.000314,0.002438,0.000000,0.001466,0.000047,0.000599,0.002976,0.002636,0.009813,0.000000,0.001272,0.000148,0.000312,0.005132,0.000990,0.000459,0.001032,0.000000,0.000000,0.000444,0.000004,0.000000,0.000214,0.000016,0.000830,0.000327,0.001152,0.000623,0.000685,0.002788,0.000647,0.004800,0.003404,0.000455,0.002312,0.005631,0.000479,0.005298,0.002131,0.000550,0.000000,0.000150,0.001205,0.001142,0.001071,0.000088,0.005810,0.000477,0.004052,0.003904,0.000501,0.000215,0.001648,0.000093,0.000844,0.000207,0.001469,0.000000,0.000000,0.003754,0.000376,0.001352,0.000000,0.000139,0.000000,0.000378
2016-05-01,0.000000,0.000000,0.000000,0.000000,0.000000,0.000000,,,0.000000,0.000000,0.000000,0.000000,0.000000,,,0.000001,0.000000,0.000000,0.000000,0.000627,0.000168,0.000096,0.000022,0.000109,0.000000,0.000000,0.000073,0.000110,0.000000,0.004427,0.000970,0.001848,0.000832,0.003556,0.005928,0.001133,0.012965,0.004811,0.000335,0.001614,0.000346,0.000000,0.000293,0.002042,0.000000,0.001351,0.000034,0.000048,0.002511,0.002766,0.008759,0.000000,0.001796,0.000335,0.000119,0.004788,0.000927,0.000308,0.000873,0.000000,0.000000,0.000486,0.000006,0.000000,0.001101,0.000015,0.000420,0.000034,0.000787,0.000329,0.000404,0.003073,0.000473,0.003843,0.003374,0.000797,0.001912,0.006292,0.000701,0.003244,0.001873,0.000554,0.000000,0.000184,0.001141,0.001078,0.001086,0.000023,0.006074,0.000322,0.004048,0.003734,0.000113,0.000171,0.001477,0.000072,0.000680,0.000100,0.001020,0.000000,0.000000,0.004614,0.000326,0.002028,0.000007,0.000705,0.000000,0.000001
2016-06-01,0.000000,0.000000,0.000004,0.000000,0.000000,0.000001,,0.000000,0.000000,0.000000,0.000013,0.000000,0.000000,,,0.000000,,0.000000,0.000000,0.000365,0.000101,0.000020,0.000058,0.000000,0.000000,0.000000,0.000000,0.000083,0.000001,0.008767,0.000324,0.001356,0.001176,0.003675,0.005629,0.001334,0.010836,0.004973,0.000772,0.001637,0.000229,0.000000,0.000000,0.002122,0.000000,0.001486,0.000069,0.001126,0.002965,0.002468,0.007518,0.000016,0.002638,0.000357,0.000414,0.005190,0.000888,0.000280,0.000859,0.000000,0.000000,0.000355,0.000019,0.000000,0.000623,0.000014,0.000653,0.000214,0.000752,0.000522,0.000649,0.003552,0.002088,0.002552,0.003103,0.000589,0.000986,0.005934,0.000638,0.004162,0.002308,0.000629,0.000000,0.000190,0.001186,0.001323,0.001176,0.000050,0.005709,0.000387,0.004208,0.003676,0.000005,0.000171,0.001516,0.000097,0.000685,0.000408,0.000662,0.000000,0.000000,0.004213,0.000325,0.001749,0.000000,0.000172,0.000000,0.012853
2016-07-01,0.000000,0.000003,0.000003,0.000000,0.000000,0.000000,,,0.000000,0.000000,0.000000,0.000000,0.000000,,,0.000000,,0.000000,0.000000,0.001073,0.000036,0.000000,0.000009,0.000000,0.000000,0.000000,0.000000,0.000101,0.000002,0.008265,0.000178,0.001940,0.001023,0.002054,0.005607,0.002676,0.010028,0.004902,0.000167,0.001165,0.000247,0.000000,0.000080,0.001812,0.000000,0.001175,0.000000,0.000674,0.003099,0.001782,0.000000,0.000000,0.003263,0.000528,0.000542,0.005004,0.000940,0.000355,0.001084,0.000000,0.000000,0.000488,0.000000,0.000000,0.000366,0.000007,0.000661,0.000161,0.000580,0.000603,0.001023,0.003854,0.000274,0.003058,0.003475,0.000576,0.001529,0.005232,0.000529,0.004062,0.004611,0.000582,0.000000,0.000122,0.000817,0.001020,0.000918,0.000000,0.004402,0.000887,0.004489,0.003455,0.000259,0.000123,0.001608,0.000068,0.001161,0.000723,0.000674,0.000000,0.000000,0.003634,0.000336,0.001594,0.000000,0.000553,0.000000,0.000583
2016-08-01,0.000000,0.000001,0.000000,0.000000,0.000030,0.000000,,,0.000000,0.000178,0.000000,0.000000,0.000000,,,0.000000,,0.000000,0.000000,0.000626,0.000019,0.000008,0.000026,0.000028,0.000000,0.000000,0.000000,0.000217,0.000000,0.011773,0.000446,0.001414,0.000936,0.003093,0.005689,0.001628,0.009865,0.005745,0.000522,0.001310,0.000191,0.000000,0.000542,0.002590,0.000000,0.001221,0.000000,0.000616,0.003255,0.001889,0.000057,0.000000,0.002716,0.000262,0.000126,0.005639,0.000896,0.000271,0.001192,0.000000,0.000000,0.000555,0.000017,0.000000,0.000348,0.000010,0.000364,0.000232,0.000507,0.000477,0.001720,0.003240,0.000241,0.003955,0.003417,0.000627,0.002238,0.003457,0.000691,0.005878,0.003081,0.000559,0.000000,0.000175,0.001062,0.000764,0.000835,0.000000,0.004869,0.001174,0.004177,0.003234,0.000015,0.000099,0.001515,0.000091,0.007860,0.000377,0.000452,0.000000,0.000000,0.003654,0.000341,0.001693,0.000000,0.000101,0.000000,0.000652
2016-09-01,0.000000,0.000002,0.000011,0.000000,0.000000,0.000022,,,0.000000,0.000000,0.000000,0.000000,0.000000,,,0.000000,0.000000,0.000000,0.000004,0.000300,0.000156,0.000006,0.000059,0.003120,0.000000,0.000000,0.000000,0.000019,0.000000,0.006713,0.000335,0.001789,0.001611,0.003358,0.005185,0.001409,0.010166,0.005682,0.000397,0.002686,0.000414,0.000000,0.000000,0.002000,0.000000,0.001382,0.000000,0.000036,0.002896,0.001878,0.003294,0.000087,0.000859,0.000328,0.000093,0.006256,0.001095,0.000295,0.001186,0.000005,0.000000,0.000538,0.000061,0.000000,0.000318,0.000036,0.000222,0.000258,0.000906,0.000659,0.001044,0.003434,0.000311,0.003856,0.003695,0.000637,0.001295,0.002840,0.000646,0.005204,0.002554,0.000674,0.000000,0.000123,0.000819,0.000716,0.000971,0.000000,0.004389,0.001152,0.003952,0.003162,0.000014,0.000158,0.001545,0.000077,0.005745,0.000332,0.003778,0.000000,0.000000,0.003714,0.000339,0.001566,0.000001,0.000222,0.000000,0.010640
2016-10-01,0.000000,0.000000,0.000006,0.000000,0.000000,0.000000,,,0.000000,0.000000,0.000000,0.000000,0.000000,,,0.000000,0.000000,0.000000,0.000000,0.000000,0.000140,0.000003,0.000166,0.008753,0.000000,0.000000,0.000000,0.000061,0.000000,0.003965,0.000378,0.001605,0.002285,0.005012,0.004619,0.001062,0.009765,0.009422,0.000491,0.002421,0.000123,0.000000,0.000000,0.002652,0.000000,0.001603,0.000000,0.000005,0.002778,0.001479,0.000037,0.000122,0.003751,0.000945,0.000125,0.006167,0.001014,0.000270,0.000820,0.000009,0.000000,0.000570,0.000000,0.000000,0.000560,0.000023,0.000469,0.000277,0.000542,0.000424,0.000751,0.003329,0.000241,0.003970,0.003665,0.000762,0.001426,0.004568,0.000648,0.005193,0.002145,0.000626,0.000000,0.000117,0.000810,0.000795,0.000901,0.000000,0.003686,0.000934,0.004019,0.002986,0.000055,0.000131,0.001591,0.000080,0.000406,0.000146,0.000155,0.000000,0.000000,0.004337,0.000328,0.001628,0.000000,0.000037,0.000000,0.000000
2016-11-01,0.000000,0.000011,0.000001,0.000000,0.000000,0.000002,,,0.000000,0.000000,0.000000,0.000000,0.000000,,,0.000000,0.000000,0.000000,0.000000,0.000050,0.000031,0.000028,0.000110,0.008722,0.000000,0.000000,0.000000,0.000147,0.000000,0.004581,0.000038,0.002978,0.001803,0.005943,0.004690,0.000777,0.009904,0.011436,0.000503,0.001962,0.000304,0.000000,0.000000,0.002266,0.000000,0.001346,0.000009,0.000012,0.002857,0.000566,0.006289,0.000171,0.002476,0.000698,0.000730,0.005893,0.001010,0.000283,0.000741,0.000000,0.000000,0.000718,0.000000,0.000000,0.000207,0.000042,0.000361,0.000846,0.000886,0.000412,0.000789,0.003685,0.000935,0.004523,0.003619,0.000459,0.001441,0.002640,0.000542,0.006810,0.002177,0.000662,0.000000,0.000156,0.001010,0.000707,0.000931,0.000000,0.004180,0.000548,0.003941,0.003124,0.000012,0.000063,0.001704,0.000088,0.000626,0.000216,0.000226,0.000000,0.000000,0.004889,0.000350,0.001560,0.000000,0.000017,0.000000,0.000000
2016-12-01,0.000000,0.000002,0.000004,0.000000,0.000000,0.000009,,,0.000000,0.000065,0.000000,0.000000,0.000000,,,0.000000,,0.000000,0.000000,0.000000,0.000015,0.000029,0.000046,0.009885,0.000012,0.000000,0.000000,0.000145,0.000001,0.006163,0.000479,0.003925,0.002155,0.004724,0.005726,0.003303,0.008850,0.008983,0.000502,0.002487,0.000521,0.000000,0.000000,0.002210,0.000000,0.001246,0.000000,0.000058,0.002299,0.001090,0.013271,0.000179,0.003930,0.000121,0.000261,0.006030,0.001042,0.000567,0.000904,0.000016,0.000000,0.000868,0.000068,0.000000,0.000261,0.000040,0.000313,0.000677,0.000973,0.000308,0.000669,0.004537,0.000923,0.004045,0.003801,0.000454,0.001052,0.002312,0.001668,0.007872,0.002617,0.000678,0.000000,0.000141,0.001350,0.000819,0.000859,0.000000,0.004383,0.000542,0.004149,0.003153,0.000018,0.000131,0.001652,0.000196,0.000418,0.000024,0.000159,0.000000,0.000000,0.005000,0.000362,0.001775,0.000000,0.000045,0.000000,0.000000
2017-01-01,0.000000,0.000000,0.000000,0.000000,0.000000,0.000000,,,0.000000,0.000000,0.000000,0.000000,0.000000,,,0.000000,,0.000000,0.000000,0.000000,0.000010,0.000194,0.000040,0.008066,0.000011,0.000000,0.000000,0.000144,0.000003,0.011270,0.000377,0.001240,0.001766,0.006193,0.004285,0.002601,0.008546,0.006064,0.000489,0.002764,0.000437,0.000000,0.000374,0.002253,0.000000,0.001674,0.000001,0.000347,0.003487,0.000837,0.012585,0.000223,0.003335,0.000218,0.000619,0.006241,0.001907,0.000213,0.001090,0.000000,0.000000,0.000940,0.000000,0.000000,0.000195,0.000062,0.000465,0.001390,0.001258,0.000409,0.000547,0.007194,0.001161,0.005267,0.004973,0.000347,0.001892,0.002656,0.000692,0.006316,0.002898,0.000881,0.000001,0.000199,0.001500,0.000901,0.001415,0.000000,0.007291,0.000540,0.005552,0.003998,0.000009,0.000212,0.002854,0.000069,0.001451,0.000040,0.000294,0.000008,0.000000,0.004689,0.000510,0.002774,0.000003,0.000415,0.000000,0.000000
2017-02-01,0.000000,0.000000,0.000006,0.000000,0.000000,0.000003,,,0.000000,0.000000,0.000000,0.000000,0.000000,,,0.000000,0.000000,0.000000,0.000000,0.000000,0.000052,0.000203,0.000015,0.007412,0.000000,0.000000,0.000000,0.000148,0.000000,0.004033,0.000642,0.001307,0.002641,0.006232,0.003866,0.001445,0.005510,0.006447,0.002868,0.001473,0.000509,0.000000,0.000000,0.001548,0.000000,0.001599,0.000000,0.000354,0.003685,0.000624,0.014830,0.000023,0.006928,0.000135,0.000665,0.006026,0.001603,0.000179,0.001645,0.000000,0.000000,0.000902,0.000000,0.000000,0.000191,0.000133,0.000356,0.000599,0.000649,0.000488,0.000822,0.007170,0.000306,0.005161,0.004505,0.000240,0.001270,0.003996,0.000423,0.010593,0.003351,0.000650,0.000000,0.000193,0.001412,0.000891,0.001289,0.000000,0.005551,0.000426,0.004584,0.003532,0.000088,0.000957,0.002043,0.000093,0.002515,0.000141,0.000388,0.000015,0.000000,0.005307,0.000433,0.002772,0.000001,0.000000,0.000000,0.000000
2017-03-01,0.000000,0.000001,0.000004,0.000000,0.000000,0.000000,,,0.000000,0.000000,0.000000,0.000000,0.000000,,,0.000096,0.000000,0.000000,0.000000,0.000000,0.000028,0.000015,0.000030,0.008555,0.000000,0.000000,0.000000,0.000130,0.000000,0.010142,0.000084,0.001642,0.001900,0.007191,0.003414,0.000724,0.005556,0.006104,0.004477,0.001936,0.000591,0.000000,0.000000,0.002110,0.000000,0.001622,0.000005,0.000113,0.003774,0.000635,0.023044,0.000000,0.004146,0.000255,0.000822,0.005678,0.001507,0.000449,0.001537,0.000000,0.000000,0.000841,0.000011,0.000000,0.000175,0.000120,0.000304,0.001050,0.000636,0.000444,0.000993,0.007488,0.000341,0.005202,0.004606,0.000366,0.000381,0.005373,0.000543,0.008120,0.002763,0.000594,0.000000,0.000183,0.001146,0.000965,0.000956,0.000000,0.005352,0.000453,0.004057,0.003464,0.000006,0.001375,0.002059,0.000162,0.000762,0.000044,0.000368,0.000025,0.000000,0.004657,0.000401,0.002800,0.000000,0.000075,0.000000,0.000000
2017-04-01,0.000048,0.000000,0.000000,0.000001,0.000000,0.000000,,,0.000000,0.000000,0.000000,0.000000,0.000000,,,0.000113,0.000000,0.000000,0.000000,0.000000,0.000034,0.000031,0.000063,0.006464,0.000000,0.000000,0.000000,0.000142,0.000000,0.007859,0.000131,0.001603,0.001598,0.007767,0.003982,0.001816,0.005558,0.005405,0.004877,0.002247,0.000276,0.000000,0.000353,0.002210,0.000000,0.001585,0.000006,0.000234,0.003872,0.000561,0.022251,0.000010,0.003092,0.000204,0.000475,0.005547,0.001589,0.000367,0.001162,0.000011,0.000000,0.000817,0.000000,0.000003,0.000452,0.000184,0.000304,0.000690,0.000856,0.000632,0.000691,0.007475,0.000430,0.004135,0.004238,0.000390,0.000415,0.004744,0.000452,0.012236,0.002550,0.000581,0.000000,0.000147,0.001200,0.000763,0.001105,0.000000,0.005156,0.000190,0.003652,0.003552,0.000008,0.001182,0.002039,0.000189,0.000489,0.000055,0.000242,0.000036,0.000000,0.005322,0.000409,0.002978,0.000001,0.000451,0.000000,0.000708
2017-05-01,0.000000,0.000000,0.000000,0.000000,0.000000,0.000000,,,0.000000,0.000000,0.000000,0.000000,0.000000,,,0.000073,0.000000,0.000000,0.000004,0.000000,0.000079,0.000025,0.000042,0.003721,0.000000,0.000000,0.000000,0.000240,0.000001,0.009319,0.000418,0.001781,0.001375,0.005397,0.003220,0.002028,0.006737,0.007732,0.001605,0.002814,0.000347,0.000000,0.000000,0.002072,0.000000,0.001502,0.000003,0.000747,0.004225,0.000710,0.004656,0.000012,0.003655,0.000167,0.000806,0.005206,0.001404,0.000217,0.000880,0.000000,0.000000,0.000556,0.000000,0.000000,0.000161,0.000177,0.000531,0.000209,0.000973,0.000293,0.000461,0.007005,0.000311,0.004206,0.003940,0.000333,0.000741,0.003428,0.000474,0.017495,0.002527,0.000578,0.000000,0.000183,0.001005,0.000788,0.001083,0.000000,0.004994,0.000094,0.003465,0.003434,0.000003,0.001148,0.001848,0.000084,0.000195,0.000171,0.000474,0.000016,0.000000,0.005195,0.000379,0.002682,0.000000,0.000168,0.000000,0.000000
2017-06-01,0.000000,0.000000,0.000000,0.000000,0.000000,0.000002,,,0.000000,0.000000,0.000000,0.000000,0.000000,,,0.000133,,0.000000,0.000000,0.000546,0.000097,0.000019,0.000009,0.004051,0.000005,0.000000,0.000000,0.000197,0.000001,0.010237,0.000187,0.001872,0.001947,0.005556,0.003956,0.001187,0.006496,0.004190,0.002306,0.002372,0.000532,0.000000,0.000539,0.002209,0.000001,0.001619,0.000004,0.000003,0.004230,0.001060,0.010235,0.000000,0.006292,0.000684,0.001212,0.004496,0.001422,0.000359,0.001066,0.000000,0.000000,0.000794,0.000000,0.000000,0.000102,0.000186,0.000379,0.000128,0.001079,0.000366,0.000443,0.006707,0.000302,0.004472,0.004029,0.000390,0.000761,0.003360,0.000439,0.006433,0.002317,0.000573,0.000000,0.000125,0.001017,0.000962,0.000863,0.000000,0.004872,0.000168,0.003527,0.003405,0.000004,0.001271,0.001683,0.000117,0.000367,0.000116,0.000267,0.000038,0.000000,0.004849,0.000329,0.002238,0.000000,0.000281,0.000000,0.000000
2017-07-01,0.000000,0.000000,0.000000,0.000000,0.000000,0.000000,,,0.000000,0.000000,0.000000,0.000000,0.000000,,,0.000187,,0.000000,0.000000,0.000000,0.000039,0.000074,0.000066,0.001283,0.000005,0.000000,0.000000,0.000134,0.000001,0.008335,0.000344,0.001411,0.001796,0.007730,0.003545,0.002172,0.006384,0.007265,0.000987,0.001615,0.000463,0.000000,0.000040,0.001531,0.000000,0.001481,0.000000,0.000531,0.003149,0.000759,0.001702,0.000000,0.003094,0.000829,0.000723,0.004446,0.001258,0.000249,0.001075,0.000000,0.000000,0.000536,0.000000,0.000000,0.000275,0.000084,0.000411,0.000167,0.001055,0.000412,0.000478,0.007207,0.000441,0.003650,0.004471,0.000301,0.000530,0.002326,0.000453,0.003956,0.002713,0.000535,0.000000,0.000109,0.000778,0.000758,0.000823,0.000000,0.004225,0.000233,0.003172,0.002881,0.000005,0.001328,0.001699,0.000054,0.000574,0.000324,0.000203,0.000014,0.000000,0.005208,0.000372,0.002050,0.000000,0.000329,0.000000,0.000000
2017-08-01,0.000000,0.000000,0.000006,0.000000,0.000000,0.000000,,,0.000000,0.000168,0.000000,0.000000,0.000004,,,0.000253,,0.000000,0.000000,0.000000,0.000054,0.000025,0.000029,0.001439,0.000010,0.000000,0.000000,0.000101,0.000000,0.007704,0.002812,0.003604,0.002031,0.009726,0.004088,0.000711,0.011249,0.007350,0.002993,0.001717,0.000409,0.000000,0.000000,0.001357,0.000000,0.001330,0.000004,0.000420,0.002934,0.001889,0.003720,0.000008,0.002600,0.000859,0.000875,0.004993,0.001157,0.000294,0.001290,0.000029,0.000000,0.000537,0.000000,0.000000,0.000087,0.000146,0.000392,0.000138,0.001196,0.000431,0.000331,0.006129,0.000683,0.003021,0.004391,0.000729,0.000621,0.002625,0.000310,0.006106,0.002099,0.000622,0.000000,0.000091,0.000717,0.000754,0.000754,0.000000,0.004795,0.000221,0.003379,0.003021,0.000112,0.001041,0.001710,0.000219,0.000226,0.000223,0.000207,0.000025,0.000000,0.005016,0.000365,0.002061,0.000000,0.000095,0.000000,0.007168
2017-09-01,0.000000,0.000002,0.000001,0.000000,0.000000,0.000000,,,0.000000,0.000000,0.000000,0.000000,0.000000,,,0.000294,0.000000,0.000000,0.000000,0.000133,0.000009,0.000013,0.000066,0.000071,0.000005,0.000000,0.000000,0.000097,0.000000,0.005920,0.000430,0.003420,0.002647,0.009303,0.003703,0.000471,0.009966,0.006438,0.001159,0.001390,0.000329,0.000000,0.000000,0.001807,0.000000,0.001180,0.000005,0.000056,0.003063,0.001414,0.002228,0.000000,0.004071,0.001293,0.000274,0.005768,0.001220,0.000294,0.000950,0.000061,0.000000,0.000640,0.000000,0.000000,0.000216,0.000065,0.000542,0.000087,0.001763,0.000379,0.001126,0.005730,0.000834,0.003675,0.004549,0.000883,0.000927,0.003362,0.000456,0.004503,0.002097,0.000516,0.000000,0.000135,0.000503,0.000769,0.000747,0.000000,0.004977,0.000273,0.003518,0.003080,0.000042,0.001685,0.001686,0.000088,0.000407,0.000279,0.000210,0.000052,0.000000,0.005236,0.000371,0.002055,0.000000,0.000083,0.000000,0.000000
2017-10-01,0.000000,0.000000,0.000000,0.000001,0.000000,0.000003,,,0.000000,0.000000,0.000000,0.000000,0.000000,,,0.000103,0.000000,0.000000,0.000000,0.000000,0.000058,0.000052,0.000064,0.000564,0.000000,0.000000,0.000000,0.000182,0.000000,0.012787,0.000546,0.003101,0.002635,0.008475,0.003812,0.002814,0.010474,0.006144,0.001302,0.001664,0.000593,0.000000,0.000000,0.001701,0.000000,0.001172,0.000004,0.000186,0.003543,0.001459,0.004464,0.000043,0.002845,0.001655,0.000209,0.005212,0.001017,0.000240,0.000866,0.000000,0.000000,0.000703,0.000000,0.000000,0.000340,0.000081,0.000308,0.000123,0.001004,0.000369,0.000799,0.005424,0.000626,0.002477,0.004938,0.000883,0.000706,0.002671,0.000440,0.008891,0.001980,0.000521,0.000000,0.000113,0.000517,0.000751,0.000867,0.000000,0.004088,0.000222,0.003694,0.002847,0.000009,0.000744,0.001643,0.000084,0.000336,0.000155,0.000201,0.000065,0.000000,0.005251,0.000357,0.002134,0.000000,0.000312,0.000000,0.000058
2017-11-01,0.000000,0.000000,0.000000,0.000000,0.000000,0.000002,,,0.000000,0.000000,0.000000,0.000000,0.000000,,,0.000111,,0.000000,0.000000,0.000000,0.000088,0.000027,0.000119,0.000345,0.000000,0.000000,0.000000,0.000383,0.000000,0.007951,0.000123,0.003095,0.004568,0.007726,0.004174,0.002581,0.011254,0.010532,0.001746,0.002521,0.000415,0.000000,0.000000,0.002366,0.000000,0.001207,0.000004,0.000097,0.003018,0.000465,0.006722,0.000000,0.003298,0.001123,0.000274,0.005108,0.000991,0.000358,0.000690,0.000000,0.000000,0.000448,0.000000,0.000000,0.000267,0.000052,0.000299,0.000045,0.001229,0.000545,0.000490,0.006010,0.000740,0.002687,0.004323,0.000776,0.000806,0.002468,0.000365,0.008447,0.001906,0.000513,0.000000,0.000106,0.000525,0.000599,0.000919,0.000000,0.004898,0.000457,0.003679,0.003044,0.000032,0.001629,0.001677,0.000126,0.000273,0.000098,0.000213,0.000040,0.000000,0.005799,0.000296,0.002086,0.000000,0.000683,0.000000,0.000515
2017-12-01,0.000013,0.000002,0.000000,0.000000,0.000000,0.000004,,,0.000000,0.000000,0.000000,0.000000,0.000000,,,0.000225,,0.000000,0.000000,0.000000,0.000054,0.000021,0.000103,0.000000,0.000009,0.000000,0.000003,0.000268,0.000000,0.005115,0.000426,0.004719,0.004840,0.008153,0.004268,0.002418,0.012377,0.008358,0.001889,0.001965,0.000295,0.000000,0.000000,0.001422,0.000000,0.001192,0.000005,0.000114,0.002875,0.000437,0.003534,0.000000,0.003031,0.000545,0.000301,0.005161,0.001149,0.000330,0.000740,0.000015,0.000000,0.000521,0.000000,0.000000,0.000395,0.000047,0.000505,0.000079,0.001360,0.000363,0.000501,0.006159,0.000789,0.003552,0.004585,0.000744,0.000958,0.004827,0.000638,0.005036,0.001996,0.000478,0.000000,0.000117,0.000685,0.000639,0.000976,0.000000,0.004367,0.000713,0.003886,0.002648,0.000010,0.001390,0.001801,0.000132,0.000336,0.000075,0.000163,0.000047,0.000000,0.006097,0.000306,0.002877,0.000000,0.000213,0.000000,0.000008
2018-01-01,0.000000,0.000002,0.000000,0.000000,0.000000,0.000000,,,0.000000,0.000000,0.000000,0.000000,0.000000,,,0.000120,0.000000,0.000000,0.000000,0.000000,0.000015,0.000068,0.000088,0.000000,0.000000,0.000000,0.000005,0.000146,0.000000,0.007020,0.000112,0.002590,0.004668,0.012820,0.005431,0.002274,0.006835,0.007333,0.003492,0.003334,0.000927,0.000000,0.000145,0.001884,0.000001,0.002118,0.000000,0.000411,0.002794,0.000426,0.020574,0.000006,0.003516,0.000175,0.000175,0.004854,0.003088,0.000157,0.001097,0.000000,0.000000,0.000816,0.000000,0.000000,0.000513,0.000075,0.000655,0.000081,0.001761,0.000376,0.000319,0.007721,0.001920,0.003698,0.005600,0.000554,0.001674,0.003010,0.000495,0.004203,0.002918,0.000679,0.000000,0.000169,0.001152,0.000737,0.001401,0.000000,0.006611,0.001155,0.006034,0.004139,0.000030,0.001913,0.003366,0.000048,0.000639,0.000076,0.000133,0.000034,0.000000,0.006574,0.000342,0.003005,0.000001,0.000057,0.000000,0.000191
2018-02-01,0.000000,0.000002,0.000005,0.000000,0.000000,0.000001,,,0.000000,0.000011,0.000000,0.000000,0.000000,,,0.000120,0.000000,0.000000,0.000000,0.000000,0.000142,0.000000,0.000049,0.000726,0.000005,0.000000,0.000000,0.000153,0.000000,0.006520,0.000614,0.002411,0.002167,0.010388,0.005600,0.001375,0.010555,0.007351,0.001725,0.001916,0.000916,0.000000,0.001222,0.001693,0.000000,0.002236,0.000000,0.000152,0.004245,0.000611,0.011456,0.000115,0.002574,0.000416,0.000296,0.004787,0.001541,0.000245,0.001214,0.000000,0.000000,0.000666,0.000000,0.000000,0.000258,0.000096,0.000355,0.000042,0.001769,0.000434,0.000441,0.006991,0.000978,0.003845,0.005546,0.000692,0.001957,0.002883,0.000303,0.004525,0.003389,0.000624,0.000000,0.000131,0.001118,0.000905,0.001026,0.000000,0.005428,0.000959,0.005120,0.003289,0.000022,0.001639,0.002229,0.000065,0.000522,0.000043,0.000216,0.000059,0.000000,0.005954,0.000422,0.002748,0.000000,0.000088,0.000000,0.000763
2018-03-01,0.000000,0.000005,0.000007,0.000000,0.000000,0.000001,,,0.000000,0.000000,0.000000,0.000000,0.000000,,,0.000137,0.000000,0.000000,0.000000,0.000000,0.000083,0.000002,0.000024,0.000001,0.000011,0.000000,0.000000,0.000208,0.000000,0.013044,0.000185,0.002304,0.003130,0.009488,0.005702,0.001573,0.020070,0.012719,0.002015,0.001868,0.001306,0.000000,0.000000,0.001876,0.000000,0.002191,0.000000,0.000647,0.002337,0.000764,0.007880,0.000032,0.004922,0.000184,0.000254,0.004617,0.001727,0.000435,0.001320,0.000000,0.000000,0.000977,0.000000,0.000000,0.000134,0.000217,0.000614,0.000049,0.001051,0.000418,0.000591,0.004995,0.000779,0.003850,0.005235,0.000738,0.001636,0.003248,0.000252,0.007488,0.002581,0.000674,0.000000,0.000130,0.001179,0.000850,0.000909,0.000000,0.004683,0.000829,0.004415,0.003161,0.000013,0.001334,0.002042,0.000100,0.000211,0.000014,0.000158,0.000074,0.000000,0.005724,0.000408,0.003125,0.000000,0.000009,0.000000,0.000000
2018-04-01,0.000001,0.000001,0.000016,0.000001,0.000000,0.000000,,,0.000000,0.000000,0.000000,0.000000,0.000000,,,0.000024,0.000000,0.000000,0.000000,0.000000,0.000012,0.000002,0.000033,0.000000,0.000014,0.000000,0.000000,0.000076,0.000000,0.001764,0.000403,0.004287,0.005131,0.009106,0.005342,0.001955,0.012908,0.010365,0.001449,0.001595,0.001491,0.000000,0.000227,0.001448,0.000000,0.001666,0.000000,0.000256,0.002458,0.000516,0.007864,0.000016,0.003128,0.000166,0.000199,0.004621,0.001762,0.000248,0.001269,0.000000,0.000000,0.000739,0.000004,0.000007,0.000092,0.000073,0.000426,0.000105,0.000995,0.000393,0.000459,0.005007,0.000474,0.004874,0.004691,0.000757,0.002449,0.002424,0.000254,0.005928,0.003033,0.000593,0.000000,0.000126,0.000868,0.001431,0.000987,0.000000,0.004031,0.000793,0.003909,0.003245,0.000018,0.001028,0.001949,0.000087,0.000288,0.000011,0.000130,0.000017,0.000000,0.006121,0.000396,0.002571,0.000000,0.000104,0.000000,0.000000
2018-05-01,0.000000,0.000000,0.000004,0.000000,0.000000,0.000000,,,0.000000,0.000098,0.000000,0.000000,0.000000,,,0.000055,0.000000,0.000000,0.000000,0.000000,0.000124,0.000009,0.000057,0.000000,0.000008,0.000000,0.000000,0.000230,0.000000,0.002355,0.000105,0.003339,0.003009,0.008943,0.005658,0.001906,0.010402,0.012409,0.001450,0.002246,0.001207,0.000000,0.000000,0.001477,0.000000,0.001562,0.000000,0.000062,0.002202,0.000545,0.008773,0.000032,0.004605,0.000087,0.000324,0.004581,0.001550,0.000191,0.001189,0.000000,0.000000,0.000762,0.000000,0.000000,0.000349,0.000074,0.001248,0.000034,0.001237,0.000539,0.000333,0.005330,0.000609,0.003399,0.004542,0.000713,0.001985,0.001530,0.000252,0.005068,0.003048,0.000621,0.000000,0.000102,0.000768,0.011849,0.001119,0.000000,0.004405,0.000625,0.003839,0.003136,0.000038,0.001160,0.001968,0.000076,0.000199,0.000038,0.000141,0.000031,0.000000,0.006697,0.000360,0.002585,0.000000,0.000058,0.000002,0.000060
2018-06-01,0.000000,0.000002,0.000001,0.000000,0.000000,0.000000,,,0.000000,0.000000,0.000000,0.000000,0.000000,,,0.000095,,0.000000,0.000000,0.000000,0.000164,0.000045,0.000042,0.000000,0.000008,0.000000,0.000000,0.000254,0.000000,0.003993,0.000073,0.004060,0.002882,0.009181,0.004415,0.001856,0.012325,0.008519,0.001215,0.001603,0.001340,0.000000,0.000000,0.001833,0.000000,0.001873,0.000000,0.000145,0.003931,0.000633,0.008012,0.000044,0.003216,0.000174,0.000052,0.004930,0.001483,0.000307,0.001316,0.000000,0.000000,0.000960,0.233046,0.148501,0.074861,0.000057,0.005766,0.000036,0.001616,0.000338,0.000165,0.004827,0.000773,0.002877,0.004833,0.000904,0.001920,0.002404,0.000394,0.005337,0.002323,0.000592,0.000000,0.000133,0.000786,0.009976,0.000928,0.000000,0.004520,0.000592,0.003970,0.003019,0.000001,0.000884,0.002003,0.000084,0.000426,0.000304,0.000711,0.000078,0.000000,0.006003,0.000364,0.002228,0.000000,0.000526,0.000000,0.000000
2018-07-01,0.000000,0.000000,0.000000,0.000020,0.000000,0.000003,,,0.000000,0.000000,0.000000,0.000000,0.000000,,,0.000116,,0.000000,0.000000,0.000623,0.000113,0.000032,0.000091,0.000000,0.000009,0.000000,0.000000,0.000288,0.000002,0.012007,0.000533,0.003710,0.002520,0.008298,0.004876,0.001319,0.007352,0.006097,0.000721,0.001294,0.001222,0.000000,0.000000,0.001460,0.000000,0.001268,0.000000,0.000002,0.001678,0.000533,0.010783,0.000018,0.004468,0.000238,0.000166,0.004848,0.001242,0.000191,0.001111,0.000000,0.000000,0.000652,0.192450,0.145398,0.075849,0.000054,0.005863,0.000143,0.001515,0.000275,0.000416,0.004286,0.000853,0.003518,0.004748,0.000426,0.002160,0.001850,0.000541,0.003744,0.002504,0.000647,0.000000,0.000056,0.000470,0.000660,0.000662,0.000000,0.003401,0.000419,0.003864,0.011303,0.000003,0.000928,0.002005,0.000068,0.000115,0.000322,0.000112,0.000054,0.000000,0.005683,0.000427,0.002017,0.000000,0.000091,0.000000,0.027638
2018-08-01,0.000000,0.000001,0.000000,0.000034,0.000000,0.000000,,,0.000000,0.000000,0.000032,0.000000,0.000000,,,0.000197,,0.000000,0.000000,0.000000,0.000226,0.000040,0.000047,0.000000,0.000005,0.000000,0.000000,0.000246,0.000000,0.005562,0.000117,0.004296,0.003063,0.008846,0.004853,0.001958,0.007263,0.006540,0.001359,0.000899,0.000882,0.000000,0.000000,0.001281,0.000000,0.001471,0.000000,0.000451,0.001963,0.000610,0.004776,0.000069,0.002725,0.000158,0.000193,0.004896,0.001436,0.000260,0.001110,0.000000,0.000000,0.000782,0.240313,0.147109,0.075076,0.000038,0.005109,0.000209,0.001398,0.000317,0.001205,0.004811,0.000974,0.006033,0.004812,0.000433,0.000659,0.002593,0.000479,0.004080,0.001848,0.000659,0.000000,0.000078,0.000446,0.000611,0.000677,0.000000,0.003800,0.000405,0.003924,0.008832,0.000007,0.001261,0.001995,0.000096,0.000326,0.000758,0.000127,0.000044,0.000000,0.004895,0.000441,0.001992,0.000002,0.000063,0.000034,0.000000
2018-09-01,0.000000,0.000001,0.000000,0.000000,0.000000,0.000000,,,0.000000,0.000000,0.000000,0.000000,0.000000,,,0.000157,,0.000000,0.000000,0.000000,0.000223,0.000029,0.000053,0.000000,0.000000,0.000000,0.000000,0.000191,0.000001,0.014957,0.000926,0.003864,0.004961,0.007550,0.005060,0.001774,0.007074,0.005535,0.000792,0.001254,0.000872,0.000000,0.000107,0.001211,0.000000,0.001495,0.000000,0.000073,0.001502,0.000666,0.000843,0.000006,0.003588,0.000274,0.000115,0.005875,0.001384,0.000187,0.000983,0.000000,0.000000,0.000771,0.214318,0.156178,0.077230,0.000051,0.007063,0.000258,0.001777,0.000484,0.000387,0.004693,0.000706,0.005518,0.004433,0.000672,0.002061,0.002901,0.000402,0.002965,0.001908,0.000665,0.000000,0.000089,0.000423,0.000558,0.000669,0.000000,0.003849,0.000244,0.004015,0.006491,0.000021,0.000748,0.002130,0.000130,0.000333,0.000525,0.000150,0.000033,0.000000,0.004581,0.000454,0.001799,0.000000,0.000070,0.000057,0.000588
2018-10-01,0.000000,0.000003,0.000000,0.000010,0.000000,0.000000,,,0.000000,0.000000,0.000000,0.000000,0.000000,,,0.000248,0.000000,0.000000,0.000000,0.000000,0.000247,0.000084,0.000099,0.000000,0.000010,0.000000,0.000000,0.000210,0.000001,0.011531,0.000712,0.004387,0.006224,0.008860,0.004649,0.001801,0.010189,0.007591,0.000503,0.003107,0.000677,0.000000,0.000022,0.002564,0.000000,0.001751,0.000000,0.000063,0.003807,0.000974,0.007629,0.000049,0.000699,0.000247,0.000375,0.005454,0.001309,0.000263,0.000894,0.000000,0.000000,0.000947,0.209083,0.139488,0.077651,0.000070,0.005267,0.001425,0.001649,0.000395,0.000359,0.003743,0.000629,0.004180,0.003906,0.000899,0.002388,0.002209,0.000333,0.006172,0.002372,0.000643,0.000000,0.000140,0.000373,0.000653,0.000695,0.000000,0.004477,0.000412,0.004248,0.003219,0.000022,0.000807,0.001906,0.000048,0.000379,0.000305,0.000097,0.000043,0.000000,0.004963,0.000399,0.001705,0.000003,0.000101,0.000040,0.001335
2018-11-01,0.000031,0.000001,0.000000,0.000000,0.000258,0.000000,,,0.000000,0.000000,0.000000,0.000000,0.000003,,,0.000308,,0.000000,0.000000,0.000013,0.000167,0.000092,0.000042,0.000000,0.000014,0.000000,0.000000,0.000232,0.000000,0.007218,0.000819,0.003230,0.007703,0.007547,0.004323,0.003718,0.008904,0.011181,0.001355,0.002340,0.000592,0.000000,0.000479,0.001984,0.000000,0.001826,0.000000,0.000223,0.002213,0.000798,0.001535,0.000045,0.000818,0.000265,0.000125,0.005311,0.001284,0.000157,0.001069,0.000000,0.000000,0.001006,0.222043,0.148183,0.073776,0.000031,0.005497,0.000290,0.001100,0.000460,0.000262,0.003181,0.000731,0.004225,0.004363,0.000692,0.002247,0.002835,0.000342,0.007527,0.002546,0.000707,0.000000,0.000139,0.000381,0.000567,0.000760,0.000000,0.004364,0.000438,0.004374,0.004044,0.000029,0.000749,0.001960,0.000080,0.000225,0.000246,0.000143,0.000127,0.000000,0.005058,0.000394,0.001824,0.000000,0.000198,0.000037,0.000000
2018-12-01,0.000000,0.000002,0.000003,0.000000,0.000000,0.000011,,,0.000000,0.000000,0.000000,0.000000,0.000000,,,0.000434,0.000000,0.000000,0.000003,0.000000,0.000311,0.000038,0.000053,0.000000,0.000000,0.000000,0.000001,0.000106,0.000000,0.007961,0.000710,0.003999,0.004917,0.008907,0.004744,0.002286,0.010387,0.017738,0.000336,0.002102,0.000945,0.000000,0.001303,0.001851,0.000000,0.001655,0.000000,0.000090,0.001396,0.000623,0.000244,0.000164,0.000491,0.000187,0.000131,0.005495,0.001427,0.000431,0.001061,0.000000,0.000000,0.000872,0.210426,0.142436,0.058355,0.000033,0.005147,0.000885,0.000911,0.000390,0.000311,0.003773,0.000873,0.005376,0.004722,0.000726,0.001136,0.002972,0.000309,0.008919,0.002793,0.000744,0.000000,0.000222,0.000489,0.000604,0.000865,0.000000,0.004794,0.000435,0.004661,0.002386,0.000002,0.001376,0.002115,0.000234,0.000560,0.000140,0.000205,0.000025,0.000000,0.004733,0.000464,0.001841,0.000000,0.000228,0.000063,0.000035
2019-01-01,0.000000,0.001143,0.000000,0.000000,0.000000,0.000000,,,0.000000,0.000000,0.000000,0.000000,0.000000,,,0.000388,0.000000,0.000000,0.000000,0.000000,0.000318,0.000039,0.000034,0.000000,0.000012,0.000000,0.000000,0.000164,0.000000,0.006394,0.001468,0.003702,0.004663,0.015693,0.010883,0.001616,0.005624,0.016464,0.000667,0.003099,0.000528,0.000000,0.011038,0.003159,0.000000,0.001948,0.000000,0.000176,0.002564,0.020480,0.002822,0.000107,0.000726,0.000258,0.000511,0.007194,0.002718,0.000502,0.001687,0.000000,0.000000,0.001404,0.198178,0.132737,0.070838,0.000062,0.003701,0.000993,0.001533,0.000443,0.000995,0.004612,0.004391,0.004187,0.006807,0.000584,0.001456,0.001712,0.000485,0.006559,0.007251,0.000762,0.000000,0.000201,0.000754,0.000801,0.000963,0.000000,0.005798,0.001307,0.007378,0.003011,0.000021,0.001323,0.004577,0.000207,0.000437,0.000260,0.000093,0.000061,0.000000,0.004551,0.000428,0.003830,0.000002,0.000405,0.000031,0.000017
2019-02-01,0.000000,0.001067,0.000000,0.000000,0.000000,0.000001,,,0.000000,0.000000,0.000042,0.000000,0.000048,,,0.000388,0.000000,0.000000,0.000003,0.000000,0.000065,0.000028,0.000048,0.000000,0.000000,0.000000,0.000035,0.000358,0.000021,0.007754,0.000332,0.003921,0.005233,0.012867,0.009067,0.002594,0.006424,0.011781,0.001063,0.001993,0.000579,0.000000,0.013373,0.002487,0.000000,0.002315,0.000000,0.000056,0.002184,0.015218,0.004106,0.000007,0.001171,0.000230,0.000504,0.006504,0.002507,0.000330,0.002024,0.000000,0.000000,0.000972,0.213388,0.129147,0.070447,0.000059,0.006279,0.000709,0.001263,0.000362,0.000378,0.004094,0.002048,0.004612,0.005728,0.000539,0.003232,0.002716,0.000633,0.005530,0.006331,0.000827,0.000000,0.000156,0.000715,0.000728,0.000886,0.000000,0.005957,0.000716,0.005684,0.002668,0.000030,0.001439,0.003230,0.000245,0.000297,0.000231,0.000280,0.000047,0.000000,0.004975,0.000396,0.002881,0.000000,0.000075,0.000011,0.000000
2019-03-01,0.000075,0.001096,0.000000,0.000002,0.000000,0.000003,,,0.000000,0.000000,0.000000,0.000000,0.000000,,,0.000348,0.000000,0.000000,0.000000,0.000000,0.000002,0.000021,0.000047,0.000000,0.000000,0.000000,0.000000,0.000310,0.000000,0.010824,0.000984,0.003606,0.002722,0.013224,0.006253,0.001644,0.010318,0.013524,0.001610,0.002354,0.000740,0.000000,0.015576,0.001456,0.000000,0.002126,0.000005,0.000128,0.001992,0.015989,0.003616,0.000075,0.000856,0.000434,0.000568,0.005796,0.002116,0.000308,0.001915,0.000004,0.000000,0.000715,0.198773,0.120528,0.064268,0.000090,0.002773,0.000713,0.001410,0.000616,0.002063,0.003929,0.001924,0.003426,0.005964,0.000570,0.001662,0.003482,0.001623,0.006273,0.003848,0.000548,0.000000,0.000161,0.000598,0.000835,0.000898,0.000000,0.005487,0.000791,0.005105,0.002771,0.000057,0.001530,0.002721,0.000221,0.000218,0.000312,0.000206,0.000054,0.000000,0.005040,0.000404,0.002839,0.000000,0.000212,0.000009,0.000000
2019-04-01,0.000000,0.001222,0.000005,0.000000,0.000000,0.000000,,,0.000000,0.000000,0.000000,0.000000,0.000000,,,0.000440,0.000000,0.000000,0.000000,0.000000,0.000000,0.000003,0.000185,0.000000,0.000000,0.000000,0.000000,0.000194,0.000000,0.007715,0.000948,0.004047,0.002949,0.012757,0.007675,0.001750,0.009937,0.023319,0.000942,0.001768,0.000684,0.000000,0.017060,0.001523,0.000015,0.002437,0.000000,0.000410,0.001707,0.018056,0.003319,0.000018,0.001045,0.000293,0.000920,0.005583,0.001733,0.000584,0.001726,0.000004,0.000000,0.000749,0.188796,0.114618,0.057597,0.000079,0.003515,0.000478,0.001017,0.000895,0.000301,0.003716,0.001529,0.003444,0.005826,0.000538,0.002496,0.002491,0.003328,0.005964,0.004067,0.000534,0.000000,0.000123,0.000571,0.000941,0.000871,0.000000,0.005619,0.000844,0.004611,0.002611,0.000135,0.001205,0.002489,0.000136,0.000408,0.000320,0.000223,0.000030,0.000000,0.005085,0.000385,0.002760,0.000000,0.000237,0.000002,0.001384
2019-05-01,0.000000,0.001106,0.000001,0.000000,0.000000,0.000012,,,0.000000,0.000000,0.000000,0.000000,0.000000,,,0.000380,0.000000,0.000000,0.000000,0.000000,0.000001,0.000003,0.000057,0.000666,0.000002,0.000000,0.000005,0.000242,0.000000,0.003592,0.001468,0.004208,0.001975,0.011942,0.006891,0.001226,0.009086,0.011606,0.000498,0.002296,0.000735,0.000000,0.019485,0.002200,0.000011,0.002288,0.000001,0.000361,0.001796,0.020082,0.006994,0.000093,0.000985,0.000307,0.000434,0.005212,0.001674,0.001006,0.001505,0.000005,0.000000,0.000894,0.135452,0.063449,0.032455,0.000070,0.003213,0.000952,0.001158,0.000326,0.000114,0.003859,0.001488,0.002839,0.005482,0.000651,0.002810,0.003841,0.003236,0.004496,0.003797,0.000445,0.000000,0.000112,0.000550,0.000821,0.000803,0.000000,0.005540,0.000842,0.004585,0.002239,0.000110,0.001241,0.002605,0.000143,0.000552,0.000394,0.000096,0.000026,0.000000,0.004786,0.000415,0.002304,0.000000,0.000000,0.000013,0.000000
2019-06-01,0.000000,0.000873,0.000000,0.000000,0.000000,0.000004,,,0.000000,0.000000,0.000000,0.000000,0.000000,,,0.000563,,0.000000,0.000000,0.000000,0.000005,0.000198,0.000226,0.000000,0.000000,0.000000,0.000000,0.001734,0.000000,0.003712,0.000772,0.003945,0.001826,0.014557,0.007365,0.002104,0.007346,0.008897,0.000687,0.002050,0.000761,0.000000,0.010928,0.001020,0.000019,0.002790,0.000000,0.000315,0.002042,0.022302,0.004241,0.000400,0.000817,0.000341,0.000443,0.004879,0.001557,0.000839,0.001719,0.000013,0.000000,0.000919,0.000000,0.000000,0.001062,0.000078,0.000367,0.000347,0.001043,0.000320,0.000352,0.003961,0.001348,0.003089,0.004975,0.000911,0.001491,0.003081,0.002899,0.008137,0.003667,0.000465,0.000000,0.000124,0.000619,0.000848,0.000938,0.000000,0.005313,0.000922,0.004300,0.002250,0.000065,0.001376,0.002558,0.000113,0.000518,0.000259,0.000158,0.000024,0.000000,0.005436,0.000595,0.002887,0.000000,0.000974,0.000000,0.000014
2019-07-01,0.000000,0.000402,0.000001,0.000194,0.000000,0.000015,,,0.000000,0.000000,0.000000,0.000000,0.000000,,,0.000496,,0.000000,0.000000,0.000015,0.000230,0.000060,0.000327,0.000000,0.000000,0.000000,0.000013,0.000636,0.000001,0.008977,0.001181,0.003769,0.002782,0.015183,0.005783,0.002245,0.007605,0.002386,0.001189,0.001672,0.000753,0.000000,0.007987,0.001021,0.000030,0.002559,0.000000,0.000611,0.001927,0.016795,0.005000,0.000036,0.001882,0.000659,0.000350,0.004957,0.001561,0.000690,0.002129,0.000005,0.000000,0.001069,0.000000,0.000000,0.002002,0.000065,0.000566,0.000504,0.001163,0.000316,0.000758,0.004100,0.000664,0.003173,0.005157,0.000665,0.002559,0.001882,0.002820,0.003857,0.004283,0.000387,0.000000,0.000135,0.000609,0.000861,0.000863,0.000000,0.004659,0.000956,0.004161,0.002252,0.000075,0.000847,0.002333,0.000211,0.000272,0.001165,0.000078,0.000048,0.000000,0.004903,0.000559,0.001718,0.000000,0.000052,0.000000,0.000617
2019-08-01,0.000004,0.000315,0.000001,0.000042,0.000000,0.000004,,,0.000000,0.000000,0.000000,0.000000,0.000000,,,0.000367,0.000000,0.000000,0.000000,0.000000,0.000124,0.000179,0.000226,0.000222,0.000004,0.000000,0.000000,0.000179,0.000000,0.008907,0.000909,0.004782,0.002958,0.016332,0.006567,0.000547,0.006317,0.003372,0.000730,0.002110,0.000319,0.000000,0.015530,0.001542,0.000050,0.002671,0.000000,0.000562,0.002197,0.021985,0.002260,0.000104,0.002655,0.000278,0.000633,0.005066,0.001651,0.000492,0.002018,0.000000,0.000000,0.000995,0.000000,0.000000,0.001623,0.000061,0.000526,0.000385,0.000928,0.000450,0.000401,0.003593,0.000857,0.005218,0.004878,0.000842,0.002501,0.004526,0.002599,0.007182,0.003407,0.000356,0.000000,0.000155,0.000480,0.000829,0.000930,0.000000,0.004968,0.001060,0.004146,0.002284,0.000304,0.000991,0.002230,0.000189,0.000436,0.002307,0.000187,0.000046,0.000000,0.003404,0.000659,0.002204,0.000028,0.000080,0.000000,0.013955
2019-09-01,0.000000,0.000436,0.000004,0.000001,0.000000,0.000005,,,0.000000,0.000000,0.000000,0.000000,0.000000,,,0.000322,,0.000000,0.000000,0.000000,0.000177,0.000017,0.000256,0.000300,0.000009,0.000000,0.000000,0.000128,0.000000,0.007838,0.000957,0.003869,0.002455,0.017896,0.007768,0.002088,0.007295,0.003297,0.000665,0.003340,0.000457,0.000000,0.014959,0.001323,0.000051,0.002485,0.000000,0.000252,0.002425,0.014846,0.001003,0.000141,0.000673,0.001311,0.000353,0.004813,0.001808,0.000281,0.001908,0.000000,0.000000,0.000757,0.000004,0.000000,0.001302,0.000039,0.000182,0.000237,0.001267,0.000649,0.000656,0.003685,0.000544,0.005300,0.004746,0.000898,0.001565,0.001779,0.001774,0.006501,0.003814,0.000378,0.000000,0.000134,0.000430,0.000656,0.000826,0.000000,0.005348,0.000913,0.004086,0.002163,0.000068,0.001323,0.002262,0.000263,0.000372,0.000952,0.000167,0.000065,0.000000,0.003381,0.000581,0.001663,0.000000,0.000096,0.000000,0.000000
2019-10-01,0.000005,0.001365,0.000000,0.000001,0.000000,0.000000,,,0.000000,0.000000,0.000000,0.000000,0.000000,,,0.000367,,0.000000,0.000000,0.000000,0.000336,0.000096,0.000203,0.000080,0.000004,0.000000,0.000000,0.000354,0.000001,0.006459,0.001975,0.003587,0.001155,0.015864,0.006936,0.001318,0.007427,0.003116,0.000700,0.002609,0.001145,0.000000,0.013908,0.000939,0.000051,0.002772,0.000000,0.000446,0.003123,0.019206,0.001547,0.000071,0.000623,0.000465,0.000549,0.005050,0.001786,0.000344,0.002012,0.000000,0.000000,0.001362,0.000000,0.000000,0.002806,0.000067,0.000287,0.000102,0.001050,0.000380,0.000785,0.003921,0.000865,0.006264,0.004532,0.000759,0.001413,0.001879,0.001266,0.007558,0.003891,0.000552,0.000000,0.000146,0.000395,0.000801,0.000929,0.000000,0.006123,0.001095,0.004084,0.002189,0.000058,0.001521,0.002323,0.000219,0.000365,0.000462,0.000113,0.000064,0.000000,0.005626,0.000562,0.001772,0.000015,0.000067,0.000000,0.000018
2019-11-01,0.000000,0.001375,0.000000,0.000000,0.000000,0.000001,,,0.000000,0.000000,0.000000,0.000000,0.000000,,,0.000424,0.000000,0.000000,0.000000,0.000000,0.000333,0.000212,0.000305,0.000036,0.000009,0.000000,0.000000,0.000251,0.000001,0.008556,0.001239,0.003696,0.001859,0.018164,0.006012,0.000701,0.008688,0.004662,0.000555,0.001898,0.002179,0.000000,0.014584,0.001916,0.000044,0.003001,0.000000,0.000417,0.002896,0.016712,0.002384,0.000281,0.000746,0.000516,0.000781,0.005323,0.001583,0.000208,0.001898,0.000000,0.000000,0.001118,0.000000,0.000000,0.000934,0.000074,0.000184,0.000119,0.001005,0.000462,0.000300,0.004535,0.000662,0.004851,0.004567,0.000851,0.001612,0.002909,0.001309,0.008093,0.003580,0.000418,0.000000,0.000072,0.000045,0.000647,0.000619,0.000000,0.006239,0.000654,0.004135,0.002094,0.000120,0.000547,0.002174,0.000192,0.000370,0.000394,0.000075,0.000054,0.000000,0.009892,0.000573,0.002036,0.000049,0.000072,0.000000,0.000000
2019-12-01,0.000000,0.001262,0.000000,0.000022,0.000000,0.000000,,,0.000000,0.000000,0.000000,0.000000,0.000000,,,0.000373,,0.000410,0.000000,0.000000,0.000295,0.000010,0.000251,0.000304,0.000009,0.000000,0.000000,0.000868,0.000000,0.007606,0.001041,0.005315,0.002656,0.017971,0.007014,0.002483,0.011633,0.003713,0.000603,0.001397,0.002661,0.000000,0.011563,0.000940,0.000027,0.002594,0.000000,0.000664,0.003873,0.017621,0.004211,0.000276,0.003544,0.000860,0.000520,0.005172,0.001641,0.000411,0.002300,0.000000,0.000000,0.000929,0.000000,0.000000,0.002262,0.000058,0.000565,0.000086,0.001027,0.000278,0.005312,0.004598,0.000738,0.006038,0.004725,0.000634,0.000955,0.002635,0.000951,0.011274,0.003913,0.000441,0.000000,0.000059,0.000075,0.000526,0.000537,0.000000,0.007014,0.000580,0.004288,0.002111,0.000027,0.001398,0.002271,0.000140,0.000211,0.000415,0.000123,0.000039,0.000000,0.003505,0.000686,0.002666,0.000000,0.000186,0.000000,0.000000
2020-01-01,0.000040,0.000001,0.000000,0.000000,0.000000,0.000000,,,0.000000,0.000000,0.000000,0.000000,0.000000,,,0.000550,0.000000,0.000000,0.000000,0.000000,0.000313,0.000033,0.000129,0.000000,0.000009,0.000000,0.000000,0.000913,0.000000,0.009242,0.005872,0.005445,0.003743,0.015916,0.014407,0.002852,0.009882,0.006187,0.001854,0.001153,0.002134,0.000000,0.000556,0.000727,0.000036,0.002794,0.000000,0.000371,0.003306,0.001686,0.002290,0.000111,0.001519,0.001813,0.000972,0.006831,0.002636,0.000364,0.001126,0.000000,0.000000,0.002423,0.000007,0.000000,0.001112,0.000179,0.000861,0.000144,0.000980,0.000488,0.000783,0.006004,0.003562,0.006108,0.005890,0.000708,0.000537,0.001901,0.001638,0.006903,0.003337,0.000641,0.000000,0.000094,0.000045,0.000661,0.000767,0.000000,0.009206,0.001077,0.006227,0.002770,0.000133,0.000398,0.004328,0.000211,0.000710,0.000358,0.000079,0.000054,0.000000,0.006984,0.000640,0.003289,0.000000,0.000060,0.000000,0.000041
2020-02-01,0.000034,0.000000,0.000000,0.000130,0.000000,0.000000,,,0.000000,0.000000,0.000000,0.000000,0.000000,,,0.000449,0.000000,0.000000,0.000003,0.000000,0.000090,0.000001,0.000163,0.000091,0.000000,0.000000,0.000000,0.000823,0.000000,0.007863,0.014337,0.004341,0.002724,0.017375,0.013442,0.001930,0.010956,0.006068,0.001114,0.001815,0.001982,0.000000,0.002282,0.000411,0.000030,0.003014,0.000000,0.000249,0.004595,0.002098,0.000999,0.000190,0.002108,0.001505,0.000926,0.006484,0.002447,0.000251,0.001282,0.000000,0.000000,0.002240,0.000042,0.000000,0.000959,0.000190,0.000061,0.000139,0.001153,0.000410,0.000964,0.005073,0.003324,0.005232,0.005549,0.000606,0.001047,0.002046,0.001556,0.008743,0.002405,0.000595,0.000000,0.000062,0.000036,0.000458,0.000599,0.000000,0.007512,0.000515,0.005188,0.002290,0.000129,0.000410,0.003291,0.000431,0.000763,0.000284,0.000091,0.000054,0.000000,0.005264,0.000663,0.003217,0.000000,0.000016,0.000000,0.000011
2020-03-01,0.000009,0.000003,0.000000,0.000000,0.000000,0.000001,,,0.000000,0.000000,0.000000,0.000000,0.000000,,,0.000647,0.000000,0.000000,0.000000,0.000000,0.000549,0.000072,0.000244,0.000000,0.000004,0.000000,0.000000,0.000792,0.000000,0.011043,0.006718,0.002885,0.006035,0.016931,0.009837,0.004753,0.012264,0.006223,0.000833,0.001157,0.002411,0.000000,0.001546,0.000893,0.000030,0.003266,0.000000,0.000894,0.004292,0.002220,0.001670,0.000137,0.002178,0.001671,0.000711,0.006066,0.002120,0.000446,0.001528,0.000000,0.000000,0.002138,0.000058,0.000000,0.000847,0.000147,0.000171,0.000154,0.000745,0.000187,0.000259,0.005081,0.002757,0.004460,0.004837,0.000574,0.000518,0.002262,0.001345,0.005565,0.001952,0.000718,0.000000,0.000050,0.000068,0.000375,0.000535,0.000000,0.006968,0.000450,0.004689,0.002234,0.000117,0.000351,0.003102,0.000267,0.000394,0.000555,0.000064,0.000040,0.000000,0.004701,0.000536,0.003281,0.000000,0.000025,0.000000,0.000000
2020-04-01,0.000000,0.000000,0.000000,0.000000,0.000000,0.000000,,,0.000000,0.000000,0.000000,0.000000,0.000000,,,0.000889,,0.000000,0.000000,0.000000,0.000134,0.000059,0.000133,0.000001,0.000004,0.000000,0.000000,0.000796,0.000000,0.007719,0.039548,0.004594,0.001331,0.011195,0.011636,0.002048,0.014870,0.004435,0.000000,0.001966,0.004860,0.000000,0.000882,0.000562,0.000023,0.002693,0.000000,0.000404,0.004303,0.002022,0.001686,0.000344,0.001886,0.001862,0.002235,0.004440,0.003004,0.000199,0.001001,0.000007,0.000000,0.001287,0.000005,0.000000,0.000850,0.000100,0.000663,0.000082,0.000839,0.000132,0.000138,0.007125,0.001281,0.004069,0.005582,0.000356,0.001726,0.002445,0.001410,0.006012,0.003183,0.000645,0.000000,0.000009,0.000063,0.000452,0.000602,0.000000,0.005412,0.000954,0.004350,0.001917,0.000045,0.000428,0.004623,0.000304,0.000672,0.000175,0.000401,0.000029,0.000000,0.002418,0.000296,0.001211,0.000000,0.000370,0.000000,0.000000
2020-05-01,0.000000,0.000001,0.000000,0.000000,0.000000,0.000000,,,0.000000,0.000444,0.000000,0.000000,0.000000,,,0.000849,,0.000000,0.000000,0.000000,0.000068,0.000000,0.000163,0.000000,0.000000,0.000000,0.000000,0.000620,0.000001,0.011373,0.006898,0.003314,0.000861,0.013600,0.009559,0.002544,0.010573,0.014063,0.000097,0.001725,0.006228,0.000000,0.000444,0.000290,0.000002,0.002562,0.000000,0.000408,0.003182,0.001975,0.004757,0.000214,0.001635,0.002522,0.000803,0.004024,0.003441,0.000332,0.000902,0.000000,0.000000,0.002050,0.000016,0.000000,0.000780,0.000129,0.000159,0.000051,0.001314,0.000161,0.000278,0.005782,0.001330,0.004389,0.004970,0.000548,0.001418,0.004893,0.001633,0.006520,0.004065,0.000877,0.000000,0.000034,0.000058,0.000497,0.000672,0.000000,0.005883,0.001010,0.004947,0.001936,0.000262,0.000480,0.003394,0.000466,0.000574,0.006245,0.000587,0.000057,0.000000,0.004064,0.000421,0.002477,0.000000,0.000879,0.000000,0.000000
2020-06-01,0.000000,0.000005,0.000006,0.000000,0.000000,0.000000,,,0.000000,0.000000,0.000000,0.000000,0.000000,,,0.000954,,0.000000,0.000000,0.000000,0.000010,0.000036,0.000175,0.000066,0.000000,0.000000,0.000000,0.000587,0.000002,0.009852,0.008797,0.002330,0.003829,0.015385,0.007977,0.001746,0.007137,0.012053,0.001089,0.001295,0.002008,0.000000,0.000680,0.000888,0.000000,0.002166,0.000000,0.000444,0.004085,0.002114,0.001506,0.000161,0.001883,0.002133,0.000296,0.004557,0.002630,0.000321,0.000928,0.000000,0.000000,0.001390,0.000035,0.000000,0.000898,0.000111,0.000194,0.000128,0.001073,0.000238,0.000383,0.005405,0.001144,0.004115,0.004468,0.000719,0.001837,0.001815,0.001469,0.007208,0.002604,0.000694,0.000000,0.000029,0.000038,0.000650,0.000635,0.000000,0.004818,0.000382,0.004867,0.002244,0.000092,0.000338,0.002678,0.000452,0.000476,0.001696,0.000094,0.000016,0.000000,0.003970,0.000622,0.003008,0.000000,0.000175,0.000000,0.000000
2020-07-01,0.000073,0.000771,0.000715,0.000757,0.055296,0.000029,,,0.000000,0.000087,0.000000,0.000000,0.000009,,,0.001085,,0.000000,0.000013,0.000079,0.001073,0.000584,0.001103,0.035155,0.000233,0.001905,0.000015,0.048434,0.000027,0.010025,0.030952,0.003870,0.005442,0.017747,0.010471,0.021806,0.013201,0.011071,0.000397,0.001222,0.002315,0.000000,0.001796,0.000760,0.000025,0.002181,0.000000,0.000391,0.004323,0.005995,0.007265,0.000443,0.006776,0.005135,0.002238,0.005684,0.002630,0.004202,0.001759,0.000000,0.000000,0.000648,0.000008,0.000000,0.001948,0.000210,0.000625,0.000657,0.002036,0.000612,0.000972,0.007242,0.001887,0.007673,0.007049,0.001997,0.002728,0.002396,0.001952,0.010667,0.012578,0.000653,0.000000,0.000024,0.000178,0.000869,0.000749,0.000000,0.002385,0.000525,0.006328,0.002774,0.001178,0.000910,0.005243,0.000696,0.000928,0.000125,0.000132,0.000059,0.000000,0.008519,0.000802,0.004163,0.000005,0.010544,0.000000,0.000000
2020-08-01,0.000000,0.000006,0.000023,0.000111,0.042360,0.000000,,,0.000000,0.000000,0.000000,0.000000,0.000000,,,0.000892,0.000000,0.000000,0.000000,0.000000,0.000059,0.000073,0.000106,0.000575,0.000006,0.000000,0.000000,0.047215,0.000012,0.012662,0.018573,0.002869,0.003633,0.017273,0.010681,0.043341,0.011369,0.003109,0.000322,0.002676,0.002425,0.000000,0.000963,0.000174,0.000016,0.002025,0.000003,0.000139,0.003543,0.006781,0.004363,0.000357,0.006187,0.002893,0.000520,0.004306,0.001848,0.000254,0.001238,0.000000,0.000000,0.000658,0.000000,0.000000,0.002001,0.000111,0.000657,0.000327,0.001931,0.000296,0.000431,0.006012,0.001649,0.009976,0.005771,0.000916,0.002255,0.002040,0.001647,0.013923,0.012044,0.000691,0.000000,0.000048,0.000047,0.000767,0.000618,0.000000,0.002173,0.000380,0.005100,0.002528,0.000987,0.001001,0.004478,0.000796,0.000859,0.000132,0.000131,0.000063,0.000000,0.003538,0.000838,0.003147,0.000000,0.011985,0.000000,0.000000
2020-09-01,0.000176,0.000004,0.000012,0.000223,0.011930,0.000000,,,0.000000,0.000000,0.000000,0.000000,0.000000,,,0.000657,,0.000000,0.000012,0.000000,0.000323,0.000130,0.000165,0.000001,0.000008,0.000000,0.000000,0.047578,0.000002,0.007394,0.015935,0.003336,0.002553,0.016281,0.010423,0.046371,0.011841,0.003952,0.000271,0.003070,0.002152,0.000000,0.000522,0.000272,0.000033,0.001848,0.000000,0.000246,0.003139,0.006174,0.012124,0.000208,0.006519,0.003213,0.000567,0.004221,0.001715,0.000259,0.001141,0.000000,0.000000,0.000934,0.000017,0.000000,0.001504,0.000568,0.000744,0.000505,0.001744,0.000387,0.000667,0.005977,0.002598,0.004895,0.004833,0.001035,0.001622,0.002988,0.001263,0.010561,0.012310,0.000630,0.000000,0.000037,0.000025,0.000696,0.000562,0.000000,0.001969,0.000397,0.004973,0.002448,0.001439,0.001541,0.004467,0.000508,0.000826,0.000062,0.000161,0.000036,0.000000,0.004216,0.000844,0.002535,0.000000,0.017615,0.000000,0.000000
2020-10-01,0.000000,0.000012,0.000005,0.000000,0.000017,0.000000,,,0.000000,0.000000,0.000000,0.000000,0.000000,,,0.000560,0.000000,0.000000,0.000000,0.000000,0.000554,0.000133,0.000485,0.001414,0.000014,0.000000,0.000002,0.044196,0.000000,0.016647,0.013908,0.002636,0.003340,0.014366,0.010308,0.042637,0.010969,0.004499,0.000396,0.004494,0.002487,0.000000,0.000501,0.001055,0.000021,0.002023,0.000000,0.000238,0.002212,0.003185,0.001733,0.000068,0.003368,0.004350,0.000308,0.004518,0.001629,0.000213,0.000803,0.000000,0.000000,0.001043,0.000000,0.000000,0.001294,0.000144,0.000389,0.000731,0.001649,0.000237,0.000453,0.005938,0.001361,0.005361,0.005092,0.001212,0.001296,0.001528,0.001140,0.008010,0.011564,0.000599,0.000000,0.000038,0.000023,0.000675,0.000567,0.000000,0.002127,0.000447,0.005048,0.002320,0.001002,0.001514,0.004271,0.000943,0.000390,0.000239,0.000431,0.000021,0.000000,0.003842,0.000799,0.002810,0.000000,0.012327,0.000000,0.000000
2020-11-01,0.000006,0.000039,0.000004,0.000051,0.000000,0.000032,,,0.000000,0.000326,0.000000,0.000000,0.000000,,,0.000797,0.000000,0.000000,0.000000,0.000000,0.000153,0.000076,0.000176,0.000128,0.000026,0.000792,0.000078,0.035078,0.000000,0.009997,0.006256,0.002931,0.002199,0.016842,0.010604,0.040465,0.012403,0.007921,0.000610,0.004219,0.002070,0.000000,0.000442,0.000349,0.000015,0.002012,0.000000,0.000479,0.002202,0.006104,0.003617,0.000281,0.006219,0.005313,0.000166,0.004183,0.001944,0.000241,0.001030,0.000000,0.000000,0.001544,0.000004,0.000000,0.001383,0.000133,0.000511,0.000432,0.001479,0.000214,0.000532,0.005878,0.001061,0.005329,0.005106,0.001084,0.001348,0.001674,0.001090,0.009476,0.010385,0.000779,0.000000,0.000037,0.000033,0.000504,0.000556,0.000000,0.002220,0.000440,0.005233,0.002047,0.001077,0.001412,0.004287,0.000928,0.001044,0.000035,0.003940,0.000054,0.000000,0.004406,0.000768,0.002554,0.000000,0.012797,0.000000,0.000000
2020-12-01,0.000008,0.000003,0.000011,0.000000,0.000000,0.000000,,,0.000000,0.000000,0.000042,0.000000,0.000000,,,0.000711,0.000000,0.000000,0.000001,0.000056,0.000482,0.000120,0.000362,0.000030,0.000030,0.000000,0.000000,0.047697,0.000003,0.009235,0.003482,0.003567,0.003301,0.016497,0.011275,0.031433,0.012254,0.007364,0.000380,0.003344,0.002920,0.000000,0.000330,0.000417,0.000021,0.001828,0.000003,0.000998,0.002266,0.001312,0.001995,0.000173,0.006484,0.005495,0.000263,0.004305,0.002161,0.000304,0.000846,0.000000,0.000000,0.001328,0.000000,0.000000,0.001619,0.000109,0.001750,0.000503,0.001379,0.000379,0.000490,0.006167,0.001067,0.006460,0.005616,0.000956,0.001322,0.003889,0.001021,0.015069,0.011064,0.000739,0.000000,0.000037,0.000032,0.000303,0.000566,0.000000,0.001974,0.000505,0.004980,0.002313,0.000860,0.001536,0.004444,0.000803,0.001119,0.000048,0.002656,0.000101,0.000000,0.004706,0.000836,0.002849,0.000000,0.006030,0.000000,0.000000
2021-01-01,0.000000,0.000010,0.000011,0.000236,0.000031,0.000000,,,0.000000,0.000000,0.000000,0.000000,0.000000,,,0.000706,,0.000000,0.000000,0.000058,0.001265,0.000045,0.000162,0.008985,0.000004,0.000000,0.000000,0.041537,0.000000,0.009374,0.011448,0.003485,0.002602,0.016617,0.010799,0.035150,0.008527,0.033178,0.000320,0.002810,0.002859,0.000000,0.000256,0.000185,0.000006,0.004413,0.000000,0.000292,0.002009,0.001033,0.002595,0.000119,0.007741,0.006808,0.000484,0.005017,0.002053,0.000288,0.001162,0.000000,0.000000,0.001206,0.000004,0.000000,0.001264,0.001102,0.000382,0.000686,0.002257,0.000548,0.000563,0.007523,0.002526,0.005514,0.006464,0.000991,0.000483,0.002330,0.001459,0.015044,0.011369,0.000991,0.000000,0.000072,0.000040,0.000614,0.000731,0.000000,0.001882,0.000739,0.005271,0.002540,0.000925,0.002026,0.005304,0.000799,0.001522,0.000085,0.004454,0.000030,0.000000,0.004303,0.000787,0.002873,0.000000,0.019551,0.000000,0.000000
2021-02-01,0.000007,0.000003,0.000005,0.000011,0.000000,0.000000,,,0.000000,0.000000,0.000027,0.000000,0.000000,,,0.000785,,0.000000,0.000000,0.000000,0.000785,0.000000,0.000134,0.007602,0.000000,0.000748,0.000000,0.044674,0.000000,0.008819,0.019081,0.003400,0.003226,0.017362,0.011882,0.030569,0.011486,0.027540,0.000408,0.002686,0.002838,0.000000,0.001106,0.000252,0.000053,0.002180,0.000011,0.000058,0.001574,0.002144,0.002593,0.000243,0.008212,0.006922,0.000929,0.004216,0.002152,0.000280,0.001574,0.000040,0.000000,0.000989,0.000017,0.000000,0.001019,0.000536,0.000605,0.000696,0.003123,0.000620,0.000884,0.006121,0.001902,0.004455,0.006466,0.000945,0.001476,0.001003,0.001295,0.013508,0.011370,0.000819,0.000000,0.000066,0.000047,0.000490,0.000608,0.000000,0.001842,0.000543,0.005042,0.002231,0.001040,0.002345,0.005036,0.000495,0.002258,0.000141,0.005673,0.000054,0.000000,0.004180,0.000577,0.003419,0.000000,0.020879,0.000000,0.000000
2021-03-01,0.000000,0.000005,0.000009,0.000000,0.000165,0.000001,,,0.000000,0.000000,0.000000,0.000000,0.000000,,,0.000771,,0.000000,0.000029,0.000000,0.000545,0.000158,0.000290,0.006986,0.000000,0.000000,0.000000,0.046690,0.000000,0.017910,0.008123,0.002411,0.002191,0.016754,0.013158,0.040082,0.012294,0.008752,0.000308,0.001869,0.002084,0.000000,0.001663,0.000239,0.000006,0.002574,0.000000,0.000561,0.001746,0.006378,0.000868,0.000120,0.007767,0.006504,0.000356,0.004437,0.001889,0.000338,0.001417,0.000526,0.000000,0.001227,0.000005,0.000000,0.001372,0.000371,0.000592,0.000674,0.002698,0.000616,0.000461,0.005539,0.000865,0.004047,0.006069,0.000892,0.002370,0.001412,0.001374,0.009125,0.011512,0.000642,0.000000,0.000073,0.000042,0.000484,0.000599,0.000000,0.001925,0.000525,0.004912,0.002055,0.001819,0.001211,0.004482,0.000190,0.001547,0.000257,0.004558,0.000037,0.000000,0.004517,0.000682,0.002912,0.000005,0.017236,0.000000,0.000000
2021-04-01,0.000000,0.000010,0.000001,0.000000,0.025288,0.000000,,,0.000000,0.000000,0.000000,0.000000,0.000000,,,0.000647,,0.000000,0.000009,0.000010,0.000291,0.000068,0.000356,0.005945,0.000001,0.000000,0.000000,0.049962,0.000000,0.013169,0.005722,0.002581,0.002743,0.015175,0.013836,0.056495,0.011722,0.008316,0.000318,0.003099,0.002963,0.000000,0.001637,0.000187,0.000014,0.002339,0.000000,0.000192,0.001243,0.002280,0.000620,0.000302,0.006237,0.006827,0.000283,0.004313,0.001969,0.000308,0.001666,0.000000,0.000000,0.000963,0.000000,0.000000,0.001082,0.000555,0.000502,0.000676,0.002398,0.000587,0.000317,0.004958,0.000627,0.004741,0.005063,0.000658,0.002862,0.001786,0.000721,0.011791,0.011559,0.000923,0.000000,0.000065,0.000029,0.000496,0.000621,0.000000,0.001767,0.000477,0.004538,0.002104,0.001771,0.001497,0.004167,0.000198,0.001353,0.000160,0.004208,0.000040,0.000000,0.004229,0.000747,0.003387,0.000000,0.018607,0.000000,0.000000
2021-05-01,0.000009,0.000013,0.000003,0.000183,0.000651,0.000000,,,0.000000,0.000000,0.000022,0.000000,0.000000,,,0.000760,,0.000000,0.000014,0.000000,0.000396,0.000059,0.000232,0.008171,0.000032,0.000000,0.000008,0.051574,0.000001,0.010764,0.013406,0.002515,0.001836,0.013043,0.015068,0.049225,0.010993,0.006082,0.000187,0.001854,0.003471,0.000000,0.000978,0.000444,0.000034,0.002418,0.000000,0.000265,0.001519,0.001940,0.001286,0.000348,0.008043,0.007144,0.000341,0.004381,0.001807,0.000382,0.001466,0.000067,0.000000,0.000834,0.000016,0.000000,0.001042,0.000072,0.000782,0.000543,0.001880,0.000363,0.000403,0.003967,0.000822,0.004404,0.005167,0.000502,0.002141,0.001893,0.000868,0.013939,0.010716,0.002550,0.000000,0.000058,0.000031,0.000635,0.000504,0.000000,0.001671,0.000414,0.004474,0.002023,0.001539,0.000860,0.004071,0.000259,0.001486,0.000098,0.003371,0.000038,0.000000,0.005087,0.000776,0.003117,0.000000,0.019674,0.000000,0.000000
2021-06-01,0.000000,0.000057,0.000004,0.000281,0.000000,0.000000,,,0.000000,0.000255,0.000000,0.000000,0.000000,,,0.000596,,0.000000,0.000002,0.000000,0.000221,0.000023,0.000253,0.006143,0.000001,0.000000,0.000009,0.049749,0.000001,0.005683,0.007607,0.002001,0.002574,0.011098,0.014372,0.025619,0.009197,0.005597,0.000707,0.003158,0.003145,0.000000,0.001503,0.000216,0.000020,0.002279,0.000001,0.000089,0.001474,0.002060,0.005155,0.000447,0.010720,0.002253,0.000373,0.004746,0.001899,0.000426,0.001105,0.000021,0.000000,0.001298,0.000004,0.000006,0.001062,0.000414,0.001177,0.000589,0.001951,0.000450,0.000212,0.004216,0.000551,0.004891,0.005292,0.000594,0.001400,0.001937,0.000840,0.013183,0.010657,0.000816,0.000000,0.000072,0.000033,0.000360,0.000518,0.000000,0.001998,0.000491,0.004342,0.001889,0.001284,0.000428,0.003752,0.000169,0.002304,0.000155,0.003102,0.000032,0.000000,0.004645,0.000704,0.002800,0.000000,0.021952,0.000000,0.000000
2021-07-01,0.000000,0.000016,0.000004,0.000012,0.000000,0.000000,,,0.000000,0.000000,0.000000,0.000000,0.000004,,,0.000488,,0.000000,0.000005,0.000124,0.000787,0.000019,0.000236,0.007217,0.000000,0.000000,0.000000,0.055822,0.000000,0.007030,0.002369,0.003014,0.003003,0.011779,0.015728,0.037706,0.009020,0.006721,0.000336,0.003610,0.003726,0.000000,0.000953,0.000533,0.000019,0.002912,0.000000,0.000264,0.001875,0.005909,0.005260,0.000370,0.009009,0.009265,0.000445,0.004899,0.002198,0.000323,0.001423,0.000000,0.000000,0.001160,0.000000,0.000000,0.001145,0.000566,0.001157,0.000524,0.001751,0.000279,0.000200,0.004257,0.007095,0.003635,0.005360,0.000530,0.001746,0.001812,0.000892,0.013427,0.006742,0.001042,0.000000,0.000089,0.000034,0.000388,0.000694,0.000000,0.002121,0.000354,0.004693,0.002379,0.001999,0.000376,0.005583,0.000123,0.002654,0.000214,0.005799,0.000111,0.000000,0.004956,0.000877,0.002604,0.000000,0.022273,0.000000,0.000000
2021-08-01,0.000037,0.000019,0.000006,0.000005,0.005830,0.000000,,,0.000000,0.000000,0.000000,0.000000,0.000000,,,0.000403,,0.000000,0.000000,0.000267,0.000556,0.000049,0.000281,0.007834,0.000000,0.000392,0.000000,0.064033,0.000000,0.008328,0.009043,0.002309,0.001333,0.008630,0.012667,0.028297,0.010685,0.005118,0.000362,0.002070,0.002631,0.000000,0.000662,0.000496,0.000022,0.002368,0.000002,0.000196,0.002389,0.002888,0.011131,0.000297,0.008529,0.004000,0.000621,0.004560,0.002165,0.000336,0.001441,0.000013,0.000000,0.000862,0.000000,0.000000,0.000719,0.000536,0.001236,0.000448,0.001728,0.000389,0.000367,0.005019,0.005617,0.005386,0.005176,0.000917,0.002961,0.000567,0.000785,0.006650,0.010763,0.000732,0.000000,0.000087,0.000018,0.000289,0.000684,0.000000,0.001976,0.000402,0.004681,0.002200,0.002365,0.000408,0.005220,0.000135,0.012795,0.000650,0.003020,0.000049,0.000000,0.004802,0.000777,0.002504,0.000000,0.022294,0.000000,0.000000
2021-09-01,0.000000,0.000005,0.000002,0.000001,0.000000,0.000000,,,0.000000,0.000000,0.000000,0.000000,0.000000,,,0.000578,,0.000000,0.000003,0.000143,0.000413,0.000002,0.000133,0.009440,0.000004,0.000000,0.000000,0.049056,0.000000,0.005067,0.008564,0.002039,0.001975,0.008543,0.013627,0.029241,0.010676,0.006272,0.000508,0.001736,0.002596,0.000000,0.000799,0.000321,0.000029,0.002495,0.000000,0.000113,0.002505,0.007076,0.007250,0.000482,0.004805,0.003134,0.000373,0.004211,0.002387,0.000528,0.001838,0.000000,0.000000,0.000787,0.000000,0.000000,0.001069,0.000142,0.000696,0.000620,0.001750,0.000286,0.000792,0.004777,0.003546,0.006729,0.005128,0.000779,0.001707,0.001084,0.000919,0.008269,0.011050,0.000618,0.000000,0.000090,0.000030,0.000585,0.000534,0.000000,0.002060,0.000308,0.004370,0.001991,0.001210,0.000288,0.004557,0.000228,0.003542,0.001241,0.006981,0.000041,0.000000,0.004961,0.000675,0.002214,0.000001,0.017638,0.000000,0.000000
2021-10-01,0.000000,0.000033,0.000006,0.000046,0.209125,0.000000,,,0.000000,0.000172,0.000000,0.000000,0.000000,,,0.000487,,0.000000,0.000008,0.000078,0.000569,0.000046,0.000077,0.008515,0.000006,0.000000,0.000000,0.040900,0.000000,0.007243,0.008436,0.002810,0.001198,0.009368,0.011828,0.038202,0.012557,0.006327,0.000482,0.001928,0.002890,0.000000,0.001366,0.000247,0.000012,0.002868,0.000006,0.000185,0.002554,0.006184,0.007622,0.000197,0.006015,0.003594,0.000159,0.004481,0.002162,0.000496,0.001496,0.000008,0.000000,0.000917,0.000001,0.000000,0.001417,0.000659,0.001581,0.000411,0.002813,0.000334,0.000345,0.004991,0.001529,0.004121,0.004703,0.000764,0.002488,0.001201,0.000658,0.007133,0.010260,0.000831,0.000000,0.000055,0.000023,0.000352,0.000596,0.000000,0.001879,0.000199,0.004337,0.002228,0.001567,0.000387,0.004315,0.000070,0.004299,0.000730,0.006680,0.000050,0.000000,0.004568,0.000707,0.001843,0.000000,0.020413,0.000000,0.000000
2021-11-01,0.000000,0.000188,0.000004,0.000000,0.021106,0.000000,,,0.000000,0.000315,0.000000,0.000000,0.000000,,,0.000548,,0.000000,0.000006,0.000012,0.000604,0.000037,0.000105,0.010548,0.000000,0.000000,0.000000,0.044834,0.000000,0.009206,0.012159,0.003169,0.001106,0.010777,0.010566,0.048439,0.013050,0.006185,0.000291,0.003489,0.002876,0.000000,0.000862,0.000197,0.000009,0.002564,0.000000,0.000172,0.002193,0.006335,0.013859,0.000507,0.006594,0.004261,0.000376,0.004178,0.001597,0.000739,0.001534,0.000046,0.000000,0.000863,0.000002,0.000000,0.000703,0.000610,0.000934,0.000385,0.002764,0.000246,0.000302,0.004907,0.001009,0.005897,0.004770,0.000706,0.000919,0.002609,0.000714,0.009492,0.010251,0.000827,0.000000,0.000060,0.000024,0.000307,0.000563,0.000000,0.002500,0.000264,0.004447,0.002283,0.001151,0.000327,0.003862,0.000227,0.004075,0.000606,0.005534,0.000027,0.000000,0.004865,0.000624,0.001877,0.000000,0.018074,0.000000,0.000000
2021-12-01,0.000000,0.000150,0.000004,0.000000,0.037815,0.000001,,,0.000000,0.000000,0.000000,0.000000,0.000000,,,0.000604,0.000000,0.001016,0.000002,0.000110,0.000379,0.000037,0.000239,0.016181,0.000000,0.000000,0.000000,0.047223,0.000001,0.005763,0.017197,0.001969,0.001007,0.013030,0.011079,0.038875,0.011459,0.006424,0.000255,0.003356,0.003572,0.000000,0.001708,0.000158,0.000009,0.002454,0.000002,0.000031,0.001619,0.008089,0.015952,0.000444,0.006269,0.004060,0.001809,0.003960,0.001754,0.000471,0.001339,0.000000,0.000000,0.000799,0.000000,0.000000,0.002434,0.000505,0.001060,0.000459,0.003034,0.000424,0.000484,0.004785,0.000741,0.005515,0.005067,0.000804,0.000608,0.005535,0.000996,0.010472,0.010168,0.000817,0.000000,0.000050,0.000048,0.000380,0.000581,0.000000,0.001953,0.000460,0.004719,0.002252,0.001677,0.000235,0.004358,0.000205,0.003104,0.000352,0.003364,0.000027,0.000000,0.008445,0.000830,0.002024,0.000000,0.022655,0.000000,0.000000
2022-01-01,0.000000,0.000013,0.000002,0.000019,0.035343,0.000000,,,0.000000,0.000000,0.000000,,0.000000,,,0.000393,,0.000000,0.000003,0.000055,0.000883,0.000159,0.000238,0.010320,0.000010,0.000000,0.000000,0.052028,0.000000,0.007417,0.010407,0.002726,0.001268,0.013807,0.011406,0.042632,0.013153,0.009891,0.000547,0.002987,0.002407,0.000000,0.000989,0.000287,0.000000,0.002950,0.000000,0.000156,0.002632,0.005952,0.008437,0.000590,0.006164,0.002277,0.002908,0.004999,0.002062,0.000424,0.001227,0.000080,0.000000,0.000876,0.000000,0.000029,0.001012,0.000485,0.000988,0.000434,0.003096,0.000401,0.000209,0.004916,0.003762,0.009125,0.006400,0.000872,0.002052,0.003656,0.001003,0.011561,0.009025,0.000754,0.000000,0.000052,0.000025,0.000657,0.000703,0.000000,0.002435,0.000500,0.005630,0.002565,0.001285,0.000188,0.004866,0.000243,0.002546,0.000253,0.003304,0.000000,0.000000,0.019501,0.001039,0.003022,0.000001,0.018070,0.000000,0.000000
2022-02-01,0.000003,0.000009,0.000001,0.000043,0.000000,0.000000,,,0.000000,0.000657,0.000000,0.000000,0.000000,0.000000,,0.000476,0.000000,0.000000,0.000002,0.000028,0.000769,0.001064,0.000489,0.011390,0.000001,0.022145,0.000000,0.044721,0.000000,0.006238,0.015649,0.003093,0.000752,0.014205,0.011384,0.042788,0.012180,0.011910,0.002266,0.002583,0.002075,0.000000,0.000556,0.000164,0.000000,0.002901,0.000000,0.000217,0.002134,0.005615,0.006116,0.000272,0.006679,0.002098,0.002126,0.004163,0.002123,0.000376,0.001058,0.000036,0.000000,0.000944,0.000000,0.000034,0.000928,0.000803,0.000795,0.000341,0.002983,0.000305,0.000505,0.005018,0.003174,0.011992,0.005655,0.000783,0.004434,0.001800,0.000976,0.010591,0.010221,0.000920,0.000000,0.000077,0.000042,0.000467,0.000637,0.000000,0.002032,0.000525,0.005100,0.002391,0.001696,0.000091,0.004528,0.000188,0.001544,0.000013,0.003049,0.000000,0.000000,0.016056,0.001034,0.003939,0.000005,0.024823,0.000000,0.000000
2022-03-01,0.000059,0.000011,0.000010,0.000001,0.006416,0.000000,,,0.000000,0.000000,0.000000,,0.000000,,,0.000362,0.000000,0.000000,0.000003,0.000071,0.000458,0.000134,0.000176,0.013635,0.000000,0.008889,0.000000,0.033693,0.000000,0.010915,0.015397,0.003183,0.000791,0.009547,0.013246,0.065290,0.014155,0.008921,0.001369,0.002096,0.002178,0.000000,0.000265,0.000140,0.000000,0.003225,0.000000,0.000266,0.001896,0.006295,0.013977,0.000164,0.006034,0.002251,0.002856,0.003683,0.002187,0.000618,0.001126,0.000233,0.000000,0.000381,0.000000,0.000056,0.000709,0.000381,0.001347,0.000143,0.002266,0.000499,0.000372,0.005012,0.002640,0.010506,0.005796,0.000685,0.001278,0.000955,0.001138,0.011155,0.008476,0.000789,0.000000,0.000075,0.000034,0.000681,0.000614,0.000000,0.002470,0.000563,0.005026,0.002381,0.001489,0.000078,0.004488,0.000173,0.000994,0.000045,0.002642,0.000000,0.000000,0.012207,0.001123,0.003677,0.000000,0.025124,0.000000,0.000000
2022-04-01,0.000000,0.000009,0.000003,0.000000,0.000000,0.000000,0.000000,,0.000000,0.000000,0.000000,0.000000,0.000000,,,0.000313,,0.000000,0.000010,0.000077,0.000736,0.000056,0.000251,0.005394,0.000000,0.006523,0.000000,0.041649,0.000000,0.007499,0.015688,0.003669,0.001158,0.010237,0.012656,0.069097,0.012217,0.008105,0.000468,0.002359,0.003297,0.000000,0.000380,0.000366,0.000000,0.003696,0.000000,0.000537,0.002755,0.003311,0.005044,0.000292,0.006230,0.002661,0.002125,0.003674,0.002273,0.000393,0.001187,0.000120,0.000000,0.000456,0.000000,0.000010,0.000627,0.000528,0.001138,0.000292,0.002858,0.000382,0.000214,0.004816,0.001504,0.009110,0.005726,0.000750,0.000879,0.000933,0.000799,0.013512,0.009846,0.000901,0.000000,0.000094,0.000036,0.000790,0.000572,0.000000,0.001889,0.000290,0.004762,0.002574,0.001202,0.000054,0.004334,0.000226,0.001521,0.000012,0.005117,0.000000,0.000000,0.017446,0.001086,0.004349,0.000000,0.013686,0.000000,0.000000
2022-05-01,0.000000,0.000005,0.000003,0.000014,0.000000,0.000000,0.000000,,0.000000,0.000000,0.000000,0.000000,0.000000,,,0.000300,,0.000000,0.000000,0.000056,0.000439,0.000068,0.000082,0.019167,0.000001,0.000000,0.000002,0.041646,0.000001,0.007875,0.017764,0.003646,0.000875,0.010214,0.011211,0.054976,0.012305,0.006876,0.000838,0.002757,0.003461,0.000000,0.000211,0.000463,0.000000,0.002497,0.000000,0.000122,0.001562,0.002656,0.011527,0.000292,0.005302,0.002904,0.001777,0.003831,0.002270,0.000597,0.001175,0.000141,0.000000,0.000474,0.000000,0.000009,0.000750,0.000432,0.001420,0.000341,0.002971,0.000362,0.000423,0.005586,0.001273,0.009258,0.005664,0.000784,0.001687,0.001021,0.000768,0.014416,0.010150,0.000770,0.000000,0.000112,0.000039,0.000780,0.000575,0.000000,0.001769,0.000224,0.004644,0.002495,0.002672,0.000052,0.004300,0.000104,0.001429,0.000003,0.005979,0.000000,0.000000,0.016583,0.000908,0.005806,0.000000,0.016232,0.000000,0.000000
2022-06-01,0.000000,0.000059,0.000005,0.000220,0.000000,0.000000,,,0.000000,0.000141,0.000000,0.000000,0.000007,,,0.000344,,0.000000,0.000004,0.000000,0.000840,0.000102,0.000095,0.024195,0.000000,0.000000,0.000012,0.043878,0.000000,0.007013,0.015898,0.003079,0.000792,0.013235,0.011684,0.041746,0.011073,0.005869,0.000404,0.002079,0.003840,0.000000,0.000681,0.000478,0.000000,0.001997,0.000000,0.000214,0.001616,0.003146,0.007903,0.000150,0.005256,0.002666,0.002872,0.003533,0.002132,0.000578,0.001010,0.000154,0.000000,0.000343,0.000000,0.000000,0.000737,0.000638,0.000899,0.000340,0.003378,0.000454,0.000413,0.005216,0.001309,0.010421,0.005454,0.000506,0.001680,0.000410,0.000918,0.009443,0.007722,0.000693,0.000000,0.000109,0.000027,0.000630,0.000571,0.000000,0.001877,0.000306,0.004463,0.002191,0.002369,0.000038,0.004071,0.000175,0.002058,0.001479,0.006498,0.000000,0.000000,0.015509,0.000867,0.004329,0.000000,0.017157,0.000000,0.000000
2022-07-01,0.000000,0.000007,0.000005,0.000003,0.007509,0.000000,,,0.000000,0.000126,0.000021,,0.000000,,,0.000376,,0.000000,0.000000,0.000081,0.000854,0.000077,0.000224,0.008240,0.000004,0.000000,0.000000,0.039473,0.000000,0.011082,0.019566,0.003337,0.000801,0.014217,0.013193,0.035738,0.010403,0.006935,0.000346,0.001954,0.003571,0.000000,0.000355,0.000449,0.000000,0.002352,0.000000,0.000409,0.000968,0.002808,0.006486,0.000878,0.004531,0.003247,0.001854,0.003772,0.002228,0.000663,0.001370,0.000343,0.000000,0.000532,0.000000,0.000000,0.000749,0.000329,0.001258,0.000426,0.003453,0.000204,0.000399,0.006400,0.006180,0.007334,0.006073,0.000596,0.001487,0.000607,0.000945,0.009480,0.008030,0.000842,0.000000,0.000123,0.000032,0.000689,0.000589,0.000000,0.002109,0.000320,0.005326,0.002483,0.001828,0.000063,0.006044,0.000057,0.003219,0.000929,0.005058,0.000000,0.000000,0.018851,0.000981,0.004858,0.000000,0.005080,0.000000,0.000000
2022-08-01,0.000000,0.000001,0.000003,0.000010,0.000408,0.000000,,,0.000000,0.000000,0.000054,0.000000,0.000000,,,0.000342,0.000000,0.000000,0.000002,0.000037,0.000612,0.000090,0.000078,0.006285,0.000000,0.000000,0.000000,0.052283,0.000000,0.009569,0.026732,0.002711,0.001291,0.012937,0.012667,0.028768,0.010443,0.006855,0.000408,0.002058,0.003859,0.000000,0.000283,0.000608,0.000000,0.002100,0.000000,0.000278,0.001013,0.002767,0.005962,0.000579,0.006402,0.003643,0.002155,0.003898,0.002333,0.000464,0.001323,0.000351,0.000000,0.000345,0.000000,0.000000,0.000640,0.000797,0.001046,0.000363,0.004077,0.000228,0.000201,0.007129,0.007674,0.007456,0.006051,0.000895,0.000881,0.000627,0.001015,0.007875,0.009759,0.000754,0.000000,0.000116,0.000023,0.000662,0.000571,0.000000,0.002132,0.000210,0.005307,0.002672,0.002049,0.000078,0.005796,0.000108,0.003448,0.000706,0.002876,0.000000,0.000000,0.018336,0.001114,0.005440,0.000046,0.016744,0.000000,0.000000
2022-09-01,0.000000,0.000000,0.000005,0.000000,0.001393,0.000000,,,0.000000,0.000000,0.000000,,0.000000,,,0.000352,0.000000,0.000000,0.000000,0.000052,0.000717,0.000017,0.000286,0.014525,0.000000,0.000000,0.000001,0.040803,0.000000,0.013921,0.035355,0.003938,0.004279,0.017213,0.013667,0.027912,0.009485,0.005021,0.000420,0.001591,0.006180,0.000000,0.000275,0.000743,0.000000,0.002022,0.000000,0.000365,0.001179,0.001449,0.005337,0.000314,0.005036,0.003715,0.003564,0.003882,0.002263,0.000418,0.001331,0.000262,0.000000,0.000680,0.000004,0.000000,0.000572,0.000155,0.001089,0.000505,0.003893,0.000201,0.000456,0.006675,0.005361,0.006852,0.006049,0.000694,0.000589,0.000921,0.001034,0.006960,0.010281,0.000705,0.000000,0.000073,0.000024,0.000718,0.000587,0.000000,0.002275,0.000302,0.005192,0.002639,0.002350,0.000065,0.005470,0.000105,0.004332,0.000037,0.002680,0.000000,0.000000,0.018995,0.001050,0.003917,0.000000,0.017618,0.000000,0.000000
2022-10-01,0.000008,0.000008,0.000005,0.000000,0.008716,0.000000,,,0.000000,0.000000,0.000000,,0.000000,0.000000,,0.000299,0.000000,0.000000,0.000008,0.000079,0.000549,0.000060,0.000315,0.003666,0.000000,0.000000,0.000000,0.049320,0.000000,0.013697,0.017138,0.003091,0.003707,0.015258,0.013377,0.040323,0.016000,0.006502,0.000880,0.002521,0.003931,0.000000,0.000859,0.000620,0.000000,0.002185,0.000000,0.000297,0.002247,0.001822,0.008305,0.000341,0.004689,0.003746,0.004630,0.004032,0.001937,0.000316,0.001245,0.000119,0.000000,0.000671,0.000000,0.000000,0.000464,0.000436,0.001013,0.000408,0.003833,0.000214,0.000376,0.006649,0.003816,0.007302,0.005410,0.000681,0.001352,0.000934,0.001249,0.007758,0.009391,0.000812,0.000000,0.000084,0.000028,0.000641,0.000544,0.000000,0.002147,0.000332,0.005178,0.002659,0.002177,0.000042,0.004863,0.000106,0.003295,0.000033,0.003741,0.000000,0.000000,0.017838,0.000954,0.002985,0.000001,0.011131,0.000000,0.000000
2022-11-01,0.000009,0.000004,0.000000,0.000004,0.004140,0.000000,,,0.000000,0.000000,0.000000,0.000000,0.000000,,,0.000396,0.000000,0.000000,0.000000,0.000046,0.000570,0.000031,0.000177,0.011021,0.000000,0.000000,0.000001,0.049402,0.000000,0.022656,0.008321,0.002851,0.005195,0.014766,0.014364,0.044937,0.015030,0.005881,0.000439,0.002326,0.004184,0.000000,0.002124,0.000668,0.000000,0.002167,0.000000,0.000408,0.001292,0.001406,0.013620,0.000287,0.007427,0.003428,0.004351,0.004189,0.001874,0.000237,0.001023,0.000024,0.000000,0.000561,0.000000,0.000000,0.000843,0.001371,0.004785,0.000563,0.003648,0.000105,0.000452,0.007254,0.004950,0.007567,0.005361,0.000646,0.001421,0.001180,0.001474,0.009268,0.010323,0.000835,0.000000,0.000080,0.000022,0.000729,0.000598,0.000000,0.002280,0.000349,0.005082,0.002448,0.002459,0.000043,0.004793,0.000079,0.002244,0.000002,0.004178,0.000000,0.000000,0.016533,0.000946,0.003880,0.000000,0.013391,0.000000,0.000000
2022-12-01,0.000035,0.000026,0.000008,0.000001,0.014730,0.000019,0.000000,,0.000000,0.000000,0.000000,0.000000,0.000000,,,0.000402,0.000000,0.000000,0.000002,0.000057,0.000779,0.000009,0.000489,0.003744,0.000009,0.000000,0.000000,0.048508,0.000000,0.006421,0.011905,0.002812,0.003509,0.013757,0.014660,0.029558,0.014712,0.004695,0.000996,0.001080,0.004536,0.000000,0.001498,0.000529,0.000000,0.002199,0.000000,0.000499,0.001358,0.001297,0.016903,0.000353,0.006613,0.003294,0.004275,0.004129,0.002290,0.000380,0.000973,0.000054,0.000000,0.000801,0.000001,0.000000,0.000986,0.000203,0.005637,0.000557,0.003648,0.000125,0.000470,0.006722,0.003933,0.007673,0.005787,0.000840,0.001222,0.001100,0.001974,0.008648,0.008654,0.000691,0.000000,0.000070,0.000140,0.000687,0.000631,0.000000,0.002466,0.000381,0.005337,0.002563,0.002775,0.000039,0.004764,0.000106,0.004423,0.000010,0.003932,0.000000,0.000000,0.016696,0.001021,0.003485,0.000000,0.005637,0.000000,0.000000
2023-01-01,0.000044,0.000136,0.000003,0.000008,0.007480,0.000001,0.000000,,0.000000,0.000002,0.000000,,0.000000,,,0.000512,0.000000,0.000000,0.000004,0.000023,0.000393,0.000034,0.000704,0.005530,0.000001,0.000000,0.000000,0.043409,0.000000,0.005359,0.011620,0.003063,0.003846,0.014670,0.016463,0.042587,0.015783,0.009255,0.000283,0.001786,0.003868,0.000000,0.002000,0.000710,0.000000,0.002442,0.000000,0.000420,0.000670,0.001506,0.011874,0.000335,0.008240,0.001756,0.005058,0.005046,0.002534,0.000186,0.001384,0.000059,0.000000,0.000714,0.000000,0.000000,0.000736,0.000155,0.005376,0.000614,0.004233,0.000113,0.000718,0.006696,0.006157,0.008222,0.007660,0.001051,0.001502,0.001138,0.002555,0.007604,0.010177,0.000921,0.000000,0.000092,0.000028,0.000904,0.000850,0.000000,0.002668,0.000397,0.005947,0.002801,0.002084,0.000103,0.005636,0.000089,0.003378,0.000056,0.003408,0.000000,0.000000,0.017408,0.001098,0.004071,0.000000,0.008895,0.000000,0.000000
2023-02-01,0.000000,0.000000,0.000006,0.000025,0.017859,0.000000,,,0.000000,0.000000,0.000000,,0.000000,,,0.000429,0.000000,0.000000,0.000007,0.000000,0.000501,0.000006,0.000302,0.006164,0.000000,0.000000,0.000000,0.056294,0.000000,0.007989,0.004065,0.002357,0.001763,0.011806,0.017549,0.041403,0.015464,0.007491,0.000354,0.003462,0.003055,0.000000,0.002708,0.001230,0.000000,0.002693,0.000000,0.000450,0.001020,0.001892,0.012814,0.000505,0.006268,0.001840,0.002949,0.004895,0.002356,0.000344,0.001441,0.000222,0.000000,0.001393,0.000000,0.000000,0.001153,0.000340,0.005207,0.000714,0.004544,0.000244,0.000977,0.005993,0.005838,0.010240,0.007143,0.000962,0.002003,0.001957,0.002007,0.008818,0.009248,0.000656,0.000000,0.000100,0.000031,0.000777,0.000802,0.000000,0.002187,0.000315,0.005869,0.002783,0.001830,0.000083,0.005322,0.000097,0.002486,0.002201,0.003984,0.000000,0.000000,0.016847,0.001004,0.004303,0.000000,0.010286,0.000000,0.000000
2023-03-01,0.000052,0.000012,0.000016,0.000008,0.034692,0.000000,,,0.000000,0.000166,0.000000,0.000000,0.000000,,,0.000559,0.000000,0.000000,0.000004,0.000061,0.000695,0.000000,0.000313,0.006045,0.000000,0.000000,0.000002,0.038755,0.000000,0.009469,0.006988,0.002614,0.000983,0.010244,0.016919,0.039783,0.014554,0.009109,0.001435,0.002285,0.003066,0.000000,0.001938,0.000801,0.000000,0.002993,0.000000,0.000355,0.000370,0.002832,0.010544,0.000320,0.007644,0.002249,0.001611,0.004404,0.002338,0.000279,0.001617,0.000175,0.000000,0.001054,0.000000,0.000000,0.001085,0.000562,0.002760,0.000529,0.003381,0.000194,0.001389,0.006203,0.006122,0.009709,0.007203,0.000969,0.002166,0.001350,0.002027,0.009328,0.008228,0.000808,0.000000,0.000120,0.000028,0.000689,0.000796,0.000000,0.002565,0.000266,0.005310,0.002773,0.002582,0.000072,0.005174,0.000210,0.003365,0.004578,0.001644,0.000000,0.000000,0.016659,0.001007,0.004182,0.000000,0.012482,0.000000,0.000000
2023-04-01,0.000000,0.000031,0.000008,0.000012,0.026555,0.000004,,,0.000000,0.000366,0.000000,0.000000,0.000000,,,0.000653,0.000000,0.000000,0.000004,0.000132,0.000839,0.000008,0.000260,0.005651,0.000000,0.000000,0.000000,0.047891,0.000000,0.005227,0.009246,0.002995,0.001609,0.010039,0.013714,0.054887,0.016077,0.007936,0.000128,0.004883,0.003093,0.000000,0.002779,0.001022,0.000000,0.002493,0.000000,0.000398,0.000928,0.002828,0.019571,0.000459,0.006285,0.001901,0.002395,0.004090,0.002045,0.000370,0.001596,0.000116,0.000000,0.000907,0.000000,0.000000,0.000910,0.000870,0.000836,0.000614,0.004010,0.000154,0.000719,0.006473,0.004071,0.009154,0.006851,0.000999,0.001576,0.001566,0.001359,0.008709,0.009887,0.000766,0.000000,0.000133,0.000062,0.000784,0.000736,0.000000,0.002381,0.000213,0.005260,0.003241,0.002051,0.000121,0.005023,0.000116,0.003974,0.002742,0.001821,0.000000,0.000000,0.016083,0.000893,0.003613,0.000000,0.008181,0.000000,0.000000
2023-05-01,0.000076,0.000014,0.000003,0.000013,0.043674,0.000002,,,0.000000,0.000000,0.000000,0.000000,0.000000,0.000000,,0.000569,0.000000,0.000000,0.000010,0.000024,0.000809,0.000038,0.000678,0.004701,0.000004,0.000000,0.000000,0.049406,0.000000,0.006321,0.007499,0.003930,0.002071,0.012422,0.013315,0.043963,0.014628,0.005786,0.000294,0.003645,0.003444,0.000000,0.002463,0.000643,0.000000,0.009584,0.000000,0.000444,0.000832,0.003216,0.007218,0.000226,0.006802,0.002000,0.001862,0.004447,0.002072,0.000377,0.001586,0.000184,0.000000,0.001561,0.000000,0.000000,0.000995,0.000581,0.001470,0.000588,0.004150,0.000241,0.001280,0.006453,0.002279,0.009035,0.006974,0.000944,0.002062,0.001555,0.001043,0.008389,0.009806,0.000680,0.000000,0.000135,0.000014,0.000623,0.000787,0.000000,0.002296,0.000275,0.005104,0.002736,0.002459,0.000141,0.004927,0.000095,0.002450,0.005942,0.000969,0.000000,0.000000,0.017797,0.000827,0.004155,0.000000,0.013170,0.000000,0.000000
2023-06-01,0.000000,0.000085,0.000000,0.000083,0.337645,0.000000,,,0.000000,0.000252,0.000000,0.000000,0.000000,,,0.000602,0.000000,0.000000,0.000006,0.000027,0.000727,0.000004,0.000236,0.006168,0.000000,0.000000,0.000000,0.059434,0.000001,0.004922,0.005479,0.002980,0.002409,0.010479,0.012808,0.041600,0.016489,0.006458,0.000110,0.002777,0.004028,0.000000,0.001973,0.001276,0.000000,0.002523,0.000000,0.000483,0.000671,0.002300,0.014329,0.000327,0.005054,0.001693,0.002404,0.004110,0.001881,0.000297,0.001729,0.000118,0.000000,0.000875,0.000000,0.000000,0.000918,0.000485,0.001419,0.000490,0.003324,0.000211,0.000892,0.005764,0.002163,0.008412,0.006362,0.000835,0.001251,0.000778,0.001313,0.010499,0.009683,0.000797,0.000000,0.000155,0.000043,0.000711,0.000771,0.000000,0.002252,0.000261,0.004966,0.002961,0.002217,0.000171,0.005185,0.000115,0.002476,0.004234,0.001688,0.000000,0.000000,0.019435,0.000857,0.003673,0.000000,0.008936,0.000023,0.000000
2023-07-01,0.000000,0.000027,0.000004,0.000041,0.000002,0.000002,,,0.000000,0.000283,0.000000,0.000000,0.000000,,,0.000661,,0.000000,0.000005,0.000000,0.000909,0.000064,0.001621,0.005416,0.000000,0.000000,0.000000,0.058197,0.000017,0.008420,0.012126,0.002826,0.003513,0.012712,0.015254,0.048177,0.014830,0.007144,0.000023,0.001811,0.003119,0.000000,0.002037,0.000634,0.000000,0.002641,0.000000,0.000412,0.001032,0.002273,0.008404,0.000204,0.007121,0.001693,0.002612,0.004037,0.001760,0.000302,0.002000,0.000000,0.000000,0.001105,0.000001,0.000000,0.001551,0.000835,0.001621,0.000375,0.004008,0.000248,0.000691,0.006350,0.002826,0.009548,0.006531,0.001031,0.002773,0.000514,0.001043,0.008216,0.007895,0.000661,0.000000,0.000174,0.000088,0.000607,0.000904,0.000000,0.002336,0.000288,0.005995,0.003195,0.002645,0.000124,0.006875,0.000129,0.004258,0.000159,0.001951,0.000000,0.000000,0.019414,0.000848,0.004582,0.000000,0.007838,0.000000,0.000000
2023-08-01,0.000000,0.000005,0.000005,0.000021,0.002016,0.000004,,,0.000000,0.000057,0.000000,,0.000000,,,0.000528,,0.000000,0.000019,0.000047,0.000992,0.000065,0.000723,0.005066,0.000000,0.000000,0.000000,0.044194,0.000002,0.005306,0.009295,0.003202,0.001013,0.011609,0.014949,0.044281,0.014713,0.006034,0.000272,0.001834,0.002906,0.000000,0.001746,0.000794,0.000000,0.002301,0.000000,0.000401,0.000779,0.002953,0.011195,0.000194,0.005217,0.001562,0.002402,0.004072,0.001880,0.000281,0.001938,0.000110,0.000000,0.001061,0.000000,0.000000,0.001198,0.000536,0.000587,0.000158,0.004050,0.000172,0.000737,0.006453,0.002081,0.009917,0.006535,0.001040,0.003097,0.000864,0.000957,0.007415,0.010790,0.000618,0.000000,0.000177,0.000029,0.000604,0.000792,0.000000,0.002611,0.000425,0.005699,0.003197,0.002345,0.000197,0.006264,0.000192,0.004790,0.000780,0.007321,0.000000,0.000000,0.021215,0.000818,0.003627,0.000000,0.006924,0.000000,0.000000
2023-09-01,0.000000,0.000055,0.000012,0.000028,0.000000,0.000009,,,0.000000,0.000854,0.000015,,0.000000,,,0.000532,0.000000,0.000000,0.000005,0.000053,0.000669,0.000030,0.000470,0.006411,0.000000,0.000000,0.000000,0.047223,0.000001,0.008364,0.023833,0.005666,0.001175,0.015073,0.013806,0.043135,0.014913,0.007563,0.000209,0.002911,0.002904,0.000000,0.002390,0.001036,0.000000,0.002172,0.000000,0.000452,0.001066,0.002770,0.006910,0.000164,0.005996,0.001670,0.002699,0.004065,0.001658,0.000308,0.001748,0.000090,0.000000,0.002584,0.000000,0.000000,0.001302,0.000429,0.001071,0.000145,0.003522,0.000307,0.000835,0.006055,0.001500,0.009159,0.006497,0.001069,0.001270,0.000522,0.000989,0.006913,0.009414,0.000698,0.000000,0.000211,0.000017,0.000578,0.000774,0.000000,0.002354,0.000539,0.005347,0.002821,0.002578,0.000159,0.005758,0.000326,0.003826,0.000656,0.004508,0.000000,0.000000,0.022050,0.000821,0.003756,0.000000,0.005454,0.000000,0.000000
2023-10-01,0.000000,0.000024,0.000020,0.000014,0.000000,0.000000,,,0.000000,0.000000,0.000000,0.000000,0.000000,,,0.000560,,0.000000,0.000000,0.000000,0.000888,0.000350,0.000166,0.007087,0.000000,0.000000,0.000000,0.042177,0.000001,0.004492,0.011439,0.008573,0.001618,0.017916,0.011754,0.042315,0.013322,0.010007,0.000074,0.003082,0.003337,0.000000,0.001565,0.000461,0.000000,0.002451,0.000000,0.000314,0.000604,0.001918,0.005927,0.000213,0.006637,0.002248,0.003443,0.004308,0.001687,0.000439,0.002028,0.000078,0.000000,0.001595,0.000000,0.000000,0.001346,0.000120,0.000950,0.000394,0.003338,0.000248,0.000763,0.006007,0.001726,0.008344,0.006517,0.000586,0.001492,0.000729,0.001444,0.007491,0.009346,0.000515,0.000000,0.000229,0.000016,0.000499,0.000634,0.000000,0.001799,0.000486,0.004978,0.002834,0.002491,0.000142,0.005489,0.000275,0.003965,0.000328,0.001931,0.000000,0.000000,0.020691,0.000637,0.003760,0.000000,0.005922,0.000000,0.000000
2023-11-01,0.000000,0.000022,0.000006,0.000001,0.361262,0.000001,,,0.000000,0.000148,0.000000,0.000000,0.000000,,,0.000599,,0.000000,0.000002,0.000000,0.000831,0.000007,0.000383,0.006244,0.000000,0.000000,0.000000,0.044489,0.000002,0.007435,0.016103,0.008706,0.000906,0.015598,0.012657,0.056998,0.012644,0.007020,0.000133,0.004651,0.003213,0.000000,0.002124,0.000775,0.000000,0.002594,0.000000,0.000436,0.000707,0.001484,0.007896,0.000229,0.007416,0.003697,0.002180,0.004077,0.001598,0.000538,0.002105,0.000112,0.000000,0.002198,0.000004,0.000000,0.001781,0.000137,0.000761,0.000319,0.003000,0.000257,0.000660,0.006386,0.001663,0.008676,0.006846,0.000710,0.001598,0.000923,0.001499,0.005346,0.010076,0.000630,0.000000,0.000172,0.000024,0.000424,0.000604,0.000000,0.003534,0.000378,0.004726,0.002944,0.002660,0.000111,0.005300,0.000289,0.003083,0.000628,0.001447,0.000000,0.000000,0.023291,0.000590,0.003585,0.000000,0.006155,0.000000,0.000000
2023-12-01,0.000000,0.000003,0.000000,0.000010,0.030918,0.000000,,,0.000000,0.000002,0.000000,,0.000000,0.000000,,0.000658,0.000000,0.000486,0.000022,0.000088,0.001074,0.000071,0.000064,0.007244,0.000000,0.001332,0.000000,0.035794,0.000006,0.007190,0.014585,0.005635,0.000907,0.016828,0.012839,0.046702,0.016430,0.007609,0.000140,0.004440,0.004233,0.000000,0.001862,0.000803,0.000000,0.002558,0.000000,0.000532,0.000576,0.002816,0.010258,0.000412,0.008059,0.002962,0.001790,0.004245,0.001663,0.000451,0.002085,0.000179,0.000000,0.001710,0.000000,0.000000,0.001003,0.000129,0.001824,0.000257,0.002596,0.000203,0.001487,0.007581,0.001061,0.009176,0.007102,0.000942,0.001787,0.000778,0.001960,0.006005,0.011490,0.000618,0.000000,0.000173,0.000062,0.000299,0.000493,0.000000,0.003206,0.000355,0.005288,0.003421,0.003176,0.000231,0.005477,0.000129,0.003149,0.000800,0.001940,0.000000,0.000000,0.029558,0.000692,0.004743,0.000000,0.010137,0.000000,0.000000
2024-01-01,0.000000,0.000006,0.000001,0.000006,0.054511,0.000000,,,0.000000,0.000000,0.000000,,0.000000,,0.000000,0.000528,,0.000000,0.000006,0.000000,0.000934,0.000113,0.000173,0.006240,0.000001,0.000000,0.000001,0.031312,0.000001,0.003947,0.009725,0.004350,0.001631,0.013801,0.013957,0.062766,0.012154,0.007801,0.000307,0.001881,0.003466,0.000000,0.002338,0.000511,0.000000,0.002946,0.000000,0.000585,0.000398,0.002378,0.006489,0.000413,0.010024,0.003155,0.001726,0.004800,0.002604,0.000513,0.003107,0.000000,0.000000,0.002193,0.000000,0.000000,0.001402,0.000563,0.001573,0.000272,0.003046,0.000458,0.000881,0.007175,0.002113,0.007110,0.007852,0.000988,0.002142,0.000756,0.002859,0.008698,0.012237,0.000725,0.000000,0.000139,0.000034,0.000462,0.000828,0.000000,0.002143,0.000508,0.006727,0.003423,0.002009,0.000185,0.006307,0.000182,0.002717,0.000283,0.002220,0.000000,0.000000,0.025414,0.000612,0.004307,0.000000,0.012460,0.000000,0.000000
2024-02-01,0.000000,0.000008,0.000005,0.000017,0.075823,0.000000,,,0.000000,0.001144,0.000000,0.000000,0.000000,,0.000000,0.000603,0.000000,0.000000,0.000009,0.000000,0.000565,0.000000,0.000013,0.005781,0.000000,0.000000,0.000015,0.040439,0.000000,0.004713,0.012606,0.003719,0.000819,0.014835,0.015298,0.037939,0.013661,0.008503,0.000111,0.002898,0.003279,0.000000,0.001768,0.000449,0.000000,0.002691,0.000000,0.000358,0.000626,0.002535,0.007133,0.000380,0.010041,0.001655,0.001727,0.004518,0.001883,0.000430,0.002206,0.000321,0.000000,0.002676,0.000023,0.000000,0.001180,0.000218,0.000633,0.000681,0.003314,0.000274,0.001054,0.006208,0.001392,0.008902,0.007811,0.000887,0.001996,0.000685,0.001759,0.007073,0.012013,0.000597,0.000000,0.000125,0.000043,0.000511,0.000726,0.000000,0.001480,0.000396,0.005810,0.002848,0.001810,0.000141,0.005665,0.000174,0.002751,0.000453,0.002960,0.000000,0.000000,0.024681,0.000605,0.003225,0.000000,0.005554,0.000000,0.000002
2024-03-01,0.000000,0.000053,0.000000,0.000005,0.025340,0.000000,,,0.000000,0.000000,0.000000,0.000000,0.000000,,0.000000,0.000420,0.000000,0.000000,0.000011,0.000000,0.000638,0.000069,0.000131,0.006506,0.000000,0.000000,0.000000,0.050025,0.000001,0.008999,0.011536,0.003370,0.000942,0.013699,0.012928,0.030425,0.017475,0.008914,0.000164,0.003112,0.002318,0.000000,0.001477,0.000574,0.000000,0.002293,0.000000,0.000553,0.000492,0.001809,0.013551,0.000291,0.008253,0.001523,0.001594,0.004338,0.001656,0.000285,0.001444,0.000000,0.000000,0.001948,0.000000,0.000000,0.001714,0.000452,0.000437,0.000486,0.003094,0.000121,0.000831,0.005995,0.001164,0.008791,0.007470,0.001033,0.002062,0.001018,0.002341,0.008400,0.011790,0.000664,0.000000,0.000123,0.000049,0.000762,0.000772,0.000000,0.002193,0.000326,0.005596,0.002415,0.002270,0.000105,0.005883,0.000098,0.002045,0.000915,0.002681,0.000000,0.000000,0.025585,0.000694,0.003164,0.000000,0.007829,0.000000,0.000000
2024-04-01,0.000007,0.000009,0.000001,0.000019,0.001829,0.000006,,,0.000000,0.000134,0.000069,,0.000000,0.000000,0.000000,0.000683,,0.000000,0.000009,0.000000,0.000634,0.000027,0.000089,0.006223,0.000052,0.000000,0.000000,0.049596,0.000000,0.004078,0.011728,0.004083,0.001824,0.015170,0.012329,0.020263,0.016973,0.007652,0.000257,0.003005,0.000689,0.000000,0.001757,0.000661,0.000000,0.002421,0.000000,0.000428,0.000815,0.001716,0.007505,0.000368,0.009847,0.001338,0.003185,0.004112,0.001590,0.000369,0.001396,0.000000,0.000000,0.002536,0.000022,0.000065,0.001187,0.000419,0.001382,0.000342,0.003118,0.000137,0.000670,0.006412,0.000759,0.008403,0.006647,0.001178,0.002146,0.000576,0.001950,0.006495,0.011972,0.000712,0.000000,0.000092,0.000040,0.000959,0.000705,0.000000,0.002171,0.000464,0.005705,0.002532,0.001977,0.000105,0.005751,0.000136,0.004142,0.000204,0.003882,0.000000,0.000000,0.022584,0.000608,0.002774,0.000000,0.006188,0.000000,0.000000
2024-05-01,0.000000,0.000014,0.000002,0.000022,0.033908,0.000000,,,0.000000,0.000000,0.000000,0.000000,0.000000,,,0.000567,0.000000,0.000000,0.000002,0.000006,0.000838,0.000068,0.000058,0.007336,0.000002,0.000000,0.000000,0.046263,0.000000,0.005852,0.013988,0.004297,0.001062,0.013654,0.011968,0.014094,0.014897,0.006063,0.000194,0.003360,0.000912,0.000000,0.000804,0.000992,0.000000,0.002613,0.000000,0.000593,0.000856,0.002129,0.005900,0.000233,0.008729,0.001397,0.002163,0.003939,0.001677,0.000322,0.001310,0.000010,0.000000,0.002115,0.000000,0.000023,0.001544,0.000198,0.000705,0.001103,0.002622,0.000114,0.000804,0.005669,0.001033,0.007761,0.006393,0.001364,0.002199,0.000539,0.001802,0.006838,0.012515,0.000639,0.000000,0.000085,0.000042,0.000729,0.000634,0.000000,0.002223,0.000277,0.005523,0.003089,0.002117,0.000133,0.005625,0.000038,0.003916,0.000285,0.004788,0.000000,0.000000,0.024067,0.000612,0.002693,0.000000,0.009345,0.000000,0.000000
2024-06-01,0.000000,0.000025,0.000005,0.000012,0.032002,0.000003,,,0.000000,0.000000,0.000000,0.000000,0.000000,,,0.000507,0.000000,0.000000,0.000041,0.000000,0.000790,0.000024,0.000857,0.008105,0.000000,0.000000,0.000000,0.045679,0.000000,0.004510,0.021850,0.004153,0.001537,0.012188,0.011076,0.004145,0.012578,0.006187,0.000357,0.003420,0.001293,0.000000,0.000665,0.000562,0.000000,0.002290,0.000014,0.000527,0.000704,0.001836,0.002913,0.000221,0.009269,0.001407,0.002350,0.004138,0.001574,0.000741,0.001299,0.000000,0.000000,0.002904,0.000000,0.000000,0.001093,0.000229,0.000916,0.001748,0.002140,0.000092,0.000904,0.006265,0.000997,0.009358,0.006638,0.001634,0.001803,0.000477,0.001673,0.008278,0.009350,0.000601,0.000000,0.000140,0.000078,0.000679,0.000636,0.000000,0.002437,0.000269,0.005879,0.002468,0.002233,0.000132,0.005380,0.000107,0.003950,0.000177,0.006753,0.000000,0.000000,0.022654,0.000704,0.002482,0.000000,0.010071,0.000000,0.000000
2024-07-01,0.000000,0.000020,0.000009,0.000005,0.015198,0.000000,,,0.000000,0.000000,0.000000,0.000000,0.000000,,,0.000517,,0.000000,0.000003,0.000000,0.000918,0.000001,0.000441,0.006240,0.000004,0.000000,0.000000,0.047624,0.000000,0.058404,0.022359,0.003695,0.000563,0.010858,0.010399,0.003532,0.012683,0.006531,0.000681,0.002445,0.001136,0.000000,0.000972,0.000557,0.000000,0.002334,0.000000,0.000304,0.000893,0.001906,0.009239,0.000231,0.008802,0.001421,0.002519,0.004401,0.001782,0.000521,0.001421,0.000042,0.000000,0.002333,0.020365,0.013394,0.001859,0.000280,0.001572,0.001530,0.002178,0.000242,0.001210,0.006729,0.001300,0.009324,0.006687,0.001154,0.001493,0.000535,0.001522,0.006466,0.011995,0.000703,0.000000,0.000157,0.000125,0.000795,0.000620,0.000000,0.002449,0.000292,0.006194,0.002383,0.002109,0.000143,0.005689,0.000070,0.002903,0.000350,0.004754,0.000000,0.000000,0.022222,0.000676,0.002345,0.000000,0.008859,0.000000,0.000000
2024-08-01,0.000000,0.000000,0.000000,0.000001,0.001387,0.000000,,,0.000000,0.000000,0.000000,,0.000000,0.000000,,0.000577,,0.000000,0.000007,0.000000,0.001020,0.000122,0.000636,0.007265,0.000002,0.000000,0.000000,0.043187,0.000000,0.065226,0.020282,0.006146,0.001669,0.011881,0.009818,0.002593,0.013416,0.007678,0.001273,0.002665,0.000896,0.000000,0.000700,0.000520,0.000000,0.002560,0.000000,0.000306,0.000892,0.001543,0.010687,0.000113,0.010043,0.001828,0.002323,0.004471,0.001795,0.000332,0.001555,0.000000,0.000011,0.002843,0.015339,0.022477,0.002584,0.000684,0.001533,0.001024,0.002692,0.000109,0.001268,0.007107,0.001232,0.012447,0.006628,0.001480,0.001416,0.000435,0.001283,0.007985,0.012442,0.000721,0.000000,0.000157,0.000169,0.000772,0.000609,0.000000,0.002800,0.000344,0.006221,0.002342,0.002089,0.000162,0.005558,0.000103,0.003613,0.003030,0.004512,0.000000,0.000000,0.023864,0.000683,0.002188,0.000000,0.011243,0.000000,0.000000
2024-09-01,0.000005,0.000021,0.000003,0.000028,0.000999,0.000000,,,0.000000,0.000000,0.000000,,0.000000,0.000000,,0.000592,0.000000,0.000000,0.000023,0.000000,0.000551,0.000073,0.000275,0.011060,0.000000,0.000000,0.000000,0.037858,0.000000,0.071059,0.023675,0.009189,0.002798,0.012823,0.010095,0.002239,0.013252,0.008474,0.001348,0.005664,0.000754,0.000000,0.001068,0.000332,0.000000,0.002502,0.000000,0.000393,0.000682,0.001069,0.002995,0.000217,0.009149,0.002119,0.000934,0.004611,0.001854,0.000163,0.001452,0.000000,0.000000,0.002495,0.010508,0.013393,0.003525,0.000502,0.000955,0.001631,0.002866,0.000163,0.001100,0.007811,0.000936,0.019843,0.006461,0.001730,0.002336,0.000684,0.001519,0.009202,0.011787,0.000693,0.000000,0.000147,0.000165,0.000511,0.000615,0.000000,0.003295,0.000360,0.005619,0.002409,0.001567,0.000117,0.005395,0.000111,0.003116,0.001536,0.002815,0.000000,0.000000,0.024886,0.000738,0.001959,0.000000,0.011058,0.000000,0.000000
2024-10-01,0.000000,0.000005,0.000006,0.000002,0.000000,0.000001,,,0.000000,0.000000,0.000000,0.000000,0.000000,0.000000,,0.000678,0.000000,0.000000,0.000006,0.000000,0.001072,0.000031,0.000150,0.013749,0.000018,0.000000,0.000000,0.043312,0.000000,0.076248,0.021267,0.008218,0.001874,0.011267,0.008904,0.005021,0.010595,0.010013,0.006934,0.003336,0.000836,0.000000,0.001107,0.000489,0.000000,0.002424,0.000000,0.000350,0.001788,0.001001,0.002759,0.000313,0.007773,0.001984,0.004663,0.004755,0.001646,0.000305,0.001667,0.000008,0.000000,0.001579,0.007073,0.020201,0.005197,0.000203,0.001395,0.001162,0.002943,0.000183,0.000970,0.007090,0.000781,0.013509,0.006321,0.001373,0.002095,0.000453,0.001798,0.005801,0.011697,0.000665,0.000000,0.000224,0.000162,0.000445,0.000728,0.000000,0.002479,0.000308,0.005654,0.004222,0.001913,0.000192,0.005394,0.000106,0.003271,0.002529,0.002178,0.000000,0.000000,0.021418,0.000705,0.002241,0.000000,0.004740,0.000032,0.000000
2024-11-01,0.000000,0.000007,0.000003,0.000007,0.003721,0.000001,,,0.000000,0.000000,0.000000,,0.000000,0.000000,,0.000639,,0.000000,0.000006,0.000000,0.001090,0.000094,0.000072,0.010876,0.000014,0.000000,0.000000,0.039391,0.000000,0.074340,0.033309,0.009442,0.008562,0.010101,0.008402,0.001872,0.016355,0.006860,0.000489,0.004805,0.000724,0.000000,0.000343,0.000422,0.000000,0.002580,0.000000,0.000545,0.001049,0.000802,0.012645,0.000340,0.007393,0.002324,0.004250,0.004802,0.001724,0.000307,0.001539,0.000006,0.000000,0.001156,0.005584,0.020506,0.003367,0.000131,0.000951,0.001912,0.001511,0.000235,0.001146,0.007336,0.000907,0.011992,0.006113,0.001481,0.002051,0.000507,0.001772,0.010118,0.010610,0.000696,0.000000,0.000151,0.000245,0.000606,0.000534,0.000000,0.002516,0.000117,0.005424,0.003048,0.002160,0.000229,0.005233,0.000102,0.002169,0.000497,0.003967,0.000000,0.000000,0.018717,0.000796,0.002768,0.000000,0.007565,0.000000,0.000000
2024-12-01,0.000000,0.000053,0.000008,0.000004,0.492957,,,,0.000000,0.000000,0.000010,,0.000000,0.000000,,0.000588,0.000000,0.000000,0.000006,0.000000,0.000677,0.000102,0.000085,0.007533,0.000032,0.000000,0.000000,0.042053,0.000000,0.074633,0.038576,0.010658,0.002620,0.009550,0.008685,0.003210,0.018069,0.006701,0.000223,0.004769,0.001159,0.000000,0.001512,0.000379,0.000000,0.002553,0.000000,0.000586,0.000885,0.000915,0.008181,0.000887,0.008829,0.002560,0.003149,0.004476,0.001888,0.000317,0.001290,0.000010,0.000000,0.001369,0.008632,0.017025,0.002426,0.000457,0.000644,0.001382,0.002236,0.000349,0.000813,0.007594,0.000947,0.013755,0.006443,0.001244,0.002100,0.000339,0.002478,0.007923,0.010264,0.000776,0.000000,0.000145,0.000255,0.000495,0.000641,0.000000,0.003495,0.000115,0.005202,0.002441,0.001678,0.000349,0.005279,0.000215,0.003449,0.000642,0.004004,0.000000,0.000000,0.018803,0.000904,0.003936,0.000003,0.008835,0.000288,0.000000
2025-01-01,0.000000,0.000056,0.000006,0.000008,0.033258,,0.000000,,0.000000,0.000000,0.000000,0.000000,0.000000,,,0.000821,0.000000,0.000000,0.000009,0.000000,0.001939,0.000158,0.001224,0.008763,0.000025,0.000000,0.000000,0.041913,0.000000,0.069046,0.021157,0.007791,0.001476,0.011081,0.010998,0.006848,0.016001,0.009342,0.000281,0.004488,0.000877,0.000000,0.000425,0.000700,0.000000,0.003369,0.000000,0.000487,0.000947,0.001293,0.005940,0.000211,0.009533,0.002489,0.003451,0.005328,0.003387,0.000206,0.001844,0.000000,0.000000,0.002341,0.002853,0.014068,0.003237,0.000261,0.000626,0.002013,0.003612,0.000209,0.001118,0.008013,0.011271,0.013981,0.007764,0.001323,0.001384,0.002291,0.002292,0.010712,0.011580,0.001316,0.000000,0.000128,0.000266,0.000810,0.000920,0.000000,0.004526,0.000144,0.006743,0.003379,0.001671,0.000391,0.008084,0.000209,0.002805,0.000524,0.002059,0.000000,0.000000,0.019531,0.000880,0.003348,0.000000,0.006970,0.000000,0.000000
2025-02-01,0.000000,0.000040,0.000007,0.000029,0.032076,0.000000,0.000000,,0.000000,0.000000,0.000063,0.000000,0.000000,,,0.000619,,0.000000,0.000012,0.000000,0.001316,0.000034,0.000107,0.009602,0.000013,0.000000,0.000000,0.034618,0.000000,0.074490,0.008200,0.005621,0.003232,0.009152,0.013086,0.012770,0.016033,0.008644,0.000275,0.003857,0.003724,0.000000,0.000086,0.000716,0.000000,0.002787,0.000000,0.000125,0.001319,0.001155,0.004844,0.000216,0.009937,0.001695,0.002740,0.005108,0.002693,0.000221,0.002173,0.000011,0.000000,0.002229,0.004457,0.023932,0.004152,0.002210,0.000948,0.002120,0.003204,0.000233,0.000972,0.008929,0.009475,0.012674,0.007689,0.001408,0.001095,0.000545,0.002139,0.010659,0.011707,0.001162,0.000000,0.000089,0.000210,0.000980,0.000846,0.000000,0.003595,0.000137,0.006024,0.003114,0.001663,0.000187,0.007499,0.000320,0.001732,0.000531,0.003705,0.000000,0.000000,0.019253,0.000822,0.003191,0.000000,0.005066,0.000000,0.000000
2025-03-01,0.010373,0.014619,0.007864,0.012232,0.004354,0.020515,0.030354,,0.000000,0.005278,0.001265,0.000000,0.000983,,,0.000246,0.000000,0.000148,0.003180,0.000000,0.015837,0.011189,0.019657,0.005184,0.006816,0.001757,0.001423,0.042791,0.001369,0.277345,0.058194,0.025786,0.055284,0.048097,0.055179,0.023134,0.034044,0.042206,0.006098,0.019954,0.007418,0.011228,0.001705,0.017811,0.029652,0.016842,0.014595,0.003764,0.012319,0.017976,0.043019,0.010143,0.039807,0.009185,0.025023,0.024821,0.037240,0.007270,0.020884,0.000616,0.000088,0.015927,0.004574,0.048652,0.101090,0.003168,0.034832,0.026696,0.049304,0.020524,0.036512,0.079461,0.128717,0.153266,0.092594,0.099008,0.069316,0.018839,0.038225,0.061575,0.128031,0.085170,0.002985,0.056002,0.021866,0.018166,0.066277,0.006741,0.030757,0.008981,0.052040,0.044651,0.014899,0.001370,0.072065,0.063100,0.025371,0.000827,0.017108,0.023109,0.067118,0.102311,0.073452,0.030725,0.008387,0.010312,0.002009,0.000290
2025-04-01,0.001378,0.000062,0.000006,0.000032,0.003571,0.000000,0.000000,,0.000000,0.001244,0.002607,,0.004788,,,0.000865,,0.000000,0.000951,0.000000,0.001838,0.001097,0.000227,0.023399,0.000044,0.000000,0.000004,0.034434,0.000609,0.315816,0.045214,0.021309,0.017358,0.034460,0.047854,0.010544,0.021711,0.008628,0.003866,0.005670,0.004841,0.034484,0.001997,0.006953,0.049311,0.012349,0.020197,0.000222,0.005921,0.002768,0.033227,0.003886,0.046873,0.004719,0.017978,0.015195,0.017895,0.001973,0.015775,0.000135,0.000101,0.010854,0.180639,0.233279,0.206601,0.001213,0.039643,0.016236,0.059516,0.130284,0.111457,0.066426,0.196804,0.215839,0.099159,0.112037,0.081723,0.013398,0.026262,0.036682,0.142824,0.086715,0.002182,0.052865,0.023955,0.013744,0.046600,0.003837,0.017068,0.018186,0.033407,0.030912,0.103931,0.001539,0.061183,0.077165,0.035841,0.002016,0.039380,0.014384,0.065706,0.101881,0.038578,0.024357,0.003437,0.008886,0.000431,0.000000
2025-05-01,0.000656,0.000046,0.000013,0.000014,0.002525,0.000000,0.000000,,0.000000,0.001235,0.000707,0.000000,0.006212,0.000000,,0.000304,,0.000000,0.000779,0.000000,0.002763,0.004355,0.000210,0.005642,0.000000,0.000000,0.000008,0.029585,0.000496,0.313644,0.024242,0.023797,0.011258,0.031322,0.060688,0.004938,0.013906,0.006382,0.005992,0.006526,0.005571,0.000000,0.000768,0.003611,0.043566,0.012037,0.020365,0.001129,0.005862,0.002386,0.041453,0.003557,0.055394,0.003249,0.014959,0.015905,0.018888,0.002553,0.015940,0.000000,0.000106,0.007260,0.191590,0.247296,0.200116,0.000710,0.046268,0.021961,0.048059,0.120786,0.127311,0.059359,0.203087,0.179511,0.090593,0.109111,0.056831,0.009790,0.032214,0.020631,0.199322,0.087670,0.001628,0.030212,0.024988,0.020844,0.041447,0.002022,0.015354,0.016182,0.034056,0.027372,0.148490,0.001993,0.061811,0.059050,0.028216,0.002134,0.049793,0.013434,0.094618,0.111431,0.037973,0.021273,0.003023,0.038788,0.000205,0.000000
2025-06-01,0.000000,0.000034,0.000010,0.000017,0.003315,,0.000000,,0.000000,0.000208,0.000398,0.000000,0.007950,,,0.000424,,0.000000,0.000837,0.000000,0.002535,0.001140,0.000204,0.004177,0.000000,0.000000,0.000003,0.005284,0.000632,0.322601,0.035287,0.022745,0.011412,0.030142,0.045977,0.007586,0.015336,0.007019,0.007509,0.003849,0.004957,0.000000,0.000000,0.003809,0.033941,0.010564,0.014577,0.000602,0.006219,0.002006,0.063249,0.003769,0.050193,0.002741,0.011478,0.014445,0.015691,0.002918,0.015845,0.000076,0.000000,0.008040,0.316826,0.412106,0.306558,0.000899,0.059281,0.019865,0.035866,0.147784,0.140507,0.065709,0.321715,0.189789,0.103651,0.111222,0.057538,0.010547,0.033235,0.026885,0.097115,0.078004,0.001467,0.025769,0.018462,0.015402,0.035982,0.002397,0.018267,0.022461,0.029303,0.023452,0.133910,0.002059,0.050627,0.054861,0.029939,0.001124,0.023506,0.017669,0.079695,0.105728,0.027049,0.013400,0.002084,0.010408,0.000397,0.000005
2025-07-01,0.000000,0.000064,0.000019,0.000009,0.000087,0.000000,0.000000,,0.000000,0.000481,0.000081,,0.007093,,,0.000247,0.000000,0.000000,0.000361,0.000247,0.001132,0.001044,0.000560,0.042998,0.000000,0.000000,0.000007,0.001943,0.000367,0.316672,0.058164,0.023975,0.015214,0.032988,0.040592,0.011336,0.015866,0.011073,0.001967,0.014398,0.003709,0.000000,0.000297,0.002773,0.023002,0.010141,0.014312,0.007302,0.004304,0.001289,0.016738,0.000571,0.049131,0.001087,0.013413,0.011284,0.013727,0.002046,0.012807,0.000000,0.000048,0.010241,0.405551,0.473906,0.333304,0.001229,0.072157,0.029544,0.042049,0.107727,0.119022,0.068788,0.299534,0.185970,0.098380,0.100467,0.043740,0.009437,0.031293,0.016981,0.098742,0.073352,0.001537,0.015556,0.014906,0.017668,0.030363,0.005338,0.016100,0.030182,0.029719,0.022440,0.135897,0.000909,0.051002,0.052472,0.030279,0.002292,0.056382,0.018808,0.059302,0.087916,0.022083,0.011269,0.003409,0.023718,0.000355,0.000000
2025-08-01,0.000000,0.000060,0.000033,0.000026,0.000326,,0.000000,,0.000000,0.001731,0.001388,0.000000,0.001165,,,0.000192,0.000000,0.000000,0.001142,0.000000,0.002860,0.007242,0.001326,0.157644,0.000002,0.000030,0.000018,0.001771,0.000150,0.319477,0.055176,0.036228,0.004363,0.029639,0.040788,0.015633,0.017132,0.004516,0.001687,0.010679,0.005110,0.000000,0.001995,0.002659,0.025846,0.008442,0.010568,0.000339,0.003874,0.002087,0.021080,0.002820,0.063766,0.003439,0.008466,0.013070,0.012402,0.001466,0.014551,0.000000,0.000000,0.011409,0.409062,0.444181,0.342870,0.007118,0.082667,0.108818,0.039630,0.123007,0.150333,0.076288,0.282558,0.191742,0.100561,0.114316,0.067994,0.008039,0.041198,0.043461,0.172362,0.099297,0.001320,0.017629,0.016448,0.020602,0.027881,0.004570,0.016972,0.030743,0.038848,0.041982,0.125167,0.008742,0.065259,0.039328,0.072642,0.003373,0.046922,0.016224,0.077821,0.079583,0.021569,0.011826,0.004617,0.005078,0.000368,0.000000
2025-09-01,0.000000,0.000105,0.000011,0.000020,0.000140,,0.000000,0.250000,0.000000,0.001496,0.001955,,0.001958,,,0.000246,0.000000,0.003004,0.000719,0.000000,0.003136,0.009174,0.000292,0.149172,0.000002,0.000631,0.000000,0.002207,0.000084,0.320340,0.055300,0.042135,0.052229,0.029809,0.037093,0.006348,0.019320,0.004587,0.000648,0.006768,0.006364,0.024002,0.001842,0.001986,0.021829,0.008784,0.008793,0.000079,0.005327,0.002802,0.008682,0.005031,0.076699,0.006732,0.007414,0.012576,0.013566,0.001514,0.010498,0.000000,0.000000,0.005835,0.275915,0.413692,0.399241,0.008353,0.080705,0.174872,0.036536,0.101235,0.141694,0.068905,0.247485,0.192447,0.105585,0.119789,0.042604,0.005023,0.048159,0.040357,0.103181,0.098275,0.001801,0.016281,0.010849,0.019395,0.027145,0.006477,0.016146,0.038128,0.050314,0.044403,0.114949,0.019978,0.070355,0.033877,0.085672,0.000447,0.047394,0.021000,0.105967,0.089270,0.021672,0.009176,0.003786,0.005858,0.000238,0.000000
2025-10-01,0.000000,0.000379,0.000169,0.000007,0.000394,,0.000000,,0.000000,0.002623,0.001411,,0.000315,,,0.000239,0.000000,0.000000,0.000807,0.000000,0.001228,0.012282,0.000210,0.279142,0.000004,0.000360,0.000000,0.001710,0.000063,0.313272,0.042896,0.041456,0.003774,0.032887,0.037430,0.007569,0.020293,0.006644,0.002181,0.005588,0.005158,0.006397,0.000726,0.032313,0.033664,0.007527,0.008433,0.000185,0.004921,0.002202,0.039391,0.001642,0.055952,0.006814,0.006634,0.010776,0.014223,0.001752,0.012986,0.000000,0.000000,0.006264,0.318692,0.425200,0.410047,0.010699,0.070121,0.162712,0.040683,0.082237,0.118052,0.066310,0.212701,0.238932,0.099403,0.122970,0.017669,0.007799,0.045463,0.038161,0.083360,0.099710,0.002725,0.012771,0.009715,0.019887,0.025381,0.005016,0.020641,0.040111,0.049722,0.042913,0.113444,0.023891,0.071595,0.033910,0.118236,0.003201,0.047995,0.072816,0.074047,0.090473,0.021748,0.008337,0.002842,0.003789,0.000186,0.000000
2025-11-01,0.000000,0.000045,0.000056,0.000016,0.000000,,0.000000,,0.000000,0.002029,0.003113,,0.000270,,,0.000204,0.000000,0.000000,0.000916,0.000000,0.004969,0.010102,0.000326,0.237167,0.000005,0.000000,0.000007,0.001809,0.000088,0.309687,0.054692,0.031997,0.006764,0.030390,0.036498,0.003862,0.019117,0.005344,0.002348,0.005089,0.005750,0.001898,0.001661,0.002422,0.008733,0.007198,0.011678,0.000158,0.003536,0.002418,0.006468,0.000798,0.062685,0.008927,0.007349,0.009989,0.013299,0.001255,0.013511,0.000000,0.000000,0.006556,0.364002,0.431173,0.373424,0.010989,0.076795,0.175225,0.073623,0.085899,0.089688,0.058189,0.197402,0.210832,0.094004,0.118399,0.013570,0.007605,0.044884,0.032637,0.135252,0.097262,0.001618,0.022289,0.007953,0.020948,0.033474,0.008605,0.025714,0.034922,0.047960,0.046106,0.127725,0.017892,0.059186,0.019574,0.108307,0.001123,0.016740,0.015768,0.085372,0.077185,0.022012,0.010990,0.001900,0.014495,0.000244,0.000022
2025-12-01,0.000000,0.000146,0.000004,0.000048,0.000000,,0.000000,,0.001551,0.010359,0.000620,0.000000,0.001466,,,0.000346,0.000000,0.000000,0.000403,0.000000,0.002479,0.009346,0.000773,0.226710,0.000000,0.009124,0.000000,0.001609,0.000093,0.300694,0.052661,0.034638,0.007260,0.034677,0.042731,0.005535,0.019744,0.021511,0.002619,0.006518,0.011751,0.036176,0.004621,0.045571,0.015109,0.014761,0.005697,0.001301,0.004686,0.003143,0.002836,0.003350,0.039058,0.007434,0.004911,0.010468,0.013768,0.001556,0.015682,0.000000,0.000097,0.008052,0.232297,0.416715,0.385943,0.006150,0.089484,0.191761,0.038898,0.094931,0.107249,0.047677,0.118712,0.207851,0.080508,0.097008,0.054997,0.005467,0.048466,0.031491,0.078801,0.082051,0.002007,0.019826,0.008552,0.020571,0.025189,0.006313,0.026349,0.030540,0.047556,0.050464,0.138074,0.022789,0.050925,0.023503,0.136604,0.000330,0.016799,0.092065,0.086504,0.076169,0.021178,0.008624,0.001811,0.000723,0.000155,0.000000
2026-01-01,0.000000,0.000068,0.000000,0.000051,0.000884,,,,0.000000,0.002617,0.000000,,0.002236,,,0.000203,0.000000,0.000000,0.000433,0.000000,0.004975,0.014963,0.000505,0.233038,0.000002,0.003678,0.000000,0.000769,0.000093,0.312900,0.028526,0.019574,0.005867,0.032633,0.049703,0.072748,0.015776,0.019728,0.002501,0.004652,0.010715,0.012912,0.008850,0.060155,0.002030,0.011992,0.006430,0.000907,0.011229,0.001860,0.004600,0.011341,0.069617,0.008637,0.012196,0.013359,0.020389,0.001456,0.015956,0.000000,0.000000,0.009750,0.340472,0.392108,0.406014,0.006238,0.082647,0.151128,0.047224,0.099350,0.093512,0.058290,0.141212,0.211394,0.098511,0.105083,0.028276,0.011640,0.073669,0.044110,0.101170,0.085694,0.000962,0.015198,0.006938,0.023418,0.043606,0.004604,0.024024,0.030875,0.049755,0.048369,0.135952,0.018146,0.057244,0.022188,0.139140,0.000624,0.011987,0.135529,0.079474,0.096407,0.024535,0.010348,0.001669,0.034412,0.000182,0.000029
2026-02-01,0.000490,0.000057,0.000001,0.000014,0.000877,,,,0.000000,0.001794,0.000280,,0.000000,,,0.000167,0.000000,0.000000,0.000375,0.000335,0.001837,0.009378,0.000336,0.260974,0.000087,0.000000,0.000000,0.001804,0.000086,0.290434,0.037718,0.012151,0.011200,0.025861,0.043290,0.001900,0.013526,0.003222,0.001591,0.005563,0.003817,0.004190,0.000812,0.050478,0.000809,0.008797,0.003965,0.000089,0.003767,0.002180,0.002991,0.007263,0.045984,0.009323,0.006189,0.011138,0.009958,0.021234,0.010643,0.000000,0.000000,0.009272,0.363943,0.343924,0.426574,0.007068,0.100737,0.134641,0.051111,0.125721,0.069822,0.050183,0.123952,0.186892,0.085278,0.087912,0.025260,0.010601,0.053692,0.032540,0.095220,0.067585,0.001357,0.011410,0.006150,0.022921,0.024907,0.012236,0.020946,0.031903,0.036422,0.041384,0.129423,0.016899,0.042645,0.010092,0.115789,0.000153,0.013814,0.126215,0.103424,0.073401,0.020969,0.008014,0.002480,0.010564,0.000175,0.000013
2026-03-01,0.000520,0.000197,0.000002,0.000027,0.000036,,,,0.000000,0.000306,0.000341,,0.000006,,,0.000386,,0.000000,0.000236,0.000000,0.001446,0.015435,0.000244,0.272786,0.000000,0.000488,0.000005,0.003746,0.000115,0.163348,0.015396,0.006995,0.001642,0.016626,0.021909,0.018637,0.011438,0.003278,0.001423,0.003245,0.002129,0.003068,0.000284,0.047352,0.000202,0.004862,0.001723,0.000161,0.003860,0.001059,0.000510,0.001515,0.028581,0.006114,0.007604,0.007449,0.006680,0.013273,0.006698,0.000067,0.000009,0.005396,0.346547,0.323596,0.444204,0.006171,0.069991,0.141061,0.030917,0.135358,0.068951,0.037959,0.109783,0.160978,0.061898,0.120295,0.010199,0.004233,0.036444,0.024541,0.079363,0.054200,0.000167,0.002249,0.003270,0.008543,0.010849,0.000910,0.018921,0.034913,0.024391,0.031264,0.130496,0.014433,0.030987,0.002259,0.109706,0.000363,0.010455,0.103667,0.090928,0.054330,0.009889,0.005133,0.000558,0.022244,0.000050,0.000002
2026-04-01,0.000000,0.000024,0.000000,0.000000,0.000000,,,,0.000000,0.003752,0.007591,,0.000299,,,0.000276,0.000000,0.000000,0.000143,0.000000,0.001881,0.012795,0.000187,0.332579,0.000005,0.000268,0.000000,0.003359,0.000294,0.167983,0.014270,0.006829,0.002356,0.017319,0.022601,0.016220,0.009548,0.004480,0.002351,0.002653,0.002086,0.008786,0.001111,0.054563,0.000095,0.003973,0.001249,0.000039,0.003378,0.001324,0.000883,0.000662,0.026150,0.002635,0.003586,0.006787,0.006477,0.006047,0.005853,0.000000,0.000000,0.002809,0.352487,0.424719,0.445340,0.009411,0.227665,0.142905,0.025212,0.208255,0.147567,0.048559,0.137754,0.243611,0.089318,0.136345,0.011864,0.004168,0.119814,0.029544,0.059256,0.071529,0.000234,0.001891,0.002235,0.014747,0.009530,0.000437,0.008641,0.135789,0.043973,0.037628,0.119314,0.106663,0.027404,0.002385,0.074330,0.000075,0.175839,0.091457,0.042211,0.054654,0.011271,0.003329,0.000268,0.020233,0.000025,0.000002
2026-05-01,0.000000,0.000015,0.000024,0.000020,0.000000,,,,0.000000,0.001963,0.001924,,0.000000,,,0.000333,,0.000000,0.000436,0.000000,0.007736,0.011758,0.000221,0.177902,0.000000,0.011585,0.000000,0.000710,0.000356,0.168121,0.014776,0.006995,0.002240,0.020219,0.019578,0.058115,0.011170,0.002759,0.002145,0.002992,0.001828,0.000000,0.001470,0.049438,0.000014,0.004015,0.000932,0.000027,0.001684,0.001180,0.000187,0.004918,0.024263,0.001953,0.004899,0.006783,0.006106,0.002528,0.004927,0.000000,0.000000,0.001731,0.379974,0.401350,0.491961,0.010349,0.169156,0.138745,0.023799,0.217135,0.160453,0.052021,0.147807,0.257529,0.091004,0.128006,0.003830,0.003322,0.133382,0.014614,0.032300,0.068059,0.000088,0.001885,0.003173,0.011747,0.011506,0.000776,0.006917,0.149411,0.045046,0.039396,0.120476,0.133415,0.026324,0.001755,0.096478,0.000380,0.225446,0.085256,0.026818,0.046187,0.014915,0.004219,0.000278,0.029990,0.000072,0.000009
2026-06-01,0.000000,0.000022,0.000005,0.000010,0.003860,,,,0.000000,0.000574,0.001601,,0.000163,,,0.000394,,0.000000,0.000882,0.000000,0.005143,0.000014,0.000496,0.009816,0.000037,0.000000,0.000000,0.000714,0.000058,0.169274,0.021604,0.006879,0.002494,0.013360,0.017358,0.048620,0.014030,0.003325,0.001596,0.002590,0.001880,0.000752,0.000816,0.045548,0.000626,0.004043,0.001573,0.000103,0.001899,0.001025,0.000052,0.008183,0.017825,0.001290,0.002905,0.006372,0.004565,0.004526,0.005165,0.000000,0.000000,0.003285,0.361451,0.399377,0.491520,0.010763,0.207705,0.161636,0.018875,0.221866,0.163332,0.046054,0.150215,0.260215,0.087989,0.123471,0.004809,0.003306,0.095955,0.031986,0.032623,0.067650,0.000114,0.001674,0.001715,0.011259,0.011619,0.000593,0.005860,0.157496,0.044351,0.040505,0.118087,0.110785,0.024031,0.001749,0.081527,0.000153,0.197969,0.082585,0.055703,0.043026,0.014407,0.004917,0.000892,0.021105,0.000075,0.000009
2026-07-01,0.000000,0.000069,0.000016,0.000051,0.000743,,,,0.000000,0.000996,0.006278,,0.000381,,,0.000258,,0.000000,0.000360,0.000675,0.002026,0.000010,0.000201,0.009975,0.000038,0.000000,0.000022,0.000610,0.000148,0.163261,0.016470,0.012633,0.004122,0.015183,0.016592,0.055907,0.015723,0.002477,0.002479,0.003460,0.001753,0.000000,0.000185,0.039888,0.000050,0.003791,0.002313,0.000118,0.003553,0.001090,0.000075,0.003203,0.014082,0.002701,0.003839,0.006154,0.004426,0.004435,0.004673,0.000000,0.000000,0.002578,0.392547,0.400982,0.498444,0.011705,0.098709,0.161361,0.023660,0.220397,0.165468,0.045324,0.135269,0.247382,0.087242,0.115197,0.004150,0.003491,0.079008,0.018977,0.037602,0.071125,0.000081,0.001790,0.002157,0.010890,0.011411,0.000817,0.006729,0.167611,0.044278,0.037454,0.109289,0.110027,0.026454,0.001169,0.126874,0.001848,0.207152,0.080894,0.085331,0.044729,0.013684,0.004432,0.000203,0.029074,0.000116,0.000007
